sasdate,GDPC1,PCECC96,PCDGx,PCESVx,PCNDx,GPDIC1,FPIx,Y033RC1Q027SBEAx,PNFIx,PRFIx,A014RE1Q156NBEA,GCEC1,A823RL1Q225SBEA,FGRECPTx,SLCEx,EXPGSC1,IMPGSC1,DPIC96,OUTNFB,OUTBS,OUTMS,INDPRO,IPFINAL,IPCONGD,IPMAT,IPDMAT,IPNMAT,IPDCONGD,IPB51110SQ,IPNCONGD,IPBUSEQ,IPB51220SQ,TCU,CUMFNS,PAYEMS,USPRIV,MANEMP,SRVPRD,USGOOD,DMANEMP,NDMANEMP,USCONS,USEHS,USFIRE,USINFO,USPBS,USLAH,USSERV,USMINE,USTPU,USGOVT,USTRADE,USWTRADE,CES9091000001,CES9092000001,CES9093000001,CE16OV,CIVPART,UNRATE,UNRATESTx,UNRATELTx,LNS14000012,LNS14000025,LNS14000026,UEMPLT5,UEMP5TO14,UEMP15T26,UEMP27OV,LNS13023621,LNS13023557,LNS13023705,LNS13023569,LNS12032194,HOABS,HOAMS,HOANBS,AWHMAN,AWHNONAG,AWOTMAN,HWIx,HOUST,HOUST5F,PERMIT,HOUSTMW,HOUSTNE,HOUSTS,HOUSTW,CMRMTSPLx,RSAFSx,AMDMNOx,ACOGNOx,AMDMUOx,ANDENOx,INVCQRMTSPL,PCECTPI,PCEPILFE,GDPCTPI,GPDICTPI,IPDBS,DGDSRG3Q086SBEA,DDURRG3Q086SBEA,DSERRG3Q086SBEA,DNDGRG3Q086SBEA,DHCERG3Q086SBEA,DMOTRG3Q086SBEA,DFDHRG3Q086SBEA,DREQRG3Q086SBEA,DODGRG3Q086SBEA,DFXARG3Q086SBEA,DCLORG3Q086SBEA,DGOERG3Q086SBEA,DONGRG3Q086SBEA,DHUTRG3Q086SBEA,DHLCRG3Q086SBEA,DTRSRG3Q086SBEA,DRCARG3Q086SBEA,DFSARG3Q086SBEA,DIFSRG3Q086SBEA,DOTSRG3Q086SBEA,CPIAUCSL,CPILFESL,WPSFD49207,PPIACO,WPSFD49502,WPSFD4111,PPIIDC,WPSID61,WPU0531,WPU0561,OILPRICEx,AHETPIx,CES2000000008x,CES3000000008x,COMPRMS,COMPRNFB,RCPHBS,OPHMFG,OPHNFB,OPHPBS,ULCBS,ULCMFG,ULCNFB,UNLPNBS,FEDFUNDS,TB3MS,TB6MS,GS1,GS10,MORTGAGE30US,AAA,BAA,BAA10YM,MORTG10YRx,TB6M3Mx,GS1TB3Mx,GS10TB3Mx,CPF3MTB3Mx,AMBSLREAL,IMFSLx,M1REAL,M2REAL,MZMREAL,BUSLOANSx,CONSUMERx,NONREVSLx,REALLNx,REVOLSLx,TOTALSLx,DRIWCIL,TABSHNOx,TLBSHNOx,LIABPIx,TNWBSHNOx,NWPIx,TARESAx,HNOREMQ027Sx,TFAABSHNOx,VXOCLSx,USSTHPI,SPCS10RSA,SPCS20RSA,TWEXMMTH,EXUSEU,EXSZUSx,EXJPUSx,EXUSUKx,EXCAUSx,UMCSENTx,USEPUINDXM,B020RE1Q156NBEA,B021RE1Q156NBEA,GFDEGDQ188S,GFDEBTNx,IPMANSICS,IPB51222S,IPFUELS,UEMPMEAN,CES0600000007,TOTRESNS,NONBORRES,GS5,TB3SMFFM,T5YFFM,AAAFFM,WPSID62,PPICMM,CPIAPPSL,CPITRNSL,CPIMEDSL,CUSR0000SAC,CUSR0000SAD,CUSR0000SAS,CPIULFSL,CUSR0000SA0L2,CUSR0000SA0L5,CES0600000008,DTCOLNVHFNM,DTCTHFNM,INVEST,HWIURATIOx,CLAIMSx,BUSINVx,ISRATIOx,CONSPIx,CP3M,COMPAPFF,PERMITNE,PERMITMW,PERMITS,PERMITW,NIKKEI225,NASDAQCOM,CUSR0000SEHC,TLBSNNCBx,TLBSNNCBBDIx,TTAABSNNCBx,TNWMVBSNNCBx,TNWMVBSNNCBBDIx,TLBSNNBx,TLBSNNBBDIx,TABSNNBx,TNWBSNNBx,TNWBSNNBBDIx,CNCFx,S&P 500,S&P: indust,S&P div yield,S&P PE ratio
factors,0,0,1,1,1,0,0,1,1,1,1,0,1,1,1,1,1,0,0,0,0,0,0,0,0,1,1,1,1,1,1,1,1,1,0,0,0,0,0,1,0,1,1,1,1,1,1,1,1,1,0,1,1,1,1,1,0,0,0,0,0,1,1,1,1,1,1,1,1,1,1,1,1,0,0,0,1,1,1,0,0,0,1,1,1,1,1,0,1,1,1,1,1,1,0,0,0,1,1,0,0,0,0,0,1,1,1,1,1,1,1,1,1,1,1,1,1,1,1,0,0,0,0,1,1,1,1,1,1,0,0,0,0,1,1,1,1,1,0,0,1,1,1,1,1,0,0,0,0,0,0,1,1,1,1,1,1,0,0,0,0,0,1,1,1,1,1,0,1,0,1,0,1,0,1,1,1,1,1,1,1,1,1,1,1,1,1,1,1,0,0,0,0,0,0,0,0,0,0,0,0,0,0,0,0,0,0,0,0,0,0,0,0,0,0,0,0,0,0,0,0,0,0,0,0,0,0,0,0,0,0,0,0,0,0,0,0,0,0,0,0,0,0,0,1,0,0,0
transform,5,5,5,5,5,5,5,5,5,5,1,5,1,5,5,5,5,5,5,5,5,5,5,5,5,5,5,5,5,5,5,5,1,1,5,5,5,5,5,5,5,5,5,5,5,5,5,5,5,5,5,5,5,5,5,5,5,2,2,2,2,2,2,2,5,5,5,5,5,5,5,5,5,5,5,5,1,2,2,1,5,5,5,5,5,5,5,5,5,5,5,5,5,5,6,6,6,6,6,6,6,6,6,6,6,6,6,6,6,6,6,6,6,6,6,6,6,6,6,6,6,6,6,6,6,6,6,5,5,5,5,5,5,5,5,5,5,5,5,5,5,5,5,2,2,2,2,2,2,2,2,1,1,1,1,1,1,5,5,5,5,5,5,5,5,5,5,5,1,5,5,5,5,1,5,5,5,1,5,5,5,5,5,5,5,5,5,1,2,2,2,2,2,5,5,5,2,2,6,7,2,1,1,1,6,6,6,6,6,6,6,6,6,6,6,6,6,6,6,2,5,5,2,2,2,1,5,5,5,5,5,5,6,5,1,5,5,2,5,1,5,5,2,5,5,5,2,5
3/1/1974,5678.713,3535.312,186.1544,2375.5244,1088.6989,750.076,738.1051,148.9436,431.5084,349.3008,0.8,1553.025,10,1013.1662,944.8634,278.537,325.812,4217.773,31.644,31.484,,46.8072,44.6861,61.5625,45.2621,26.7764,77.3778,50.0083,44.6184,67.0011,20.8183,53.2712,86.9725,86.5967,78216.6667,64091,18738.3333,54512,23704.6667,11544.3333,7194,4236.6667,5239.3333,3998.6667,2166.3333,5937.3333,5417,2046.3333,729.6667,15581.3333,14125.6667,8467.6333,3764.3667,2829.3333,2988.6667,8307.6667,86709.3333,61.3333,5.1333,4.74687232,0.363322447,14.8,3.5,5.0333,2415,1411,493.6667,332,2021.3333,1249.6667,750,640,2810.3333,68.555,,66.442,40.4333,36.6,3.4667,3735,1586,573,1377,353.3333,234.3333,683.6667,314.6667,525744.6393,45202.0685,165763.1261,,581899.7042,51800.2102,706353.037,25.225,25.765,26.249,35.687,29.751,38.556,68.036,19.211,28.369,18.23,35.318,61.468,287.594,38.738,27.931,74.385,12.071,23.177,19.098,11.764,21.603,23.05,19.919,24.357,19.786,47.3,47.2333,49.5667,49.8667,50.4667,63.1667,44.3667,46.9333,41.78480943,102.5690434,39.2406,16.66352852,23.54622005,16.01664017,,69.01,67.936,,47.626,45.925,33.378,,32.694,23.458,9.3233,7.6167,7.48,7.3533,7.0533,8.47,7.8967,8.5433,1.49,1.41,-0.14,-0.26,-0.56,0.88,179.4667,,560.8333,1828.1333,1254.6667,642.4562,386.8851,702.71,463.5595,44.0274,746.7374,,22438.89,2546.92,60.38542711,19891.97,471.6225773,16763.0274,5675862.6,14891.69,22.2984,,,,103.599,,3.2065,290.4619,2.2798,0.98,61.8,,7.8,7.4,31.76449,1877799.8,44.4202,52.2554,57.9429,9.6,39.9,35.5803,34395,7.0267,-1.7067,-2.2967,-1.4267,63.3,67.3667,66.9333,43.4667,40.3667,51.2333,49.1,42.0667,45.8333,49.3,47.7667,4.5,10388.6667,35039.3333,169.042,0.7999,311783,234240.2394,1.4739,0.15,8.5,-0.82,206.3333,303,542.3333,325.3333,4452.5788,93.8506,,2.62,0.0083,5.57,4914.55,1565.43,970562.33,309153.01,4184178.68,3213.62,1023.63,313.9424,95.6667,106.7667,3.5759,12.1664
6/1/1974,5692.21,3548.041,187.1943,2399.2982,1081.5065,747.082,729.079,148.7072,430.7668,335.2035,1.1,1560.805,-1.4,1030.1617,956.5495,292.119,343.072,4178.544,31.634,31.53,,46.8348,44.8569,61.8195,45.1918,26.7519,76.7865,49.9833,45.7286,67.4214,20.8872,57.2341,86.3535,85.7381,78511.6667,64294.6667,18693.3333,54879.6667,23632,11549.3333,7144,4189.6667,5296.3333,4021.3333,2168.6667,5983.6667,5460,2068.6667,749,15664,14217,8525.9333,3789.8333,2852.6667,3018,8346.3333,86833.6667,61.1667,5.2,4.794216715,0.391979148,15.3333,3.4667,5.0333,2430.3333,1460.6667,539.3333,359,1968.6667,1412.6667,738.3333,633,2761.6667,68.423,,66.618,40,36.5,3.2,3769,1515.3333,470.3333,1159.3333,351,204,640.6667,319.6667,523152.7363,46725.9513,169423.7455,,608107.6128,49895.8843,718024.736,25.939,26.405,26.832,36.754,30.518,39.838,69.758,19.665,29.405,18.643,36.348,63.266,291.46,39.614,28.588,76.601,13.168,24.013,19.355,12.098,22.185,23.567,20.454,24.837,20.44,48.5667,48.4667,51.1,51.6,51.7667,62.2333,48.1,50.3667,42.41648313,104.1537532,38.2907,16.62535521,23.39231169,16.0442454,,68.969,68.223,,47.486,46.081,34.299,,33.649,24.632,11.25,8.1533,8.28,8.69,7.5433,8.88,8.3633,9.0633,1.52,1.34,0.13,0.54,-0.61,2.49,179.3,,551.3667,1801.9333,1231.2333,672.4916,383.8615,696.2787,469.8713,45.2185,741.4973,,21909.26,2563.935,61.35952765,19345.32,462.9680757,16374.3799,5534879.76,14477.66,23.7033,,,,99.755,,2.9781,279.9035,2.3975,0.9654,72.1,,8.3,8.5,30.99462,1828270.2,44.3638,55.2018,64.1614,9.7,39.5333,36.2983,33854.3333,8.0667,-3.0967,-3.1833,-2.8867,58.1,78.9333,68.7,45.3,41.5,52.6333,50.3333,43.0667,47.2,50.6333,49,4.61,10326.6667,35381,169.5277,0.7945,298700,245605.6076,1.4842,0.1491,10.64,-0.61,174,247.6667,428.6667,309,4642.406,84.7006,,2.65,0.0089,5.71,5021.41,1689.1,994655.61,334581.43,4193217.12,3198.56,1075.93,297.2836,90.64,102.1667,3.8403,10.9078
9/1/1974,5638.411,3563.282,188.2512,2411.9483,1083.8058,708.362,717.0791,149.4286,426.3713,323.8497,0.4,1563.915,2.6,1039.329,954.8278,276.381,337.076,4182.32,31.202,31.094,,46.6502,45.0512,61.889,44.8776,26.4528,76.0598,50.2998,47.6718,67.3436,21.1334,57.193,85.4472,84.7651,78621.6667,64275.6667,18572.6667,55244.3333,23377.3333,11484.6667,7088,4037.6667,5356.6667,4035,2166.3333,6026.6667,5497.3333,2091.3333,767,15725,14346,8577.8333,3810.7,2873,3048.3333,8424.6667,87079,61.3333,5.6333,5.186831605,0.42130382,16.2333,3.7667,5.5333,2619.3333,1588.3333,579.6667,388.6667,2178,1552,772,683.3333,2999.3333,68.039,,66.384,40.1,36.4667,3.3,3453,1202.6667,285.6667,919.6667,298.3333,170,474,260.3333,516672.5557,48248.4512,173695.7399,,638438.8762,54908.0611,720950.536,26.639,27.16,27.659,38.19,31.503,41.076,72.416,20.12,30.233,19.078,38.256,65.685,297.314,40.515,29.195,78.984,13.344,25.171,19.645,12.511,22.88,24.079,21.094,25.352,20.911,49.9333,50.1333,53.5667,55.2667,53.9667,64.2667,51.4333,55.0333,42.70667108,112.916451,37.226,16.53170044,23.42778055,16.1142811,,69.073,68.505,,47.002,45.7,35.705,,35.004,24.994,12.09,8.19,8.5267,9.01,7.9633,9.61,8.9867,9.81,1.8467,1.64,0.34,0.82,-0.23,3.5,177.8333,,541.0333,1771.4,1207.6,685.27,376.5504,685.2275,468.7596,47.7736,733.0011,,21221.49,2560.482,61.22157862,18661.01,446.1878851,15789.2121,5432275.41,13849.84,33.5363,,,,102.522,,2.9818,297.4492,2.3506,0.9809,64.4,,8.1,8.6,30.86269,1807372.6,44.1969,54.6729,65.1356,9.7667,39.6333,37.1437,33837.3333,8.46,-3.9,-3.63,-3.1033,61.2,81.2333,70.4333,46.6667,43.1667,54.0667,52.3,44.5,48.7667,52.1,50.4,4.7567,10633.6667,36204,167.3936,0.6687,337217,259429.1426,1.5015,0.1466,11.69,-0.4,138.6667,223,316.6667,241.3333,4272.1866,66.1128,,2.65,0.0104,5.85,5159.66,2029.78,1002133.13,394233.27,4233504.75,3231.37,1271.2,254.198,74.4867,85.1967,4.8011,8.525
12/1/1974,5616.526,3511.197,170.2571,2436.6404,1064.3209,712.661,678.3137,143.3398,415.1656,281.465,1.3,1571.409,4,997.1858,955.1827,283.6,333.731,4176.733,30.968,30.878,,44.7983,43.9191,59.731,42.6254,25.1002,71.3422,46.6926,44.5739,66.0829,20.9002,57.1721,81.5908,80.5247,78182.3333,63657.3333,18044.6667,55451,22731.3333,11143.6667,6901,3914.3333,5394,4037.3333,2138.6667,6036,5509,2104.6667,772.3333,15706.3333,14525,8581.6,3813.1333,2874.6667,3099,8551.3333,86588.3333,61.2667,6.6,6.089090727,0.491194935,17.7333,4.7,6.4333,2966.6667,1946.3333,720,455.3333,2853.6667,1645.6667,804.6667,772.6667,3418.3333,67.028,,65.287,39.6,36.1667,2.8333,2857,1023.6667,200.6667,825.3333,277.3333,139.6667,384,222.6667,494845.7363,47063.7084,149756.5377,,628583.4775,45268.3766,737023.822,27.316,27.823,28.498,39.606,32.476,42.276,74.68,20.562,31.091,19.499,39.626,68.001,302.557,41.777,30.424,80.144,13.141,26.191,20.018,12.901,23.638,24.643,21.643,25.854,21.176,51.4667,51.6,56.0333,57.2,56.3,67.8,53.0333,57.6,45.63863787,111.0662978,40.1121,16.44944026,23.39784937,16.16189855,,68.867,68.121,,47.434,46.067,36.304,,35.644,26.292,9.3467,7.36,7.4567,7.6733,7.67,9.79,9.0167,10.57,2.9,2.12,0.1,0.31,0.31,1.87,176.1667,,531.2333,1744.9,1187.5333,683.9855,367.7392,667.7703,464.4121,48.3424,716.1127,,21261.41,2546.878,60.97776616,18714.53,448.0662552,15806.5845,5454825.14,13841.28,29.2991,,,,102.316,,2.7499,299.9503,2.3292,0.9862,59.5,,8.5,8.5,30.79768,1803573,42.2604,54.6619,65.1399,9.8667,39.2667,36.837,35573,7.6533,-1.9867,-1.6933,-0.33,62.9667,76.2333,71.5333,47.6,44.4333,55.8,54.3,45.8,50.1,53.7,51.9667,4.8867,10711,36112,169.2885,0.4734,459450,273720.2814,1.6013,0.1431,9.23,-0.12,151.3333,199.3333,254,220.6667,3752.609,61.1638,,2.35,0.0084,5.98,5523.53,1977.56,996212.59,356668.03,4225526.54,3229.31,1156.17,279.3109,69.4167,77.5133,5.1852,7.6131
3/1/1975,5548.156,3540.647,173.7469,2459.4465,1066.1698,597.866,639.4022,132.8752,391.4807,265.2321,-0.6,1588.522,-4.1,953.2462,983.4261,285.578,300.244,4170.45,30.232,30.312,,41.8382,41.0649,56.0702,39.7395,22.4698,64.7801,40.8681,38.1594,63.7698,19.213,56.6771,75.813,73.5688,76953,62244.6667,17067,55366.3333,21586.6667,10478.3333,6588.6667,3729,5418.3333,4027,2075.6667,6002.3333,5482.6667,2114,790.6667,15538,14708.3333,8524.7,3774.2667,2873.6667,3161.6667,8673,85356.6667,61.2,8.2667,7.484662021,0.756455257,19.6,6.4,8.0667,3144.3333,2630.6667,1119.6667,703.6667,4106,1828.3333,786,789.6667,4071.3333,64.894,,63.234,38.9667,35.8667,2.4,2408,976.3333,197.6667,721.3333,255,149.3333,376,196,475233.4167,48306.1845,133118.3356,,593639.2991,41221.7656,725599.36,27.83,28.3673,29.142,40.962,33.262,42.897,75.85,21.029,31.534,19.938,40.025,69.548,307.271,42.413,30.859,80.459,13.18,26.982,20.547,13.218,24.307,25.179,22.137,26.278,21.46,52.5667,52.7,56.6333,57.1667,56.6,67.3333,53.8667,57.7333,49.2309798,109.2759623,39.342,16.35682312,23.39502561,16.15684502,,69.473,68.885,,47.81,46.71,36.98,,36.438,27.624,6.3033,5.75,5.8667,6.3067,7.54,9.15,8.7067,10.6467,3.1067,1.61,0.12,0.56,1.79,0.85,174.7667,,523.3333,1740.8667,1183.0333,669.9277,359.4496,655.7072,460.4344,46.6216,702.3288,,21740.7,2495.653,59.84134566,19245.05,461.4620796,16160.7713,5579927.38,14188.19,23.8824,210.95,,,99.383,,2.4948,293.0971,2.392,0.9986,57.6,,8.7,7.7,31.53604,1831329.5,38.8273,54.0022,64.9345,11.4,38.6,35.9797,35762.6667,7.2733,-0.5533,0.97,2.4033,58.2,72.3,71.9667,48.3333,45.8,56.9,55.8333,46.8,51.2,54.7,53,4.9867,10470,35345.6667,173.8317,0.3145,542033,279045.7682,1.6668,0.1411,6.6,0.3,104,178.6667,224.3333,214.3333,4064.0281,70.3079,,3.11,0.0093,6.05,5163.39,1551.05,993551.2,298456.58,4232914.44,3239.36,973.08,332.8964,78.8133,87.8967,4.6422,8.5437
6/1/1975,5587.8,3598.886,177.0301,2488.8478,1089.6736,580.067,631.8097,130.0848,382.0741,272.4674,-0.8,1575.097,-3.9,827.9486,976.34,277.253,276.218,4363.361,30.433,30.553,,41.2733,41.3101,57.5319,38.7323,21.4041,64.4983,43.2461,43.1386,64.6656,18.4381,57.7485,74.4258,71.9389,76535,61733,16731.6667,55460.3333,21074.6667,10185.6667,6546,3547.6667,5453.6667,4030,2049.6667,6009,5499.3333,2127,795.3333,15489.6667,14802,8538.1,3759.1333,2873.3333,3177.3333,8751.3333,85331.6667,61.3333,8.8667,7.656775493,1.19555876,20.4,7.1667,8.4,2946,2645.6667,1523.3333,1119.3333,4760.3333,1951.6667,836,785.3333,3975,64.367,,62.651,39.0667,35.8667,2.4,2402,1071,171,908.6667,253,137,407,274,470591.6,49939.3111,131290.2265,,558539.4439,38960.4502,714660.782,28.172,28.799,29.565,41.901,33.726,43.225,77.214,21.377,31.647,20.272,40.761,70.721,314.148,42.948,30.677,80.691,13.426,27.376,20.868,13.507,24.831,25.419,22.45,26.745,21.789,53.2,53.5333,57.4667,57.8,57.3333,68.6,54.4667,57.3667,56.01613109,113.9930029,38.7519,16.29682293,23.46141272,16.1579273,,70.112,69.488,,48.576,47.467,37.151,,36.629,28.515,5.42,5.3933,5.7333,6.5267,8.05,8.87,8.8733,10.63,2.58,0.82,0.34,1.13,2.66,0.43,175.4333,,524.9333,1783.1333,1205.6667,646.0215,351.5108,640.2505,457.4465,46.7458,686.9963,,22270.65,2506.934,57.45420259,19763.71,452.9470291,16568.9677,5701680.61,14575.65,19.888,212.16,,,100.127,,2.521,292.3645,2.3238,1.022,72.8,,8.3,7,32.27817,1892616.8,38.1611,56.8472,62.4658,13.8667,38.8,34.8173,34683,7.74,-0.0267,2.32,3.4533,60.7333,70.6333,72.1667,49.0333,47.0333,57.5333,57,47.5333,51.9667,55.3333,53.6,5.0633,10416.6667,33937,184.5449,0.2899,506517,277301.996,1.6564,0.1366,5.83,0.41,131.3333,228,288.3333,261,4476.3141,81.0894,,3.11,0.0087,6.11,5250.64,1471.01,1003107.39,281028.72,4285915.91,3282.81,919.71,356.9412,89.0733,100.1567,4.1552,9.7297
9/1/1975,5683.444,3650.035,188.0427,2500.643,1100.2504,625.037,647.0521,131.6788,386.1457,290.2752,-0.1,1604.521,10.7,958.0284,988.8254,272.576,299.181,4299.932,31.085,31.202,,42.2868,42.5551,60.1632,39.5713,21.7532,68.7004,46.8426,47.0663,66.6791,18.395,58.1814,75.8675,73.8514,77050.3333,62198.6667,16802,55903.3333,21147,10152.3333,6649.6667,3540.3333,5533.6667,4052,2052,6078,5572.3333,2157.6667,804.6667,15606,14851.6667,8642.9667,3782.1,2887.3333,3178,8786.3333,86135.6667,61.2667,8.4667,6.908094925,1.583236864,20.3,6.8667,7.8667,2856,2332,1413.3333,1490.3333,4591.3333,1885,816,848.6667,3628.3333,65.025,,63.222,39.6333,36.0333,2.7333,2561,1250,227.6667,1026,321.3333,161.3333,470.6667,296.6667,479823.1923,51844.1645,141244.7597,,540847.3082,40253.145,712165.499,28.699,29.2317,30.087,42.4,34.33,44.047,78.061,21.772,32.353,20.638,41.358,71.408,315.964,43.512,31.427,81.273,14.24,27.594,21.196,13.849,25.32,25.704,22.778,26.962,22.353,54.2667,54.2333,58.8667,59.0333,58.9333,71.2,55.1,57.9,57.92804813,118.4766564,38.1783,16.31789592,23.33111112,16.23796425,,69.946,69.065,,49.168,47.985,37.259,,36.826,29.425,6.16,6.33,6.7867,7.52,8.2967,8.99,8.9133,10.5833,2.2867,0.69,0.46,1.19,1.97,0.24,174.5667,,524.3,1811.8,1219.0667,626.5032,347.8277,630.2273,451.4484,48.5109,678.7382,,21994.4,2538.509,59.03603052,19455.89,452.4696526,16376.1152,5618281.34,14370.37,22.2688,209.67,,,104.445,,2.6676,298.0864,2.1274,1.0309,75.7,,7.8,7.1,32.38043,1929150.8,39.3755,56.1193,65.247,15.5667,39.3333,34.6573,34354.6667,8.2067,0.17,2.0467,2.7533,63.3,69.8,72.6333,50.7333,48.1333,58.7667,57.9333,48.3333,52.8667,56.5333,54.6667,5.1433,10782.3333,32425.3333,192.6293,0.3205,446417,278246.9452,1.5979,0.1329,6.57,0.41,140.6667,265.3333,318.6667,301.3333,4188.6634,80.0689,,3.13,0.0087,6.1,5197.25,1443.55,1001042.82,278042.7,4279868.92,3278.83,910.71,360.032,87.6233,98.3233,4.2405,9.7816
12/1/1975,5759.972,3689.285,193.5277,2536.5823,1097.5922,642.484,659.9086,133.6201,390.7533,302.6741,0,1618.578,1.3,969.3298,1002.048,287.987,315.151,4333.546,31.65,31.733,,43.2091,43.2718,61.2793,40.6462,22.2911,71.8507,47.7747,47.5228,67.8765,18.6884,57.2309,77.0905,75.326,77747.3333,62831,17049.6667,56271.3333,21476,10254.3333,6795.3333,3610.6667,5580.6667,4079.3333,2064.3333,6134,5619,2176,815.6667,15701.6667,14916.3333,8711.2,3813.4,2894.3333,3197.3333,8824.6667,86497,61.1333,8.3,6.629342504,1.653781712,19.5333,6.7,7.8333,2814,2309.3333,1222.3333,1559.6667,4176.3333,1912.6667,872.3333,872,3566,65.963,,64.312,40,36.1333,2.8,2663,1341.6667,225.6667,1099,336.6667,156.3333,521.6667,327,484271.6523,52861.5845,138348.4652,,522130.3008,38464.0059,709623.442,29.18,29.7077,30.59,42.974,34.866,44.644,79.261,22.202,32.768,21.056,42.184,72.434,319.57,43.984,31.907,81.598,14.511,27.919,21.646,14.243,25.832,26.067,23.231,27.486,22.612,55.2667,55.1667,59.9667,59.6667,60.0333,72.2,56.1667,59,58.2301391,119.6088891,37.5671,16.32582974,23.09165669,16.2584377,,69.798,69.151,,49.213,48.107,37.896,,37.391,29.798,5.4133,5.6267,5.9667,6.68,8.0633,9.16,8.81,10.58,2.5167,1.09,0.34,1.05,2.44,0.38,173.8333,,518.3,1822,1219.4667,615.6686,348.7215,630.4884,449.2014,49.3842,679.8727,,22286.39,2577.676,59.48191266,19708.71,454.7940984,16617.1873,5669200.22,14590.35,18.7285,209.78,,,105.598,,2.6502,303.5172,2.0424,1.0176,75.6,,8.1,7.3,32.7301,1976178.9,40.3859,54.4219,65.6828,16.1667,39.6,34.7333,34606.6667,7.8433,0.2133,2.43,3.3967,64.5,70.3333,73.2,52.2333,49,59.6667,58.7667,49.5,53.8667,57.6,55.6667,5.22,10952,32423.6667,201.1932,0.341,398700,280916.1831,1.5807,0.1317,6,0.59,139.6667,282.6667,345.6667,331,4255.7082,77.0264,,3.12,0.0082,6.11,5214.86,1374.57,1001718.01,264040.07,4291154.71,3289.43,867.05,379.3811,89.1133,99.8333,4.141,10.3521
3/1/1976,5889.5,3763.048,203.2802,2566.1232,1119.8903,704.475,686.8944,135.3486,399.1237,331.4558,0.8,1621.123,-3.9,1009.1221,1013.3349,285.999,334.895,4385.876,32.647,32.654,,44.5379,44.2802,62.6333,42.2058,23.5852,73.8112,49.5629,49.2183,68.9409,19.2225,58.5066,78.9751,77.3574,78789,63810,17380.3333,56898.3333,21890.6667,10487,6893.3333,3686.6667,5659.6667,4105.3333,2092,6218,5711.6667,2206.3333,823.6667,15926.3333,14979,8854.9333,3853.3333,2881.6667,3214.3333,8883,87685.6667,61.3,7.7333,6.142888305,1.604152515,19.1667,5.9333,7.5,2725.3333,2043,1033,1524.6667,3660.3333,1904.6667,843.6667,871.3333,3606.3333,66.913,,65.37,40.3,36.2333,3.0667,2870,1442,225,1183,367.3333,180,556.6667,338,502236.4257,54679.3194,149809.0039,,510029.6811,40191.8955,718336.885,29.502,30.1593,30.925,43.352,35.182,44.862,80.331,22.57,32.81,21.398,42.976,73.302,321.744,44.508,31.712,82.296,14.382,28.373,22.021,14.571,26.308,26.405,23.586,27.67,22.917,55.9,56.2,59.9667,59.9333,59.7,70.0333,57.0333,59.6,59.56953359,112.7472613,39.0004,16.33540521,23.03310842,16.37949555,,70.331,69.846,,49.942,48.801,38.165,,37.552,30.483,4.8267,4.9167,5.26,5.9767,7.7533,8.86,8.5567,10.2567,2.5033,1.11,0.34,1.06,2.84,0.26,174.1,,519.9,1858.6,1243.4667,601.4681,351.1407,638.2392,452.3957,47.6335,685.8727,,22644.89,2570.732,58.61387299,20074.16,457.700133,16948.6356,5696256.51,14902.88,18.6859,208.46,,,105.647,,2.5795,302.2495,1.9992,0.9953,84.6,,7.9,7.6,32.98513,2035421.3,41.7336,55.1543,68.0122,16.4667,39.9,34.5033,34432.3333,7.4667,0.09,2.64,3.73,62.2,69.9333,73.9667,53.3667,50.2,59.9,59.4,50.8,54.7333,58.2,56.2667,5.3267,11034.6667,32085.6667,206.7969,0.3901,359983,285137.6056,1.5393,0.1322,5.18,0.35,140,305,374.6667,363.3333,4581.5805,87.67,,3.17,0.0084,6.18,5311.41,1411.92,1017247.46,270412.32,4335242.45,3317.99,882.01,376.1838,99.52,111.7333,3.7058,11.9487
6/1/1976,5932.711,3797.67,204.25,2583.1992,1137.1312,732.358,698.2466,137.8914,404.424,339.7005,1.2,1603.086,-1.4,1021.2243,995.589,288.882,349.399,4410.786,32.967,32.943,,45.1071,44.6444,63.0638,42.8997,24.3877,74.4456,49.6963,49.0077,69.5376,19.6207,59.8255,79.4579,78.0885,79326.6667,64353.6667,17525,57320,22006.6667,10635,6890,3655,5730,4136.3333,2107.6667,6285.6667,5778.3333,2234,826.6667,16075,14973,8951,3886.2333,2862.6667,3241.6667,8868.6667,88591,61.5333,7.5667,6.16534002,1.384828638,18.8667,5.8667,7.1667,2840,2113.6667,892,1327,3654.6667,1842.3333,881,871,3516.3333,67.066,,65.396,40.0333,36.1,2.9667,2970,1449.6667,269.6667,1171.3333,389,157.6667,531,372,509618.653,55949.7978,155060.2351,,509261.7073,42138.6041,731769.791,29.749,30.5207,31.233,44.088,35.521,45.011,81.224,22.862,32.808,21.687,43.659,73.854,324.406,44.879,31.488,82.996,14.243,28.731,22.343,14.873,26.723,26.665,23.957,27.47,23.251,56.4,56.9667,60.4,60.8667,60.0333,70.3667,57.8667,60.3667,64.4323978,109.9796411,39.8751,16.40415469,23.26301742,16.48041306,,71.021,70.481,,50.411,49.12,38.604,,37.903,30.905,5.1967,5.1567,5.5233,6.28,7.7733,8.78,8.5333,9.8967,2.1233,1.01,0.37,1.12,2.62,0.3,176.2667,,524.1,1897.4333,1268.4333,584.3142,355.6262,645.0952,461.3885,48.5811,693.6762,,23043.8,2627.892,59.5787751,20415.91,462.8632421,17179.519,5864280.33,15113.99,16.6676,214.57,,,106.839,,2.4958,299.1012,1.8061,0.9791,83.3,,7.9,7.9,33.49464,2085555.8,42.417,55.6868,70.8801,15.9333,39.7,34.0163,33921.6667,7.4833,-0.04,2.2867,3.3367,64.2333,73.7667,74.6,54.3667,51.4,60.1667,60.3667,51.4667,55.4333,58.7333,56.6667,5.42,11403.3333,32336.6667,213.2291,0.4107,385200,292684.2101,1.5428,0.1329,5.45,0.26,138.3333,297.3333,374.3333,361.3333,4621.3923,89.3914,,3.21,0.0085,6.29,5449.06,1445.42,1033045.24,274025.84,4439951.01,3406.91,903.72,376.9883,101.6333,114.3333,3.6767,12.1681
9/1/1976,5965.265,3837.654,206.6065,2614.4355,1145.8574,734.91,706.1359,141.6494,413.2671,334.4129,1.1,1598.395,0.6,1032.9318,988.9768,297.276,363.654,4445.2,33.179,33.142,,45.7101,45.0879,63.5772,43.4701,24.971,74.9875,50.2143,49.332,70.0348,20.0751,60.3168,79.9709,78.6823,79714.3333,64724,17595,57658.3333,22056,10713.3333,6881.6667,3631,5790,4166.3333,2118.6667,6340.6667,5823.3333,2256.6667,830,16172.3333,14990.3333,9013.1,3901.0667,2854.6667,3290.6667,8845,89163,61.7333,7.7333,6.435132089,1.288109213,18.8333,5.9,7.5667,2922.6667,2277.6667,1085.3333,1244.6667,3691.6667,1967.3333,972,889.6667,3569.6667,67.38,,65.657,40.2333,36.0667,3.1333,2973,1557,294,1345,413.6667,153.6667,585.6667,404,515628.3477,56782.9552,158916.3746,,506688.8562,45828.5747,743156.07,30.2,30.9987,31.632,44.708,35.99,45.566,82.207,23.269,33.216,22.085,44.496,74.326,325.589,45.611,31.848,84.174,14.497,29.008,22.735,15.179,27.17,27.009,24.359,28.097,23.677,57.3,57.9,60.9,61.6,60.4,68.9667,58.8667,61.4333,69.67452241,111.9428008,41.1102,16.46294391,23.31291611,16.63493574,,71.374,70.666,,50.534,49.187,39.269,,38.605,31.104,5.2833,5.15,5.41,6.0133,7.73,8.97,8.4633,9.62,1.89,1.24,0.26,0.86,2.58,0.26,175.9,,521.1,1917.2667,1273.0333,580.7892,359.685,648.0391,463.5974,51.4382,699.4774,,23143.87,2668.534,60.03182014,20475.33,460.6166531,17251.5436,5892322.33,15171.19,16.2291,214.81,,,106.226,,2.4799,290.876,1.765,0.9776,89.7,,8,8.3,33.64333,2101658.9,43.0503,56.1085,71.5269,15.5,39.8,34.085,33986.6667,7.31,-0.1333,2.0267,3.18,63.9333,77.5333,75.7333,55.5,52.6333,61,61.4667,52.4333,56.3333,59.6,57.5,5.5467,11837.6667,33054.6667,214.1357,0.3984,395600,301143.2913,1.5497,0.1323,5.41,0.13,157.6667,335.3333,417.3333,434.6667,4732.948,91.2356,,3.26,0.0085,6.38,5509.91,1442.62,1044053.9,273357.87,4486440.68,3442.39,901.3,381.9366,104.3333,116.9333,3.6615,12.0333
12/1/1976,6008.504,3887.447,209.8819,2650.2683,1157.9249,740.408,739.6491,145.6341,421.2525,374.8955,0.5,1597.415,0.9,1033.8711,986.0316,300.292,375.689,4473.403,33.455,33.424,,46.5346,46.1904,65.0824,44.0081,25.1316,75.8592,52.4185,52.6014,71.0893,20.7311,63.6971,80.849,79.2971,80199.6667,65141,17649.6667,58031.3333,22168.3333,10740,6909.6667,3670.3333,5843.3333,4213.6667,2128,6395.6667,5862.6667,2277.6667,848.3333,16251.6667,15058.6667,9062.6667,3922.2333,2855.6667,3342,8861,89570.3333,61.7667,7.7667,6.437184817,1.319127625,19.1,6,7.4333,2897.3333,2346,1059.3333,1281,3678,1994.6667,906,952.3333,3759,67.529,,66.012,40,35.9,3.1667,3088,1691.3333,343.3333,1489,411.3333,179,604.6667,496.3333,521264.87,58243.919,163306.3194,,509555.2716,45539.6494,751503.907,30.678,31.484,32.169,45.389,36.629,46.213,83.597,23.671,33.647,22.462,45.759,74.853,328.493,46.281,32.143,84.948,14.885,29.442,23.258,15.476,27.57,27.357,24.69,28.489,23.881,58.1333,58.7,61.9,62.1333,61.4,69.1333,59.8667,62.4,88.93502106,114.663308,44.1501,16.51623436,23.33483258,16.65371342,,71.848,71.332,,50.68,49.496,39.965,,39.313,31.674,4.8733,4.6733,4.8167,5.2267,7.19,8.84,8.1833,9.2133,2.0233,1.65,0.14,0.55,2.52,0.24,176.2667,,522.8,1958.2,1295.3667,583.981,364.5019,655.8214,467.8147,52.8776,708.699,,23412.84,2716.786,60.73198199,20696.06,462.6468555,17441.4782,5971366.41,15335.21,16.5078,213.66,,,106.962,,2.4459,293.6853,1.6514,0.9923,87,,8.1,8.4,33.78753,2130331.2,43.713,60.9539,72.5576,15.2,39.7,34.754,34681,6.4567,-0.2,1.5833,3.31,63.6333,77.9667,76.5,56.9667,53.7667,61.7667,62.3,53.4,57.3,60.5667,58.3333,5.6467,12520,33977.3333,221.8662,0.41,390750,308173.5834,1.5531,0.1328,4.91,0.04,166.3333,360.3333,444,518.3333,4669.205,91.2741,,3.25,0.0085,6.43,5536.62,1452.11,1048865.65,275090.76,4535177.05,3486.31,914.37,381.2799,102.6,114.4333,3.8826,11.2719
3/1/1977,6079.494,3933.268,217.7858,2682.904,1157.1625,774.711,765.1393,154.9834,436.6002,386.0299,0.7,1610.994,2.8,1062.4553,995.797,295.46,393.474,4483.456,34.025,33.962,,47.5001,47.3552,66.3176,44.8533,25.7079,78.1053,54.5501,55.5311,71.7674,21.7186,64.129,81.9389,80.7015,81023,65969,17862.3333,58533,22490,10896.3333,6966,3764.6667,5915.6667,4264,2151,6472.3333,5936.6667,2306,863,16433.3333,15054,9172.8667,3955.1667,2852,3341.3333,8860.6667,90359.3333,61.8333,7.5,6.29488476,1.221140437,18.6333,5.7333,7.2667,2967.3333,2219.6667,950.6667,1193,3418.3333,2010.6667,930,962,3686.3333,68.201,,66.711,39.9667,35.8333,3.3,3331,1844.3333,358,1562,397,167.6667,709,570.6667,536559.89,60072.0252,168156.0126,,509500.244,45308.7225,758139.22,31.231,32.0133,32.689,46.31,37.177,46.944,84.455,24.146,34.262,22.903,46.184,75.778,331.353,46.792,32.724,86.185,15.29,29.921,23.875,15.796,28.076,27.673,25.097,28.727,24.273,59.2,59.6667,63.1333,63.4667,62.7667,71.4333,60.8667,63.4,86.08561034,114.5315643,43.4202,16.53474542,23.28233488,16.7743036,,71.889,71.364,,51.004,49.797,40.471,,39.803,32.202,4.66,4.63,4.87,5.42,7.3533,8.69,8.0333,9.1067,1.7533,1.34,0.24,0.79,2.72,0.11,176.3667,,525.7333,1988.3,1311.9,585.5333,372.0078,618.8801,473.7386,96.018,714.8981,,23415.7,2724.224,60.76169315,20691.47,461.5072052,17326.6165,6089079.78,15200.42,14.9735,217,,,107.306,,2.5213,285.4337,1.7134,1.0298,87.1,,7.8,8.9,33.65136,2142765.2,44.8319,59.5284,76.0789,14.8,39.6,34.8603,34779.6667,6.78,-0.03,2.12,3.3733,65.5333,79.4,77.4333,58.2333,55,62.8333,63.4,54.4333,58.3,61.7,59.4,5.77,11912.6667,33796,228.2255,0.4537,404267,315801.3691,1.5152,0.1247,4.74,0.08,162.6667,356.6667,493,549.6667,5014.4038,96.2175,,3.29,0.0085,6.52,5599.64,1446.98,1067463.75,275838.08,4596648.47,3529.19,911.96,386.9893,101.8,113.0667,4.0713,10.5833
6/1/1977,6197.686,3954.596,222.9195,2692.8238,1157.0434,830.251,804.9068,158.9311,448.6686,428.3639,0.9,1625.734,5.2,1088.0199,1001.9009,303.422,397.102,4525.596,34.813,34.778,,48.9719,48.5677,67.27,46.333,26.8219,80.3953,56.7307,56.9881,71.9792,22.8929,61.7202,83.8416,82.8484,82101.3333,66963.3333,18107.6667,59177.3333,22924,11075,7032.6667,3932,5993.3333,4318.3333,2176,6556.3333,6020.6667,2336.6667,884.3333,16638,15138,9302.4667,3998.4,2856,3374.6667,8907.3333,91661.3333,62.2333,7.1333,6.041606118,1.085958969,18.2,5.3,6.9333,2969,2080.6667,855.6667,1071.6667,3117.3333,1999,916,990.3333,3536.6667,69.733,,67.985,40.4667,36,3.4333,3564,1918.6667,378.3333,1693.3333,478,200.3333,748,492.3333,544492.9917,61729.6971,173610.7542,,513422.2321,48469.5875,766400.19,31.766,32.5033,33.205,47.166,37.668,47.608,84.884,24.623,34.891,23.373,46.362,76.334,332.98,46.984,33.656,86.442,15.515,30.339,24.351,16.166,28.608,27.98,25.723,29.636,24.533,60.2333,60.6333,64.3333,65.0333,64.0333,73.2333,62.1333,64.7333,94.55433488,113.9387612,42.7657,16.59316994,23.06447904,16.90066343,,72.092,71.295,,51.207,49.873,41.074,,40.451,32.729,5.1567,4.84,5.07,5.6933,7.37,8.81,8.0133,8.9967,1.6267,1.44,0.23,0.85,2.53,0.3,176.7,,526.8333,2006.8333,1314.9667,590.322,383.4983,634.8801,487.4659,100.4267,735.3069,,23734.1,2802.406,61.92346669,20931.69,462.5179194,17434.4645,6299633.88,15294.95,15.2592,223.55,,,106.881,,2.5117,275.1647,1.7189,1.0526,90.2,,7.9,8.9,32.80422,2123103.3,46.3982,56.5616,74.4564,14.5667,40.0333,34.6347,34453.3333,6.83,-0.3167,1.6733,2.8567,67.1333,81.9667,78.0667,59.0667,56.5,63.9333,64.2667,55.4667,59.1333,62.8,60.4333,5.8867,12359,34581.3333,232.0391,0.5067,369633,324387.093,1.5152,0.1264,5.14,-0.01,199,413,558,523.3333,5011.7471,96.6503,,3.31,0.008,6.59,5670.3,1363.58,1088751.73,261820.89,4660196.98,3571.45,858.86,415.8384,99.0333,109.5,4.3453,9.8385
9/1/1977,6309.514,3991.989,226.1875,2721.5612,1162.7635,872.264,815.0982,162.872,457.6186,427.0734,1.5,1632.263,4.1,1093.0129,1000.8266,305.776,391.568,4588.483,35.555,35.514,,49.5006,49.2788,67.8171,46.6185,26.9679,80.9974,57.6626,57.5444,72.2892,23.5952,62.8693,84.0707,83.1455,83147,67803.6667,18289.6667,59989,23158,11230,7059.6667,3999.6667,6097.6667,4370.3333,2197.6667,6657,6104,2376.3333,868.6667,16842.6667,15343.3333,9418.7,4048.9333,2859,3385,9099.3333,92409,62.2333,6.9,5.943258577,0.943862322,17.6333,4.9667,6.9333,2879.3333,2130.6667,928.6667,936.6667,3094.3333,1913.6667,884,971.3333,3634.6667,70.28,,68.713,40.4,35.8667,3.4333,3766,2009,434,1713.6667,445.6667,203,817,543.3333,550642.7323,62621.9705,176687.7304,,523409.7874,49465.3297,780035.469,32.243,33.0437,33.662,48.089,38.079,48.103,85.766,25.096,35.253,23.812,46.82,77.213,335.866,47.559,33.993,87.785,15.495,30.766,24.844,16.441,29.068,28.281,26.18,30.753,24.773,61.0667,61.5,65.1667,65.1333,64.7667,73.8333,63.0333,65.4,96.13070263,112.7783932,43.9783,16.59420426,22.91912143,16.98753688,,72.492,71.787,,51.744,50.532,41.383,,40.81,33.378,5.82,5.4967,5.7567,6.28,7.3567,8.93,7.9467,8.83,1.4733,1.57,0.26,0.78,1.86,0.25,178.2667,,527.8333,2025.0333,1319.8,596.848,394.2929,646.8812,500.5227,104.8527,751.7339,,23885.64,2872.08,62.59322855,21013.56,457.9630715,17454.491,6431146.35,15293.08,14.5599,225.06,,,106.234,,2.3978,266.1035,1.7351,1.0698,89,,7.7,8.6,32.98791,2167416.2,46.9592,59.5144,72.8921,14.0667,39.8667,35.2257,34556.3333,6.97,-0.3233,1.15,2.1267,64.1,80.8667,79.1333,59,57.7333,64.6,64.6333,56.6,60.0333,63.5,61.2333,5.9967,13045,35948.3333,230.4797,0.551,365800,331261.5171,1.5221,0.1274,5.75,-0.07,170.6667,413,584,546,5113.7938,100.7562,,3.38,0.0076,6.7,5753.82,1295.2,1106310.56,249033.18,4755933.72,3649.62,821.54,444.2422,98.06,107.8333,4.5433,9.4691
12/1/1977,6309.652,4052.01,230.9248,2747.3585,1187.7303,850.383,829.0214,170.584,471.5443,421.9948,1.1,1628.37,-2.7,1107.2841,1002.3344,295.973,397.125,4676.19,35.446,35.479,,49.8219,49.611,68.7489,46.8992,27.4832,81.1475,57.967,56.4036,73.5656,23.7129,62.6497,83.9082,83.2184,84127.6667,68622.3333,18435.3333,60787.3333,23340.3333,11344.3333,7091,4059.6667,6201.3333,4439.3333,2217.6667,6760,6197.6667,2417,845.3333,17049,15505.3333,9557.6333,4097.6667,2869.6667,3404.6667,9231,93639.3333,62.6333,6.6667,5.74897817,0.886456194,16.6333,4.8,6.7333,2845.3333,2049.3333,881,889,2926.6667,1930.3333,912.3333,891.6667,3551.6667,70.997,,69.387,40.5,35.9,3.4667,4099,2075.3333,436.3333,1761,472.3333,199.6667,843.6667,559.6667,560593.1693,64471.8563,182987.8806,,540416.7103,51613.4876,788500.72,32.702,33.524,34.225,49.056,38.861,48.692,86.914,25.497,35.665,24.196,47.86,77.939,337.298,47.893,34.308,88.276,15.846,31.225,25.291,16.708,29.497,28.64,26.586,31.529,24.965,61.9667,62.3333,66.3333,65.8667,65.7333,74.4667,63.8667,66.2333,98.72877739,115.2361987,44.2974,16.64477943,22.92894638,17.06239811,,72.675,71.904,,51.084,49.973,42.532,,42.053,33.272,6.5133,6.11,6.4133,6.96,7.5967,8.94,8.1033,8.9433,1.3467,1.34,0.3,0.85,1.49,0.44,179.3667,,530.3333,2036.9333,1325.2333,605.4018,405.6681,660.0978,515.1684,110.2343,770.3321,,24129.18,2943.816,62.95330965,21185.36,453.0474541,17532.9943,6596181.84,15337.57,16.9947,230.34,,,103.9,,2.1843,246.8233,1.8145,1.1018,84.4,,7.3,8.7,33.21873,2198468,47.4153,59.6817,71.9767,13.6333,39.9333,36.0383,35126.3333,7.38,-0.4033,0.8667,1.59,65.2667,78.7333,79.7333,59.5333,58.6667,65.4,65.2,57.5667,60.9,64.3333,62.1,6.1067,14293,37944,231.9501,0.6169,357367,338775.6492,1.5083,0.1274,6.55,0.04,184,399,609,569,4971.3012,101.2165,,3.44,0.0081,6.74,5782.02,1361.19,1110599.32,261454.02,4818576.46,3707.98,872.92,424.7781,93.9467,103.3333,4.9106,8.8656
3/1/1978,6329.791,4074.774,224.7822,2790.2029,1192.7864,866.957,836.3558,173.0151,475.6775,425.938,1.2,1628.786,0.3,1111.7519,1002.2364,302.96,423.771,4712.855,35.628,35.521,,49.6832,49.8886,68.5906,46.3768,27.5557,82.2203,56.602,53.5894,74.1176,24.0679,63.3087,82.9589,82.6022,85000.6667,69329.6667,18643.6667,61508.6667,23492,11518.3333,7125.3333,4088.3333,6267.3333,4503,2244.3333,6832.3333,6277,2442.6667,760,17271,15671,9678.3,4151.7333,2880.3333,3442.3333,9348.3333,94552.6667,62.7667,6.3333,5.597743739,0.724571609,17.0667,4.6333,6.1,2819.6667,1965.6667,854.6667,731.3333,2728.6667,1875.6667,899.6667,911.6667,3450.6667,71.361,,69.711,39.9667,35.5667,3.5333,4322,1829.3333,411.3333,1758.3333,418.3333,127.3333,756,527.6667,559313.2953,65093.4401,180791.1663,,555925.4054,53290.8809,802414.736,33.238,34.047,34.786,49.989,39.428,49.356,88.16,25.977,36.14,24.656,48.791,78.596,341.121,48.632,35.195,87.789,15.911,31.583,25.666,17.095,30.059,29.085,27.067,32.759,25.251,63.0333,63.4333,67.4333,67.4667,66.8667,76.7667,65,67.3667,100.2493384,116.4065679,43.6168,16.72190318,22.99735575,17.20173433,,73.471,72.655,,51.108,49.777,43.81,,43.148,32.884,6.7567,6.3933,6.69,7.31,8.01,9.12,8.45,9.1967,1.1867,1.11,0.3,0.92,1.62,0.36,180.5667,,532.3333,2039.9,1324.9,617.9083,417.0242,673.0361,529.6783,108.9639,782,,24336.03,2965.888,62.93188165,21370.14,453.4437027,17620.6362,6715396.36,15400,16.2761,233.71,,,100.721,,1.9314,237.7702,1.9268,1.1133,82.3,,7.5,9.2,33.5012,2220202.8,47.4902,62.0798,69.4702,12.6,39.3667,37.04,36634,7.82,-0.3633,1.0633,1.6933,68.5,79.2333,79.8333,60.2,59.8,66.4333,66.3667,58.7,61.8667,65.3,63.1667,6.2333,13513,37429,234.2324,0.6775,361083,348946.0301,1.529,0.1289,6.75,0,178,388.3333,638.6667,553.3333,5148.3508,102.4365,,3.51,0.0079,6.83,5837.4,1318,1127460.18,254564.04,4939121.94,3811.66,860.62,442.8984,89.35,98.3133,5.3242,8.2263
6/1/1978,6574.39,4161.887,241.5389,2832.0728,1201.9347,923.266,893.478,186.605,512.5269,446.3795,1,1669.636,8,1173.3117,1032.2847,334.545,425.116,4762.737,37.39,37.249,,51.6826,51.6594,70.1862,48.5932,28.6172,83.6637,58.8636,57.184,75.2865,25.4973,63.1329,85.5658,84.6435,86540.3333,70712.6667,18846.3333,62431,24109.3333,11684.6667,7161.6667,4329.6667,6387,4568.3333,2278.6667,6957,6376.3333,2489,933.3333,17547,15827.6667,9829.8333,4220.3,2882.6667,3479,9466,95835.3333,63.1333,6,5.337283544,0.657921174,16,4.1667,6.0333,2802.6667,1887,754,670.6667,2540.3333,1795,849.6667,878.3333,3596.6667,73.386,,71.744,40.4667,35.8333,3.5333,4664,2114,503.3333,1899,471.6667,217,874.6667,550.6667,585164.6297,69016.885,194872.5685,,581983.9014,57374.5168,815598.496,33.921,34.6343,35.48,51.002,40.193,50.402,89.504,26.496,37.008,25.153,49.449,80.096,345.976,49.315,36.756,88.996,15.888,31.891,26.118,17.405,30.409,29.581,27.783,33.861,25.702,64.4667,64.7333,69.1333,69.5,68.7,79.6667,66.4,68.6667,103.939892,116.6459622,42.8775,16.81374072,23.14632083,17.22754272,,73.14,72.292,,52.116,50.757,43.677,,43.038,34.635,7.2833,6.4767,6.9933,7.7867,8.32,9.55,8.67,9.47,1.15,1.23,0.52,1.31,1.84,0.68,180.6,,533.4333,2031.8,1314.5667,636.0275,430.4348,693.1646,545.5825,113.7899,806.9545,,24788.94,3061.03,64.27038957,21727.91,456.2063576,17881.703,6907235.66,15628.55,17.7881,238.9,,,99.656,,1.9186,220.714,1.835,1.1274,81.5,,8,9,32.12444,2208142.4,49.1112,60.5813,71.799,12.1667,40.0667,37.1187,36164.3333,8.1733,-0.8067,0.89,1.3867,73.1667,80.0667,81.2,60.7333,61.1,68,67.9667,60.0333,63.0333,66.7333,64.6333,6.3967,14405.3333,38989.3333,237.802,0.7632,325750,361129.7048,1.4739,0.1306,7.16,-0.13,193.3333,395.3333,687.6667,622.6667,5488.0151,117.4895,,3.54,0.0079,6.94,5924.74,1321.27,1151663.22,256830.4,5033824.3,3882.16,865.75,448.4139,95.9267,105.9333,5.0825,8.5737
9/1/1978,6640.497,4179.363,238.2963,2852.4806,1211.2077,950.166,917.7502,190.2445,529.919,451.652,1,1685.06,2.6,1207.6442,1044.1926,338.216,430.673,4799.78,37.728,37.659,,52.1332,52.1654,69.891,49.0024,29.2452,82.9226,58.5084,57.0258,75.0357,26.4333,63.5989,85.5926,84.7313,87436,71565.6667,19008.3333,63063.3333,24372.6667,11843,7165.3333,4415.6667,6489,4632.6667,2294,7055.6667,6458,2528.6667,948.6667,17735,15870.3333,9956.1,4278.5667,2900.6667,3477.3333,9492.3333,96397,63.2333,6.0333,5.401365963,0.615542306,16.2,4.1,6.1333,2956,1906,676.3333,631.3333,2497.3333,1899,874.3333,882.3333,3577.3333,73.985,,72.345,40.5333,35.8,3.5667,4728,2019.3333,470.3333,1742.6667,433,216.6667,823,546.6667,586913.72,70226.1731,196790.8659,,609262.3231,60521.8824,822851.426,34.517,35.2283,36.106,52.008,40.871,51.226,90.954,26.989,37.617,25.613,50.497,81.273,347.486,50.384,37.527,89.069,16.213,32.489,26.497,17.811,30.946,30.05,28.561,34.183,26.205,65.9667,66.1333,70.6,70.6,70.1333,80.5,67.6667,69.9333,105.5957808,117.518816,42.1544,16.83301828,23.21979285,17.31548929,,73.216,72.403,,52.15,50.901,44.408,,43.831,35.323,8.1,7.3133,7.6,8.4467,8.49,9.76,8.7533,9.5,1.01,1.27,0.29,1.13,1.18,0.71,180.2333,,530.2667,2022.5333,1289.5,648.2278,446.9299,709.8985,562.4413,120.6595,830.558,,25205.79,3144.361,65.51052714,22061.43,459.6341221,18154.8185,7050969.37,15870.65,17.6968,241.9,,,94.821,,1.6803,192.7749,1.9317,1.1438,80.4,,8,9,32.21407,2235258,49.6181,60.4575,73.3023,11.6,40.1,37.8743,36702.3333,8.4333,-0.7867,0.3333,0.6533,74.3333,83.2667,81.7,62.0667,62.3667,69.5,69.2333,61.5333,64.4667,68,66.1333,6.5433,15657,41296.6667,236.9881,0.7664,340517,372163.8538,1.4911,0.1321,8.02,-0.08,207.6667,392.6667,648.3333,494,5592.8127,130.0871,,3.59,0.0078,7.04,6029.02,1305.79,1176809.96,254877.38,5126197.06,3949.39,855.37,461.7161,101.6633,112.5,4.9058,8.8641
12/1/1978,6729.755,4213.088,240.2038,2867.5297,1226.8146,972.139,938.0118,195.3604,547.0375,451.0004,1.2,1700.228,3.4,1239.151,1054.1274,351.639,436.586,4831.355,38.433,38.215,,53.0662,53.0489,70.0528,49.9352,30.1737,83.9105,58.5522,57.1022,75.2699,27.7501,65.23,86.4161,85.7045,88339.3333,72451.6667,19244.3333,63678,24661.3333,12042.3333,7202,4450,6563,4693,2329.6667,7143.3333,6528.3333,2557.6667,967,17975.3333,15887.6667,10062.8333,4343.3333,2911,3494,9482.6667,97399.6667,63.4667,5.9,5.350873851,0.528048707,16.3667,4.1,5.7667,2889,1906,730.3333,546.3333,2507.6667,1858.6667,878.3333,869.6667,3415.6667,74.788,,73.222,40.5333,35.7333,3.6667,4942,2039.6667,451,1798,457,204.3333,815.3333,563,596577.719,73067.5507,205402.0378,,648202.8214,63112.3881,838226.911,35.169,35.8607,36.819,53.07,41.747,52.107,92.546,27.539,38.259,26.146,51.466,82.845,350.902,51.401,38.092,89.423,16.996,32.936,27.024,18.294,31.462,30.591,29.232,34.991,26.557,67.5,67.6,72.0667,72.2,71.6667,82.7333,69.1667,71.8667,107.725673,117.8622453,41.4109,16.88934612,23.16367037,17.44693219,,73.595,72.816,,52.488,51.098,45.362,,44.632,36.129,9.5833,8.57,9.05,9.8167,8.82,10.1,9.0267,9.7867,0.9667,1.28,0.48,1.25,0.25,1.26,179.7,,526.4,2013.5667,1261.8667,656.2067,455.9611,718.0099,578.6693,125.6464,843.6563,,25385.55,3207.529,66.38984448,22178.02,459.0435495,18198.048,7187504.53,15882.1,22.5683,243.89,,,93.632,,1.6291,190.5762,1.9848,1.1786,73.5,,8.3,9,31.86206,2244041.6,50.651,60.7303,77.0712,11.1333,40.1667,39.8997,38950.3333,8.8433,-1.0133,-0.74,-0.5567,77.4667,87.8333,82.5333,63.9,63.7333,71.1,70.6667,63,66.0333,69.3667,67.6667,6.7,16588.6667,43450.6667,239.1148,0.8126,338117,385620.4498,1.4877,0.1323,9.83,0.25,198.6667,372.6667,702.3333,524.3333,5922.6067,119.8484,,3.67,0.0079,7.14,6096.73,1308.87,1193177.95,256156.08,5198756.8,4005.58,859.93,465.8011,97.14,107.9,5.2058,8.2956
3/1/1979,6741.854,4234.909,237.406,2897.5045,1232.1755,973.754,946.5886,202.4018,559.6269,440.308,0.9,1683.418,-0.6,1244.4157,1036.1949,351.915,435.399,4889.815,38.358,38.263,,53.291,53.5582,69.8029,49.8886,30.1124,83.8424,58.6555,56.8844,74.8278,28.6634,66.3442,86.1031,85.2826,89114,73167.3333,19416.6667,64273.3333,24840.6667,12197,7219.6667,4438,6643.6667,4757,2355,7228,6594.3333,2589.3333,986,18159.3333,15946.6667,10149.2,4399.4667,2911,3504.3333,9531.3333,98252.3333,63.7333,5.8667,5.337459757,0.535487976,16.0333,4.1,5.8333,2844.3333,1967.3333,745,559,2609,1797.3333,905.3333,850.3333,3477,75.311,,73.745,40.5,35.7,3.5667,4853,1665.6667,396.6667,1557.6667,274,206.3333,733.3333,452,596829.886,74537.5029,209756.2808,,681752.0782,70066.1337,848173.676,35.831,36.3513,37.507,54.15,42.487,53.366,94.049,27.93,39.328,26.509,52.482,84.14,355.198,52.02,39.53,89.608,17.806,33.567,27.481,18.775,31.921,31.032,30.007,33.646,27.001,69.2,69.1667,74.3667,74.8333,74.1,86.2333,71.3333,73.8,114.8888289,120.3046883,42.6821,16.99144982,23.2729636,17.61499521,,73.794,73.069,,52.015,50.807,46.831,,46.198,35.623,10.0733,9.3833,9.45,10.3,9.1067,10.41,9.2933,10.1567,1.05,1.3,0.07,0.92,-0.28,0.65,177.7,,520.7333,1992.9,1214.5333,670.7691,458.4862,736.1901,587.9677,126.3256,862.5156,,25974.67,3240.068,66.26155946,22734.6,464.9378662,18535.4351,7439234.13,16175.65,16.109,251.38,,,94.874,,1.676,201.5286,2.0158,1.1865,71.5,,8.4,9.1,31.53601,2223750.4,50.8541,63.6286,75.9127,11.3333,40.0333,41.333,40344.3333,9.1767,-0.69,-0.8967,-0.78,82,95.9333,83.3,65.4,65.2333,72.9667,72.7667,64.3667,67.4333,71.1,69.3667,6.84,17823.3333,45623,243.6266,0.7917,358000,397859.3277,1.4911,0.1335,10.03,-0.04,170.3333,264.3333,645.6667,477.3333,6090.9978,125.4921,,3.76,0.0082,7.27,6198.14,1343.63,1212909.83,262933.69,5325680.8,4112.77,891.56,461.2988,99.3467,110.8,5.1909,8.1928
6/1/1979,6749.063,4232.159,232.0708,2915.4064,1229.8141,972.877,941.3413,199.5163,559.0877,432.7022,1.1,1699.82,4.1,1250.5532,1045.9707,352.832,437.75,4845.606,38.408,38.309,,53.1761,53.198,68.7516,49.9188,29.926,84.7563,56.2964,51.9862,74.5427,28.9041,66.276,85.2775,84.3228,89771.3333,73767.3333,19504,64708,25063.3333,12283.3333,7220.6667,4561.6667,6736.6667,4819,2369,7310,6619.3333,2625.3333,997.6667,18224.6667,16004,10177.1667,4441.2,2881.6667,3518,9604.3333,98371,63.4333,5.7,5.200960339,0.508033107,16.0333,3.9667,5.6667,2886,1873.6667,697.3333,530,2429.3333,1780,876.6667,819.3333,3589.3333,75.471,,73.978,39.9,35.5,3.1333,4958,1845.6667,430.3333,1640.3333,396,172.6667,762.6667,514.3333,597563.539,76198.2862,201665.9726,,705931.8119,64391.0988,859028.251,36.81,37.15,38.413,55.512,43.605,54.903,95.704,28.657,40.662,27.199,53.667,85.196,360.521,52.949,40.351,90.477,20.364,33.995,27.993,19.092,32.749,31.642,30.871,36.233,27.535,71.4,70.8,76.2,77.4667,75.9667,86.7667,74.1333,76.6,122.7257109,124.6086321,47.5801,16.86842215,23.22136501,17.50535464,,73.504,72.841,,51.918,50.76,47.99,,47.346,36.807,10.18,9.3767,9.3633,9.9367,9.1133,10.74,9.39,10.3933,1.28,1.63,-0.01,0.56,-0.26,0.48,174.9667,,518.6667,1977.3333,1186.3,696.2176,469.5913,743.8046,594.5626,130.3778,874.1824,,26277.26,3298.393,68.06977293,22978.87,474.2207013,18652.5518,7624707.94,16270.14,15.6937,254.08,,,96.323,,1.7147,217.7653,2.0814,1.1581,66.6,,8.5,9.4,31.06277,2186669.4,50.7136,61.726,77.7387,10.8333,39.5667,40.355,38988.3333,9.1133,-0.8033,-1.0667,-0.79,84.9,105.1,84.4,69.1333,66.6,75.5667,74.8333,66.1667,69.7667,73.2667,71.6333,6.9733,19548,48613.6667,248.6272,0.8327,374500,411478.2861,1.4842,0.1351,9.85,-0.33,172.3333,328.3333,640,499.6667,6187.3573,133.4446,,3.78,0.0081,7.36,6274.09,1352.33,1247031.3,268787.57,5404329.78,4157.3,896.07,463.9468,101.1767,112.7333,5.2324,7.8746
9/1/1979,6799.2,4273.342,238.5612,2926.3429,1244.3055,956.493,958.0153,203.942,575.6068,427.4984,0.5,1704.785,0.9,1261.655,1049.5829,365.53,431.065,4867.617,38.709,38.648,,53.0273,53.2974,67.8348,49.5834,29.6851,85.2084,54.7459,47.8133,73.9978,29.559,65.0276,84.4502,83.5456,90281.3333,74112.3333,19459.6667,65178,25103.3333,12259,7200.6667,4626.6667,6808.6667,4875,2385.6667,7377.6667,6621.3333,2652.6667,1017,18288,16169,10150.7667,4471.9333,2897.6667,3560.6667,9710.6667,99040.6667,63.6667,5.8667,5.376569373,0.486613149,16.2,4.1667,5.7,3044,1952,654,512,2657,1843.6667,882.3333,772.3333,3559.3333,76.157,,74.66,40.1333,35.6,3.2667,4946,1790,453,1587.6667,370.6667,161.6667,771.6667,486,596622.5677,78491.0245,195516.3246,,711943.3587,64120.9885,861505.396,37.724,37.8357,39.215,56.868,44.493,56.328,96.802,29.34,41.979,27.831,54.188,86.05,363.671,54.39,40.725,90.674,23.711,34.541,28.749,19.537,33.776,32.088,31.576,36.747,28.103,73.7,72.6333,78.3667,79.9,78.4667,86.9,77.1,79.8667,131.4271059,141.5393825,67.5791,16.92404239,23.22316535,17.52320171,,73.187,72.517,,51.847,50.748,49.058,,48.461,37.42,10.9467,9.6733,9.6433,10.1533,9.1033,11.16,9.29,10.3933,1.29,2.06,-0.03,0.48,-0.57,0.97,173.3,,513.5,1960.9,1170.2333,716.1365,477.2642,752.1435,610.487,135.2074,887.3509,,26682.48,3371.815,69.27034733,23310.66,478.8926862,18919.936,7762540.97,16519.06,17.4395,254.73,,,94.64,,1.6391,218.9498,2.2311,1.1666,63.9,,8.8,9.6,30.98402,2190963.3,50.6466,59.6569,77.1939,10.4667,39.8333,40.895,39696.3333,9.1233,-1.2733,-1.8233,-1.6567,86.6333,107.4333,85.1333,72.6333,68.2,77.9,76.0333,68.4333,72.3333,75.3,74,7.1133,21150,51706.6667,252.2036,0.8021,386267,426905.9617,1.4911,0.1348,10.64,-0.31,171.3333,295.6667,633,487.6667,6358.8277,144.7433,,3.88,0.0083,7.48,6393.77,1372.88,1276733.42,274141.58,5502888.09,4226.16,907.45,465.7205,106.2333,117.8667,5.1353,7.7752
12/1/1979,6816.203,4283.975,232.4285,2950.7072,1250.9868,939.526,949.2951,200.8146,577.1773,410.3766,0.3,1716.013,0.4,1267.7486,1061.3215,388.529,440.466,4876.192,38.751,38.704,,53.2304,53.6014,67.9287,49.6707,29.4529,85.155,54.2933,45.7193,74.3994,29.6743,64.5208,84.2385,82.977,90575.3333,74412.3333,19330,65590.3333,24985,12145,7185,4622.3333,6881.6667,4918.6667,2390.6667,7438.6667,6689.6667,2680.6667,1032.6667,18427.3333,16163,10257.1667,4496.1333,2886.3333,3579.3333,9697.3333,99637,63.7667,5.9667,5.423406576,0.511371817,16.2,4.3333,5.6667,3027.3333,1975.6667,703.3333,541.6667,2829.3333,1804.6667,857,824.3333,3669.6667,76.427,,74.817,40.1333,35.6,3.1333,4906,1567.6667,423,1337,282.6667,184.3333,695,405.6667,592512.586,80163.2162,191110.9564,,714258.7708,64634.6043,865378.144,38.637,38.6253,39.93,58.033,45.299,57.701,98.546,30.047,43.117,28.501,54.961,87.56,367.767,56.849,41.457,91.468,25.683,35.224,29.595,20.083,35.356,32.425,32.349,36.777,28.603,76.0333,74.8333,81.3333,82.7,81.6667,89.1,80.3667,83.2,138.5871012,159.7170607,79.8088,16.85415478,23.09360178,17.47558299,,73.215,72.428,,51.794,50.642,50.329,,49.744,37.7,13.5767,11.8433,11.7733,12.27,10.4467,12.46,10.5433,11.8167,1.37,2.01,-0.07,0.43,-1.4,1.5,171.7667,,501.3333,1929.0667,1121.5333,718.9717,475.1401,757.3019,619.4721,138.6779,895.9798,,26981.65,3420.655,70.15012978,23561,483.184406,19147.3579,7834296.44,16723.66,18.8511,254.45,,,96.582,,1.6243,238.6144,2.1599,1.175,62.1,,9.3,10.3,31.02615,2187323,50.6697,61.1949,74.5499,10.6333,39.8333,43.099,41299,10.66,-1.7333,-2.9167,-3.0333,90,114.1333,86.6667,74.8333,69.8667,80.0333,77.8,71.0667,74.8,77.1,76.3333,7.2433,22316,54435.6667,256.8049,0.7805,414567,437660.8473,1.4911,0.1349,13.35,-0.23,148.3333,230,571.3333,387.3333,6443.4349,142.5237,,3.95,0.0085,7.59,6463.26,1383,1303894.13,279005.1,5586591.32,4282.7,916.41,467.337,105.3333,117.9667,5.3207,7.2939
3/1/1980,6837.641,4277.851,228.7721,2955.5227,1250.5773,933.101,936.9257,202.3411,583.4636,378.6972,0.4,1741.199,11.1,1268.7335,1066.3144,399.372,440.766,4893.069,38.841,38.773,,53.4461,54.053,67.6214,49.8732,29.4379,85.0419,52.2857,42.1092,75.0536,30.3269,63.9405,84.0845,82.598,90892.3333,74651.3333,19239.3333,66012,24880.3333,12096.6667,7142.6667,4592.6667,6973,4970.6667,2390,7512,6729,2715.6667,1048.3333,18480.6667,16241,10291.7667,4526.8667,2917.6667,3582,9741.3333,99862.3333,63.9,6.3,5.766610932,0.524908339,16.4667,4.9,5.8,3148.6667,2178.3333,830,559.3333,3193.6667,1847,836,840.3333,3743.6667,76.055,,74.629,40,35.3667,3,4570,1246,350,1155.6667,204.3333,122,604,315.6667,588215.172,81512.8619,195293.8076,,718763.6737,65258.6828,871983.865,39.797,39.57,40.804,59.388,46.272,59.768,101.435,30.8,44.775,29.219,56.362,89.895,373.888,60.953,42.1,92.668,29.326,36.181,30.213,20.8,36.822,33.035,33.155,37.158,29.395,79.0333,77.6,84.5,86.5333,85.0667,89.6,84.8333,87.2667,144.5374168,178.1657888,90.5176,16.75517449,22.8111812,17.39534972,,72.962,72.324,,52.046,50.98,51.506,,50.897,38.808,15.0467,13.3533,13.2433,13.9333,11.9867,13.73,12.1433,13.48,1.4933,1.75,-0.11,0.58,-1.37,1.19,168.4333,29.6,491.1,1888.4,1077.5333,721.8329,469.3854,753.5925,623.4973,136.4873,890.0798,,26896.41,3412.29,69.7372061,23484.12,479.9465684,18954.7814,7941624.97,16501.22,25.1571,252.72,,,96.614,,1.6667,243.5724,2.2526,1.1642,63.5,,9.6,10.9,30.94982,2169638.4,50.785,60.778,73.7406,10.6667,39.6,43.8173,41911,12.27,-1.6933,-2.7767,-2.9033,91.4333,120.2333,88.8333,79.8667,72.2333,82.9,80.1333,74.2,78.0667,79.9,79.4,7.37,24025.3333,57466.6667,259.507,0.6816,422017,449156.1055,1.4808,0.1336,14.54,-0.5,126.6667,184.6667,518,326.3333,6686.4376,152.5252,,4.02,0.0096,7.71,6498.65,1549.4,1324226.31,315719.89,5626536.57,4302.31,1025.75,419.4308,110.3,124.7667,5.2221,7.2405
6/1/1980,6696.753,4181.51,204.1,2936.8271,1233.7345,853.76,860.1571,187.8724,556.4908,308.4459,0.3,1744.621,8.1,1233.8991,1052.1749,406.901,408.759,4850.055,37.741,37.684,,51.1774,52.5209,65.2106,47.3832,27.199,80.8481,46.9787,36.5343,74.3151,29.4601,62.0006,80.0528,77.9008,90456.6667,73964,18729.6667,66220.3333,24236.3333,11664.6667,7065,4434,7034,5004.3333,2364.3333,7533.6667,6700.3333,2738.6667,1072.6667,18352.3333,16492.6667,10224.7667,4510.5667,3140.6667,3602.6667,9749.3333,98953.3333,63.8,7.3333,6.636292089,0.681533167,17.9,6.2333,6.4,3512.3333,2625,1003.6667,727.6667,4063,1942.6667,932.3333,845,4472,74.708,,73.264,39.4333,35.1,2.5667,3769,1058,276.3333,929,159,123,535.6667,240.3333,559658.1207,79794.3453,167046.5806,,704264.3021,57420.4068,875311.545,40.771,40.455,41.771,60.779,47.305,61.217,103.83,31.561,45.87,29.93,57.24,91.975,379.348,64.966,42.977,93.458,30.74,37.126,30.973,21.376,38.093,33.997,33.878,37.954,29.881,81.7,80.2,86.7,88.2667,87.2333,89.1667,87.2,89.1,150.2018309,182.3364834,97.6428,16.72640366,22.92262771,17.37717702,,73.154,72.481,,51.514,50.441,53.447,,52.82,39.289,12.6867,9.6167,9.61,10.2833,10.4767,14.43,11.2033,13.3567,2.88,3.96,-0.01,0.67,0.86,1.56,165.1,34.6,472.3333,1853.8333,1023.4667,713.2003,449.7844,729.1772,621.3264,133.2625,862.4397,,27207.53,3382.756,69.74675852,23824.78,491.2269176,19225.139,7982392.78,16766.3,20.2114,251.09,,,96.128,,1.6861,232.2737,2.2824,1.1706,54.4,,9.9,10.5,31.37303,2152544.7,48.2278,62.5073,67.363,11.2,39.2667,44.105,42821,10.3333,-3.07,-2.3533,-1.4833,89.3,113.1,90.3333,82.5667,74.1667,84.8667,81.7,77.7333,80.9333,82.0333,82.1,7.55,26459.6667,60339.5,266.6722,0.484,584183,462414.6193,1.5669,0.13,11.18,-1.51,104.6667,140.3333,447,237,6792.031,145.8002,,3.99,0.009,7.78,6581.05,1490.43,1340287.5,303538.93,5669269.63,4328.98,980.4,441.5537,108.4333,121.7333,5.4439,6.8608
9/1/1980,6688.794,4227.379,213.1657,2970.7804,1230.7572,797.411,870.5471,189.2603,560.1428,317.9449,-1.2,1720.876,-4.5,1254.961,1035.8622,406.034,379.344,4904.532,37.718,37.591,,50.3368,52.3457,64.8689,46.0542,25.8012,79.1681,46.3411,36.7629,74.146,29.2489,62.778,78.2557,75.7419,90050.6667,73664.6667,18378.3333,66221,23829.6667,11386.6667,6991.6667,4376.3333,7105,5039,2329,7576.3333,6704.6667,2765.6667,1075,18315.3333,16386,10216.5,4511.8,2979.6667,3624,9782.3333,98899,63.7,7.6667,6.810043811,0.865075602,18.6667,6.7,6.5333,3341,2696,1228.6667,926.6667,4489.3333,1948,911.3333,893.3333,4550.3333,74.425,,72.923,39.4,35.0333,2.6667,3775,1392,318,1370,233.6667,136.6667,683.3333,338.3333,569883.1487,82856.2849,179343.5194,,699862.7686,58972.3965,869213.662,41.724,41.3557,42.703,62.047,48.381,62.466,105.722,32.379,46.841,30.745,58.219,93.753,384.599,66.69,44.574,94.137,30.671,37.958,31.834,22.004,39.521,34.662,34.54,39.012,30.712,83.2333,81.4,89.5,91.1667,90.2333,94.4333,88.9333,91.3,157.1569179,185.6970523,91.5106,16.70082491,22.89098826,17.49042588,,73.25,72.503,,51.723,50.509,54.682,,53.949,39.524,9.8367,9.1533,9.3467,10.1367,10.9533,12.65,11.5767,13.1667,2.2133,1.7,0.19,0.98,1.8,0.5,165.9667,45,479.7667,1874.6333,1067.9333,704.6873,432.4417,709.26,616.5764,131.2693,840.5293,,27654.28,3396.109,69.24431101,24258.17,494.6071446,19544.1387,8110136.38,17087.68,22.1753,252.71,,,93.436,,1.633,219.8223,2.3816,1.1587,67.8,,10,9.8,31.77687,2175488.9,47.248,65.7829,65.0793,12.3667,39.2,41.4653,40677,10.6633,-0.6833,0.8267,1.74,98,115.7,91.4333,83.8,75.7,86.8667,83.6,78.6667,82.2,83.8667,83.6,7.7533,28071.3333,63459.5633,280.1482,0.4595,523400,471123.7386,1.5256,0.1249,9.65,-0.19,125.3333,225.6667,646,373,6871.575,177.8731,,4.05,0.0093,7.85,6697.1,1537.96,1349445.03,309893.82,5714301.07,4364.86,1002.37,435.454,123.2667,139.7,4.8909,7.7804
12/1/1980,6813.535,4284.494,219.6794,3016.3794,1235.5289,871.733,903.3324,191.9639,571.8469,347.6819,-0.3,1720.497,2,1290.6718,1030.7852,403.575,399.686,4972.057,38.612,38.485,,52.2738,53.8123,66.0506,48.2253,27.896,82.6951,49.2848,40.5169,74.3126,30.5365,61.9864,80.7231,78.4993,90726.6667,74343.3333,18582.3333,66621,24105.6667,11568,7014.3333,4411.6667,7193.3333,5085.3333,2359,7660,6746.6667,2799,1111.6667,18394.3333,16383.3333,10257.6667,4544.2,2959.6667,3630.6667,9793,99498.6667,63.7,7.4,6.35656427,1.036217873,18.1667,6.1667,6.7,3159.6667,2425.3333,1233.6667,1113.3333,4206.6667,1971.3333,883,909.3333,4483.6667,75.452,,73.909,39.9333,35.2667,2.9333,3966,1505,398.6667,1332.6667,276,119.6667,766.3333,343,592047.177,85748.8273,188405.8514,,703127.3609,59100.1455,868194.167,42.757,42.3637,43.835,63.365,49.592,63.739,107.534,33.298,47.854,31.631,59.434,95.187,389.739,67.823,46.037,95.251,31.025,38.606,32.717,22.689,40.872,35.109,35.32,41.001,31.36,85.5667,83.9333,91.3333,93.2667,91.9,96.4,90.9333,93.5667,165.541007,194.4731614,85.7629,16.71236441,22.85760382,17.6013538,,73.463,72.605,,52.243,51.006,55.504,,54.83,40.774,15.8533,13.6133,13.2567,13.84,12.4233,14.26,12.83,14.67,2.2467,1.84,-0.36,0.23,-1.19,1.64,165.1,39.1,478.5,1862.3333,1050.7333,723.3517,421.699,698.5279,614.7499,128.8639,827.3917,,27859.86,3415.591,68.69574174,24444.27,491.6328876,19801.5957,8058263.11,17351.97,23.1278,247.31,,,95.237,,1.7244,210.6391,2.3855,1.1841,72.1,,9.8,10,31.157,2175573.6,49.3768,64.1266,65.3078,13.4667,39.7,41.2027,39516.3333,12.6467,-2.24,-3.2067,-3.0233,102.8,116.6333,93.0333,86.0667,77.3333,89.1333,86.4,81.1,84.5333,85.8667,85.9667,7.9733,29126,63684.0767,290.6288,0.4994,420200,484067.2694,1.4808,0.1211,15.26,-0.6,125.3333,224,635.3333,348,7121.896,198.0879,,4.06,0.009,7.92,6772.44,1505.51,1352728.26,300711.38,5752280.61,4399.55,978.02,449.8427,133.1333,151.9,4.6055,8.413
3/1/1981,6947.042,4298.847,225.9364,2999.3069,1246.3343,952.418,911.5723,197.0539,583.465,339.3199,1.2,1743.509,8.1,1346.5764,1038.8552,411.165,416.745,4965.1,39.432,39.433,,52.3984,53.9329,66.0761,48.3385,27.9121,83.1471,49.1562,39.2897,74.4231,30.6591,62.8187,80.3262,77.966,91116,74783.3333,18633,66958.3333,24157.6667,11619.6667,7013.3333,4375.6667,7270.6667,5127,2374,7729.3333,6797.3333,2829,1149,18498.3333,16332.6667,10318.3,4572.3667,2946.3333,3636,9750.3333,100239,63.9667,7.4333,6.273975989,1.146824934,19.2,6.0667,6.6333,3311,2391.3333,1094.6667,1241.6667,4057.6667,2060.6667,906.3333,1001.3333,4531,75.871,,74.328,39.9667,35.3,2.9333,3872,1366.3333,379.3333,1201,241.6667,127,719.6667,278,593076.9997,89023.7232,181226.0334,,697350.1204,60243.8857,877276.079,43.866,43.303,44.997,65.192,50.904,65.314,108.901,34.196,49.268,32.494,60.091,97.055,393.78,68.183,46.639,95.936,34.237,39.434,33.541,23.389,42.356,35.833,36.287,42.163,32.148,87.9333,85.9,93.7,96.1,94.2333,96.8333,94.6333,96.2667,171.8750702,250.7776603,87.7562,16.70392038,22.83920033,17.61232524,,73.269,72.374,,53.051,51.973,55.811,,55.353,43.571,16.57,14.39,13.6467,14.12,12.96,15.15,13.1633,15.2467,2.2867,2.19,-0.74,-0.27,-1.43,0.95,161.7,44.3,472,1843.1333,1003.6333,723.5651,413.9354,690.73,612.556,129.0013,819.7313,,27732.74,3362.799,67.72873344,24369.94,490.8247513,19745.0569,7987682.15,17306.23,20.3365,243.24,,,98.203,,1.8955,205.6251,2.3096,1.1936,68.3,,9.8,10.2,30.87284,2198812.3,49.4748,62.375,69.3158,14.1333,39.7333,40.3933,39160.6667,13.1967,-2.18,-3.3733,-3.4067,103.8,111.6,93.8667,90.3333,79.2333,91.2333,87.3333,83.7,87.0333,88.4333,88.4,8.1567,30541.6667,64485.22,297.7843,0.4819,416417,502855.8468,1.498,0.1192,15.34,-1.23,119,191.3333,592,298.6667,7203.9495,199.2969,,4.23,0.009,7.98,6816.69,1450.59,1353712.87,288070.73,5740684.43,4386.97,933.55,469.9238,131.5333,149.2667,4.7454,8.354
6/1/1981,6895.559,4299.16,217.1514,3019.918,1251.7817,912.945,918.7426,198.6712,595.3464,328.5683,0.4,1746.861,10.7,1345.8662,1019.0117,413.387,417.36,4970.894,38.953,39.03,,52.5593,54.4692,66.4343,48.2214,28.1401,83.7156,50.5219,41.8438,74.2067,31.0214,61.2109,79.9532,77.8304,91356.3333,75150.6667,18755.3333,67160,24196.3333,11711.3333,7044,4356,7332,5158,2385.3333,7786.3333,6842.3333,2852.3333,1085,18598,16205.6667,10385.3333,4600.8,2909,3631.6667,9665,100800.6667,64.0667,7.4,6.350527783,1.04241638,19.2333,6.1,6.6333,3311.3333,2477.6667,1099.3333,1134.6667,4051.6667,2060,933,968,4463.3333,75.777,,74.385,40.1,35.2667,2.8667,3861,1181.6667,297.6667,1113,178.6667,114.6667,614,274.3333,585203.978,89021.9947,185781.8567,,692009.8419,59349.7271,879371.391,44.601,44.1213,45.842,66.632,51.866,66.127,110.953,34.893,49.757,33.14,61.801,98.816,398.23,68.397,46.755,96.768,34.616,40.352,34.394,23.891,43.049,36.107,37.008,42.058,32.988,89.7667,87.8,96.0667,98.2667,96.6667,97.5333,97.5,98.6667,182.8065439,257.4177637,84.6256,16.70397297,22.8382358,17.69364425,,73.165,72.346,,52.367,51.506,57.35,,57.046,43.723,17.78,14.9067,14.2767,15.1267,13.75,16.23,13.9833,15.77,2.02,2.48,-0.63,0.22,-1.16,1.24,161.6,52.3,474.3333,1854.3667,1015.8667,733.3717,409.0331,687.1082,614.4232,131.1755,818.2837,,27944.63,3385.225,68.10092356,24559.4,494.0641426,19700.9111,8243718.41,17255.77,17.1934,243.49,,,104.454,,2.0381,219.9283,2.0792,1.1987,73.9,,9.8,10.2,30.70875,2177471.4,49.8269,62.7852,65.2265,13.7333,39.7333,40.4357,38569.3333,14.19,-2.8733,-3.59,-3.7967,104.3,111.8667,94.8333,92.2,81.4667,92.4333,88.4333,86.4,89.0667,90.1333,90.1667,8.32,32681.3333,66114.3233,303.503,0.48,419883,510980.4614,1.5152,0.1184,16.15,-1.63,116.3333,148.6667,539.6667,308.3333,7538.6178,217.2902,,4.23,0.0085,8.06,6895.04,1388.6,1366158.95,275131.92,5751145.26,4384.99,883.1,496.5469,132.8,150.0333,4.7846,8.527
9/1/1981,6978.135,4319.047,223.7464,3020.4919,1254.5155,964.401,919.1186,203.1953,609.1619,303.0393,1.3,1740.845,-1.6,1359.4505,1016.0805,404.581,412.582,5078.088,39.297,39.575,,53.0648,54.7582,66.6309,48.9201,27.9657,83.3499,50.1347,40.9284,74.7307,30.9735,61.885,80.1037,77.1412,91547.6667,75442.3333,18748.3333,67291,24256.6667,11694.6667,7053.6667,4277,7393.6667,5179.6667,2391.3333,7840.6667,6864.6667,2875.6667,1231.3333,18640,16105.3333,10408.4333,4612.9,2917.6667,3640,9547.6667,100482,63.7,7.4,6.378131816,1.033225815,19.0333,6.0667,6.8,3373.3333,2473,1101.3333,1121.3333,4150.6667,2048.6667,924.3333,934,4749,75.774,,74.325,39.8333,35.1333,2.8333,3744,964,243.6667,890.3333,144.3333,122.6667,483,214,581235.3117,90866.0035,178827.2475,,683590.8508,57011.0816,887366.987,45.336,44.934,46.733,67.706,52.799,66.777,112.594,35.658,50.149,33.904,63.143,100.505,399.866,68.782,47.37,97.535,34.12,41.001,35.387,24.686,44.102,36.487,37.656,41.652,33.858,92.2667,90.7667,96.9,98.9333,97.2333,98.8667,98.3,99.5333,190.5033984,242.0667604,80.1198,16.71334851,23.0486531,17.72211817,,73.32,72.46,,52.872,52.228,57.797,,57.771,45.243,17.5767,15.0533,15.06,16.32,14.8467,17.43,14.92,16.4767,1.63,2.58,0.01,1.27,-0.21,1.72,159.3667,58.1,462.7333,1836.0333,1002.1667,746.6384,404.2357,683.1437,616.1231,132.4433,815.587,,27734,3392.943,66.81536403,24341.05,479.3350085,19403.3605,8330636.04,16957.63,21.778,242.96,,,109.792,,2.0967,231.7111,1.8362,1.2116,74.8,,9.3,9.5,30.60333,2201021.3,49.7966,62.9198,66.555,13.9333,39.6,40.868,39350,15.4267,-2.5233,-2.15,-2.6567,103.9,114.4333,95.8,94,84.2667,94.0667,90.9667,90,91.7667,91.9,92.6667,8.5067,35942.3333,68614.8633,304.9591,0.4659,451400,522465.9778,1.5428,0.1154,16.77,-0.8,109.3333,115,445.3333,220.6667,7758.4652,200.7161,,4.29,0.0083,8.12,6885.94,1329.93,1371622.57,264911.93,5731159.68,4359.54,841.99,517.7655,125.6667,141.3667,5.164,8.0359
12/1/1981,6902.105,4289.504,207.6486,3026.7848,1259.3395,930.44,916.2653,200.7255,623.3434,271.3084,0.8,1762.971,7.4,1317.8486,1024.0263,406.439,424.395,5083.669,38.715,38.946,,51.9054,54.5838,66.3931,47.2252,26.4278,79.9961,47.8164,38.6792,75.6779,30.4388,62.8783,77.7862,74.6439,91148.6667,75075.3333,18399.3333,67288,23860.6667,11419.3333,6980,4208,7458.6667,5185,2377,7875,6854,2899.6667,1253.3333,18565.3333,16073.3333,10361.3,4610.3667,2913.3333,3653,9507,100076.6667,63.7667,8.2333,7.180994025,1.053892086,20.9,7.0667,7.2333,3805.6667,2817.6667,1191.3333,1149.3333,4813.3333,2247.6667,926,1017,5357.3333,75.476,,73.994,39.4,35,2.4667,3337,873.3333,251.6667,758.3333,136,104.3333,444.3333,188.6667,564558.0273,89891.1057,161345.3687,,662419.8857,51590.3435,889603.577,46.031,45.7327,47.505,68.962,53.641,67.337,114.06,36.405,50.479,34.65,64.109,101.838,404.197,69.398,47.441,97.673,34.365,41.788,36.284,25.512,44.691,37.095,38.167,41.545,34.808,93.7667,92.5333,97.9333,98.8333,98.0667,98.2333,99.1,99.9,191.6074215,234.7016993,77.2613,16.66212481,23.18531826,17.6607716,,73.266,72.413,,52.322,51.601,59.474,,59.344,45.387,13.5867,11.75,12.2133,13.5467,14.0867,17.74,14.6167,16.6833,2.5967,3.66,0.46,1.8,2.34,1.29,158.7,77.1,460.8667,1853.3333,1016.5667,755.8333,398.1234,678.739,616.155,132.8839,811.623,,27997.52,3402.499,66.92999268,24595.02,483.8045767,19680.0035,8317519.08,17246.02,19.7163,238.62,,,106.232,,1.8285,224.5334,1.8822,1.1917,65.7,,9.3,9.7,31.35587,2234861.3,48.5413,64.0448,67.2854,13.2333,39.4,41.1947,40368.3333,14.13,-1.8367,0.5433,1.03,99.9,111.7,96.5,96.0333,86.7333,94.9,91.6,92.4,93.4333,93.4667,94.1333,8.67,39108.6667,71704.5167,306.8702,0.372,518517,531184.8389,1.6117,0.1153,13.04,-0.54,94,101,389.6667,173.6667,7554.3948,195.4109,,4.28,0.008,8.21,6987.75,1308.13,1379495.16,258245.82,5738550.74,4359.06,816.03,534.1791,122.1667,136.4,5.3977,7.8273
3/1/1982,6794.878,4321.1,214.2594,3042.4375,1261.6911,842.429,891.0281,196.1969,610.3337,255.5108,-0.7,1761.007,0.3,1280.2744,1021.1517,388.799,412.275,5095.938,37.878,38.118,,50.8388,53.7741,65.7709,45.9899,25.1124,79.0765,45.9258,37.1964,75.7887,29.343,62.8528,75.6902,72.3768,90520.6667,74495.3333,17961.6667,67208.3333,23312.3333,11091,6870.6667,4102.6667,7496.3333,5193.6667,2354.3333,7882.6667,6849,2913.6667,1248,18493.3333,16025.3333,10345.8667,4588.4,2895.3333,3645.6667,9484.3333,99708.6667,63.7667,8.8333,7.671919401,1.16499954,22.1333,7.7667,7.6333,3876,3101,1436.3333,1274.3333,5422.3333,2219.6667,885,1092.6667,5580.6667,74.17,,72.727,38.6667,34.7,2.3333,3101,880,238.3333,831,97.3333,94.3333,521.3333,167,561330.6303,90415.8911,163226.9178,,647005.5486,53233.0502,877755.28,46.616,46.4027,48.186,69.829,54.269,67.72,115.019,37.071,50.714,35.332,64.523,103.319,407.223,69.484,47.922,97.878,33.573,42.552,37.075,26.201,45.015,37.615,38.648,42.544,35.332,94.6,93.6667,98.8333,99.7,98.9333,99.0333,99.7333,100.2,197.1782013,225.5093186,67.4625,16.65862261,23.46204443,17.75067083,,74.308,73.478,,52.082,51.393,61.327,,61.199,44.518,14.2267,12.8133,13.07,14.3333,14.2933,17.41,15.01,17.0333,2.74,3.12,0.26,1.52,1.48,0.99,160.2667,79.2,467.7,1878.5667,1035.8667,775.4645,394.0789,678.2261,620.0502,132.385,810.6111,,27901.67,3362.145,65.97695437,24539.52,481.5506223,19488.6516,8413014.24,17060.54,21.3594,239.08,,,109.964,,1.8746,233.7796,1.8461,1.209,66.5,,9,9.5,32.41298,2276684,47.3727,65.4664,65.2308,13.8667,38.6333,41.238,39618,14.39,-1.4133,0.1633,0.7833,99.8,105.5333,97,96.2333,88.8667,95.3,92.5333,93.8,94.2333,94.5333,94.8667,8.86,39274.6667,72979.5567,308.0395,0.3212,541817,567011.7268,1.7219,0.1154,13.81,-0.42,84.6667,85.6667,479,181.6667,7539.7753,180.791,,4.49,0.0083,8.33,6888.26,1277.59,1396734.78,259057.34,5768287.6,4371.55,810.81,539.1605,114.2,127.2,5.8618,7.3523
6/1/1982,6825.876,4334.262,215.0094,3059.2812,1259.5315,841.789,863.1416,187.9616,591.3066,247.148,-0.1,1767.7,1.7,1278.5688,1024.7326,391.119,405.525,5126.682,38.061,38.291,,50.19,53.6291,66.2511,44.9759,24.6342,77.8428,47.3499,40.1143,75.7196,28.6994,62.6626,74.3142,71.5899,90040.6667,74031,17567,67199.6667,22841,10788.6667,6778.3333,4068.3333,7511,5203,2331.3333,7875,6872.6667,2919,1205.6667,18478,16009.6667,10384.3,4562.1,2866.6667,3647.3333,9495.6667,99745,64,9.4333,7.93554271,1.483801477,22.8333,8.4,8.1333,3814,3311.6667,1637,1634,6013,2387,875,1096.6667,6052.6667,74.414,,73.07,39.1333,34.8,2.2667,2807,948,267.6667,918,152.6667,105.3333,508.3333,181.6667,564477.216,91241.4428,156825.7685,,629930.1621,46818.9425,875605.557,47.064,47.0303,48.826,70.622,54.94,67.864,115.914,37.646,50.711,35.923,65.182,104.755,408.958,68.879,48.359,98.561,31.747,43.363,37.691,26.717,45.786,38.032,39.139,43.483,35.851,95.9667,95.4,99.2667,99.8,99.1667,100.9,99.2667,99.7333,206.6615211,208.1673256,74.0254,16.6275701,23.28274492,17.70487441,,74.102,73.397,,52.089,51.457,61.831,,61.668,45.508,14.5133,12.42,12.5533,13.7967,13.93,16.76,14.51,16.78,2.85,2.83,0.13,1.38,1.51,1.39,161,80.9,465.9,1891.4333,1035.2333,799.182,392.6883,675.0789,624.624,133.663,808.7419,5.1,27860.41,3368.807,65.71125622,24491.61,477.728236,19492.626,8367788.65,17068.98,17.8211,237.89,,,114.054,,1.9971,244.0893,1.7796,1.2448,66.2,,8.8,9,32.40213,2293961.4,47.114,63.4996,67.6868,15.0333,39.0333,39.5577,38261.3333,14.06,-2.0933,-0.4533,-0.0033,101.3,99.2,97.6,95.6,91.3333,96.1667,94.6333,95.7,95.6,95.4333,96.1667,8.9467,41957.3333,74932.5667,314.4457,0.2707,590100,566047.2942,1.7115,0.1145,13.81,-0.7,104.3333,123,494.6667,196,7324.214,179.3098,,4.49,0.008,8.33,6863.89,1218.34,1431308.7,254058.22,5769319.26,4338.01,770,563.3782,114.1333,127.1667,5.9455,7.3481
9/1/1982,6799.781,4363.318,216.7208,3082.852,1264.9061,834.075,842.6478,184.2954,574.2976,246.8257,0.2,1781.872,6.7,1242.7683,1024.7479,373.774,424.334,5151.281,37.856,38.049,,49.4724,53.1602,66.6042,44.0029,23.85,77.9538,47.1477,40.3853,76.3795,27.7068,62.1478,72.9402,70.625,89355.6667,73441.3333,17170.6667,67073,22282.6667,10468,6702.6667,3980,7534.3333,5212.6667,2304.3333,7871.6667,6886.6667,2927,1132,18422,15914.3333,10400.6,4525.5667,2879,3625.6667,9409.6667,99543.3333,64.0667,9.9,8.217324632,1.718955059,23.7667,9.1333,8.3333,3930,3382.6667,1813.3333,1900,6545,2445.6667,812.3333,1265.6667,6336.6667,73.928,,72.54,39.0667,34.7667,2.3,2474,1118.6667,368,1004,151,124.6667,636,207,554863.566,92315.5589,151094.2872,,601007.7876,44204.6398,874667.201,47.808,47.784,49.504,71.058,55.693,68.562,116.328,38.401,51.365,36.677,65.597,104.956,408.642,69.284,48.552,98.765,33.075,44.089,38.417,27.451,46.536,38.659,39.719,45.286,36.226,97.6333,97,100.5,100.2333,100.4333,100.1,100.2,99.9667,216.3137905,205.0224465,72.3641,16.58860808,23.20191773,17.63496974,,73.985,73.186,,52.186,51.468,62.707,,62.52,45.951,11.0067,9.3167,10.3767,11.84,13.1167,16.17,13.7533,16.25,3.1333,3.06,1.06,2.52,3.8,1.83,161.3,96.7,463.0667,1889.7333,1039.9333,809.8432,388.9734,666.4611,621.5471,135.5301,801.9912,12.1,27912.2,3336.525,64.77077795,24575.68,477.0789645,19648.6711,8263531.73,17245.66,26.6929,231.92,,,118.835,,2.1166,259.1207,1.7241,1.25,66.7,,8.3,9.2,33.9253,2388794.8,46.6847,62.6048,67.6243,16.0667,39,40.0347,39321,13.1067,-1.69,2.1,2.7467,99.9,97.6333,98.1,98.1,93.8667,97.8667,96.2667,97.4,97.4,96.9667,97.8,9.0633,42956,75803.38,319.0519,0.2254,622083,567469.5888,1.7356,0.1132,11.15,0.14,106.3333,135.6667,535.6667,226.3333,7089.8739,173.9297,,4.53,0.0081,8.3,6843.95,1227.47,1459059.49,261683.08,5728434.45,4269.37,765.71,557.5674,113.8333,127.3,6.0219,7.4093
12/1/1982,6802.497,4439.749,226.5941,3130.4878,1277.8534,769.602,843.107,180.8114,564.3984,266.3132,-1.2,1809.342,9.8,1236.3684,1032.5082,356.647,407.679,5167.46,37.817,38.018,,48.5406,52.3385,66.161,42.9487,22.6002,78.1454,45.7778,38.4963,76.467,26.801,62.6163,71.3607,68.9063,88821.3333,72850,16755,67053.6667,21767.6667,10095,6660,3945,7562,5223.3333,2280,7869.3333,6886.3333,2937,1067.6667,18324.3333,15971.3333,10371.2333,4485.3333,2894,3640.3333,9437,99119.6667,64.1333,10.6667,8.522536929,2.147214254,23.9667,9.9667,9.0333,3928.6667,3471.3333,2061.3333,2382.6667,7264.6667,2499,795.6667,1286.6667,6739.3333,73.23,,71.858,38.9667,34.6333,2.2667,2401,1282.6667,384.3333,1243,168,129.3333,717,268.3333,548661.361,95058.0639,148138.591,,588607.5654,44491.0025,860351.304,48.335,48.4497,50.005,71.209,56.227,68.646,116.665,39.114,51.394,37.408,65.653,105.707,408.099,69.762,48.325,98.392,32.564,45.154,39.298,28.081,46.51,39.121,40.139,46.874,36.809,97.9333,97.3333,101.4,100.3333,101.3667,100.0333,100.8,100.0333,222.6946947,205.3742636,69.8762,16.47759394,23.17862979,17.46832064,,74.266,73.446,,52.627,51.916,63.072,,62.914,46.864,9.2867,7.9067,8.2633,9.13,10.6667,14.02,11.8767,14.39,3.7233,3.35,0.36,1.22,2.76,0.89,165.2,102.2,480.2,1926.2667,1095.9667,809.3755,386.0477,663.3288,617.5255,135.8339,799.1628,48.3,28279.34,3362.291,65.06660955,24917.05,482.1913753,20044.7864,8234551.08,17654.02,28.7658,231.6,,,120.182,,2.139,259.2147,1.6481,1.2316,72.5,,7.8,8.7,35.18156,2476619.4,45.6961,63.5414,67.3936,17.4667,38.8333,41.214,40637,10.4667,-1.38,1.18,2.59,98.9,97.6667,98.2667,98.0333,96.4,98.2667,96.9,97.5,97.7667,97.8667,97.9667,9.1233,43447.3333,76369.5367,328.8173,0.2028,590133,562140.8547,1.7391,0.1126,8.8,-0.49,124.6667,149.3333,673.6667,295.3333,7638.4182,221.4711,,4.52,0.0081,8.25,6841.91,1218.84,1478647.27,263411.88,5714188.91,4235.54,754.54,561.3442,136.7333,152.6667,5.0217,9.262
3/1/1983,6892.144,4483.645,228.8637,3172.2315,1281.9321,796.266,862.0229,179.547,555.9571,312.0729,-1,1826.731,6.5,1235.7174,1036.2515,362.4,417.022,5216.222,38.542,38.583,,49.1035,52.529,66.5078,43.6378,23.7052,80.5811,47.8325,41.5581,75.8324,27.01,60.3687,72.0638,70.2912,88999,72988.3333,16707.3333,67305,21694,10059.3333,6648,3975.6667,7614.3333,5255,2271.6667,7905.6667,6935.3333,2957.3333,1011,18355,16010.6667,10449.6,4467.2667,2913,3650.3333,9447.3333,99143,63.8,10.3667,7.941137778,2.449125759,23.1333,9.7667,8.9,3624.3333,3213,1930.6667,2709.6667,6847.6667,2510,857.3333,1187.3333,6583.6667,73.643,,72.307,39.4,34.7,2.4,2521,1630.3333,497.3333,1457.3333,219.6667,196.6667,887.3333,326.6667,560153.1463,95938.9289,154219.4847,,590607.8834,42010.4072,847872.027,48.735,49.0863,50.404,71.045,56.64,68.651,117.497,39.678,51.251,38.009,66.489,106.334,406.383,70.514,48.338,98.963,30.745,46.128,39.88,28.778,46.344,39.498,40.525,47.93,37.431,98,97.9333,101.0333,100.3667,100.7667,100.1333,100.4667,99.8333,220.8293829,193.6151821,60.4154,16.46758424,23.13604715,17.45218402,,74.583,73.691,,53.304,52.392,63.069,,62.74,47.636,8.6533,8.1067,8.1767,8.86,10.5633,13.03,11.8433,13.8333,3.27,2.47,0.07,0.75,2.46,0.24,169.2,95.1,493.9,2031.0667,1301,801.5473,383.8515,664.6423,617.6733,136.5099,801.1522,43.9,28588.47,3304.857,63.35728775,25283.61,484.7111254,20342.4154,8246049.79,17950.54,21.5429,232.67,,,117.05,,2.0174,235.7021,1.5328,1.2276,75.3,,7.8,8.5,35.82911,2553591.9,46.716,61.7028,64.246,19.3333,39.2333,39.8993,39264.3333,10.1233,-0.5467,1.47,3.19,99.7667,100.8667,98.9333,97,98.5667,98.2,98,97.8333,97.9,98.2667,97.9333,9.23,45087,78200.5233,346.606,0.2194,490000,552947.8955,1.6771,0.1128,8.34,-0.31,158.3333,174,800,325,8086.8636,254.9929,100.8,4.54,0.0078,8.27,6895.18,1181.8,1503411.02,257676.91,5746802.61,4243.39,727.3,583.4481,147.6667,165.8333,4.6724,10.5726
6/1/1983,7048.982,4574.944,245.5475,3215.4876,1296.9938,866.784,894.4487,188.5805,563.685,348.4086,-0.2,1841.783,7.7,1278.6916,1034.1953,363.484,449.089,5252.373,39.836,39.666,,50.1949,53.4473,67.9611,44.7046,24.9724,83.0661,50.2069,43.7314,76.7377,27.5015,63.2278,73.5856,72.1901,89676.3333,73671.3333,16879.6667,67840.6667,21835.6667,10190.3333,6689.3333,3971.3333,7723.3333,5301.3333,2288,8005.6667,7015,2999.3333,984.6667,18503,16005,10546.8667,4493.3667,2903.6667,3656,9445.3333,99945,63.9333,10.1333,7.593413022,2.501982754,23.4,9.4667,8.5,3585.3333,3005.6667,1677.6667,2781.6667,6687.3333,2441,815,1283.3333,6256.3333,74.426,,73.154,39.9333,34.8667,2.8,2789,1660.3333,464.6667,1668,210,162.3333,907.6667,380.3333,576313.8267,99847.1627,161986.1931,,593353.3336,45618.0211,850851.284,49.18,49.4613,50.778,70.793,56.962,69.332,117.934,40.019,51.893,38.347,66.844,106.911,404.046,71.262,48.886,99.606,31.578,46.584,40.408,29.232,47.398,39.947,40.932,46.527,37.875,99.1333,98.9,101.3667,100.7333,101,100.9667,100.4333,99.8333,217.6133143,186.8814244,61.7375,16.50447078,22.9137546,17.4614707,,74.396,73.558,,54.455,53.296,62.637,,62.002,49.22,8.8033,8.3967,8.47,9.18,10.5433,12.76,11.57,13.25,2.7067,2.22,0.07,0.78,2.15,0.22,172.5333,87.7,503.4,2059.5667,1368.8333,793.723,388.7163,670.9854,623.6438,139.8836,810.869,38.6,29079.07,3383.056,64.41004245,25696.01,489.2266996,20789.685,8289381.75,18383.72,19.2801,233.33,,,119.275,,2.0761,237.5113,1.5521,1.2313,91.5,,7.6,8.9,36.87167,2683165.9,48.0515,64.4052,67.8539,20.2667,39.6333,38.449,37250,10.2267,-0.4067,1.4233,2.7667,100.8667,102.6,99.8333,98.4667,99.9,99.4,98.6,98.9333,99.0667,99.3667,99.0667,9.2633,47908.6667,80910.1133,371.8347,0.2485,469417,552444.572,1.622,0.1128,8.62,-0.18,165,190.3333,906.6667,406,8610.6397,301.0705,102.1333,4.59,0.0079,8.25,6922.77,1187.64,1533843.62,263140.49,5744376.95,4210.53,722.34,582.8991,162.7333,182.7667,4.2606,12.1221
9/1/1983,7189.896,4656.982,254.9878,3262.949,1316.726,921.051,944.564,199.2121,587.4171,382.4512,-0.1,1873.573,10.7,1255.92,1043.2311,368.948,484.073,5331.188,40.82,40.64,,51.9163,55.0354,69.7909,46.3985,26.3158,85.0647,53.2721,46.7438,77.8496,28.7555,65.234,76.0184,74.657,90604.3333,74581.3333,17144,68374,22230.3333,10398.6667,6745.3333,4097.6667,7846.6667,5363,2114.3333,8124.6667,7127.3333,3046,988.6667,18729,16023,10704.7667,4538.1333,2918.6667,3671.3333,9433,101610.6667,64.2333,9.3667,7.103542094,2.249696012,22.4667,8.6667,7.8333,3619.6667,2876.6667,1562.6667,2521.6667,6087,2414.3333,796,1240,6208.6667,75.95,,74.627,40.4,34.9333,3.1333,3095,1801.6667,588.6667,1697.6667,231.6667,170,983.6667,416.3333,591123.976,102148.8895,168232.1045,,599012.6705,46411.8636,861695.359,49.827,50.2127,51.318,70.766,57.531,69.811,118.579,40.733,52.284,39.08,67.468,107.416,401.698,72.179,48.983,100.445,32.093,47.073,40.775,29.871,48.296,40.035,41.227,50.043,38.305,100.1,100.1333,101.9,101.7,101.5667,100.7667,101.5,101,211.568964,183.4224447,62.8551,16.39037703,22.60396787,17.37951221,,74.082,73.172,,54.699,53.509,62.654,,62.053,51.055,9.46,9.14,9.3067,10.2967,11.6267,13.65,12.3433,13.5267,1.9,2.03,0.17,1.16,2.49,0.2,174.9667,82.1,509.8667,2071.9,1371.8667,797.8762,397.8077,679.513,632.0373,144.4947,824.0077,28.1,29078.36,3447.607,64.66864784,25630.75,480.769971,20803.9651,8274393.09,18393.49,18.9424,231.77,,,122.728,,2.148,242.4412,1.5095,1.2329,91.2,,7.5,9.3,37.3311,2763985.4,49.7704,66.5936,69.6275,20.4667,40,38.5083,37028.3333,11.4233,-0.32,1.9633,2.8833,101.6667,103.6667,100.9,100.2333,101.3333,100.4667,100.3333,99.8667,100.2667,100.3333,100.1,9.3433,50166,83855.0067,383.7524,0.2953,417500,560322.3958,1.5807,0.1137,9.34,-0.12,182.6667,194.6667,912.6667,407.6667,9108.9265,304.0273,103.0667,4.62,0.008,8.23,6894.03,1194.98,1555476.18,269618.81,5740289.58,4184.81,725.37,576.9168,165.5333,186.7,4.2174,12.6334
12/1/1983,7339.893,4731.194,267.5813,3296.6516,1332.8014,1010.654,997.2061,216.6978,622.9343,398.6636,0.6,1843.592,-12.3,1281.1942,1043.8428,376.372,507.819,5449.929,41.81,41.668,,53.2852,56.1129,70.27,47.8971,27.6823,86.4303,55.4182,49.0955,77.4095,30.0448,62.8956,77.8633,76.7301,91875,75878,17465.6667,69192.6667,22682.3333,10656,6809.6667,4214.3333,7937.3333,5416.3333,2336.3333,8222.6667,7227.6667,3081.3333,1002.3333,18974,15997,10853.1667,4601.0667,2923.6667,3671.6667,9401.6667,102588,64.0667,8.5333,6.601479707,1.933364031,20.5,7.8333,7.3333,3431,2633.6667,1352.3333,2168.3333,5288.6667,2277,854.6667,1155,6010.6667,77.171,,76.028,40.5667,35.1333,3.3333,3502,1729.3333,557.3333,1670.3333,208.3333,155.3333,968.3333,397.3333,611230.4753,105650.5701,181067.8659,,621873.0756,49049.5537,874839.026,50.156,50.6143,51.702,70.981,57.876,69.923,119.317,41.154,52.26,39.525,68.279,107.832,401.254,72.402,49.169,99.967,31.482,47.437,41.281,30.489,48.785,40.608,41.769,49.522,38.747,101.1,101.4333,102.1667,102.2,101.7667,102.1,101.9667,101.8,205.5404551,181.8988058,58.9372,16.43145712,22.55621002,17.45877987,,74.24,73.545,,54.993,53.994,62.985,,62.427,51.279,9.43,8.8,8.9767,9.9533,11.6867,13.46,12.41,13.6067,1.92,1.78,0.18,1.15,2.89,0.41,177.4,81,513.5667,2088.7,1363.2667,809.5836,414.4558,698.0041,646.573,152.0853,850.0894,29.3,29169.27,3543.92,65.02689827,25625.35,470.1959648,20854.2132,8315052.85,18414.48,15.8148,231.24,,,122.733,,2.1602,234.126,1.4691,1.2385,91.5,,7.6,9.4,37.17553,2812628.6,51.2727,63.995,67.5692,19.7,40.0667,38.392,37551,11.41,-0.63,1.98,2.98,103,103.2333,100.8667,101.3667,102.8333,101.1,102.4,101.2,101.2333,101.2667,100.9667,9.44,50138.3333,85814.5733,395.4985,0.3662,387833,570970.1222,1.5531,0.1144,9.21,-0.22,169.3333,191.3333,886.3333,423.3333,9442.79,281.3484,104,4.69,0.0078,8.28,6922.88,1157.34,1586555.74,265233.29,5799343.42,4212.79,704.28,598.1737,165.7667,186.7,4.2594,12.6809
3/1/1984,7483.371,4770.457,277.7011,3311.35,1336.2405,1108.328,1028.4957,220.4678,642.7431,410.7001,1.9,1863.131,3.4,1326.6414,1057.0816,384.228,548.642,5558.792,42.772,42.707,,54.847,57.778,71.7741,49.3497,29.1071,87.5017,57.7757,51.8146,78.4352,31.2546,65.7309,79.8797,78.7552,93086.3333,77064.6667,17721.3333,69987.3333,23099,10861.6667,6859.6667,4369.3333,8042.3333,5472,2368.3333,8333.6667,7343.3333,3122,1008.3333,19284,16021.6667,11022.3667,4675.9,2922.6667,3687,9412,103664,64.0333,7.8667,6.189274744,1.675275223,19.5667,7,6.9667,3323.6667,2506,1157.3333,1884.6667,4721,2181.3333,785.6667,1152,5834.3333,78.677,,77.493,40.8,35.1667,3.4333,3804,1940,586.6667,1842.6667,269,201,976.3333,493.6667,624786.5597,108624.6997,188268.6293,,642592.7215,53658.5364,899234.375,50.698,51.126,52.212,71.194,58.328,70.484,119.351,41.683,52.869,40.056,68.36,107.848,399.705,72.746,50.152,100.134,31.636,47.909,41.721,31.071,49.549,41.022,42.306,49.483,39.678,102.5333,102.8333,103.4,103.3333,103.1333,105.4333,102.6667,102.5333,204.8644652,180.1462749,59.0647,16.41062908,22.47437308,17.46679571,,74.073,73.342,,55.195,54.281,63.334,,62.906,51.036,9.6867,9.17,9.2833,10.1767,11.9433,13.33,12.2833,13.7433,1.8,1.39,0.11,1.01,2.77,0.28,178.8,84.5,514.9333,2103.8667,1364.7667,828.0698,427.1042,722.0957,660.6579,158.3409,880.4366,25.9,29414.41,3571.836,64.25561971,25842.57,464.8954538,20818.8143,8595593.24,18362.22,19.5717,232.41,,,123.457,,2.1973,230.8876,1.435,1.2554,99.5,,7.5,9.9,37.45447,2887177,52.8218,67.3025,69.686,19.5,40.3667,37.562,36817.3333,11.6433,-0.5167,1.9567,2.5967,104.7,104.0333,101.3333,102.3667,104.7333,102.3,103.1333,102.5667,102.4333,102.6667,102.2333,9.5433,49300,86364.0767,400.077,0.4301,345350,584920.2999,1.5428,0.1161,9.45,-0.24,197.3333,244.3333,891,510,10138.3243,262.4971,105.1333,4.84,0.008,8.32,6911.63,1148.16,1625447.47,270018.31,5816210.05,4190.76,696.17,601.9768,160.3667,180.8333,4.462,11.9352
6/1/1984,7612.668,4837.29,284.1706,3337.4288,1365.4947,1144.371,1068.666,231.3329,672.7003,417.948,1.7,1903.604,12.7,1341.6545,1071.1887,393.778,571.625,5651.123,43.586,43.627,,55.6913,58.4997,71.9112,50.1985,29.7693,88.0874,57.5617,49.9601,78.7697,32.0284,66.0579,80.7262,79.511,94123,78021.3333,17918.3333,70726,23397,11025.3333,6893,4462,8161,5521.6667,2392.3333,8446.6667,7433,3167.3333,1016.6667,19502.3333,16101.6667,11140.2667,4728.6,2936.3333,3720,9445.3333,105040,64.4667,7.4333,5.99426822,1.477434246,18.7,6.5667,6.7,3263.3333,2373,1107.6667,1677,4367,2148,806,1152,5737,79.663,,78.5,40.7,35.1333,3.4333,4099,1822.6667,593.3333,1777,252.3333,197.3333,922.3333,450.6667,633681.788,111084.7609,179323.4299,,658156.4251,54208.3013,921624.143,51.189,51.7243,52.681,71.585,58.697,70.654,120.093,42.315,52.902,40.684,69.075,108.405,398.748,73.31,50.139,99.57,31.588,48.295,42.351,31.583,49.679,41.531,42.796,51.389,40.01,103.5,104.1,103.8333,104.0333,103.4667,104.8,103.5,103.4,204.1575653,177.6090108,58.7131,16.35595232,22.33638085,17.39992213,,74.149,73.387,,55.523,54.765,63.409,,63.191,51.826,10.5567,9.7967,10.22,11.5467,13.2,14,13.2133,14.7,1.5,0.8,0.42,1.75,3.4,0.81,180.8,88.4,519.1333,2129.1333,1378.4667,860.396,443.4093,744.1476,676.4404,168.0867,912.2342,15.5,29632.42,3656.233,64.69923028,25976.18,459.6640916,20856.7822,8775634.14,18371.63,17.9406,232.72,,,124.927,,2.2475,229.7478,1.3958,1.2927,96.6,,7.5,10.1,37.72687,2955121.2,53.6147,67.9138,69.0847,18.6,40.3333,37.047,34539.3333,13.0067,-0.76,2.45,2.6567,104.3333,105.0333,101.3,103.6333,106.2333,103,105.0333,103.8667,103.5667,103.5,103.2,9.6233,50036.3333,88761.7633,402.4761,0.4838,363633,605017.5182,1.5634,0.118,10.6,0.05,199.6667,221,871.6667,484.6667,10565.4302,242.9894,106.6667,4.99,0.0082,8.41,6966.47,1143.46,1674698.88,274881.43,5821314.55,4146.62,680.62,609.2441,155.7667,176.8,4.6661,11.0271
9/1/1984,7686.059,4873.165,284.2784,3379.3811,1366.5661,1169.136,1089.8782,238.5651,693.3377,413.0892,1.7,1919.015,-0.4,1344.4401,1089.4704,402.477,586.423,5725.728,43.968,44.059,,56.0867,59.0171,71.5014,50.4444,30.1254,87.4771,58.1097,50.3974,77.8585,33.0167,63.393,80.8082,79.6478,95055,78838,18022,71456.3333,23598.6667,11143,6879,4552.3333,8261,5575,2409.6667,8540.3333,7521,3204,1024.3333,19728.3333,16217,11279.3333,4782.6,2950,3758,9509,105362.6667,64.4667,7.4333,6.110229548,1.33404997,18.9,6.4667,6.7333,3428,2481.6667,1074.6667,1518.6667,4308.3333,2226.6667,842,1110,5687,80.02,,78.832,40.5333,35.0667,3.3667,4175,1672,554.6667,1552.6667,233,194.6667,824.6667,419.6667,635312.4107,110726.2613,179546.8973,,659971.8363,52731.2194,943731.355,51.584,52.2103,53.157,71.853,59.085,70.808,120.331,42.815,53.021,41.201,69.599,108.409,396.427,73.235,50.452,100.401,30.637,48.814,43.037,32.036,49.273,42.015,43.205,52.743,40.122,104.4,105.4,103.8667,103.8,103.3667,105.7333,103.4667,103.2333,206.4093927,175.3177011,55.7437,16.32500527,22.17960748,17.40392301,,74.66,73.887,,55.774,55.06,63.988,,63.831,52.125,11.39,10.32,10.5333,11.81,12.8667,14.5,12.99,14.71,1.8433,1.63,0.21,1.49,2.55,0.82,181.7333,89.5,518.8333,2138.6333,1363.0333,878.8165,458.7674,767.7025,691.1464,177.0279,944.7304,19,30100.82,3728.964,65.12645728,26371.85,460.5851367,21139.8602,8960955.76,18633.26,19.7212,232.69,,,131.743,,2.4438,243.5951,1.2965,1.3139,98.9,,7.5,10,38.49586,3047974.2,54.0861,64.7387,67.6608,17.4333,40.2333,37.5843,30523.3333,12.8267,-1.07,1.4367,1.6,103.3667,101.2667,102.3667,103.8667,107.6667,103.4,106.0333,105.4,104.5333,104.3,104.0667,9.7,51794.3333,92677,400.9566,0.4928,381800,620146.447,1.5979,0.1201,11.14,-0.25,193,195.3333,750.6667,413.6667,10372.6203,244.8656,108.1667,5.11,0.0079,8.49,7065.08,1091.88,1722024.2,266130.81,5833956.16,4111.93,635.48,647.0593,160.5333,182.2333,4.5904,10.6855
12/1/1984,7749.151,4936.293,293.5165,3416.4968,1377.0455,1153.971,1109.3902,245.5836,709.657,413.4989,1.2,1959.307,13.5,1364.796,1100.5269,410.666,603.611,5772.469,44.304,44.405,,56.1141,59.8587,72.0957,49.8822,30.1776,86.6971,58.0459,50.3667,78.7984,33.7005,64.284,80.2811,79.4899,95906,79617,18021,72260,23646,11169,6852,4619.6667,8378.6667,5640.6667,2421,8647.3333,7654,3251,1005.3333,19978.3333,16289,11464.2333,4823.0333,2961,3773,9555,105944.3333,64.5,7.3,6.037553979,1.237596908,18.3667,6.2333,6.7,3395.3333,2442,1041,1414,4231.3333,2190,858.6667,1030,5711,80.46,,79.336,40.4667,35,3.2667,4243,1630.3333,449.6667,1586.3333,233.6667,233,768.3333,395.3333,641428.7267,113368.5108,178471.0345,,653098.2397,51421.3759,957576.641,51.902,52.5813,53.528,72.011,59.411,71.024,120.552,43.178,53.214,41.583,69.735,109.024,395.663,73.18,50.503,100.945,30.733,49.142,43.496,32.539,49.856,42.44,43.563,52.661,40.3,105.3,106.4667,103.8667,103.5333,103.3333,105.4667,103.5667,103.2333,202.0390631,170.7257022,52.1752,16.31122234,22.04837345,17.47132376,,74.643,73.92,,55.844,55.189,64.398,,64.264,52.25,9.2667,8.8033,8.9867,10.0167,11.7433,13.65,12.35,13.6067,1.8633,1.91,0.18,1.21,2.94,0.39,182.1667,116.7,520,2167.3667,1386.3667,894.2699,474.807,784.3841,707.6352,186.8495,971.2335,15.5,30550.62,3830.164,66.3522717,26720.45,462.8946793,21404.9732,9145643,18869.06,18.3812,232.89,,,134.888,,2.5182,246.1163,1.215,1.3186,95,,7.4,10,40.08547,3204049.9,54.4305,65.5545,68.9441,16.8333,40.1333,39.453,34846,11.4867,-0.4633,2.22,3.0833,101.6,98.4,103.0333,104.8,109.2667,103.9,106.2,106.7,105.4667,105.1,104.9,9.79,52211.3333,94943.5433,400.9584,0.5105,403950,630966.2775,1.6151,0.1216,9.2,-0.07,218.6667,207.3333,735.6667,424.6667,11184.2756,245.2678,109.2667,5.12,0.0077,8.58,7163.21,1080.34,1763611.12,265983.04,5863255.96,4099.64,618.3,663.054,165.2,185.2,4.528,10.4613
3/1/1985,7824.247,5020.163,303.7213,3478.456,1385.4344,1122.331,1119.4211,243.4079,717.6068,414.44,0.4,1980.645,3.7,1444.3542,1114.4331,411.755,590.299,5757.403,44.791,44.931,,56.2984,60.0807,72.2463,50.0461,30.0976,86.3507,57.9357,51.2192,79.0805,33.805,64.8192,79.9385,78.8174,96572.3333,80212.3333,17971.3333,72921,23651.3333,11146,6825.3333,4686.6667,8502.3333,5706.3333,2427.3333,8755,7744,3299,993.3333,20127,16360,11567.2667,4852.2333,2966,3798.3333,9595.6667,106615.3333,64.7667,7.2333,6.110054866,1.16196122,18.4333,6.2333,6.6667,3552.3333,2477,1019.6667,1336,4206,2258.6667,852.3333,1038.3333,5540,81.062,,79.968,40.2667,34.8667,3.3,4283,1714.3333,552.3333,1683,222.3333,227.6667,790,474.3333,645557.7473,115634.6296,178437.1273,,651282.6683,54247.8085,958612.365,52.514,53.2987,54.076,72.211,60.022,71.477,121.166,43.859,53.585,42.264,70.389,109.258,395.985,73.371,50.822,101.842,30.706,49.686,44.018,33.033,50.375,42.953,44.019,55.475,40.603,106.2667,107.6333,104.0667,103.2667,103.3667,105.6,103.3,102.8667,195.5058813,158.7990819,50.7452,16.20435097,21.98330023,17.43642095,,74.919,74.227,,56.011,55.428,64.968,,64.891,52.971,8.4767,8.1833,8.43,9.39,11.5833,13.06,12.2567,13.3933,1.81,1.47,0.25,1.21,3.4,0.31,183.5,125.6,529.2333,2212.2333,1441.9,893.4695,491.2508,801.7798,718.7811,197.7001,999.4799,25.9,31031.82,3917.937,68.05041347,27113.88,470.9394181,21740.0833,9291733.43,19180.99,16.5204,233.04,,,142.134,,2.7556,257.5271,1.1152,1.3542,94.5,112.1454,7.2,9.4,40.44121,3257666.5,54.4554,67.0322,66.641,15.9667,40.0333,40.5563,39130.6667,11.1933,-0.2933,2.7167,3.78,98.9667,97.0667,103.9333,105.6667,110.8,104.6333,106.7,107.9,106.4667,105.9333,106.0333,9.91,52640.3333,96988.33,405.7745,0.5123,381100,635882.6111,1.6185,0.1237,8.49,0.01,274.3333,205,724.3333,479.3333,12110.3381,275.1484,110.6333,5.25,0.0081,8.56,7085.52,1087.79,1797665.86,275982.51,5860784.38,4063.12,623.78,651.3695,177.3,198.0333,4.2979,10.8219
6/1/1985,7893.136,5066.25,307.3365,3510.4337,1396.1977,1141.447,1133.8627,248.7208,727.8863,417.9124,0.5,2024.602,11,1370.1099,1134.6126,410.872,619.303,5869.535,45.235,45.366,,56.3361,60.0632,72.1176,49.9791,29.9385,86.5772,57.3474,49.5181,79.1855,33.7286,64.2552,79.3957,78.2718,97269.6667,80802.3333,17853.3333,73647,23622.6667,11069,6784.3333,4780,8615.3333,5774,2434.3333,8849.6667,7846,3342.3333,989.3333,20318,16467.3333,11717.7333,4872.0667,3007.6667,3819.3333,9640.3333,106791,64.7667,7.3,6.153824979,1.126935442,18.1667,6.2333,6.7667,3513.3333,2522.6667,1033.6667,1298,4086.6667,2309.6667,908.3333,1066,5691.6667,81.504,,80.507,40.4667,34.9,3.1667,4311,1725.6667,569.3333,1696.3333,242.6667,260.3333,765.3333,457.3333,650774.5553,118214.3059,177808.7691,,644889.8145,51019.1648,963462.607,52.94,53.7613,54.396,72.312,60.317,71.827,121.447,44.318,53.915,42.731,70.654,109.965,392.175,74.012,50.735,102.247,31.505,50.122,44.64,33.541,50.399,43.402,44.617,55.146,41.199,107.2333,108.7667,104.7,103.3667,103.9667,104.1,103.9667,102.9,195.8019267,157.1765037,51.8199,16.2012537,21.79403975,17.42893145,,74.979,74.352,,56.188,55.661,65.372,,65.305,53.265,7.9233,7.46,7.6567,8.4667,10.8133,12.77,11.63,13.02,2.2067,1.96,0.2,1.01,3.35,0.39,185.6,131.1,537.1,2231.1,1467.5333,894.1217,503.4304,826.3406,733.2165,206.8493,1033.1899,29.3,31525.46,4024.884,68.57245437,27500.57,468.5306912,22006.1959,9519261.17,19419.07,15.4495,234.52,,,138.135,,2.594,250.805,1.2556,1.3697,94.3,118.5357,7.1,9.7,41.31983,3352172.3,54.5511,65.7074,68.3429,15.7333,40.1333,41.6633,40376.3333,10.3167,-0.4633,2.3933,3.7067,95.9,99.9667,104.6667,106.6,112.6333,105.3,107.1,109.3,107.6,106.7667,107.0333,9.9833,57541,103469.14,414.1643,0.5141,394467,637860.1852,1.6082,0.1271,7.85,-0.07,260.6667,238,746.6667,451,12568.2431,286.217,112.3,5.35,0.008,8.6,7088.91,1061.93,1848739.16,276944.02,5867708.94,4018.97,602.05,667.5498,184.8,204.8,4.1751,11.0529
9/1/1985,8013.674,5162.475,326.9942,3557.7427,1407.706,1133.665,1129.2639,245.2826,719.6047,425.6593,0.4,2070.747,12.4,1431.8863,1152.6479,404.879,613.312,5851.143,45.939,46.158,,56.2591,60.2115,72.4253,49.7404,29.8267,86.7763,57.7379,50.4219,79.4483,33.6236,64.0555,78.7586,77.7157,97844.3333,81218.6667,17750,74303.3333,23541,10981.6667,6768.3333,4824.6667,8737.3333,5845.6667,2438.3333,8941.3333,7902.6667,3385,966.3333,20427.3333,16625.6667,11800.4333,4886.3,3034.6667,3844.3333,9746.6667,107186.3333,64.7333,7.2,6.128265653,1.074136934,18.6667,6.1333,6.6667,3496,2546.3333,1035.6667,1240.6667,4202.6667,2227.6667,873.3333,1023,5645,81.617,,80.732,40.5333,34.8,3.3,4349,1701,551.3333,1807,235.6667,230,754.6667,480.6667,655710.8483,120483.1903,179697.061,,648893.3238,52942.49,966501.047,53.355,54.3133,54.757,72.607,60.578,71.882,121.241,44.894,54.023,43.299,70.902,109.13,388.785,74.176,50.725,102.538,31.259,50.644,45.197,33.971,50.635,43.732,45.07,56.474,41.819,107.9,109.7333,104.3333,102.6667,103.4333,103.5333,103.6,102.2667,188.9733663,154.6608025,51.1663,16.14092578,21.66447842,17.36232438,,75.602,75.064,,56.903,56.554,65.375,,65.44,54.103,7.9,7.1067,7.2633,7.9933,10.3367,12.14,11.03,12.47,2.1333,1.8,0.16,0.89,3.23,0.6,189.4,130.2,552.5333,2264.4,1509.6667,902.9985,517.6321,843.6318,746.3512,213.8534,1057.4852,21.1,31747.51,4153.394,70.98432247,27594.11,471.6020768,21998.4295,9749076.65,19390.19,15.8179,235.74,,,131.368,,2.346,238.3749,1.3763,1.3601,92.8,127.1788,6.8,9.4,41.55909,3416930,54.5649,65.8019,67.2082,15.3667,40.1667,43.3933,42237.3333,9.7733,-0.7933,1.8733,3.13,93.2,96.8667,105.3333,106.3333,114.5667,105.3,106.5,110.6667,108.3667,107.1667,107.6333,10.0433,63633.3333,111459.3967,419.337,0.523,397050,638990.2275,1.5979,0.1293,7.7,-0.2,247.6667,246,767.3333,546,12648.0692,296.4621,114.1,5.46,0.008,8.66,7096.75,1039.69,1889497.84,276815.25,5910989.14,4021.49,589.16,682.5844,188.3,209.1667,4.1475,11.357
12/1/1985,8073.239,5173.643,315.7024,3586.2303,1420.2847,1175.45,1150.7227,249.8597,732.628,434.9058,0.7,2079.283,0.2,1439.8332,1161.4548,416.959,637.314,5913.044,46.355,46.495,,56.5885,60.7498,73.1879,49.9241,29.9538,87.0126,58.5867,50.8417,80.1625,33.7265,65.6172,78.7981,77.7209,98428.3333,81754.3333,17699.3333,74906,23522.3333,10938,6761.3333,4878,8859,5932,2447,9051.6667,7980,3436,945,20526.3333,16674,11863.7667,4902.6333,3045.3333,3864.3333,9764.3333,108023.3333,64.9667,7.0333,5.984225134,1.061588878,19.1333,6.0333,6.3667,3426.6667,2515,1003,1233.6667,4057.3333,2227.6667,880,1034.6667,5488.3333,81.95,,81.138,40.7667,34.8333,3.4,4356,1824.6667,635.6667,1743,248,279.6667,830,467,656738.1323,120612.1395,176142.9597,,647112.0544,53481.1304,975035.983,53.727,54.703,55.042,73.061,60.829,72.322,121.555,45.237,54.45,43.618,71.234,110.09,385.644,74.102,51.154,103.032,31.393,51.219,45.737,34.401,50.861,44.128,45.554,55.237,42.322,109,111,105.4667,103.3,104.6,105.1,103.9667,102.5667,181.5326265,154.8355454,53.3704,16.12946853,21.55271543,17.3664413,,76.313,75.809,,57.131,56.736,66.432,,66.412,53.143,8.1033,7.1667,7.2567,7.8533,9.76,11.73,10.5767,11.9767,2.2167,1.97,0.09,0.69,2.59,0.61,191.6667,126.5,562.6333,2274.6,1527.8333,907.4416,528.8522,862.3756,765.2765,223.7775,1086.1531,20.7,32628.35,4331.225,73.24865126,28297.13,478.5543615,22627.0991,10001255.87,19987.38,17.1469,236.66,,,122.753,,2.1347,207.1808,1.4353,1.3796,91.1,123.7795,6.9,9.9,43.78715,3621907,54.8635,67.8303,67.5395,15.3667,40.2,46.6493,45234,9.2333,-0.9367,1.13,2.4733,95.1,93.5333,105.9333,107,116.4667,106.1,106.7333,112.0333,109.5,108.1,108.7333,10.1067,70108,119606.8533,429.9769,0.5321,394800,644773.5763,1.6013,0.1308,7.77,-0.33,263.6667,243.3333,771.6667,464.3333,12882.992,302.737,115.5667,5.68,0.0086,8.76,7142.5,1075.24,1892357.26,284876.88,5997032.67,4104.68,617.92,664.272,197,219.1333,4.0073,12.1218
3/1/1986,8148.603,5218.851,322.1085,3601.1221,1438.3712,1175.105,1154.0145,247.363,725.3698,452.5261,0.7,2095.711,-1.1,1448.0321,1182.8442,430.018,636.678,5990.8,46.838,46.953,,56.9289,61.0818,74.1335,50.1748,30.3642,88.2733,60.2979,53.4215,80.7176,33.5829,65.1445,78.9632,78.321,98837.6667,82094.6667,17657.6667,75356.6667,23481,10895.6667,6762,4908.6667,8937.6667,6007.6667,2449.6667,9121.6667,8048,3467.6667,914.6667,20581.3333,16743,11923.2667,4894.1667,3055.3333,3872.3333,9815.3333,108734.6667,65,7.0333,6.025366929,0.98146874,18.3667,6.0333,6.4333,3463,2523,1071.6667,1147.6667,4025.3333,2185.3333,972.6667,1012,5451.3333,81.965,,81.01,40.7,34.8333,3.3667,4282,1898.6667,607.3333,1798,294,315,809,480.6667,663536.483,121941.7341,179136.949,,652112.6368,51748.8841,983224.405,54.108,55.2943,55.313,73.396,61.047,72.085,121.582,45.896,54.176,44.3,71.554,110.003,382.258,74.273,51.464,102.288,29.389,51.852,46.349,34.945,50.687,44.763,45.91,57.554,42.912,109.5667,112.2,104.1333,101.7333,102.8,105.1333,102.1,101.1667,176.8068915,120.1465036,30.765,16.04747298,21.28024344,17.2832729,,77.01,76.361,,57.818,57.284,66.618,,66.565,53.654,7.8267,6.8967,6.9467,7.4567,8.5567,10.56,9.5733,11.0167,2.46,2,0.05,0.56,1.66,0.62,193.3,132.5,572,2296.4,1549,908.2239,533.4531,870.3055,781.6081,232.7286,1103.0342,32.8,33229.92,4328.513,72.25267142,28901.41,482.4298428,23127.8855,10102034.58,20468.96,21.6723,238.63,,,116.396,,1.9786,187.812,1.4405,1.4041,95.5,158.5329,7,9.7,44.07415,3671945,55.4843,67.679,65.9472,14.8667,40.1333,47.302,46497,8.16,-0.93,0.3333,1.7467,90.9667,94.6,105.5,106.2,118.8333,105.8,106.4333,113.5667,109.9667,108.4,108.8,10.14,72589,123148.45,452.3448,0.5233,372483,648615.0708,1.6117,0.1312,7.51,-0.31,265,282.6667,752.3333,498,13613.0216,347.853,117.3333,5.67,0.009,8.79,7166.54,1136.88,1901102.43,301586.72,6049291.53,4148.19,658.06,630.3668,219.9667,242.8667,3.6344,14.051
6/1/1986,8185.303,5275.72,333.457,3622.9754,1451.2263,1154.589,1154.2757,250.4251,710.6632,478.5161,0.3,2139.397,13.6,1450.5216,1194.405,434.648,663.766,6067.419,47.08,47.136,,56.5799,60.8115,74.4914,49.5611,30.0846,88.6853,60.3939,52.7491,81.204,33.0503,64.8682,78.2469,78.0915,99174.6667,82396.6667,17579.6667,75828.3333,23346.3333,10827,6752.6667,4930.3333,9031.6667,6091.6667,2422,9196.6667,8117.6667,3503.6667,836.3333,20687,16778,12029.8333,4891,3040.6667,3883,9854.3333,109205.6667,65.2333,7.1667,6.145474501,1.026165289,19,6.2333,6.4333,3557.6667,2680.3333,1030.6667,1207.3333,4177.6667,2179,1046.6667,1060,5787,81.752,,80.795,40.6333,34.6333,3.3333,4322,1878,583,1815,298.3333,290,776,513.6667,673158.172,122990.2678,171539.4678,,646121.1409,48703.8901,986620.815,54.051,55.673,55.507,73.876,61.159,71.058,122.142,46.28,52.883,44.72,72.209,110.523,379.061,74.996,51.613,101.318,24.131,52.158,46.908,35.48,50.948,45.05,46.431,56.925,43.51,109.0333,113.1333,102.7333,99.8333,100.8333,105.7667,99.8,98.7333,170.825475,73.04560192,25.0029,15.98620929,21.29096126,17.20167775,,78.298,77.623,,58.271,57.658,66.935,,66.806,53.443,6.92,6.14,6.18,6.6067,7.6033,10.25,9.0033,10.2733,2.67,2.65,0.04,0.47,1.46,0.5,199.3667,148.2,597.2333,2368.5667,1626.6667,914.1225,539.1021,883.4154,802.2075,239.5207,1122.9361,35.2,33795.44,4417.068,72.79977729,29378.37,484.1987727,23493.6828,10301753.09,20789.59,19.5171,241.95,,,110.701,,1.8653,169.8884,1.5094,1.3845,96.8,135.172,6.9,9.8,45.30682,3810010.9,55.4659,67.1437,66.5049,14.8667,40.0333,49.0883,48231.3333,7.4033,-0.78,0.4833,2.0833,86.1,94.9667,104.9333,101.5667,121.1333,103.5333,106.3667,114.9667,109.2,107.3,108.1,10.1733,78472.6667,129211.9533,458.6375,0.5123,380750,649449.6135,1.6185,0.1326,6.64,-0.28,289.3333,299.6667,716.6667,509.3333,16222.7169,389.76,118.9667,5.73,0.0094,8.85,7231.15,1186.22,1929663.66,316547.8,6102137.05,4172.47,684.46,609.5963,240.6,268.3,3.356,15.937
9/1/1986,8263.639,5369.049,361.8868,3653.3505,1454.2475,1123.532,1149.1751,248.9693,702.4986,485.0823,-0.2,2185.996,14.6,1470.2677,1205.4549,444.596,682.165,6106.1,47.521,47.637,,56.8018,61.1105,75.1001,49.6419,30.234,89.4428,62.0245,54.7964,81.2971,33.0847,66.6735,78.3203,78.31,99665,82835.3333,17494.6667,76439.6667,23225.3333,10750.3333,6744.3333,4937.3333,9145,6173,2443.6667,9276,8180.3333,3540.3333,793.3333,20851.6667,16829.6667,12153.0333,4905.3333,3033.6667,3889.3333,9906.6667,109970,65.3667,6.9667,5.955318599,1.02684606,18.2667,6.2,6.1333,3430,2529.3333,1073.6667,1214,4011.3333,2167.3333,1010,1050.6667,5517,82.192,,81.205,40.6667,34.6333,3.4,4336,1758.6667,520.6667,1730.6667,301.6667,299,706,452,683852.4163,127390.4447,172772.0645,,637710.3144,48292.2889,984524.548,54.336,56.055,55.771,74.453,61.296,71.387,123.162,46.545,53.02,44.998,73.245,111.08,376.628,76.296,52.403,102.027,22.517,52.701,47.297,35.971,50.945,45.38,46.892,55.892,43.939,109.7,114.2,102.6333,99.3667,100.6,108.7,98.7333,98.1667,149.2674703,68.7924757,24.721,15.93081517,21.28266411,17.13206851,,78.828,78.106,,58.52,57.958,67.389,,67.358,52.921,6.2067,5.5233,5.5867,5.99,7.3067,10.24,8.83,10.18,2.8733,2.93,0.06,0.47,1.78,0.45,203.5,160.2,618.7667,2412.9,1691.4333,919.2129,547.9693,898.102,826.4333,243.6684,1141.7703,30.4,34034.34,4541.272,74.37270869,29493.07,483.009988,23541.9891,10492355.72,20770.57,20.8549,243.96,,,106.109,,1.6866,155.8381,1.4877,1.3855,94.8,130.5635,7,10,46.12536,3911410.5,55.7944,69.5518,66.4595,15.3667,40.1,51.807,50933.3333,6.9267,-0.6833,0.72,2.6233,86.5667,96.0667,106.2667,100.6,123.2333,103.7667,106.7,116.1,109.5667,107.8667,108.7,10.2133,88231.3333,139423.1167,481.5922,0.5254,388300,649676.9209,1.5944,0.134,5.98,-0.23,296.6667,291.3333,664.6667,478,17982.4838,373.4625,119.9667,5.89,0.0099,8.92,7250.88,1222.99,1952727.75,329361.91,6171177.56,4218.45,711.52,592.8821,241.1667,266.6667,3.3951,16.1836
12/1/1986,8308.021,5401.98,356.1545,3693.443,1466.0626,1126.895,1158.0443,251.8093,709.2938,486.4443,-0.3,2176.964,-4.6,1507.1816,1209.505,461.206,687.459,6115.403,47.779,47.871,,57.4535,61.7358,76.0696,50.2614,30.6347,91.1226,63.4955,56.5378,82.0101,33.1993,66.4175,78.9102,78.9017,100312.6667,83314.3333,17475.6667,77096.3333,23216.3333,10706.3333,6769.3333,4969,9234,6238.3333,2461.6667,9366.6667,8273.3333,3581.6667,771.6667,20942.3333,16998.3333,12224.8333,4903.9,3047.3333,3926.6667,10024.3333,110492,65.3667,6.8333,5.834275728,0.991967371,17.7667,6.1,5.9333,3352,2542,1007.3333,1176.3333,3943.3333,2103,1037,997.3333,5631.3333,82.794,,81.815,40.7,34.6333,3.4333,4411,1712.3333,468.3333,1740.6667,299.6667,288,636,488.6667,688461.6543,128681.6657,173622.5568,,634030.6259,51007.0242,983113.673,54.665,56.5107,56.102,74.988,61.524,71.634,123.86,46.912,53.136,45.373,73.983,111.457,375.054,77.081,52.744,102.336,21.991,52.992,47.583,36.572,51.716,45.754,47.374,55.613,44.284,110.4667,115.3,103.5,99.7333,101.4667,109.5333,99.1667,98.3667,144.6927061,74.32252204,27.212,15.91437671,21.42361015,17.05871974,,79.388,78.643,,58.399,57.82,68.443,,68.406,52.101,6.2667,5.3533,5.4067,5.7967,7.2633,9.66,8.6767,10.0933,2.83,2.4,0.05,0.44,1.91,0.49,207.6667,162.7,641.2,2449.2,1750.8333,932.3346,554.0648,909.7823,851.7027,247.7025,1157.4848,16.1,34920.52,4658.856,76.18231861,30261.67,494.843392,24264.729,10655794.45,21443.32,19.8558,245.72,,,106.235,,1.6646,160.458,1.4298,1.385,92,111.8326,7.2,10.1,47.55286,4051651,56.4879,69.2611,66.3579,15.0667,40.0333,56.7717,55965,6.7533,-0.9133,0.4867,2.41,87.3,97.2,106.9,100.8,125.4667,104.2333,106.8,117.2,110.2333,108.4,109.3333,10.2767,94440.3333,146258.2167,493.7629,0.545,368233,648835.8836,1.5738,0.1353,5.85,-0.42,276.6667,290.6667,610.3333,563,17665.9239,355.8987,121.2667,6,0.0107,8.96,7250.44,1292.95,1973187.7,351872.28,6219876.8,4246.69,757.3,560.7682,243.7,270.8667,3.3919,16.4467
3/1/1987,8369.93,5407.372,335.0549,3753.3369,1467.9074,1157.306,1138.0282,243.1252,692.5205,485.6895,0.6,2189.731,2.6,1502.0965,1215.9126,461.617,683.429,6171.748,48.152,48.244,63.08,58.2136,62.4845,76.6645,50.9498,31.2501,91.8749,64.7407,58.9562,82.276,33.9681,65.9797,79.5467,79.5066,100920.3333,83872,17490.3333,77642,23278.3333,10705,6785.3333,5028,9344.3333,6304,2477.6667,9473,8347,3626.6667,760,21021,17048.3333,12263.3667,4926.7333,3065.3333,3943.6667,10039.3333,111206,65.4667,6.6,5.667123496,0.944484379,17.8667,5.8,5.8333,3366.3333,2402.3333,993.6667,1124.6667,3843.6667,2076,965.6667,992,5495.6667,83.786,141.955,82.832,41,34.7667,3.6333,4491,1761.3333,446.6667,1694.3333,372,285.3333,632.6667,471.3333,691743.2083,128163.103,174528.68,,629145.4453,49220.043,996180.974,55.179,56.865,56.427,75.31,61.84,72.879,124.904,47.095,54.321,45.557,74.474,112.05,377.453,79,53.249,103.625,24.426,53.757,48.005,37.103,52.371,46.253,47.888,53.566,44.246,111.8,116.2333,104.3333,100.9,102.4,108.3,100.7667,99.5667,141.6781027,90.91489295,32.0571,15.90901854,21.18461867,17.04037129,82.86,78.826,78.096,44.437,58.132,57.58,69.041,94.919,69.024,52.11,6.22,5.5367,5.5433,5.9233,7.1933,9.11,8.3667,9.66,2.4667,1.91,0.01,0.39,1.66,0.48,210.2667,159.8,654.3667,2458.3,1776.8333,963.7327,554.9376,897.0839,895.6157,250.0838,1147.1677,15.8,35806.47,4639.511,75.17337265,31166.96,504.9939957,24957.1248,10849343.18,22094.54,23.0456,249.03,112.16,,100.484,,1.547,153.2232,1.5419,1.338,90.5,117.7815,7.1,10.1,47.57835,4071701.2,57.3009,68.3309,67.55,14.8333,40.5,57.9127,57358,6.74,-0.6833,0.52,2.1467,90,96.9667,108.6,103.3,127.2333,106.0333,106.9,118.2667,111.7333,109.9667,110.8333,10.3033,91392.3333,142420.92,501.0779,0.5705,342533,653437.2342,1.5634,0.1323,6.02,-0.2,303,347,599.3333,445,20250.0512,409.6744,122.5,6.1,0.0105,9,7325.89,1261.4,1988426.58,342375.89,6260705.05,4272.28,735.62,580.773,279.3,316.3333,2.9837,18.7215
6/1/1987,8460.233,5481.166,348.8195,3790.3828,1479.0797,1157.909,1155.4395,250.2415,706.4799,487.4056,0.3,2206.709,5.6,1614.3584,1218.6321,480.634,700.528,6113.987,48.752,48.827,64.052,59.2304,63.2647,77.4453,51.9749,31.9535,93.7933,64.5023,57.7576,83.5658,34.7245,68.2057,80.4522,80.2293,101709,84594,17534.6667,78335,23374,10720,6814.6667,5073,9478.3333,6374,2496.3333,9586.3333,8412,3676,766.3333,21197,17115,12382.0667,4948.9333,3078.6667,3953,10083.3333,112158,65.5333,6.2667,5.361762276,0.909757837,17.0667,5.5667,5.4333,3214.6667,2169.6667,1005.3333,1088.6667,3640,1996.3333,955.3333,927,5326,84.29,141.574,83.287,40.9,34.7333,3.5333,4746,1612,403,1541,296.3333,273,631,411.6667,698682.4513,132469.2472,181782.5221,,639520.4398,53061.64,1006476.162,55.711,57.4163,56.81,75.509,62.19,73.601,125.882,47.54,54.918,46.01,75.767,112.44,374.35,80.014,53.672,104.765,24.989,54.32,48.517,37.747,52.714,46.773,48.289,53.62,44.536,113.0667,117.6333,105.2667,102.5,103.5,110.1667,101.9667,100.8333,139.6859297,95.38051305,33.7235,15.84918127,21.14957829,16.94063015,82.537,78.576,77.837,45.243,58.535,57.928,69.129,93.855,69.061,52.854,6.65,5.6567,5.98,6.7667,8.3433,10.32,9.1667,10.3567,2.0133,1.98,0.32,1.11,2.69,1.11,212.0667,159.6,658.3,2451.4333,1780.9333,961.1442,551.5814,891.2323,928.1022,256.9666,1148.1989,24.5,36131.39,4757.468,77.81286256,31373.93,513.1500179,25120.3114,11011082.28,22223.03,23.2077,250.44,114.57,,96.944,,1.4916,142.6424,1.6422,1.333,91.8,114.0202,7.4,10.5,48.04867,4145134.7,58.2741,70.6751,69.7421,14.8667,40.3333,58.8307,57895.3333,7.95,-0.9933,1.3,2.5167,93.6,102.6667,110.1333,104.6,129.2667,107.2667,107.9333,119.6,113.0333,111.1667,112.0667,10.3567,93369.3333,144598.9867,510.936,0.6325,329833,663493.9614,1.5531,0.1306,6.77,0.12,275.3333,281.3333,589,395.3333,24284.1597,421.1459,124.3,6.16,0.0103,9.04,7363.07,1227.74,1998216.76,333188.82,6276571.8,4278.36,713.39,599.725,293.2667,340.3667,2.8856,19.4298
9/1/1987,8533.635,5543.723,363.2514,3824.1383,1480.233,1158.077,1175.4149,256.8528,726.1118,483.3962,0,2209.027,-0.6,1588.038,1222.7554,501.498,714.183,6223.426,49.098,49.194,65.064,60.3374,64.412,78.47,52.9976,32.626,95.8225,64.6778,56.61,85.0112,35.8003,69.4923,81.4755,81.1206,102438,85282.3333,17638,78929,23509,10773.6667,6864.3333,5096.6667,9638.3333,6418,2516.6667,9695.3333,8436.3333,3724.3333,774.3333,21344.3333,17155.6667,12469.3667,4975.0333,3094.3333,3969,10092.3333,112866.6667,65.6,6,5.167263271,0.83748635,15.9667,5.2667,5.3,3210.6667,2110.6667,882.6667,1005.6667,3410,1905.6667,991.6667,875.3333,5378.6667,84.813,142.511,83.863,40.9,34.7333,3.6667,4928,1625,405.3333,1513.6667,281.3333,264.6667,658,421,707196.8907,135630.7508,181487.9402,,656085.4268,53064.2708,1007822.126,56.239,57.93,57.248,75.717,62.651,74.24,126.783,48.015,55.441,46.477,76.822,112.885,370.448,81.61,53.862,104.903,26.075,54.861,48.935,38.365,53.529,47.244,48.789,53.83,44.838,114.2667,118.7333,105.9333,103.6667,104.2333,109.9667,103.4333,102.3,137.8093331,102.8306419,35.1932,15.8179382,20.97947028,16.91113498,82.398,78.597,77.884,45.655,58.545,58.003,69.771,93.778,69.757,53.073,6.8433,6.0433,6.1833,7.1267,8.8767,10.5,9.7567,10.9067,2.03,1.62,0.14,1.08,2.83,0.87,212.3,160.9,652.1333,2440.7,1760.9333,960.2672,551.3472,893.8168,960.2859,266.2516,1160.0684,26.3,36655.2,4849.517,77.92358515,31805.69,511.0639409,25492.2976,11162905.23,22554.82,23.7715,251.03,116.92,,98.341,,1.5253,146.9731,1.6177,1.3224,93.9,86.7225,7.6,10.6,48.1165,4179087.5,59.3612,71.9855,71.0625,14.2667,40.3,58.999,58245.6667,8.4233,-0.8,1.58,2.9133,96.0333,113.2333,110.9667,106.4667,131.2333,108.4333,108.8,120.8667,114.2333,112.3333,113.2,10.4033,98396,151131.7767,517.6263,0.6836,318200,670053.4025,1.5359,0.1298,6.91,0.07,262,267.3333,576,408.3333,24804.7105,439.8906,125.2667,6.21,0.01,9.06,7406.58,1191.98,2003546.63,322440.62,6282823.9,4279.28,688.69,621.3692,319.4,373.2667,2.6982,21.1067
12/1/1987,8680.162,5555.451,353.4584,3861.5939,1482.0051,1236.986,1174.8896,252.0672,725.1975,484.1814,1.3,2242.147,6.9,1602.2418,1238.9295,520.207,730.605,6307.349,50.093,50.136,66.656,61.8079,66.0275,79.9417,54.4163,34.0748,97.2392,67.1822,59.4461,85.9592,37.4147,69.0974,83.0755,82.8848,103390.3333,86085.3333,17771,79677.6667,23712.6667,10868.3333,6902.6667,5158,9716.3333,6444.6667,2538,9798.6667,8582.3333,3767,783.6667,21525.6667,17305,12577.6333,5013.3333,3119.6667,4000.6667,10184.6667,113526.6667,65.7,5.8333,5.09047173,0.768994243,16.6333,5,5.1667,3197,2074.6667,858.6667,927.3333,3320,1917.6667,948.6667,884.3333,5420.3333,85.69,145.152,84.741,41.0333,34.7333,3.8333,5012,1523.6667,389.3333,1416.3333,283.3333,253.6667,609.3333,377.3333,711196.4433,135705.4238,183931.6354,,661763.0785,55163.619,1030083.025,56.725,58.519,57.678,76.357,62.933,74.647,127.299,48.534,55.788,46.997,77.241,112.687,371.629,82.626,54.011,106.433,26.16,55.212,49.444,38.951,54.34,47.692,49.179,54.367,45.258,115.3333,120.1,105.9333,104.1667,104.2667,109.6333,104.1333,103.4667,132.2642903,95.47120063,31.9068,15.818199,20.89924454,16.86061055,81.758,78.906,78.229,45.921,59.113,58.508,70.015,93.231,69.899,53.347,6.9167,5.8633,6.4133,7.24,9.1233,10.85,10.2133,11.38,2.2567,1.73,0.55,1.38,3.26,1.69,214.8667,165.8,653.1,2445.1333,1743.5,963.0647,556.0626,897.2959,987.7544,271.674,1168.9699,10.3,36289.9,4887.874,77.49490355,31402.02,497.8640244,25052.7606,11237134.95,22093.93,44.1545,250.09,118.97,,92.878,,1.4023,135.6531,1.7554,1.3113,86.4,144.8326,7.8,10.7,48.55667,4286848.8,60.9933,70.7375,72.8237,14.0667,40.4667,61.476,60694,8.6267,-1.0533,1.71,3.2967,95.2667,129.1,112.6667,107.1667,132.9667,109.2,109.1333,122.2,115.4333,113.2,114.2667,10.48,99928,153950.1133,522.1699,0.7093,308500,685662.924,1.5462,0.1286,7.56,0.64,256,259.3333,525,376,23446.1852,340.095,127.2333,6.36,0.0099,9.22,7421.24,1150.73,2012241.59,312016.06,6352101.44,4339.86,672.93,644.916,255.4,293.6333,3.4465,16.6147
3/1/1988,8725.006,5653.588,370.2,3914.1682,1497.9756,1177.604,1175.5725,259.9226,730.9935,475.5128,0.3,2223.44,-11,1619.5461,1252.5557,549.095,727.165,6399.868,50.317,50.323,66.766,62.3685,66.8084,80.5786,54.8305,34.3813,97.4277,66.6183,58.2769,87.1806,38.1321,72.2967,83.5817,83.16,104152,86751.6667,17819,80398.3333,23753.6667,10887.6667,6931.3333,5152.3333,9838,6473.6667,2555.6667,9933,8708.3333,3820.3333,782.3333,21669,17400.3333,12655.1667,5042.1,3119,4030.6667,10250.6667,114093.3333,65.8,5.7,5.000308001,0.717545307,16.1,4.9,5.0667,3061.6667,2116,863.6667,868.3333,3155,1893,1030,866,5297,85.754,145.922,84.824,41.0333,34.6,3.7667,4855,1425.3333,311.6667,1402.3333,235,278.3333,532.3333,379.6667,722132.7003,138876.9529,187426.9262,,674762.5094,59406.5465,1037553.6,57.173,59.0837,58.124,76.932,63.472,74.758,127.077,49.131,55.968,47.596,76.402,113.131,371.436,84.094,54.326,106.331,25.578,55.969,49.949,39.727,54.763,48.058,49.791,55.14,45.749,116.2333,121.2667,106.4333,104.7667,104.5667,110.3,104.5667,104.4333,132.2443275,82.93940918,28.2906,15.73481801,20.91419842,16.79545242,82.714,79.748,79.101,45.755,59.319,58.683,71.051,95.29,70.864,53.077,6.6633,5.7233,6.03,6.78,8.4167,10.07,9.5567,10.7533,2.3367,1.65,0.31,1.06,2.69,0.97,216.2667,176.5,652.6333,2468.7333,1743.0333,962.8761,563.596,897.7031,1009.2272,281.0475,1178.7506,14,36881.71,4916.849,76.82735298,31964.86,499.4611798,25482.2047,11399500.7,22501.25,31.9534,251.6,120.58,,89.755,,1.3748,127.9886,1.7974,1.2676,92.3,117.7194,8.3,10.7,49.03151,4350919.1,61.4007,74.7353,74.3603,14.1,40.3667,60.86,59783.3333,7.9067,-0.94,1.2433,2.8933,94.5,133.1667,112.9,107,135.1333,109.6,109.1667,123.4667,116.3,113.8,115.0333,10.5467,99007.3333,154801.68,528.4489,0.7018,319950,699307.8604,1.5497,0.1275,6.69,0.03,267,251.3333,513.6667,370.3333,24347.0095,357.0576,128.9667,6.47,0.0098,9.31,7467.67,1130.2,2038327.14,308491.48,6410275.4,4371.95,661.67,660.7402,258.1,298.0467,3.4512,16.1145
6/1/1988,8839.641,5695.326,370.3391,3948.7832,1509.8618,1205.662,1198.5498,266.379,747.3517,481.3768,0.4,2230.079,-3,1618.5422,1268.3323,564.482,718.789,6465.76,51.157,51.085,67.303,62.9002,67.4012,80.9864,55.444,35.0015,97.9156,68.5802,61.6047,86.8329,39.1481,70.5696,84.1589,83.8932,105006.6667,87524,17894,81097.6667,23909,10950.3333,6943.6667,5238.6667,10009.6667,6492.6667,2575.3333,10053,8731.6667,3875.6667,776.3333,21877,17482.6667,12782.8,5096.1,3102,4065.3333,10315.3333,114623,65.7667,5.4667,4.800875516,0.676499323,15.1667,4.7333,4.8667,3101,1963.3333,760,820.3333,3080.3333,1784.6667,958,837.6667,5116,86.931,146.917,86.029,41.0333,34.6,3.9,4949,1490.6667,368.6667,1452.6667,290,236.3333,582.6667,381.6667,732502.0047,141198.0393,188493.5599,,677815.6919,57210.537,1049191.888,57.805,59.8003,58.704,77.397,63.995,75.389,127.781,49.761,56.531,48.235,76.719,114.125,371.427,85.231,54.774,108.375,25.52,56.591,50.347,40.601,55.44,48.506,50.39,55.975,46.429,117.5667,122.7333,107.2333,106.5,105.4333,110.9333,106.0333,106.3667,129.6125287,84.27834501,28.901,15.70787747,20.83050317,16.75024225,82.529,79.871,79.271,45.81,59.465,58.765,71.851,95.958,71.543,53.508,7.1567,6.21,6.4933,7.3,8.91,10.37,9.81,10.98,2.07,1.46,0.28,1.09,2.7,0.97,218.7333,169.4,657.2667,2487.9667,1745.5,975.5573,570.8235,900.9439,1029.9807,285.8366,1186.7805,14.8,37315.64,5000.878,77.34400792,32314.76,499.7828179,25718.209,11597426.42,22704.19,25.4659,253.53,121.77,,88.77,,1.4188,125.7167,1.8415,1.2301,93.6,99.8614,8.5,10.5,49.08744,4407328.1,62.0408,72.4274,73.6507,13.4,40.4667,61.559,58674,8.42,-0.9467,1.2633,2.6533,96.0667,145.5667,115.2333,107.9,137.5333,110.8,109.9333,124.8667,117.6333,115.1667,116.3333,10.65,100050.6667,157475.32,540.7224,0.7452,311400,712956.044,1.5359,0.1272,7.18,0.02,240,271.3333,538.3333,403,27399.0121,378.5049,130.2667,6.55,0.0099,9.38,7516.82,1140.03,2065955.15,313332.12,6456949.76,4390.99,665.96,659.3499,263.1333,305.3167,3.4737,15.4168
9/1/1988,8891.435,5745.933,365.5182,4008.039,1520.2661,1212.36,1204.1554,269.2501,752.0338,481.6682,0.3,2230.341,-1.9,1628.3695,1274.0608,575.606,735.748,6528.255,51.427,51.348,67.361,63.1269,67.4834,80.9774,55.7756,35.1876,98.3962,68.0173,59.7823,87.0846,39.3087,72.2243,84.3482,83.9282,105745.6667,88188.3333,17910.3333,81801,23944.6667,10985,6925.3333,5269.3333,10228.6667,6507,2592.6667,10181.3333,8735.6667,3937,765,22061.3333,17557.3333,12893.6667,5140.5333,3121.3333,4094.3333,10341.6667,115232.6667,65.9667,5.4667,4.825055682,0.657279969,15.2333,4.7,4.8667,3107.3333,1973.3333,801.6667,801.3333,3106,1798.6667,962.6667,787.6667,5268,87.083,147.347,86.25,41,34.5333,3.7667,4926,1484,354,1445,265.6667,233.6667,577.6667,407,736301.4313,142858.4769,190736.4651,,685119.9093,63052.3495,1059079.47,58.517,60.4887,59.423,77.709,64.8,76.222,128.691,50.417,57.278,48.903,77.697,114.35,369.963,86.685,55.831,108.546,25.851,57.342,50.892,41.435,56.122,48.889,50.912,57.348,46.816,119,124.1,108.7333,108,107,114,106.8667,108.5,124.6555988,73.46520869,25.0703,15.66136342,20.79187485,16.66429792,82.543,79.957,79.431,45.716,59.625,58.964,72.564,97.26,72.235,54.333,7.9833,7.01,7.27,8.0033,9.1,10.5,9.9633,11.0733,1.9733,1.4,0.26,0.99,2.09,1.07,220.1,162.3,657.8,2480.7333,1727.1,983.0767,573.9953,900.0221,1053.32,290.6112,1190.6333,7.8,37555.98,5077.422,77.77610313,32478.56,497.5075482,25863.8364,11692147.33,22815.73,21.7065,253.2,124.13,,93.611,,1.5648,133.7017,1.6952,1.2193,96,93.2982,8.6,10.5,49.25732,4446883.8,62.1458,75.2617,72.986,13.5333,40.3667,62.2437,59070.6667,8.7633,-0.9733,0.78,1.98,96.9,151.8667,115.5667,109.4667,139.8,112.3,110.8333,126.3667,118.9,116.6667,117.7667,10.73,101269.3333,160123.8733,544.547,0.7371,313617,729185.7898,1.5462,0.1258,8.08,0.1,211.6667,254.6667,550,428.6667,27750.0633,384.1292,131.9,6.56,0.0104,9.39,7526.9,1188.77,2086263.89,329496.8,6469387.35,4383.12,692.25,633.1667,266.9333,307.18,3.5155,14.1911
12/1/1988,9009.913,5811.264,374.989,4041.8205,1536.1115,1230.861,1218.4353,272.6765,762.5056,484.8099,0.4,2273.619,11.5,1651.8359,1289.4247,593.175,758.16,6589.847,52.128,52.057,68.13,63.5828,68.2051,81.7087,56.046,35.7794,99.037,70.5854,64.1641,86.9278,40.0144,72.0294,84.7655,84.6604,106597,88879.6667,17998,82573.3333,24023.6667,11049.6667,6948.3333,5270.6667,10314,6525.3333,2617,10312.6667,8931.6667,3996,755,22159.3333,17717.3333,12916.5667,5179.5,3156,4114.6667,10446.6667,115947.3333,66.1,5.3333,4.738690214,0.601449537,14.6,4.7,4.6667,3058.3333,1951.3333,770,736.6667,3026.6667,1755.6667,980.6667,770.6667,5135.6667,88.106,148.334,87.22,41.0333,34.6,3.8667,4985,1551.3333,351.3333,1508.3333,295.6667,205.6667,602,448,749275.332,146988.3098,196391.2246,,694129.3322,61309.447,1071816.484,59.108,61.165,59.97,78.471,65.287,76.784,129.647,51.018,57.699,49.521,78.266,114.873,371.479,88.349,56.268,109.976,25.46,58.011,51.43,42.266,56.584,49.719,51.4,57.82,47.384,120.3,125.6,109.6,108.5,107.9,115.2333,107.5667,108.9333,128.1235522,66.91470427,23.9972,15.66258199,20.68180499,16.64899196,82.878,79.811,79.209,45.93,59.766,59.085,72.888,98.108,72.605,55.561,8.47,7.7267,7.86,8.5267,8.9567,10.39,9.51,10.5133,1.5567,1.44,0.13,0.8,1.23,0.94,220.5667,163.8,652.5333,2475.3667,1704,983.5333,577.4391,893.8955,1074.3069,298.3326,1192.2282,21.1,38088.77,5142.724,78.04010897,32946.04,499.9515569,26316.9574,11771809.04,23229.54,19.552,252.74,125.99,,89.511,,1.4949,125.1634,1.791,1.2068,93,105.2857,8.6,10.6,49.71548,4541503.7,62.8381,74.899,73.0779,12.9667,40.4667,62.6493,60357.3333,8.7967,-0.7433,0.3267,1.04,96.6333,167.7667,117.8,110.2,142.0333,113.2667,111.5667,127.9333,120.2,117.9333,118.9667,10.83,99826,160852.4867,546.9708,0.7621,291700,740534.9218,1.5256,0.1239,8.67,0.2,206,285.3333,562.6667,454.3333,28636.4108,377.8943,133.3667,6.88,0.0106,9.5,7595.74,1174.13,2115545.21,327016.24,6516147.17,4400.6,680.23,646.9236,274.9667,316.65,3.5063,13.3722
3/1/1989,9101.508,5838.225,373.3201,4069.4808,1543.0679,1272.638,1229.3103,275.9451,774.7205,480.1664,0.9,2263.625,-7.1,1702.8969,1299.78,610.891,761.686,6664.872,52.676,52.662,68.66,63.8695,68.546,82.1621,56.2408,35.8354,99.687,72.1929,66.9123,86.8212,40.3275,71.935,84.8285,84.7558,107403,89600.3333,18057.3333,83321,24082,11084,6973.3333,5275.6667,10420.6667,6539.3333,2625.3333,10458,9088,4048.6667,749,22338.3333,17802.6667,13018.1,5239.4667,3156.3333,4135.6667,10510.6667,116835.3333,66.3667,5.2,4.654125215,0.55088237,15.1,4.4667,4.6,3127.3333,1912.3333,700,679,2926.6667,1790,952.6667,757,4942.6667,88.945,148.997,88.087,41.1333,34.5667,3.9333,4818,1489.3333,385,1354.3333,285.6667,214.6667,585,404,750581.8613,148129.1476,195939.8275,,711200.644,62646.6083,1086229.748,59.787,61.8323,60.547,78.921,65.949,77.602,130.304,51.633,58.489,50.161,79.215,114.365,372.031,88.88,57.078,109.864,26.185,59.043,51.872,43.222,57.871,50.453,51.998,58.265,47.764,121.6667,126.9333,111.7667,110.9333,110.3,117.5667,110.0667,111.3333,133.483292,82.96034647,29.7849,15.6498546,20.7065193,16.59325561,82.383,79.234,78.659,46.081,59.8,59.207,72.968,98.191,72.773,56.117,9.4433,8.54,8.5867,9.29,9.2067,10.8,9.6867,10.6433,1.4367,1.6,0.05,0.75,0.67,0.91,219.6,160.8,644.5667,2461.2667,1670.3333,991.8446,578.4399,915.1981,1104.229,304.183,1219.3811,15.8,38449,5158.581,77.39955572,33290.41,499.4906781,26593.099,11855898.24,23477.81,17.7184,252.91,127.79,,91.273,,1.5823,128.5501,1.7468,1.1919,95.9,95.712,8.8,10.6,49.73276,4584438.1,63.17,74.7879,72.975,12.4333,40.4333,61.3797,59730.3333,9.31,-0.9033,-0.1333,0.2433,102.2,173.4667,117.8667,111.6667,144.8333,114.5667,112.0333,129.4333,121.5,119.3667,120.2667,10.9133,87361.6667,169751.1633,548.4704,0.7515,305167,759618.9987,1.5428,0.1247,9.45,0.01,203.3333,263.6667,505,382.3333,31714.2558,399.0518,134.8333,7.09,0.0118,9.8,7855.85,1304.23,2123271.01,352504.81,6541250.06,4417.98,733.47,602.3382,290.7,335.62,3.4048,13.0919
6/1/1989,9170.977,5865.477,378.3023,4085.9738,1545.4499,1260.328,1230.9135,281.8968,785.1931,465.1525,0.6,2298.443,8.4,1687.355,1314.1651,637.638,765.297,6645.224,53.043,53.056,68.241,63.6398,68.422,81.5966,55.9564,35.2936,99.4908,70.5052,63.6989,86.8044,40.5836,71.9302,84.0755,83.6789,107910.3333,90034.3333,18036,83830,24080.3333,11052.3333,6983.6667,5297.3333,10610.6667,6554.3333,2642,10551.3333,9018.3333,4098.6667,747,22478.6667,17876,13129.2333,5250.4,3140.6667,4169,10566.3333,117204.6667,66.4,5.2333,4.704554595,0.529368199,15.0333,4.4,4.7667,3155,1997,693.6667,654.6667,2825,1929,1026.6667,708.6667,4971.3333,89.162,148.8,88.421,41,34.4667,3.7667,4770,1355.6667,306.3333,1359.6667,248.3333,184.6667,529.6667,393,748638.5683,151479.7537,188839.23,,717680.2919,62077.9747,1098658.432,60.593,62.3943,61.202,79.422,66.641,78.951,130.41,52.195,60.031,50.764,79.611,113.763,369.791,89.797,58.101,110.393,29.563,59.782,52.381,44.129,58.177,50.899,52.619,58.819,48.203,123.6333,128.3,113.7,112.8,112.5,118.0333,112.2,112.5333,132.6491624,94.40094998,32.6313,15.63181551,20.70710445,16.51326438,81.101,78.379,77.944,45.861,59.989,59.505,73.029,98.595,72.845,57.894,9.7267,8.41,8.33,8.9267,8.7733,10.67,9.4867,10.3667,1.5933,1.9,-0.08,0.52,0.36,1.05,218.3333,170.2,627.6,2438.8,1628.0333,997.7388,580.6068,919.5448,1129.5263,313.0476,1232.5924,16.7,38920.13,5252.997,79.04921013,33667.13,506.6364934,26939.0711,11981055.87,23803.9,17.1536,254.08,129.47,,95.364,,1.6949,137.9603,1.6282,1.1933,90.9,97.1729,9,10.6,49.8876,4620868.7,62.738,75.4115,71.7002,11.8667,40.3667,59.8963,58063.3333,8.8333,-1.3167,-0.8933,-0.24,103.9333,161.7667,118.7333,115.5,147.5667,116.9333,111.9667,131.0667,123.4,121.5,122.2,10.98,89382.3333,172443.16,554.2881,0.7372,323100,777384.6929,1.5634,0.1249,9.46,-0.26,184.3333,248,522.6667,404.6667,33524.6729,434.0823,136.4,7.11,0.0114,9.74,7775.33,1245.92,2134277.7,341997.83,6560137.15,4425.86,709.2,624.0618,313.3,360.02,3.2553,13.1411
9/1/1989,9238.923,5922.261,386.8603,4112.8539,1560.9743,1249.012,1252.4722,287.4345,805.1549,463.0265,0.2,2319.122,3.3,1697.9386,1326.8577,644.151,764.256,6689.365,53.418,53.453,67.699,63.2492,67.8272,80.3693,55.6817,34.9723,98.5756,68.7854,60.5571,85.8229,40.5621,71.2875,83.0202,82.4084,108186,90212.3333,17955.3333,84161,24025,10972.3333,6983,5323.3333,10794.6667,6571.6667,2582.3333,10618.3333,8931,4135.3333,746.3333,22554,17973.6667,13176.6,5247,3131.6667,4201.3333,10640.6667,117493.6667,66.4667,5.2333,4.788256581,0.478410557,14.6667,4.5333,4.7333,3159,1993.3333,772.3333,593.3333,2952.6667,1843.6667,1036,658.6667,4879,89.475,148.039,88.616,40.8667,34.4667,3.7333,4620,1346,292.6667,1310.3333,258,167.6667,528.6667,391.6667,749058.7057,154145.8571,184098.1613,,718760.3298,59220.2771,1102913.013,60.95,62.8593,61.656,79.832,67.039,78.968,130.703,52.7,59.981,51.319,79.506,114.741,368.511,90.868,58.623,109.064,28.201,60.6,52.954,45.079,58.146,51.549,53.238,58.76,48.545,124.6,129.5333,113.7333,112.4,112.2,118.6,111.8333,112.0333,130.3445795,89.93975405,30.629,15.65930942,20.70236239,16.52367305,81.576,78.521,78.027,45.731,60.28,59.741,73.347,100.177,73.151,58.568,9.0833,7.8433,7.6967,8.0967,8.1067,10,8.9667,9.8867,1.78,1.89,-0.15,0.25,0.26,0.81,218.4333,184.9,625.5,2466.3667,1645.8,1009.3573,583.6789,918.6609,1161.3966,320.5901,1239.251,7.4,39628.69,5347.484,79.94008477,34281.21,512.4732876,27403.2804,12225412.43,24236.55,18.6466,257.54,129.48,,95.991,,1.6584,142.3264,1.5977,1.1826,92.5,90.4495,8.9,10.3,50.17117,4688155.9,62.2321,74.2711,72.0762,11.5667,40.3667,60.0013,59314,8.03,-1.24,-1.0533,-0.1167,102.4,146.3,118.0333,114.6,150.6667,117.1667,111.9333,132.7333,124.3333,122.2,123.0667,11.08,91150.3333,175440.0367,555.2708,0.7074,337367,789026.0772,1.5875,0.1242,8.65,-0.43,171.6667,247.6667,500.3333,390.6667,34441.9586,459.3895,138.1333,7.17,0.0114,9.7,7696.55,1227.18,2151125.46,342987.99,6573193.22,4422.07,705.08,627.1722,341.9333,391.1733,3.0852,13.8673
12/1/1989,9257.128,5948,375.1068,4151.6613,1578.7484,1239.747,1236.2639,279.5898,797.025,453.2081,0.3,2330.755,-1.8,1706.3743,1344.6219,653.902,778.084,6745.986,53.426,53.484,67.688,63.5208,68.1826,81.5114,55.8409,34.7958,98.3886,68.9062,60.9103,87.4447,40.4935,73.4676,82.8015,81.872,108688,90633,17887.3333,84703,23985,10904,6983.3333,5340,10790.6667,6581.6667,2639.3333,10715.3333,9209.6667,4181.6667,757.6667,22529.6667,18055,13118.6,5239.7667,3114.3333,4221,10719.6667,117774.3333,66.5333,5.3667,4.84428277,0.51855378,15.2667,4.6333,4.7667,3246.6667,2004.6667,749.6667,645.3333,3088.3333,1864.6667,1029.6667,683.3333,4786.6667,89.448,146.225,88.615,40.6667,34.4333,3.6,4636,1337.3333,298.6667,1377,283,157.6667,499.3333,397.3333,749778.8197,154155.1913,187564.4517,,721272.7293,61360.284,1111527.179,61.43,63.4343,62.077,80.248,67.422,79.297,131.132,53.243,60.259,51.92,79.884,114.97,370.023,90.824,59.063,110.247,27.537,61.079,53.575,46.02,58.514,51.974,53.808,59.03,48.883,125.8667,131.1,114.9667,112.8333,113.4667,120.7333,112.2667,112.1333,127.4793789,91.95586093,32.0523,15.67499421,20.75624588,16.47897929,82.556,78.954,78.451,46.29,60.29,59.793,74.329,101.035,74.19,58.019,8.6133,7.6533,7.51,7.8267,7.9067,9.82,8.89,9.8133,1.9067,1.91,-0.14,0.17,0.25,0.74,218.8333,185.9,626.9667,2489.3333,1670.8,1007.1615,586.7175,917.8391,1186.3742,327.7756,1245.6147,6.9,40031.25,5429.796,80.48929132,34601.46,512.9191649,27738.9145,12292336.92,24551.07,20.6363,257.35,129.6,,94.333,,1.6059,143.142,1.5855,1.1686,91.8,102.1804,9,10.4,51.38111,4807087.7,62.3041,78.1813,70.9172,11.7333,40.2333,61.3417,60951.3333,7.8433,-0.96,-0.77,0.2767,103.7667,143.3333,119.8,114.5333,153.9333,118.1,112.7,134.3,125.5667,123.3,124.2,11.17,86439.3333,177403.45,566.6222,0.6948,351733,794078.7952,1.591,0.1233,8.39,-0.22,168.3333,259.6667,505,444,36473.3016,458.1256,140.1667,7.32,0.012,9.66,7498.98,1232.21,2167184.3,356105.78,6602005.28,4434.82,728.72,608.5788,345.4,394.4867,3.1628,13.8699
3/1/1990,9358.289,5998.058,390.9565,4173.0985,1576.7655,1252.058,1250.9367,280.8903,807.2523,457.2235,0.2,2368.025,6.8,1693.3326,1365.4092,682.3,802.759,6797.794,54.084,54.112,68.206,63.9418,68.6198,81.551,56.0922,34.9783,99.5578,68.7921,59.2329,87.5629,41.2324,70.4725,82.7885,82.092,109425.3333,91218,17852.6667,85400,24025.3333,10852,7000.6667,5410,10820.6667,6595.3333,2675.3333,10875.6667,9304,4238,762.6667,22683.6667,18207.3333,13239.3333,5241.3667,3135.3333,4258,10814,119114.3333,66.7333,5.3,4.795089092,0.505371559,14.7,4.6,4.7,3206,2086,728.6667,635.6667,3101,1843.3333,1070.3333,713,4840.3333,89.59,144.542,88.877,40.5667,34.4,4,4476,1425.6667,323.3333,1441,290.3333,170.6667,548,416.6667,756647.405,159097.439,184212.9633,,731561.2244,60922.7806,1113757.088,62.32,64.1653,62.753,80.725,68.144,80.753,131.829,53.878,61.783,52.57,79.984,115.463,368.919,93.987,60.413,111.942,29.646,61.982,54.079,46.878,59.419,52.843,54.465,59.461,49.427,128.0333,132.7667,117.6,114.5,116.6333,124.5333,113.6333,113.1333,130.2417216,98.35194563,33.8598,15.68865502,20.80062866,16.55079844,82.121,79.222,78.859,47.188,60.853,60.399,75.139,100.156,74.923,58.525,8.25,7.76,7.7,8.1267,8.4233,10.12,9.1933,10.0967,1.6733,1.7,-0.06,0.37,0.66,0.41,218.6667,186.5,623.5333,2482.7333,1676.2333,992.5722,585.9697,907.8297,1206.3209,336.4913,1244.321,1.9,39881.57,5473.417,80.5175469,34408.15,506.1664249,27583.4598,12298108,24363.97,21.5262,255.84,128.91,,93.056,,1.5062,147.9944,1.6573,1.1828,91.3,92.0051,9.2,10.7,51.96856,4897236.8,62.9462,72.925,72.1574,11.7,40.2667,61.3813,60044,8.38,-0.49,0.13,0.9433,106.2,131.6,121.9,117.1667,157.1333,120.6,113.3333,136.0667,127.5,125.6333,126.3,11.34,82001,177063.0667,586.54,0.6713,354817,797101.9832,1.5634,0.1209,8.17,-0.08,175.3333,331,523.3333,411.3333,35304.2405,433.7406,141.6333,7.34,0.0116,9.59,7370.32,1162.87,2150871.68,339359.43,6566390.29,4415.52,696.67,633.8034,336.2933,387.8,3.3399,13.5598
6/1/1990,9392.251,6016.329,378.0336,4223.7091,1578.5583,1252.449,1226.2137,272.3467,796.7398,439.1839,0.6,2371.758,0.5,1701.2308,1367.8784,690.785,801.412,6845.103,54.22,54.264,68.61,64.4205,69.294,82.1712,56.5085,35.5784,99.306,70.1374,63.107,87.8471,42.1628,71.3614,82.8994,82.1256,109794.6667,91284,17806,85893.6667,23901,10828.6667,6977.3333,5326.3333,10955.6667,6617.3333,2689.3333,10916.6667,9265.3333,4264.6667,768.6667,22674,18510.6667,13218.2,5233.9333,3342,4295.6667,10873,118995.3333,66.5333,5.3333,4.825023738,0.512575819,14.6667,4.7333,4.7,3179,2186,764.6667,644.3333,3173.3333,1859.3333,1026.6667,660.3333,5097.6667,89.124,144.62,88.483,40.6,34.3333,3.8667,4242,1212.3333,269,1103.6667,260.3333,122,500.6667,329.3333,759245.231,158179.9288,183564.0428,,734726.1486,56715.199,1124824.535,62.886,64.882,63.455,81.008,68.757,81.059,131.842,54.553,62.136,53.297,79.557,115.582,367.66,96.05,60.576,113.685,29.116,62.777,54.693,47.882,60.254,53.576,55.085,59.88,50.131,129.3,134.5,117.5,114.3333,116.2333,123.5667,113.3,113.0333,122.3307548,79.64134264,27.5867,15.6591803,20.63240518,16.54280863,82.777,80.042,79.764,47.442,61.277,60.886,76.081,101.329,75.858,58.846,8.2433,7.7467,7.7433,8.2733,8.6767,10.34,9.3967,10.31,1.6333,1.66,0,0.53,0.93,0.48,221.8667,191.3,623.6333,2479,1678.6,987.503,578.2987,890.18,1228.958,343.5446,1233.7245,7.1,39919.87,5524.814,80.71192323,34395.06,502.476884,27699.9584,12219916.16,24473.95,18.3082,254.05,126.91,,93.444,,1.4438,155.3995,1.675,1.1706,90.9,105.2421,9.2,10.3,52.7473,4999131.8,63.4099,75.5605,69.7139,11.7,40.1,61.3083,60034.3333,8.6467,-0.4967,0.4033,1.1533,102.1333,138.2,124.1,117.7333,160.8,121.2,113.1333,138.0333,128.8667,126.7333,127.4667,11.42,80366.6667,178299.7933,601.061,0.6323,359800,804775.2303,1.5703,0.1179,8.23,-0.01,122.3333,229,419.6667,332.6667,31173.6184,444.8484,143.8333,7.31,0.0112,9.54,7316.47,1121.31,2131887.66,326729.3,6520541.91,4388.65,672.6,652.4936,349.6067,407.5867,3.3062,14.5859
9/1/1990,9398.499,6040.163,374.2002,4257.5212,1581.1387,1228.17,1216.1542,276.2373,802.3843,415.5494,0.4,2375.531,-1.7,1714.7131,1376.946,696.014,798.176,6842.681,54.113,54.201,68.724,64.6892,69.6071,82.4172,56.8009,35.7871,99.4584,68.9488,61.437,88.7434,42.7386,73.0638,82.8125,81.8666,109653.6667,91169,17654,85998.6667,23655,10712.6667,6941.3333,5235,11096.6667,6630.6667,2696,10910.3333,9294,4267.3333,766,22619,18484.6667,13167.8667,5233.4,3194.6667,4322.6667,10967.3333,118712,66.4667,5.7,5.105410398,0.582326568,15.9,5.0667,5,3273.6667,2289.3333,879,733,3467.3333,1968.3333,1034.3333,674,5335,88.564,143.24,88.017,40.5333,34.2333,3.9333,4017,1132,244,1041,240,116.3333,451,324.6667,758904.637,160248.648,182234.1204,,732865.3538,59343.2967,1132312.292,63.685,65.5377,64.004,81.509,69.269,82.204,131.9,55.197,63.442,53.997,79.574,115.842,366.623,96.324,61.431,114.083,31.809,63.646,55.403,48.954,60.558,54.521,55.666,60.19,50.528,131.5333,136.5,119.2667,116.4667,118.2667,124.5,115.9,114.2,118.6241999,107.9937165,40.4053,15.63481211,20.4870557,16.51474418,82.282,79.805,79.539,47.978,61.48,61.2,76.709,101.222,76.615,59.207,8.16,7.4767,7.4067,7.8267,8.7033,10.1,9.4033,10.4167,1.7133,1.4,-0.07,0.35,1.23,0.47,223.4667,199.1,619.8667,2463.5667,1676.4,976.4147,569.3098,879.5853,1249.5687,354.3577,1233.943,10.2,39361.22,5565.958,81.34177468,33795.27,493.8892635,27186.4016,12174823.38,23952.88,27.2275,253.02,123.85,,88.556,,1.3356,144.9803,1.8635,1.1534,79.1,137.1434,9.2,10.5,53.75313,5077040.1,63.59,76.8919,72.2463,12.1667,40.1,61.0277,60258.6667,8.4267,-0.6833,0.2667,1.2433,109.1,144.2667,124.7,120.8,164.7,123.2333,113.3333,140.4333,131.1667,128.8,129.5667,11.5033,80064,184968.6967,613.013,0.562,381750,814991.0728,1.5703,0.1163,7.94,-0.22,114.3333,221.3333,399.6667,305.6667,27834.8525,407.7856,146.4667,7.41,0.0122,9.57,7267.86,1196,2112963.95,347710.68,6496907.71,4383.94,721.42,607.6788,335.3967,396.45,3.5245,14.4598
12/1/1990,9312.937,5994.212,363.8934,4247.3716,1565.246,1159.464,1184.7993,272.1468,789.7617,391.5416,-0.2,2391.414,0.5,1722.511,1392.3886,702.143,776.77,6784.328,53.322,53.483,67.504,63.6874,68.3351,80.9439,55.9594,34.7451,98.9707,64.1187,53.56,88.8175,41.8944,70.9266,81.1837,80.0738,109249,90795.3333,17466.6667,85929.3333,23319.6667,10557.3333,6909.3333,5092,11222.6667,6612.6667,2692.6667,10826.6667,9285.3333,4274,761,22561.6667,18453.6667,13117.3,5210.8,3110.6667,4342.6667,11000.3333,118361,66.4,6.1333,5.468375107,0.645670075,17,5.6333,5.1667,3417,2482,960.6667,814,3864.3333,2062,1031,704,5555,88.323,141.136,87.632,40.3,34.1667,3.7667,3495,1042.6667,222.6667,909,239,131.3333,422.6667,249.6667,740362.7567,160708.0945,174201.0149,,732720.0145,61196.828,1130496.673,64.527,66.0877,64.493,81.838,69.771,83.694,132.167,55.757,65.086,54.591,80.128,115.587,365.144,96.723,61.82,114.187,37.096,64.269,55.765,49.966,61.372,55.121,56.137,60.425,51.122,133.7667,138.0667,122.1667,119.8667,121.7333,124.9333,120.3667,117.3333,122.2037045,148.6160284,48.2038,15.61561309,20.43245309,16.50838578,81.942,79.194,78.848,47.829,60.848,60.554,78.05,102.692,78.014,58.843,7.7433,6.99,6.9633,7.3033,8.3967,9.95,9.2933,10.5967,2.2,1.56,-0.03,0.31,1.41,0.91,225.1333,215.1,614.6667,2440.5,1671.4667,967.5502,567.7547,867.7625,1263.4998,360.1807,1227.9432,-1.7,39800.07,5619.662,82.83298896,34180.41,503.8142238,27749.3388,12050732.36,24504.66,25.3873,249.92,120.94,,84.43,,1.2734,130.8985,1.9439,1.1613,65.1,140.2985,9.5,10.8,56.03613,5214592.3,62.5045,75.107,69.2028,12.3667,39.9333,60.7263,60404,8.0267,-0.7533,0.2833,1.55,118.1333,143.3,125.6667,126.2,168.6,126.0333,113.9,142.1667,133.6333,131.4,131.7333,11.5833,77857.6667,187293.9767,618.3053,0.4541,442333,820771.1743,1.5875,0.1152,7.9,0.15,107.3333,194.3333,359.6667,247.6667,23678.7046,351.2522,147.3,7.39,0.0116,9.56,7312.51,1151.72,2082340.8,327968.29,6462257.96,4379.92,689.84,634.9214,317.0533,371.7,3.7914,13.9976
3/1/1991,9269.367,5971.672,353.862,4244.2337,1565.9404,1120.884,1152.0969,262.349,773.9377,370.8735,-0.3,2405.676,4.6,1682.4155,1394.4762,706.434,767.918,6801.283,52.963,53.077,65.95,62.4835,67.3545,80.1513,54.8004,33.4914,97.072,61.4891,50.242,88.8938,40.9572,72.0103,79.3696,77.9442,108789,90307.6667,17227,85875.6667,22913.3333,10360.3333,6866.6667,4927.3333,11381,6604.6667,2692.6667,10768.3333,9275,4268.3333,759,22404.3333,18481.3333,13013.9,5173.0333,3096.3333,4358,11027,117782.3333,66.2333,6.6,5.854494896,0.719940131,18.1,6.1333,5.5,3531.3333,2763,1078.3333,907.6667,4461.3333,2069.3333,1037.6667,729.3333,5832.6667,87.46,138.27,86.781,40.1,34.1,3.6667,3076,894.6667,159.6667,850,209.3333,90.3333,376,219,728911.5887,158104.5643,163800.3173,,728784.5052,56318.859,1124224.101,64.866,66.6743,65.12,82.564,70.392,83.643,133.298,56.258,64.763,55.149,81.341,115.818,365.995,97.802,62.685,114.429,32.843,65.462,56.32,50.88,61.287,55.85,56.858,59.759,51.887,134.7667,140.0667,121.9,117.4667,121,124.9,117.4,115.8333,124.491377,103.1301225,32.6737,15.58823268,20.44783776,16.46813606,82.456,79.231,78.861,47.697,61.03,60.687,78.302,104.169,78.227,60.033,6.4267,6.0233,6.0433,6.4367,8.0167,9.5,8.9333,10.2033,2.1867,1.48,0.02,0.41,1.99,0.64,229.7,239.7,618,2452.1667,1700.7667,953.5948,557.3962,846.9831,1277.6991,363.8717,1210.8548,-14.8,40375.62,5608.774,82.46641163,34766.85,511.1807676,28372.9775,12002647.21,25109.87,21.4546,249.8,117.44,,85.654,,1.3106,133.8737,1.9067,1.156,75,135.6326,9.5,10.3,57.41652,5342072.9,61.0874,76.0229,70.7734,12.6,39.7667,49.3367,48994.3333,7.6467,-0.4033,1.22,2.5067,105.9667,128,127.0667,124.0333,172.1,125.9,114.9667,144.2667,134.6667,132.1667,132.6,11.6567,71279.3333,186765.8067,631.0895,0.3716,474117,819706.077,1.6323,0.1131,6.67,0.24,97,193,330.3333,229.6667,25024.7014,427.5075,148.5,7.37,0.0106,9.49,7267.31,1043.92,2058768.04,295734.4,6414240.25,4355.47,625.65,696.1544,353.3433,417.53,3.4397,15.9783
6/1/1991,9341.642,6021.163,355.6367,4286.4769,1575.0963,1120.88,1155.5141,260.6639,770.0402,382.2586,-0.3,2415.461,1.6,1678.5742,1400.1242,732.19,781.568,6851.042,53.489,53.604,66.353,62.8478,67.7953,81.2067,55.1294,33.7523,97.3406,63.9004,54.3873,89.3265,41.1332,73.7995,79.5803,78.0248,108318.3333,89803.6667,17069,85693,22625.3333,10243.6667,6825.3333,4808,11498,6569.3333,2684,10706.6667,9232.6667,4250.3333,748.3333,22237.3333,18514.6667,12891.1667,5149.9333,3095,4362.3333,11057.3333,117729.3333,66.2667,6.8333,5.997909471,0.826295932,18.3667,6.4333,5.7667,3483,2842.3333,1286.3333,1044,4667,2169.3333,1006,789.3333,6140.3333,86.922,137.643,86.241,40.2667,34.0667,3.6333,2996,1011,136,957,235.6667,116.3333,392.3333,266.6667,744801.909,161330.7154,163849.0759,,712812.5582,47957.0364,1116714.389,65.221,67.188,65.589,82.668,70.773,83.808,133.633,56.688,64.87,55.593,81.749,116.114,364.617,98.336,63.31,115.133,30.953,66.316,56.598,51.692,61.576,56.635,57.381,59.46,52.403,135.5667,141.3333,121.4333,116.3,120.2333,125.1333,115.9333,114.0667,117.331435,84.9853384,30.8884,15.60796933,20.31141293,16.50590873,83.248,80.387,79.974,48.206,62.023,61.669,78.501,104.535,78.456,60.579,5.8633,5.56,5.69,6.2433,8.13,9.53,8.91,9.92,1.79,1.4,0.13,0.68,2.57,0.47,232.6,251.7,626.6667,2465.5,1741.6333,935.3788,551.0963,828.3976,1284.423,373.0404,1201.438,1.8,40232.69,5662.867,82.65701598,34569.82,504.5921773,28270.8862,11961802.7,25006.5,17.689,249.57,115.53,,90.879,,1.4757,138.3607,1.7077,1.1491,80.7,99.646,9.6,10,57.74551,5424614.8,61.367,78.3036,71.6164,13.3667,39.9333,49.9197,49628.3333,7.78,-0.3033,1.9167,3.0467,100.1,120.5667,127.8,123.0333,175.3,126.3667,115.8333,145.4,135.3333,132.9,133.2667,11.7367,69475.6667,188178.7833,650.4845,0.3475,447617,807983.5114,1.5772,0.1101,6.03,0.17,108,214.6667,377.6667,256.6667,25634.9184,492.6103,149.7,7.35,0.0105,9.43,7237.16,1029.3,2048531.22,291352.32,6362495.58,4313.96,613.55,703.1114,378.6533,450.3633,3.2061,17.4457
9/1/1991,9388.845,6051.184,361.0998,4305.0255,1577.711,1143.073,1156.8712,264.6323,763.4045,395.1548,0,2408.695,-5.2,1681.5484,1408.2251,749.521,803.562,6879.012,53.884,53.929,67.693,63.7376,68.6962,82.5068,56.0368,34.7689,98.9957,66.7754,58.3102,89.8832,41.8124,74.2936,80.4358,79.1267,108314.3333,89745,17016.6667,85825.6667,22488.6667,10178.3333,6838.3333,4737.6667,11615.6667,6541.3333,2674,10739,9234,4242,734.3333,22210.3333,18569.3333,12867.5333,5140.6,3125,4345,11099.3333,117660,66.1,6.8667,5.939234073,0.914853464,19.0333,6.5333,5.6333,3448.6667,2763,1292.6667,1155.6667,4786.6667,2116.3333,986.3333,802.6667,6256,86.849,137.946,86.139,40.5667,34.1,3.9333,2893,1042.3333,126.3333,963.6667,240.3333,110,431,261,753268.1153,161564.0686,174338.9267,,710437.0715,55043.1451,1119956.156,65.664,67.7933,66.092,82.81,71.24,83.961,134.128,57.248,64.929,56.202,82.381,116.801,359.868,99.932,62.985,116.077,30.642,66.913,56.892,52.569,62.532,57.215,57.839,60.422,52.977,136.6,142.8667,121.3,116.1333,119.8667,123.3667,116.2,113.8,112.2612876,88.5524135,31.9422,15.57680587,20.11517442,16.50612144,83.633,80.86,80.411,49.072,62.555,62.095,78.861,103.789,78.719,61.309,5.6433,5.3767,5.4467,5.8867,7.94,9.28,8.7867,9.6833,1.7433,1.34,0.07,0.51,2.56,0.4,234.7667,253.2,634,2456.3333,1762.6,915.6129,538.964,805.6612,1274.7687,377.8217,1183.483,0,40341.86,5674.254,82.48646723,34667.61,503.9620548,28467.8271,11874037.14,25200.87,16.6962,247.75,115.36,,90.713,,1.5162,136.3153,1.6873,1.1438,82.6,103.725,9.7,10,59.06123,5581906.4,62.4636,78.8881,71.993,13.9,40.1333,50.8003,50127.6667,7.4933,-0.2667,1.85,3.1433,98.9667,114.2667,129.5333,123.8,178.7,126.8,116.4667,147,136.6,133.9,134.1333,11.8,69506.6667,189485.2933,676.1992,0.3342,424783,804778.4776,1.56,0.1069,5.78,0.14,111.3333,218.3333,391.6667,242.3333,23000.2436,507.3253,150.9,7.39,0.0106,9.25,7065.89,1015.33,2014279.9,289441.54,6266492.14,4252.21,611.02,695.9194,385.61,458.5833,3.1736,18.2662
12/1/1991,9421.565,6048.156,355.2077,4330.6048,1564.1219,1183.605,1161.8545,263.4057,762.966,402.9478,0.5,2391.07,-9.6,1689.8971,1418.1769,766.393,821.314,6936.2,54.046,54.133,68.152,63.8877,68.8364,82.8393,56.175,35.0606,99.5596,67.8919,59.9712,89.8484,41.8318,74.0622,80.2973,79.1063,108328,89707.6667,16958.6667,85992,22336,10100.3333,6858.3333,4661.6667,11730.3333,6531,2660,10780.3333,9282.3333,4236,715.6667,22151.6667,18620.3333,12827.7667,5129.1667,3126.6667,4354.3333,11139.3333,117678.6667,66.0667,7.1,6.014630628,1.082868248,19.4667,6.6333,6,3468.6667,2791,1377.6667,1371.6667,4893,2214,988,845.3333,6445,86.658,138.016,85.992,40.6667,34.1,3.9333,2807,1087,131.3333,1012,235.3333,128,460.3333,263.3333,750288.2307,160838.0809,166734.3738,,694755.436,51644.0083,1126854.935,66.14,68.327,66.476,82.548,71.508,84.308,134.416,57.772,65.257,56.775,82.752,116.376,359.228,101.193,62.93,116.894,31.091,67.444,57.426,53.503,62.84,57.595,58.111,60.663,53.614,137.7333,144.2,122.2,116.2333,120.7667,123.1,116.5,114.0333,114.7337082,90.45984969,31.8168,15.53314255,20.02134339,16.4796069,83.677,81.344,80.924,49.38,62.85,62.467,79.468,103.95,79.394,60.993,4.8167,4.54,4.5833,4.8667,7.3467,8.69,8.4467,9.4,2.0533,1.34,0.04,0.33,2.81,0.44,237.5333,275.9,644.3667,2443.8333,1795.9,906.319,530.4345,783.9938,1268.8808,384.3729,1168.3667,10.5,41006.25,5752.307,82.93168143,35253.94,508.2601512,29156.0423,11850205.63,25891.79,17.6343,249.29,114.42,,86.825,,1.4328,129.4813,1.7766,1.1349,71.9,122.5966,9.8,10.2,60.68599,5747955.9,62.7274,78.9673,71.0232,14.8667,40.2333,53.3873,53200.3333,6.56,-0.2767,1.7433,3.63,99.9,112.5333,130.6,124.5,181.9667,127.5,116.6667,148.5667,137.9667,134.9,135.2333,11.8567,66253.6667,187945.27,714.005,0.3123,441633,809915.624,1.5703,0.1033,4.98,0.16,119,230,404.6667,258.3333,23611.2531,536.2975,152.6,7.48,0.0109,9.11,6820.99,990.08,2000627.9,290395.26,6217638.59,4217.01,612.11,688.9327,387.1033,456.7867,3.1585,19.2424
3/1/1992,9534.346,6161.398,369.1541,4401.4886,1587.3765,1161.74,1174.557,261.3472,759.9817,425.9887,0,2412.262,1.5,1697.1847,1436.444,780.24,827.28,7075.791,54.792,54.966,68.525,63.8166,68.3402,82.197,56.3422,35.4507,99.8767,66.9371,58.3275,89.3541,41.8102,71.8529,79.7759,78.741,108351,89653.6667,16824.3333,86190.3333,22160.6667,9983.3333,6841,4633.3333,11823,6522,2639.3333,10830.3333,9348.3333,4215,703,22115,18697.3333,12822.5,5111.5,3126.3333,4372,11199,117958.3333,66.3,7.3667,6.045743748,1.334256083,19.8667,7.0667,6.1333,3362.3333,2860,1446.6667,1699.3333,5269.6667,2272.3333,979,870.6667,6558.3333,86.098,136.919,85.488,40.6667,34.1,3.9333,2815,1241,171.6667,1101.6667,312,142.6667,493,293.3333,759768.1813,164009.6667,168863.6213,128419.4396,680710.4436,54244.9751,1123524.391,66.555,68.849,66.743,82.366,71.615,84.406,134.41,58.311,65.37,57.389,82.686,117.517,355.809,101.221,63.153,116.372,30.518,68.217,57.849,54.508,63.732,57.737,58.276,61.418,54.271,138.6667,145.4667,122.2333,115.9,120.6667,123.1333,115.8667,113.7,113.2985484,75.43140661,27.4664,15.49770312,19.93257744,16.39333586,84.587,83.007,82.607,50.048,64.093,63.841,79.797,104.228,79.868,60.721,4.0233,3.8933,3.9933,4.3567,7.3033,8.71,8.28,9.2033,1.9,1.41,0.1,0.46,3.41,0.27,241.0667,297.6,666.4,2448.3333,1859.4333,886.3647,525.0677,774.3761,1268.0275,386.655,1161.0311,9.3,40854.41,5737.601,81.08776993,35116.81,496.295215,28970.6982,11883715.09,25707.03,16.7229,249.3,113.37,,87.53,,1.4565,128.6743,1.7702,1.1775,70.8,108.8145,9.8,10.1,60.99679,5831700.1,62.819,75.7613,70.9371,16.6333,40.2667,55.7573,55623,6.59,-0.13,2.5667,4.2567,97.6333,108.8667,131.0667,124.7,185.5667,127.8667,117.4,149.9667,138.9333,135.6333,135.9667,11.8933,63720.6667,189859.0067,743.3559,0.2994,436900,810205.6667,1.55,0.1006,4.16,0.14,126.3333,279.6667,433,262.6667,21177.741,622.004,153.9,7.81,0.0111,9.04,6584.81,937.89,1996802.35,284408.74,6216183.76,4219.38,600.98,702.0889,412,489.7067,2.9809,21.8728
6/1/1992,9637.732,6203.224,371.717,4435.7263,1594.0604,1227.44,1213.1267,276.4475,784.5594,440.5523,0.4,2407.597,-1,1709.5069,1434.3411,780.613,840.88,7145.957,55.473,55.66,70.108,64.9528,69.7388,83.9795,57.2501,36.4351,100.8427,71.1796,64.3561,90.0232,43.0848,72.6084,80.6892,79.7422,108631.3333,89880,16830.6667,86510,22121.3333,9974,6856.6667,4597.3333,11893.6667,6543.3333,2638,10951.6667,9390.6667,4222.3333,693.3333,22119,18751.3333,12844.5333,5087.2667,3117.6667,4395.6667,11238,118406.6667,66.6,7.6,6.064878537,1.530378002,20.5333,7.2667,6.3333,3410.3333,2806,1482.6667,1961.3333,5552,2235.3333,1003,953.3333,6501.3333,86.553,137.32,85.822,40.8667,34.2667,4.1333,2891,1152.6667,125.3333,1055.6667,270.6667,120.6667,479.6667,281.6667,765743.6053,165466,179383.1879,133065.0706,673442.9461,57778.8995,1127175.675,66.998,69.3353,67.141,82.515,71.92,84.764,134.777,58.783,65.695,57.919,83.33,117.758,353.894,101.452,63.28,116.28,30.841,68.931,58.218,55.406,63.436,58.489,58.612,62.061,54.742,139.7333,146.7333,122.9333,117.1667,121.4,122.6667,117.3,114.5667,107.3044949,86.29138091,30.5548,15.49473226,19.91285116,16.42258986,85.069,83.215,82.681,51.055,64.637,64.307,79.822,103.447,79.928,61.314,3.77,3.68,3.7967,4.22,7.3767,8.68,8.2767,9.13,1.7533,1.3,0.12,0.54,3.7,0.27,245.2,314.4,679.5667,2431.2333,1896.1667,869.0324,516.0977,762.1503,1270.3078,388.1072,1150.2575,18.2,40755.5,5760.407,80.61071066,34995.09,489.7187591,28925.1518,11830346.87,25651.43,14.7213,247.51,112.28,,87.875,,1.4784,130.382,1.8071,1.1942,78.9,102.2688,9.7,10.2,61.57938,5947425.3,64.0786,76.9619,70.7171,17.8,40.4333,49.5993,49441.3333,6.65,-0.09,2.88,4.5067,100,113.0333,131.4667,125.9667,188.7333,128.6667,118.3,151.3,140.1333,136.7333,136.9333,11.98,63171,191538.8,765.3628,0.2971,418133,816972,1.5233,0.098,3.95,0.18,121.6667,247.6667,427,259.3333,17576.0075,576.7389,154.9667,7.79,0.0112,8.96,6511.48,934.61,1986044.22,285063.7,6157062.01,4171.02,598.68,696.7019,410.1633,485.7367,3.0039,23.1456
9/1/1992,9732.979,6269.718,379.6424,4482.6678,1603.5682,1237.197,1227.046,282.722,796.5606,440.7162,0.3,2422.933,5.7,1711.4064,1434.9582,797.168,854.135,7179.108,56.066,56.267,70.962,65.4525,70.412,84.8503,57.5841,36.9013,100.9013,72.6011,67.0362,90.6498,43.6349,71.1615,80.7852,79.9442,108895.3333,90052.3333,16787.6667,86849,22046.3333,9930,6857.6667,4578.3333,11994,6564.6667,2636.6667,11038,9465,4243.6667,680.3333,22064,18843,12821.0667,5051.3667,3111,4425.3333,11306.6667,118753,66.6,7.6333,5.99205623,1.635569753,20.5667,7.1667,6.4667,3434,2851.3333,1463,2102.6667,5466.6667,2331.6667,1055.6667,1002.6667,6468,86.654,135.936,85.956,40.7667,34.2333,4.0667,2893,1183.6667,140.3333,1092.6667,286.6667,119.6667,490.6667,286.6667,774451.824,168152.3333,173826.9339,132682.3999,655451.6866,55106.1471,1131047.468,67.425,69.7463,67.462,82.711,72.244,85.197,134.888,59.202,66.168,58.377,83.937,117.545,348.965,102.518,63.675,116.462,31.438,69.439,58.518,56.249,63.229,58.916,58.982,62.337,55.286,140.8,147.8667,123.4667,117.8667,122.0333,123.1667,118.3,115.2,117.3261764,88.65374789,31.0701,15.5037958,19.77169699,16.41186255,86.048,83.65,83.145,52.203,65.226,64.933,80.003,102.987,80.128,61.844,3.2567,3.0833,3.15,3.4167,6.6167,8.01,7.98,8.7033,2.0867,1.39,0.07,0.33,3.53,0.27,249.9,338.3,692.4333,2415.4667,1927.5333,857.8379,508.9253,756.0818,1262.5629,390.0195,1146.1013,21.1,41117.09,5823.14,81.11230084,35293.95,491.6203207,29251.7291,11865364.32,25967.95,14.6513,248.87,110.83,,83.907,,1.3031,124.9031,1.9025,1.2019,76.1,121.2807,9.7,10.3,61.89802,6028358.9,64.7312,75.5527,68.9773,18.0667,40.2667,50.51,50235.6667,5.6067,-0.1733,2.35,4.7233,101.7,117.9,132.4,126.9667,191.5,129.6,118.9,152.5667,141.2667,137.8667,137.9333,12.02,63625.3333,194745.43,794.8461,0.295,422317,826249,1.5167,0.0966,3.35,0.1,126.6667,256,437.6667,272.3333,16719.4845,572.7345,155.9333,7.78,0.0123,8.87,6415.26,1014.74,1969949.06,311597.8,6129169.2,4159.22,657.89,632.2089,417.1533,490.5333,2.9646,24.3383
12/1/1992,9834.51,6344.446,387.1709,4532.5487,1619.6655,1274.945,1262.9208,293.1203,817.4309,457.528,0.3,2422.653,0.3,1740.3374,1433.8754,801.187,874.582,7211.805,56.764,56.941,71.605,66.1438,71.2731,85.9169,58.1891,37.4203,101.0736,74.533,68.7273,91.3414,44.1982,75.0582,81.1595,80.0059,109306.6667,90457.6667,16759.3333,87257.6667,22049,9903,6856.3333,4612,12077,6602.6667,2650.3333,11170.3333,9551.3333,4278.3333,677.6667,22078.6667,18849,12837.0667,5037.6,3091.3333,4438,11319.6667,118833.6667,66.2667,7.3667,5.785992151,1.621316318,19.5333,6.9667,6.3,3287.3333,2770.6667,1437,2080.6667,5275.3333,2304.3333,975.3333,926.6667,6553.6667,87.193,137.213,86.505,40.8667,34.2333,4.1,2976,1228.3333,120,1142,283.6667,132.3333,523,289.3333,785517.9723,171577.6667,178319.598,132205.0946,644649.4062,55767.1596,1136989.754,67.895,70.2573,67.937,82.995,72.732,85.405,135.099,59.775,66.36,59.015,84.462,117.801,346.502,102.562,63.735,116.863,31.778,69.568,58.994,57.149,64.888,59.207,59.207,63.449,55.553,142.0333,149.2,124.1667,117.8333,122.7,124.1333,118.2667,115.1667,125.6750552,83.36962417,29.1508,15.47169824,19.75120584,16.35417079,86.885,83.469,82.986,52.185,65.619,65.304,79.998,104.813,80.078,63.178,3.0367,3.07,3.2467,3.5633,6.7433,8.2,8.0233,8.87,2.1267,1.46,0.18,0.49,3.67,0.48,255.6333,321.6,714.4333,2411.4,1950.5333,849.3753,502.5044,749.2708,1262.3208,393.3696,1142.6404,16.4,41772.59,5884.403,81.59403891,35888.19,497.6311825,29898.6222,11873971.28,26605.05,14.1467,248.3,109.53,,88.78,,1.3895,123.0287,1.5769,1.2617,83.2,121.3889,9.6,10.3,62.52256,6152160,65.2387,80.3843,70.9731,18.6,40.3,54.8023,54678.3333,5.9067,0.0333,2.87,4.9867,102.2,110.7333,132.6667,128.5667,194.4333,130.3333,119.6667,154.2333,142.6333,139.0667,139.0333,12.0767,62536,197347.6067,816.6751,0.3131,359683,831184.3333,1.5133,0.0951,3.55,0.52,126.3333,264.6667,470.3333,280.6667,17132.0207,625.5578,157.2667,7.78,0.0112,8.75,6300.73,910.38,1960141.34,283215.46,6083265.96,4123.12,595.74,692.1025,423.66,496.3067,2.9244,24.6399
3/1/1993,9850.973,6368.772,390.9146,4549.8847,1621.3363,1305.003,1272.3739,298.672,825.5505,457.8212,0.5,2392.598,-12.5,1733.7689,1438.9097,803.009,893.518,7238.787,56.775,56.904,72.356,66.7298,71.826,86.5235,58.7034,38.1738,101.6267,76.3209,70.3201,91.4328,44.7941,74.6039,81.4695,80.4322,109948.3333,91045,16797,87794,22154.3333,9921.3333,6875.6667,4684.6667,12170.3333,6644.6667,2653.3333,11323,9585,4328,672.6667,22186.3333,18903.3333,12919.0667,5030.3333,3080.6667,4456,11366.6667,119297.3333,66.2,7.1333,5.677713428,1.473353662,19.7667,6.7,6.0667,3340,2631.6667,1324,1893,4950.3333,2274.6667,1005,965.6667,6380.3333,87.839,137.676,87.277,41,34.2333,4.3,3009,1167.6667,107.3333,1127,281.3333,116,516,254.3333,793708.7413,173719.3333,177762.5422,134231.4452,629167.9036,55047.7564,1151570.07,68.299,70.7413,68.341,83.244,73.153,85.559,135.03,60.277,66.558,59.559,85.149,117.327,342.595,102.344,63.848,116.516,31.759,70.259,59.418,57.874,65.84,59.653,59.381,64.219,56.053,143.0667,150.5,124.7,118.3667,123.1667,124.6667,118.6667,115.8667,116.2563541,78.3078704,28.0235,15.48833692,19.6961369,16.35066524,82.455,82.424,82.094,52.555,65.051,64.782,80.19,99.279,80.179,64.212,3.04,2.96,3.0867,3.4067,6.28,7.72,7.7333,8.4033,2.1233,1.44,0.13,0.45,3.32,0.24,259.3,310.5,722.8,2387.0667,1946.4667,838.8872,506.6437,748.0906,1254.7447,400.2426,1148.3333,14.8,41963.09,5854.933,80.88278855,36108.16,498.8150743,30157.5268,11805568.2,26866.69,13.4531,246.69,108.54,,91.142,,1.5053,120.9234,1.4779,1.2617,87.3,114.6836,9.6,10.4,62.86657,6194204.9,65.9702,80.0664,70.1044,18.0333,40.4667,54.7327,54632.3333,5.4833,-0.08,2.4433,4.6933,101.5333,108.3333,133.6,129.4,197.3,130.9667,119.9,155.6333,143.7,140.0333,139.9667,12.15,59654,197049.9267,835.2343,0.3276,344950,839626,1.5067,0.0952,3.2,0.16,131,267,464.6667,264.3333,17296.6444,685.7842,158.7667,7.88,0.0118,8.72,6262.65,935.69,1937956.06,289545.57,6084554.29,4146.6,619.53,669.3095,442.3633,510.37,2.8141,24.7019
6/1/1993,9908.347,6426.703,403.5906,4572.856,1634.261,1312.511,1295.2576,310.6261,841.7748,463.9293,0.4,2392.812,-4.1,1780.3488,1450.5321,812.631,911.978,7261.182,57.084,57.258,72.558,66.8818,71.7442,86.3116,58.9543,38.5813,101.7686,76.6897,70.8451,90.9668,45.0936,73.7361,81.3046,80.3308,110542.3333,91589.6667,16760,88380.6667,22161.6667,9882.6667,6877.3333,4734.3333,12295.6667,6701.6667,2661.3333,11452.3333,9693.3333,4353,667.3333,22270.6667,18952.6667,12973.0333,5041.4,3067,4478,11407.6667,119959.6667,66.3333,7.0667,5.728898279,1.341339472,19.7333,6.5667,6.0333,3310.3333,2671.6667,1353.6667,1731.6667,4953.6667,2248.3333,973.3333,950.3333,6588,88.793,138.311,88.296,41.1,34.3333,4.4,3090,1266,130.6667,1115.3333,282,121.3333,555.3333,307.3333,797389.277,177777.3333,179639.6321,132414.8768,617035.4055,57066.8313,1158924.185,68.758,71.2783,68.744,83.555,73.603,85.633,135.742,60.89,66.472,60.182,86.305,118.179,339.331,102.515,64.273,115.668,30.876,70.486,59.959,58.526,65.856,60.238,59.857,65.497,56.644,144.1,151.7667,125.5333,119.5,124.1333,126.2,119.6667,116.4,121.9009329,78.80322936,27.7235,15.44650203,19.65537368,16.34906197,84.834,82.421,82.162,52.46,64.651,64.485,81.204,103.064,81.252,63.765,3,2.9667,3.08,3.38,5.99,7.45,7.4067,8.14,2.15,1.46,0.11,0.41,3.02,0.21,264.2667,313.7,737.5667,2380.4333,1961.4667,824.8563,509.041,747.2699,1259.4767,404.7067,1151.9766,26.3,42111.89,5905.977,81.33629642,36205.91,498.6228603,30271.3815,11840509.83,26961.93,13.1128,247.16,107.06,,88.217,,1.4624,110.0554,1.5335,1.2703,82.5,122.9651,9.6,10.5,63.91524,6329372.6,66.2057,79.12,69.3929,17.6333,40.6333,56.6127,56487.3333,5.1833,-0.0333,2.1833,4.4067,104.2,100.8667,133.5,129.8,200.3,131.4333,120.7,157.2667,144.7667,141,140.9333,12.2433,59726.3333,197284.5867,862.6959,0.3386,347033,847732,1.5,0.0945,3.18,0.18,124.6667,254.3333,462.6667,273.6667,20225.4895,682.5295,160.1,7.91,0.0116,8.71,6298.66,926.39,1923307.47,282874.6,6087274.98,4163.97,612.42,679.9152,445.4633,511.47,2.8076,23.7475
9/1/1993,9955.641,6498.229,408.0834,4625.9544,1650.4192,1303.597,1315.6036,314.1949,848.5581,481.3205,0.1,2396.214,-1.5,1783.2622,1458.1238,810.46,923.989,7267.508,57.673,57.534,72.653,67.1443,71.9935,86.8979,59.1825,38.9924,101.6498,76.091,69.2064,92.0705,44.8985,77.191,81.2694,80.1153,111240,92197,16749.6667,89027.3333,22212.6667,9877.6667,6872,4804,12436.6667,6771.6667,2670.6667,11573,9773.6667,4360,659,22398.6667,19043,13058.8,5061.9,3064,4496,11483,120625.6667,66.3333,6.8,5.437005644,1.363947351,18.3333,6.3667,5.8333,3198.3333,2565.6667,1272.6667,1765.3333,4861.6667,2136.3333,939.3333,893,6652,89.289,138.622,88.791,41.1667,34.3667,4.4667,3209,1299,135.3333,1218.3333,296.3333,134.6667,563,305,803938.846,181074.3333,178914.6681,129563.1793,609445.1498,57519.1484,1164478.91,69.057,71.677,69.089,83.751,74.041,85.536,136.403,61.35,66.197,60.677,87.498,118.348,337.307,102.74,64.387,115.697,30.011,70.115,60.305,59.173,66.146,60.707,60.105,66.423,57.134,144.7667,152.6667,124.3667,118.8667,122.4667,125.1667,119,116.2667,116.1210632,67.43516137,24.8288,15.44892571,19.5972259,16.35575777,85.129,82.172,81.915,52.411,64.954,64.436,81.323,103.905,80.928,64.68,3.06,3.0033,3.12,3.4233,5.6167,7.08,6.8933,7.6233,2.0067,1.46,0.12,0.42,2.61,0.18,270.6333,308,755.9333,2380.8,1978.0333,818.977,518.3869,750.7784,1266.0554,413.8646,1164.643,25.9,42550.94,5993.845,82.47455123,36557.1,503.021088,30648.7702,11902172.24,27315.25,12.0484,247.76,105.97,,89.465,,1.4765,105.6771,1.5039,1.3038,77.4,109.9639,9.5,10.5,64.10093,6388185.1,66.3399,83.8467,69.8743,17.9333,40.7,58.201,57860,4.95,-0.0567,1.89,3.8333,101.2,100.7667,133.5,130.3333,202.8667,131.4,121.6667,158.5667,145.4333,141.6,141.5,12.3033,61142.6667,202124.8367,882.759,0.3647,343600,851781.6667,1.5,0.0948,3.18,0.12,131.3333,276,512,299,20399.6855,724.8341,161.0667,7.92,0.0111,8.7,6349.78,887.4,1904746.02,266192.97,6089477.45,4184.73,584.83,715.5508,453.5533,513.2133,2.7607,23.4626
12/1/1993,10091.049,6555.274,417.9019,4655.9066,1661.8677,1372.097,1368.4394,331.5117,879.1654,506.0501,0.2,2404.675,0.7,1846.6897,1465.2293,836.583,961.109,7318.014,58.447,58.525,73.822,68.1632,73.0191,87.6122,60.2075,40.1658,102.2652,79.3798,73.5199,91.6776,46.5272,77.5052,82.068,81.029,112015.3333,92942.3333,16797.6667,89660,22355.3333,9930,6867.6667,4893.3333,12541.3333,6845.3333,2684.3333,11746.3333,9880.3333,4360.6667,664.3333,22528.6667,19073,13140.4333,5089.9667,3037.3333,4515,11520.6667,121152,66.3333,6.6333,5.235624335,1.385072058,18.3667,6,5.8333,3223,2464.6667,1197.3333,1797,4590,2129.6667,988.6667,872,6305.6667,90.122,139.138,89.633,41.3333,34.4,4.6,3396,1433.6667,154.3333,1368.3333,333.6667,132.3333,631.3333,336.3333,817174.2217,184676.6667,183736.3166,130291.2954,595166.514,58227.6138,1168441.388,69.455,72.046,69.495,83.957,74.376,85.994,137.304,61.719,66.508,61.052,88.634,119.261,335.524,103.292,64.885,115.606,30.704,69.95,60.646,59.674,66.359,61.257,60.345,66.533,57.65,145.9667,153.8667,124.3333,118.9,122.3,126.5667,118.7667,116.3667,120.2507469,63.25552248,22.8369,15.48084428,19.58008113,16.42465949,86.373,82.214,81.949,53.057,65.207,64.94,81.274,104.848,81.203,65.257,2.99,3.06,3.2033,3.5267,5.6067,7.05,6.8433,7.5533,1.9467,1.45,0.14,0.47,2.55,0.28,276.0667,312.1,768.8333,2375.2667,1990.5,810.4193,528.7368,764.1661,1278.1955,424.7817,1188.9478,17.2,43062.82,6093.175,83.2626884,36969.64,505.1868308,31093.035,11969783.19,27723.9,11.707,248.54,105.31,,90.847,,1.4678,108.2698,1.4915,1.3248,84,82.1882,9.6,10.6,64.66861,6530396.7,67.4741,83.2044,72.7968,18.3333,40.7667,61.384,61231.3333,4.9733,0.07,1.9833,3.8533,102.8,96.0333,134.1,132.1,205.1333,132.3333,122.8,159.9333,146.6,142.8,142.6,12.4033,61759.3333,209487.9367,886.9363,0.3955,337933,859161.3333,1.49,0.0956,3.34,0.35,152.6667,318,581.3333,316.3333,18432.7302,766.0473,162.1667,8,0.0115,8.73,6421.06,925.94,1896990.96,273552.27,6117114.39,4220.12,608.56,693.4656,464.2467,533.4733,2.7055,23.2745
3/1/1994,10188.954,6630.253,427.8591,4694.2537,1684.0498,1424.36,1384.6058,340.91,888.4703,513.6853,0.6,2374.923,-13.3,1838.0109,1471.3021,844.786,983.5,7366.339,58.981,59.209,74.575,69.0083,73.7237,88.7434,61.096,41.1274,102.8317,81.2534,76.4403,92.4952,46.9551,78.7822,82.5367,81.4349,112878,93715.6667,16871.3333,90389.3333,22488.6667,10003.6667,6867.6667,4951,12654.3333,6909.6667,2706.6667,11885,9976.6667,4367.6667,666.3333,22727,19162.3333,13258.3333,5128.7333,3047.3333,4523.6667,11591.3333,121994,66.5667,6.5667,5.211298764,1.346057759,18.1,5.9333,5.7667,2875,2547,1320.3333,1757.3333,4194.6667,2928,840,627,4838,90.957,139.74,90.174,41.3333,34.3667,4.7667,3710,1391,168,1333.6667,295.6667,119.3333,613.6667,362.3333,830830.5803,188265,189846.4415,134050.9221,587669.7249,58650.6752,1175774.502,69.704,72.3723,69.851,84.45,74.605,85.903,137.621,62.109,66.319,61.457,89.154,119.566,333.671,103.751,64.93,114.07,30.311,70.19,61.108,60.332,66.531,61.653,60.504,66.332,58.241,146.7,154.8667,124.9667,119.3667,122.8,127.2,118.9,116.8333,122.379909,53.74940464,20.4688,15.52160734,19.63003619,16.49804835,83.774,81.513,81.139,53.367,65.408,65.095,80.513,101.396,80.497,66.775,3.2133,3.2433,3.4533,3.91,6.0667,7.3,7.16,7.8467,1.78,1.23,0.21,0.67,2.82,0.27,281.3,299.1,774.4,2370.1,1992.5333,815.3658,540.143,781.1319,1285.4602,436.4915,1217.6234,29.3,43128.93,6109.792,82.94204843,37019.14,502.5445967,31110.884,12018047.03,27721.96,13.4247,248.99,105.33,,91.217,,1.4524,107.6133,1.4878,1.3414,93,87.2029,9.6,10.7,64.30709,6564715.1,68.2917,85.8368,70.8964,18.8667,40.7333,60.4073,60341,5.4767,0.03,2.2633,3.9467,103.2333,100.9667,133.4333,132.2,207.1667,132.4,123.2,161.4,147.4,143.3333,143.2667,12.51,65207,214652.7533,901.1655,0.4334,347817,866480.6667,1.47,0.0973,3.51,0.3,111.6667,293.6667,573.3333,355,19474.7579,787.1079,163.8333,8.04,0.0114,8.83,6490.83,919.7,1896141.01,268667.18,6185261.04,4289.12,607.73,705.7583,469.46,548.4267,2.6984,22.7532
6/1/1994,10327.019,6681.841,432.4706,4727.7362,1697.3519,1494.411,1412.5894,342.9609,902.3032,530.3548,1.1,2386.677,-1.7,1894.0186,1488.0739,873.301,1020.145,7440.527,59.989,60.177,76.179,70.2582,74.7279,90.0858,62.4745,42.7058,104.4169,83.1425,77.3845,93.6129,47.6747,76.359,83.3533,82.5797,113920.6667,94667,16968.3333,91217.6667,22703,10086.6667,6881.6667,5076,12796,6931.3333,2726.3333,12092.3333,10066,4401.6667,658.6667,22950.3333,19253.6667,13408.3333,5177.7,3026,4555.3333,11672.3333,122596,66.5,6.2,4.885994172,1.281232748,18.2333,5.4,5.4667,2750.3333,2447,1156.6667,1674,3716.6667,2939,804,603.3333,4801.3333,92.547,141.226,91.666,41.8,34.5,4.9333,3861,1466.6667,224,1381.6667,338.6667,143.3333,646.3333,338.3333,842019.004,191899.3333,195822.5821,134913.5328,584617.9888,61790.1912,1194868.092,70.093,72.8597,70.184,84.69,74.905,86.203,138.442,62.532,66.462,61.888,90.143,120.355,333.083,103.982,65.127,114.59,29.883,70.575,61.486,60.89,66.857,61.603,60.892,66.977,58.654,147.5333,155.9333,125.1333,120.0333,122.8,126.5667,119.9667,117.3667,111.9589629,66.09868983,24.3959,15.49555185,19.60847439,16.44258097,84.384,81.706,81.185,53.941,65.443,65.023,81.104,101.618,81.1,66.782,3.94,3.9867,4.4133,5.1333,7.0833,8.44,7.9467,8.5967,1.5133,1.35,0.43,1.15,3.1,0.41,285.3667,296.5,774.8667,2361.4,1989,830.0259,553.5283,800.2046,1290.1263,452.444,1252.6486,29.1,43207.93,6185.548,83.13319239,37022.38,497.5774434,31135.9429,12071988.75,27721.86,13.3685,248.81,105.24,,89.737,,1.4078,103.2547,1.5042,1.3825,92.2,96.4412,9.8,11,64.10716,6628054.2,69.8551,81.7197,72.2993,19.1,41.1667,60.2597,60040.6667,6.6667,0.0467,2.7267,4.0067,102.9,111.0667,134.1,132.8,209.7333,133,124.2,162.4667,148.3,144.1,144.0333,12.57,67388.3333,223540.99,915.2422,0.4796,347667,881201.6667,1.4667,0.0986,4.4,0.46,141.3333,307.3333,585.6667,347.3333,20397.3351,727.5366,165.0333,8.09,0.0107,8.94,6609.61,871.81,1903111.94,251019.73,6255355.45,4352.24,574.06,758.1523,450.9867,525.13,2.8376,21.0022
9/1/1994,10387.382,6732.791,437.0383,4759.2757,1711.9598,1469.999,1424.2902,351.8617,917.7274,522.5591,0.7,2426.909,10,1899.0348,1505.5677,905.984,1048.832,7483.917,60.351,60.535,77.167,71.1555,75.4396,90.8132,63.5469,43.8465,105.5141,84.9152,78.3375,93.9074,48.7348,76.4775,83.6367,82.9695,114922,95607.3333,17074,92045,22877,10172.3333,6901.6667,5146.3333,12956,6916.6667,2745.3333,12316.3333,10132.6667,4447.6667,656.6667,23215.6667,19314.6667,13568.3,5233.7667,3004.3333,4600,11710.3333,123245,66.5333,6,4.814972038,1.188277549,17.4667,5.3333,5.2667,2720.6667,2400.6667,1214.6667,1558,3723.3333,2705.6667,796.6667,611,4398.6667,93.564,142.622,92.733,41.7,34.5333,4.9667,3962,1454.3333,222.3333,1374.6667,322,138,639.6667,354.6667,856161.9267,195890.3333,198535.9484,136721.8529,585821.2656,62757.6763,1208014.623,70.596,73.2667,70.558,85,75.294,86.996,139.418,62.906,67.15,62.259,91.513,120.757,331.556,104.94,65.789,114.005,31.549,70.883,61.793,61.513,66.945,61.711,61.076,67.081,59.294,148.9,157.1,125.9333,120.9667,123.6333,126.1333,121.6,119,102.3658962,72.29793908,25.247,15.51409724,19.66785309,16.46040179,84.212,81.077,80.603,54.106,65.08,64.699,81.541,101.871,81.54,67.283,4.4867,4.4767,4.89,5.6,7.3333,8.59,8.1733,8.84,1.5067,1.26,0.41,1.12,2.86,0.39,287.7667,293.5,773.0333,2341.6333,1962.4333,847.8407,573.619,816.9218,1307.561,472.1057,1289.0274,21.4,43576.76,6272.255,83.80978709,37304.5,498.4622902,31454.1431,12122615.91,28006.84,12.4222,248.45,104.99,,86.668,,1.3105,99.0532,1.5517,1.3716,90.7,89.609,10.1,11.4,64.01176,6647331.3,70.8942,81.9282,72.2574,18.8333,41.1333,59.8037,59333,6.9567,-0.01,2.47,3.6867,101,124.7333,133.6667,135.5,212.2,134.5333,125.5,163.6667,149.6,145.5,145.3667,12.6567,66987.3333,231943.9667,913.5961,0.5034,336233,901538.3333,1.4633,0.1001,4.87,0.38,146.3333,299.3333,588,341,20369.5705,739.1634,166.4,8.12,0.0107,9.02,6703.92,882.83,1909006.03,251395.18,6284915.13,4375.91,576.26,759.3646,460.8667,539.9467,2.7996,20.0895
12/1/1994,10506.372,6805.581,452.4188,4787.4955,1730.1547,1530.476,1458.6971,373.0319,953.5308,514.5136,1,2405.793,-10.1,1922.838,1511.0808,926.9,1078.342,7591.307,61.242,61.401,78.895,72.6321,76.9432,92.0377,65.0221,45.5696,106.6593,86.8724,79.7047,94.8357,50.5727,75.0134,84.5303,84.1071,115837,96470.6667,17182.3333,92797.3333,23039.6667,10269,6913.3333,5204.3333,13079,6879.3333,2777,12513.6667,10216.6667,4497.3333,653,23468,19366.3333,13723.4,5291.5667,2988,4626.3333,11752,124449.6667,66.7,5.6333,4.501968686,1.119397493,16.7,4.9,4.9667,2541.3333,2197.6667,1227,1476,3535,2574.3333,720.6667,582,4460,93.983,144.252,93.113,41.7667,34.5,5.0667,4214,1472,266,1377.6667,336.3333,145.6667,643.6667,346.3333,874159.2787,200001.3333,204635.225,139054.9392,589700.6568,64455.8816,1226798.927,70.927,73.6383,70.952,85.359,75.624,87.107,139.656,63.329,67.22,62.67,92.913,119.743,328.224,104.781,65.856,113.025,31.912,71.129,62.147,62.073,66.753,62.052,61.424,67.593,59.809,149.7667,158.1,126.0667,121.4333,123.8,127.1667,122.2667,120.8667,95.37502612,65.86337511,23.9777,15.55348413,19.71803704,16.49502133,84.563,81.354,80.799,54.693,65.772,65.332,81.301,101.641,81.313,68.477,5.1667,5.28,5.7733,6.5967,7.8367,9.1,8.57,9.2067,1.37,1.26,0.49,1.32,2.56,0.58,289.8333,304.1,768.2667,2327.6,1938.3333,866.2948,594.0341,844.7783,1329.4066,489.2953,1334.0736,25,43809.21,6403.501,84.35307467,37405.71,492.7440427,31653.416,12155797.88,28184.25,14.5761,246.99,104.77,,86.066,,1.2964,98.8598,1.5848,1.3681,93.1,86.6898,10.2,11.5,64.38584,6767733,72.6512,79.2936,73.3766,18.3667,41.1667,60.287,60007.3333,7.6333,0.1133,2.4667,3.4033,99.8333,142.1667,132.5333,136.6667,215,135.0667,126.2667,164.9,150.5,146.2333,146.1,12.7533,69633,243979.1733,893.2232,0.5689,328200,919775.3333,1.45,0.1022,5.86,0.69,145,313,594.6667,325,19473.2167,752.6227,167.8667,8.22,0.0107,9.12,6852.29,892.72,1916601.87,249696.11,6344382.74,4427.78,576.85,767.5738,460.0033,546.9833,2.8474,18.6586
3/1/1995,10543.644,6822.519,443.0742,4820.5109,1736.4157,1546.548,1489.5927,392.069,988.7685,502.7843,0.8,2414.209,-1.1,1945.2716,1522.8643,944.76,1102.003,7656.201,61.579,61.59,79.5,73.3775,77.5949,92.5054,65.8664,46.6013,107.3682,87.3996,80.5327,95.2832,51.5544,76.6507,84.5348,84.0503,116707.6667,97297.3333,17263.3333,93574,23133.6667,10345.6667,6917.6667,5222.6667,13211.3333,6853.3333,2807.3333,12705.6667,10380,4535,647.6667,23671,19410.3333,13829.2667,5354.3,2969.3333,4649.6667,11791.3333,124848.6667,66.7667,5.4667,4.494777914,0.985215491,16.6667,4.7333,4.8333,2638,2212.3333,1041.3333,1301.3333,3431,2465,766.6667,571.6667,4466,94.452,144.272,93.552,41.6667,34.4333,5.0333,4120,1324,238.6667,1254,283.3333,127.3333,597,316.3333,881552.9297,200073,205880.5252,140626.4635,586708.3649,65508.4837,1245809.468,71.274,74.0243,71.356,85.907,75.973,87.21,140.214,63.776,67.199,63.161,93.953,119.838,326.137,105.422,66.235,111.833,31.623,71.286,62.639,62.851,66.969,62.447,61.708,67.874,60.267,150.8667,159.4333,127.1667,123.4333,124.8667,128.4333,124.2667,123.6,92.36393812,67.5437045,24.7977,15.56243155,19.65559591,16.51710355,83.492,81.349,80.847,55.104,65.823,65.208,81.994,100.203,81.732,68.646,5.81,5.7367,6.0433,6.7267,7.4833,8.81,8.28,8.8767,1.3933,1.33,0.31,0.99,1.75,0.44,291.3333,312.3,761.2667,2314.0333,1901,898.1051,606.9162,867.6898,1358.3523,511.3822,1379.0719,16.1,44387.42,6410.514,83.72970038,37976.91,496.028124,32225.1608,12162262.24,28722.17,11.7298,246.99,104.26,,85.434,,1.2429,96.1741,1.5823,1.4071,94.3,90.7915,10.4,11.8,64.66271,6824530.7,73.4304,81.1872,74.6021,17.1333,41.0667,58.59,58501.6667,7.3933,-0.0733,1.5833,2.47,102.4333,159.2667,132.1,137.9,217.3667,135.5333,127.3,166.5333,151.6,147.3333,147.1,12.8133,70412.3333,251325.63,877.0739,0.5693,337167,943296.6667,1.4633,0.1039,6.17,0.36,126.3333,277.6667,553.6667,296.3333,17756.8316,783.867,169.0333,8.3,0.0108,9.22,6921.88,902.68,1931603.33,251898.38,6399767.02,4468.16,582.69,766.8185,480.1067,569.2033,2.7468,17.8539
6/1/1995,10575.1,6882.33,447.6007,4868.4177,1744.9726,1514.426,1488.5903,391.4512,998.2357,487.2624,0.4,2422.321,-1.3,1975.2922,1534.8684,958.011,1112.469,7677.91,61.778,61.759,79.425,73.6106,77.8947,92.4487,66.1062,46.9509,106.6367,86.5746,79.5625,95.5458,52.4808,77.764,83.9221,83.2002,117141.6667,97709.3333,17261.3333,93998,23143.6667,10371.6667,6889.6667,5240.6667,13312.3333,6846,2834.6667,12786,10468,4556.6667,641.6667,23762,19432.3333,13882.3667,5386.5,2960.6667,4643,11828.6667,124629.3333,66.6333,5.6667,4.676659418,0.999918416,17.3667,4.9,5,2692.3333,2352,1117.3333,1321.3333,3494.3333,2597,854.6667,584,4476.6667,94.41,142.557,93.416,41.1,34.2667,4.4667,3943,1287.3333,237,1278.3333,275,121.3333,568.6667,322.3333,880215.0913,203172.6667,203360.0129,140483.9923,585919.3704,66760.6718,1259611.798,71.689,74.464,71.706,86.217,76.294,87.389,140.061,64.286,67.45,63.677,94.606,119.459,321.56,105.628,66.808,111.234,31.655,71.61,63.06,63.249,68.236,62.932,62.293,68.37,60.877,152.1,160.7333,127.7667,124.9333,125.4667,128.0667,126.1667,125.2333,90.64647779,73.6831541,25.9775,15.57349786,19.74106708,16.49117467,84.294,81.394,80.806,55.715,66.132,65.416,82.315,100.819,82.016,69.018,6.02,5.5967,5.62,5.97,6.62,7.95,7.66,8.2333,1.6133,1.33,0.02,0.37,1.02,0.44,294.3333,336.2,753.6333,2316.9333,1886.8333,919.6274,618.3807,884.785,1379.9551,534.4754,1419.2604,18.5,44997.46,6495.942,84.60559792,38501.52,501.4583596,32804.1349,12193328.32,29288.31,12.9686,249.56,103.1,,80.662,,1.1555,84.4792,1.5965,1.3715,91.7,73.4559,10.5,12,65.31294,6906738.8,73.5581,83.3118,73.3937,16.8333,40.5667,57.5457,57368,6.4,-0.4233,0.38,1.64,103.0333,153.3667,131.6,139.8333,219.2333,136.4,127.9667,168.1,152.8,148.4333,148.3,12.9,73101.3333,260665.1167,896.0545,0.5256,362233,964810.3333,1.4833,0.1054,6.04,0.02,123,283.6667,550,321.6667,15848.8282,865.5383,170.5667,8.39,0.0103,9.3,7044.37,867.72,1943943.17,239454.16,6437400.06,4493.46,553.5,811.8227,523.69,622.6833,2.5422,17.8309
9/1/1995,10665.06,6944.7,460.2414,4903.9696,1751.1776,1505.399,1509.3781,392.1633,1004.5988,505.2914,0.1,2415.965,-3.2,1976.8226,1536.3558,999.47,1116.291,7748.26,62.483,62.421,79.859,74.285,78.8486,93.2972,66.4904,47.7739,105.0535,86.9624,79.0072,96.5918,53.6806,80.5059,83.7571,82.7625,117636.3333,98204.3333,17235,94472.6667,23163.6667,10380,6855,5290.6667,13401.6667,6865.6667,2854.3333,12937.6667,10560.3333,4585.6667,638,23835.3333,19432,13927.1333,5407.9333,2940.3333,4623.6667,11868,124933.6667,66.6,5.6667,4.717732536,0.942882487,17.7,4.8333,4.9667,2738.6667,2431.6667,1087.3333,1248.6667,3469,2564,845.3333,591.6667,4509.6667,95.355,142.475,94.501,41.1667,34.3,4.6667,4073,1415.3333,256,1387,301,115.3333,652,347,888997.7753,206149,206481.4196,140257.1539,585770.103,68409.985,1268498.021,71.981,74.8193,72.027,86.459,76.637,87.412,139.61,64.691,67.594,64.08,94.506,120.253,314.461,106.568,67.005,111.057,31.273,72.234,63.497,63.572,68.862,63.268,62.665,68.935,61.179,152.8667,161.8,128,125.2,125.6333,128.9333,126,125.5667,83.58531045,66.29073579,23.8612,15.63320313,19.74089464,16.56882553,84.756,81.447,80.914,56.051,66.119,65.462,82.757,101.241,82.475,68.987,5.7967,5.3667,5.36,5.6533,6.3233,7.7,7.4333,8.0533,1.73,1.38,-0.01,0.29,0.96,0.42,294.8333,358.5,748.5667,2345.9333,1918.0333,938.8764,631.4433,899.1442,1402.7379,559.4391,1458.5832,7,45793.81,6616.596,85.39460539,39177.22,505.6260161,33527.6948,12266118.23,29999.18,13.2305,252.2,102.59,,83.13,,1.1795,94.2269,1.5737,1.3558,93.2,75.009,10.8,11.8,64.73906,6910133.2,74.1194,87.0527,74.0273,16.3,40.7667,57.116,56805.3333,6.0833,-0.43,0.2867,1.6367,101.1,153.9,132.0667,139.4667,221.5333,136.7333,128.1667,169.3,153.5667,149.0333,148.9667,13.0167,77477,269835.9833,897.3453,0.5433,363217,976353.3333,1.48,0.1063,5.78,-0.01,122,309.3333,612,343.6667,17224.2542,1013.1389,172,8.5,0.0102,9.39,7158.63,855.98,1959852.29,234345.16,6498513.77,4538.66,542.7,836.3101,565.0833,670.9733,2.3913,17.8857
12/1/1995,10737.478,6993.144,468.2283,4931.234,1760.1935,1542.785,1538.7101,403.2736,1024.0769,515.1079,0.2,2390.687,-12.9,1991.8029,1544.3971,1013.737,1130.558,7793.543,62.988,62.969,80.616,74.9223,79.1643,93.4054,67.294,49.2601,104.4028,87.8003,78.7594,96.3957,54.5743,79.691,83.4625,82.4722,118182.6667,98718.3333,17218.6667,94977.6667,23205,10402.3333,6816.3333,5351.6667,13511,6900.3333,2879.3333,13091.6667,10589.3333,4610.3333,634.6667,23931.3333,19464.3333,13956.7,5421.7667,2916.6667,4624.6667,11923,125221.3333,66.5,5.5667,4.647355449,0.927002678,17.6333,4.8,4.8667,2733,2382.3333,1084.6667,1229.3333,3519.3333,2485.3333,833.3333,572.6667,4461.6667,95.523,142.315,94.724,41.1333,34.2667,4.6333,4155,1417.3333,246.6667,1424,304.3333,109,657.6667,346.3333,900968.5087,208413,210521.2295,140106.4801,591545.868,72764.6709,1272461.454,72.298,75.1943,72.367,86.379,76.891,87.433,139.3,65.131,67.7,64.537,95.068,120.119,308.623,106.782,67.327,110.921,30.76,72.654,64.006,64.063,68.9,63.818,62.982,69.718,61.436,153.7,162.9333,128.8,125.4667,126.4,130.6667,125.6333,125.3333,90.33914673,66.27086094,24.1456,15.66605836,19.70010658,16.57038532,84.986,81.712,81.225,56.646,66.496,65.92,82.912,100.953,82.686,69.139,5.72,5.26,5.24,5.4433,5.8933,7.35,6.9867,7.64,1.7467,1.46,-0.02,0.18,0.63,0.47,295.3,367.2,737.1333,2355.8333,1930.4333,945.9925,636.6134,918.6457,1409.7338,582.5352,1501.1809,5.5,46645.29,6709.271,86.0875559,39936.02,512.4244369,34325.276,12320013.56,30781.71,13.28,252.89,102.25,,84.634,,1.1507,101.5428,1.5603,1.3562,89.8,85.1687,10.8,11.7,64.18282,6900142.5,74.9124,85.9886,73.8291,16.2333,40.7333,56.8947,56659,5.6867,-0.46,-0.0333,1.2667,104.1667,147.5667,132.2,139.2333,223.6667,137.1333,128.5667,170.6333,154.4667,149.7,149.7667,13.0767,80580.3333,281360.3067,895.9396,0.5621,371167,985458.3333,1.4733,0.1079,5.73,0.01,127.6667,312,624.6667,359.6667,18499.1924,1038.2078,173.7,8.86,0.0104,9.46,7088.12,834.95,1978020.83,233001.91,6564301.41,4586.28,540.24,848.929,597.6733,701.4467,2.2964,17.8835
3/1/1996,10817.896,7057.641,473.3152,4980.1641,1771.5236,1567.56,1578.0277,413.4206,1050.0324,528.5167,0.1,2406.456,8.1,2030.8418,1541.6086,1025.937,1167.309,7867.34,63.504,63.567,80.886,75.4272,79.3676,93.3695,68.0726,50.4817,103.2584,86.4784,76.535,96.882,55.1206,83.6688,82.9378,81.6054,118689.3333,99200.3333,17210,95438.6667,23250.6667,10426.6667,6783.3333,5405.3333,13599,6938.6667,2894.3333,13229.6667,10650.3333,4641.3333,635.3333,23996.3333,19489,14004.4333,5434.0333,2901.6667,4621.3333,11966,125542,66.5333,5.5333,4.610101139,0.937878894,17.2,4.8667,4.8333,2677.3333,2304,1130.6667,1246.6667,3530.6667,2464.6667,787,586.3333,4290.3333,95.723,140.751,94.901,40.7,34.1333,4.5667,4083,1460.6667,284.6667,1414.6667,318,120.6667,643.6667,378.3333,902768.371,211532.6667,208219.6317,137645.6043,605104.4288,70986.0026,1273188.847,72.7,75.4897,72.7,86.196,77.193,88.015,139.405,65.452,68.369,64.862,96.09,120.368,304.432,106.22,67.844,110.924,32.295,72.991,64.502,64.363,67.936,64.329,63.276,70.057,61.878,155.0667,164.0333,129.9667,126.3,127.9,131.4,126.3667,125.2667,117.3672515,73.51819942,26.1869,15.72843248,19.79971132,16.62932603,84.997,81.982,81.453,57.467,66.916,66.407,83.165,100.282,83.067,69.197,5.3633,4.93,4.8833,5.1233,5.91,7.24,7.05,7.71,1.8,1.33,-0.05,0.19,0.98,0.36,294.9,385.7,723.2333,2363.8667,1949.6333,959.6536,643.3026,936.4889,1420.6047,603.6879,1540.1768,5.4,47360.87,6776.874,86.13932737,40584,515.8540909,34942.6904,12418178.57,31367.94,17.149,254.75,102.12,,86.555,,1.1915,105.8265,1.5306,1.3692,90.5,79.7168,10.8,11.9,65.04171,7039595.6,75.2732,91.1643,75.4723,16.6,40.3,55.1813,55150.3333,5.57,-0.4333,0.2067,1.6867,110.4,139.0667,132.5,140.9333,225.7,138.5,129.1333,171.9667,155.8667,151.0333,151.1333,13.1867,83480.6667,286427.51,895.1975,0.5537,379217,990384.3333,1.4867,0.1084,5.29,-0.08,116.6667,322,607,369,20517.0427,1069.44,174.9667,8.98,0.0103,9.53,7169.26,819.74,2009568.23,229776.78,6622706.72,4613.14,527.47,874.5741,637.01,749.2533,2.1984,18.4815
6/1/1996,10998.322,7133.566,488.3757,5008.7546,1794.2519,1642.882,1626.9659,425.547,1077.9962,551.5605,0.4,2436.429,3.8,2097.7766,1563.8045,1042.609,1193.433,7939.476,64.721,64.822,82.69,77.0464,81.2159,94.6708,69.5329,52.1443,104.3833,90.3355,82.168,97.1495,57.6597,82.9416,83.5735,82.2412,119480.6667,99956.6667,17217.3333,96123,23357.6667,10469,6748.3333,5502,13714.6667,6990.6667,2920,13408,10754,4677.6667,638.3333,24134,19524,14092.7,5460.9,2888.3333,4618.3333,12017.3333,126280,66.7,5.5,4.455712155,1.017029273,16.7,4.7667,4.8,2615.6667,2289.6667,1045.6667,1358.6667,3506.3333,2564,705,571.3333,4367.6667,96.549,142.851,95.806,41.3667,34.3,4.7667,4063,1495.6667,258,1449.6667,316.3333,134.6667,671.3333,373.3333,917064.032,215681,213551.9255,141863.8787,618394.0021,70477.308,1278953.58,73.187,75.8483,72.997,86.045,77.571,88.403,138.486,65.977,69.084,65.372,96.134,120.155,297.57,105.547,68.53,110.453,34.105,73.24,64.976,64.747,68.603,64.933,63.856,70.807,62.338,156.4,165,131.0333,127.8333,129.2,132.2667,127.3,125.9,114.1387416,81.17553866,28.6863,15.80784316,19.80265076,16.77029121,84.502,82.037,81.553,57.885,67.554,67.139,83.055,99.816,83.034,69.953,5.2433,5.02,5.1433,5.6633,6.72,8.11,7.61,8.2967,1.5767,1.39,0.12,0.64,1.7,0.4,295.6,397.4,715.4,2372.1667,1968.9,971.2466,646.9859,950.2521,1426.4076,619.9628,1570.2149,-4,47838.67,6877.134,86.61948868,40961.54,515.9224701,35346.3777,12492295.22,31766.21,17.4805,253.99,102.08,,87.452,,1.2433,107.5006,1.5243,1.3648,91.5,73.266,10.7,11.9,64.2497,7051902.7,77.0922,90.0665,75.5558,17.4,40.8667,54.2637,54062.6667,6.49,-0.2233,1.2467,2.3667,113.6667,140.3667,131.7333,143.2667,227.4,139.7,129.2333,173.3333,157.1333,152.4333,152.3667,13.3333,86735.79,296348.02,898.8086,0.5564,348650,992999.6667,1.45,0.1084,5.42,0.18,138.6667,318,646.3333,346.6667,21924.1769,1187.3268,176.1333,9.07,0.0107,9.53,7209.27,847,2046080.37,240389.58,6651542.46,4605.46,541.09,851.1518,658.9667,783.6333,2.1572,18.8367
9/1/1996,11096.976,7176.754,491.8603,5036.0459,1807.0266,1717.51,1663.9155,442.6306,1111.9144,550.4162,0.6,2436.413,-5.2,2105.5009,1577.1031,1051.035,1232.127,8003.765,65.498,65.541,84.075,78.0451,82.0703,94.7559,70.5519,53.6994,105.2914,91.6483,83.0986,96.7356,59.6192,79.7084,83.4937,82.4418,120215,100675.6667,17243.3333,96750.3333,23464.6667,10504,6739.3333,5584.3333,13813,7049,2957.6667,13595.3333,10811,4709,637,24276,19539.3333,14187.3667,5495.3,2872,4600.3333,12067,127218.3333,66.8333,5.2667,4.314918907,0.947019157,16.5,4.4333,4.7333,2564.3333,2244.3333,989.6667,1271.6667,3191,2506,758.3333,580,4377,97.255,143.388,96.592,41.5,34.3667,4.8333,4097,1501.3333,275,1418.3333,336.6667,133.3333,674,357.3333,926783.88,217315.3333,212761.1173,142465.6036,624341.0547,70914.5394,1288023.083,73.499,76.1947,73.352,86.302,77.721,88.236,138.125,66.493,68.981,65.891,96.465,120.501,292.07,105.515,69.283,108.921,33.085,73.402,65.403,65.091,69.148,65.512,64.338,71.787,62.979,157.3,166.0667,131.5,128.1667,129.7667,134.5,127.2333,125.7333,110.2990311,82.72024546,29.4266,15.87161002,19.90512231,16.82970196,84.394,82.261,81.897,58.635,67.809,67.391,83.513,98.911,83.367,70.147,5.3067,5.0967,5.2233,5.7833,6.78,8.16,7.59,8.2933,1.5133,1.38,0.13,0.69,1.68,0.39,298.6333,420.2,701.4667,2380.8667,1988.5333,984.9102,650.94,966.3065,1428.8656,633.8308,1600.1372,-6.1,48145.17,6975.056,87.14718768,41170.12,514.3844025,35582.89,12562284.93,31982.92,17.1965,253.95,101.87,,87.237,,1.2231,108.9959,1.5541,1.3704,94.9,78.4149,10.6,12,64.25469,7108683.1,78.5402,85.0942,75.8579,16.9333,40.9333,51.8777,51521,6.5433,-0.21,1.2367,2.2833,114.2,122.8,131.0667,143.2,229.1333,139.9667,129.5,174.9,157.9,153.1333,153.3,13.45,88639.4733,308921.42,896.8868,0.5804,337183,999470.3333,1.4467,0.1095,5.49,0.18,142.3333,317.6667,614,344.3333,21103.7708,1140.7145,177.4,9.18,0.0108,9.55,7243.66,848.67,2084964.17,244274.72,6706614.69,4621.65,541.47,853.5325,660.5433,781.7433,2.2002,18.8218
12/1/1996,11212.205,7233.918,501.4586,5064.1258,1821.6727,1715.245,1690.4705,448.0298,1140.1364,544.1674,0.4,2453.226,-1.9,2162.8832,1599.5996,1116.555,1256.429,8046.395,66.302,66.357,85.037,79.1401,83.0787,95.6001,71.6273,54.9802,106.5091,91.2557,81.5528,98.0897,60.9683,82.2415,83.4721,82.293,120931.6667,101368.3333,17276.3333,97355.6667,23576,10543.6667,6732.6667,5662,13922.3333,7095.6667,2988.3333,13757.3333,10880,4734.3333,637.6667,24414.3333,19563.3333,14292.7,5535.7333,2843,4581.3333,12139,127840.3333,67,5.3333,4.452841235,0.860165114,16.5667,4.3667,4.9,2672.6667,2319.3333,1022.3333,1161.3333,3211.3333,2524,846.3333,583.3333,4254,98.327,144.047,97.697,41.5333,34.4,4.8667,4259,1417,264.3333,1393.6667,306.6667,135,644.3333,331,939363.4527,221338,216793.9031,143701.4707,636002.0358,70696.4726,1296861.576,73.999,76.6287,73.662,86.221,78.115,88.629,137.527,67.037,69.622,66.428,97.029,120.008,286.636,104.588,69.875,109.388,34.362,73.598,65.807,65.507,70.02,66.1,64.91,72.561,63.637,158.6667,167.1333,132.6,128.4333,131.2,136.0667,128.2667,126.0667,137.653807,91.95946867,32.1899,15.92091358,19.90985803,16.81699694,83.777,82.061,81.692,59.034,67.865,67.486,83.868,98.322,83.777,70.531,5.28,4.9767,5.0733,5.48,6.3433,7.71,7.23,7.9167,1.5733,1.37,0.1,0.5,1.37,0.47,300.0333,435.5,682.8667,2389,2003.0333,1007.7324,661.3582,970.795,1452.9118,650.5209,1621.3159,-3.8,49048.66,7065.504,87.80955846,41983.16,521.7635863,36421.775,12626887.99,32811.31,18.7863,254.49,102.01,,87.728,,1.2876,112.8964,1.6375,1.3504,97.5,69.4596,10.9,12,64.44697,7193572.9,79.6941,88.0996,77.6179,15.9333,41.0667,50.1543,49935.6667,6.1033,-0.3033,0.8233,1.95,116.7,121.4333,131.6,144.7333,230.8333,141.3,129.5667,176.2667,159.1,154.6,154.5667,13.53,89147.6233,312614.0933,895.3645,0.5936,342967,1004497.333,1.4333,0.1091,5.45,0.17,141.3333,309,615.3333,328,20800.458,1261.1681,178.5667,9.41,0.0108,9.66,7259.46,835.09,2121702.62,244070.13,6796808.55,4675.11,537.8,869.3004,726.7933,854.52,2.0402,20.5155
3/1/1997,11284.587,7310.17,515.0412,5109.1005,1832.6948,1749.879,1722.0457,456.7908,1166.6094,546.9528,0.6,2440.476,-5.5,2183.0265,1600.0559,1137.768,1310.096,8123.032,66.722,66.817,86.637,80.6514,84.5095,96.4685,73.163,56.9171,108.3469,93.4213,85.5762,98.4268,63.355,80.654,83.8233,82.7505,121684.3333,102084.6667,17317.6667,98003.3333,23681,10590.6667,6727,5716,14025.3333,7143.3333,3026.3333,14004.6667,10947,4764.6667,647.3333,24492.3333,19599.6667,14305.3,5561.7667,2839.6667,4574.3333,12185.6667,128495.6667,67,5.2333,4.401573396,0.825346452,16.7667,4.4333,4.6333,2636.3333,2299.6667,1018.3333,1119,3189,2502.3333,814.3333,606.6667,4181,99.215,144.989,98.536,41.6,34.4,5,4408,1432.6667,251.6667,1421,302,144,627.3333,359.3333,962297,225021.3333,216480.7834,145768.8808,636935.7424,73153.9495,1303978,74.326,76.9297,73.992,86.229,78.575,88.732,136.997,67.458,69.898,66.829,97.354,120.169,280.358,104.509,69.94,109.662,34.956,73.857,66.355,65.767,69.788,66.628,65.344,73.263,63.911,159.6333,168.1,132.7667,128.5,131.3667,134.9333,128.7667,126.4,155.155275,84.16285372,29.6285,16.01894625,20.10934508,16.90722474,83.298,82.557,82.121,59.754,67.714,67.345,84.931,97.092,84.918,70.098,5.2767,5.06,5.14,5.6467,6.5633,7.79,7.4267,8.07,1.5067,1.23,0.08,0.59,1.5,0.28,302.6,455.2,675,2403.9667,2027.8667,1025.689,661.1855,975.012,1478.7486,664.7378,1639.7498,-2,49341.31,7092.299,87.31098798,42249.01,520.1138527,36548.9393,12792374.89,32912.56,21.7516,255.61,102.38,,92.078,,1.4363,121.2161,1.6312,1.3592,99,79.226,11,12.3,64.34428,7239579.7,81.5016,85.7648,77.2637,15.7667,40.9667,48.736,48654.6667,6.3567,-0.2167,1.08,2.15,117.2,133.2,132.5667,145.2667,232.3333,141.9,129.5,177.6333,160.2333,155.4333,155.5333,13.67,89317.36,319456.0133,904.391,0.6221,326383,1009617.667,1.4167,0.1081,5.34,0.06,162,298.6667,615.3333,345,18289.2433,1326.0751,179.8333,9.47,0.0105,10.16,7748.43,859.95,2167633.47,240573.29,6994166.08,4826.53,535.67,901.0283,785.59,919.2867,1.9108,21.5257
6/1/1997,11472.137,7343.08,513.4157,5147.5844,1833.539,1856.956,1754.879,471.9473,1190.8229,554.5943,1,2472.101,9.2,2221.3512,1611.8795,1183.253,1354.068,8195.02,68.033,68.168,87.755,81.8036,85.524,96.5902,74.3815,58.7895,109.0424,93.5982,83.9057,98.531,65.7116,81.4817,83.7094,82.6805,122559.3333,102938,17366,98756.6667,23802.6667,10649,6717,5783.3333,14137.6667,7214,3070.6667,14291.3333,11009.3333,4804.6667,653.3333,24607.6667,19621.3333,14353.5333,5601.7,2814.6667,4577,12229.6667,129339.6667,67.1,5,4.186411021,0.791491274,16.2333,4.1667,4.4333,2509.3333,2142,1050,1077.3333,3050.3333,2380.3333,795.3333,570,4142,99.652,145.087,99.004,41.7,34.4667,5.0333,4361,1476,321,1412.3333,301.6667,126.6667,686.3333,361.3333,976492.6667,224533.6667,223053.2818,145488.8725,637258.8828,75814.7875,1334688,74.512,77.331,74.361,86.25,78.616,88.253,135.677,67.934,69.686,67.313,96.786,120.493,272.009,104.102,70.052,110.976,32.698,74.276,66.668,66.175,70.401,67.188,65.76,74.235,64.466,160,169.1667,131.5333,127.2,129.8333,134.6333,126.9667,125.4667,106.8506422,72.46185264,25.7426,16.07374266,20.13850909,16.89273781,83.797,83.103,82.674,60.484,68.717,68.406,84.392,96.741,84.445,71.317,5.5233,5.0467,5.2667,5.85,6.6967,7.93,7.5733,8.1867,1.49,1.23,0.22,0.8,1.65,0.54,306,473.5,665.4,2425.5333,2055.5,1046.0223,657.8449,988.6974,1515.6658,664.6361,1653.3335,0,50992.06,7180.033,87.61458285,43812.03,534.6177325,38116.2264,12875836.34,34483.32,22.3045,256.42,102.88,,93.36,,1.4458,119.7053,1.6355,1.3863,103,75.7985,11.2,12.2,63.10907,7215147.9,82.8929,86.3302,78.6287,15.5,41.1667,46.8493,46559.3333,6.57,-0.4767,1.0467,2.05,107.7,135.9667,133.1333,143.7333,234,141.5,129.2,178.7667,160.6,155.5333,155.9,13.75,88921.05,331061.8733,926.9119,0.6435,325433,1019275.333,1.42,0.1089,5.59,0.06,134,300.6667,629.3333,348.3333,19576.4765,1331.6458,181.1667,9.53,0.0103,10.16,7810.75,846.98,2232362.37,242072.81,7081960.42,4849.6,525.88,922.1863,824.4367,970.0133,1.8405,21.7528
9/1/1997,11615.636,7468.188,536.3175,5209.0847,1862.904,1882.955,1817.1291,497.2741,1243.2229,559.9504,0.8,2483.546,-1.7,2265.2298,1628.1027,1210.66,1403.959,8291.452,69,69.164,89.558,83.6807,87.5899,98.4595,76.2108,60.8444,110.474,96.7817,87.3919,99.8625,68.2614,80.3528,84.1828,83.1349,123270.6667,103610,17435.3333,99334,23936.6667,10734,6701.3333,5845.6667,14245.3333,7290.3333,3102.6667,14483.6667,11035,4846.6667,655.6667,24669.6667,19660.6667,14406.4333,5643,2775.6667,4589,12296,129950.3333,67.1667,4.8667,4.073507607,0.787515998,16.4333,4,4.3,2467,2105.3333,990,1075.6667,2934,2253.3333,847.3333,563.3333,4031,100.161,145.672,99.576,41.6667,34.5667,5.0667,4519,1457.6667,271,1461,299.6667,140,670,348,995908,229441.3333,229643.5345,147482.2928,643358.5771,80497.3918,1355839,74.709,77.5113,74.581,86.302,78.919,88.004,134.767,68.324,69.641,67.672,96.505,119.96,267.055,104.099,70.318,109.816,33.039,74.009,67.147,66.421,70.631,67.635,66.147,74.699,64.669,160.8,169.9,131.3,127.2,129.6,133.8333,127.3333,125.3,116.0206437,70.14119443,25.5232,16.19976553,20.2464709,16.96525632,84.16,83.577,83.268,61.479,69.294,69.053,84.571,96.007,84.59,71.77,5.5333,5.0467,5.1333,5.54,6.2433,7.47,7.17,7.7567,1.5133,1.23,0.09,0.49,1.2,0.46,309.0667,501.2,664.9333,2451.2,2091.9333,1061.7481,658.9626,993.6482,1546.1176,676.9152,1670.5633,8.3,52477.23,7319.33,88.27561397,45157.9,544.6319917,39438.4629,13038766.11,35781.7,24.9721,259.33,103.96,,94.679,,1.4885,118.0651,1.6247,1.3851,105.8,66.2881,11.2,12.4,62.48709,7245641.1,84.9868,85.13,77.5757,16.1,41.1333,46.372,45890.6667,6.13,-0.4867,0.5967,1.6367,107.1333,132.9667,132.9667,144.0667,235.1,141.8333,128.3333,180,161.3667,156.0667,156.6,13.8467,93288.3167,338144.2033,940.66,0.6806,321900,1029735.667,1.41,0.1079,5.51,-0.03,138.3333,300,646,376.6667,19192.5897,1594.9972,182.6667,9.61,0.0103,10.4,8108.42,865.16,2285075.84,243814.13,7209013.04,4923.94,525.38,937.2204,929.85,1093.26,1.6426,23.7021
12/1/1997,11715.393,7557.449,550.0545,5266.2917,1875.9266,1911.048,1830.5707,496.1298,1251.1631,565.8208,0.9,2496.01,-0.6,2288.6824,1642.7609,1208.974,1434.248,8413.567,69.673,69.801,91.594,85.7787,90.0705,100.8527,77.98,63.4921,111.6259,100.7775,92.1209,101.6096,71.1335,83.5165,84.6988,83.6215,124248.3333,104493.3333,17552.3333,100132,24116.3333,10844,6708.3333,5906.6667,14333.3333,7371.3333,3134,14695.6667,11074.3333,4882.3333,657.3333,24886,19755,14505.1333,5679.4,2792,4583,12380,130503.6667,67.1667,4.6667,3.963961274,0.719691587,14.6333,4,4.1333,2526.3333,1976.6667,904,985.3333,2941,2212.3333,713.6667,533.6667,3927.6667,100.514,146.946,100.036,41.8667,34.5667,5.2,4701,1532,331,1474.6667,310.6667,140,691,390.3333,1003646,230485.6667,232672.7283,147953.2389,658015.3555,84113.3274,1378022,74.943,77.7567,74.848,86.181,79.093,87.886,134.016,68.713,69.716,68.02,96.539,119.699,262.462,103.24,70.47,109.367,33.15,74.165,67.621,66.547,71.369,67.858,66.731,75.139,64.756,161.6667,170.8667,131.6333,127.5,130.1333,134.6667,127.7667,125.4667,147.6434615,70.52045472,25.6147,16.3501397,20.42694874,17.1346422,85.179,84.654,84.45,62.332,69.648,69.444,85.733,96.339,85.688,70.749,5.5067,5.09,5.1667,5.4833,5.9067,7.2,6.8767,7.4367,1.53,1.29,0.08,0.39,0.82,0.54,312.9333,523.3,661.6,2476.3,2129.5333,1079.8192,644.7209,1003.0193,1566.8836,688.8388,1691.8581,10,53137.03,7420.035,88.19131642,45716.99,543.3722714,39887.0481,13249978.78,36204.57,27.8602,261.85,105.44,,95.567,,1.4326,125.3921,1.6605,1.4089,105,83.5968,11,12.4,62.77032,7342097.3,87.3197,90.548,76.6353,15.8,41.1333,46.685,46436,5.8333,-0.4167,0.3267,1.37,112.6667,125.0333,132.8,144.1,236.9333,142.1333,127.8667,181.3333,162.2333,156.7333,157.4333,14.0167,92719.2967,345244.2167,974.2594,0.7335,312617,1041298.667,1.4167,0.1072,5.63,0.12,141.3333,300.3333,650,383,16461.7185,1618.512,183.9667,9.98,0.0106,10.81,8202.68,867.38,2342187.05,247671.83,7425239.91,5083.05,537.5,945.6817,950.8167,1106.1267,1.6244,23.6184
3/1/1998,11832.486,7633.895,554.5339,5327.0761,1889.3839,1994.375,1884.6435,522.1125,1291.7702,577.4882,1.2,2487.078,-9.6,2328.0511,1657.7581,1214.634,1488.026,8590.692,70.52,70.591,92.525,86.7428,91.1016,101.0986,78.8776,64.8584,111.7196,101.8757,92.2197,101.5057,73.1537,79.1504,84.0025,83.0191,125007,105224.3333,17627.6667,100737.3333,24269.6667,10930.3333,6697.3333,5983,14415.3333,7452,3167,14905,11119,4925.3333,659,24971,19782.6667,14517.1333,5720.5,2767.3333,4578,12437.3333,130782.3333,67.1,4.6333,3.943659953,0.697554778,14.4,3.8,4.2667,2649.3333,1939.6667,848,956.6667,2882.6667,2200.6667,773.3333,535.3333,3882.3333,101.091,147.363,100.672,41.7333,34.5333,5.1333,4854,1558.6667,278.6667,1602.3333,344,161.6667,682,371,1018558.667,232118,227581.0188,145689.8247,656660.1698,78565.811,1410167,74.949,77.9857,74.924,85.784,79.135,87.204,133.031,69.024,69.159,68.296,95.937,119.925,256.878,103.285,70.707,108.19,30.397,74.673,67.858,66.916,71.587,68.353,67.094,75.138,65.036,162,171.9,130.6,125.0333,128.8,133.9667,125.4,124.1667,110.7912867,52.32055206,20.4275,16.45171852,20.53794168,17.16552141,85.753,85.942,85.708,62.787,70.049,69.829,86.664,96.434,86.627,69.643,5.52,5.0533,5.0467,5.3133,5.5867,7.05,6.6667,7.2533,1.6667,1.47,-0.01,0.26,0.53,0.41,317.4667,549.3,664.3667,2516.4333,2182.7,1104.5096,633.8253,1008.3042,1587.6343,691.7005,1700.0048,0,55243.75,7471.142,86.96787472,47772.61,556.097334,41716.6389,13527112.56,38013.42,21.4549,264.98,107.65,,97.992,,1.476,128.1605,1.6459,1.4303,107.8,86.0828,10.9,12.4,62.50988,7394929.9,88.6227,84.3614,75.6529,15.1667,41.0333,46.0987,45995.6667,5.5067,-0.4667,-0.0133,1.1467,101.0333,116.3,132.9333,142.3,238.7667,141.7333,127.8,182.4,162.4,156.6333,157.7,14.11,93237.14,345951.57,1017.5149,0.7626,318400,1054498.667,1.43,0.1058,5.46,-0.06,164,341.6667,701.6667,395,16538.4513,1691.3966,185.4667,10.21,0.0118,11.25,8656.13,1003.46,2432769.32,282018.63,7670119.42,5237.35,607.14,862.6272,1021.31,1188.8333,1.5304,25.2035
6/1/1998,11942.032,7768.323,582.5883,5396.0532,1912.3251,1982.058,1948.7145,537.3162,1335.4282,597.4726,0.4,2530.606,8,2358.3221,1684.8851,1201.227,1522.131,8708.815,71.277,71.329,92.506,87.3271,91.7237,101.6657,79.252,65.1361,111.6298,101.224,90.9253,102.5562,73.9908,81.7244,82.974,81.6833,125798.3333,105941.6667,17623,101435.6667,24362.6667,10951.6667,6671.3333,6088.6667,14509.3333,7534.3333,3201.3333,15094,11194.6667,4962,651,25083.3333,19856.6667,14570.7333,5747.3,2758.6667,4596.6667,12501.3333,131259.3333,67,4.4,3.8081299,0.609525681,14.4,3.6,3.9667,2605,1982.3333,689.6667,837,2769.6667,2080.6667,699.3333,528.6667,3756,101.702,146.733,101.198,41.4,34.4667,4.8667,4878,1572.3333,286,1550.6667,317.3333,139.3333,723,392.6667,1029003.333,237344,227437.0939,143476.297,652449.5579,80761.0525,1420897,75.084,78.2247,75.119,85.589,79.157,86.857,132.038,69.373,69.022,68.607,95.37,120.508,251.502,102.513,70.883,107.677,29.059,75.255,68.331,67.342,71.474,68.763,67.522,74.445,65.664,162.5333,172.8667,130.5333,124.9333,128.8,134,125.3,123.4,111.8553891,46.87248854,18.7322,16.56766855,20.61584725,17.16423213,87.118,86.779,86.496,63.044,70.433,70.135,87.322,97.843,87.237,68.966,5.5,4.9767,5.1067,5.41,5.5967,7.09,6.6367,7.2533,1.6567,1.5,0.13,0.43,0.62,0.52,320.2667,592,662.8333,2555.0667,2245.4333,1121.3824,634.4085,1029.1693,1610.6302,716.8638,1746.0331,4,56042.17,7627.686,87.58580269,48414.49,555.9251055,42265.0099,13777164.59,38533.67,21.5811,266.56,109.8,,99.213,,1.493,135.66,1.6536,1.4468,106.9,75.1139,10.6,12.4,61.85196,7388971,89.0946,88.5394,74.8699,14.5,40.7667,45.5533,45394.6667,5.5867,-0.5233,0.0867,1.1367,99.1,113.2667,132.7667,141.1667,241.1,141.6,127.6,183.6667,163,156.9,158.2,14.18,98005.6667,352783.1867,1026.4275,0.8044,320067,1061961,1.4367,0.1065,5.49,-0.01,145.6667,313,700,392,15558.4969,1827.5005,187.0333,10.42,0.0119,11.27,8671.21,988.86,2530328.33,288556.19,7782800.01,5252.47,598.99,876.8928,1109.67,1292.3667,1.4284,27.4358
9/1/1998,12091.614,7869.624,599.1376,5460.3873,1926.1472,2033.015,1986.0581,545.4951,1356.5421,614.9321,0.6,2549.668,-1.5,2398.1528,1708.5871,1195.642,1542.697,8796.547,72.328,72.391,92.866,87.9728,92.288,101.764,79.7799,66.3543,111.1354,101.6654,90.5128,102.5325,75.2502,83.5439,82.172,80.7756,126509.3333,106551.3333,17514,102150.3333,24359,10878.6667,6635.3333,6204,14617.6667,7608,3232,15252,11277.3333,4994.6667,641,25210.6667,19958,14647.9333,5760.4,2773,4631.6667,12553.3333,131568.3333,67.0667,4.5333,3.914228385,0.617903574,14.7667,3.8,3.9667,2604.6667,1984.3333,778.3333,851.6667,2822.3333,2143.6667,754,487.6667,3593.6667,101.764,144.935,101.311,41.3667,34.4333,4.7667,4826,1631.3333,314,1613.6667,314,143,765,409.3333,1032128.333,237446.6667,225435.4454,142168.3524,647789.8652,80276.0864,1433847,75.317,78.5027,75.41,85.506,79.355,86.832,131.029,69.72,69.3,68.939,95.775,120.066,244.174,101.481,71.154,108.374,28.937,75.649,68.747,67.636,71.976,69.161,67.913,74.452,66.005,163.3667,173.9,130.5,124.3,128.7667,134.4,124.6333,122.6667,102.2960648,43.43967254,17.9994,16.64059575,20.72966021,17.12037368,88.389,87.823,87.508,64.074,71.392,71.136,87.477,98.097,87.478,69.209,5.5333,4.8233,4.87,5.0933,5.2033,6.87,6.49,7.1267,1.9233,1.66,0.05,0.27,0.38,0.62,322.6333,636.1,659.2333,2585.2333,2302.6,1152.3864,624.5574,1049.2564,1618.9633,719.1196,1768.3761,9.8,55123.8,7749.487,88.09691618,47374.31,538.5557706,41058.801,14064997.07,37299.46,33.5084,269.32,112.28,,100.796,,1.469,139.9826,1.6534,1.5144,103.5,104.5155,10.3,12.2,60.58693,7337245.2,89.82,91.3756,74.4763,14.0667,40.7667,44.5073,44247.3333,5.1167,-0.71,-0.4167,0.9567,94.1333,107.2,133.9,141.5,243.3,142.1,127.6333,184.7,163.8,157.4667,158.9333,14.2467,103413.1333,365162.5133,1043.5684,0.7729,316533,1067072.333,1.4433,0.1074,5.44,-0.09,159,313.6667,744.3333,396.6667,15287.0014,1798.8503,188.6,10.54,0.0119,11.5,8829.43,997.94,2622309.87,296383.32,7957596.87,5335.29,603.01,884.7697,1083.9467,1276.6633,1.4879,27.0691
12/1/1998,12287,7983.316,634.4972,5490.7875,1952.3988,2095.76,2041.1617,569.7242,1396.103,629.3968,0.6,2564.713,2.5,2426.9438,1718.2717,1239.885,1592.678,8866.183,73.786,73.84,94.434,89.2394,93.2243,102.2568,81.3937,69.372,110.5803,107.4744,100.7405,100.9572,76.961,80.2806,82.1199,80.9665,127272.6667,107231.3333,17475.3333,102854.6667,24418,10884.3333,6591,6313.6667,14728.3333,7665,3272.6667,15460,11337,5021,629,25329.3333,20041.3333,14716.2333,5776.7333,2784.3333,4640.6667,12616.3333,132293.6667,67.1667,4.4333,3.822889178,0.610673301,14.6333,3.5667,4,2640,1904.3333,731.3333,845.3333,2810.6667,2104.6667,708,523,3397.3333,102.941,145.705,102.559,41.4333,34.4667,4.7667,4816,1722.3333,323.6667,1711,369,157,795.6667,400.6667,1056960.667,244456.6667,228290.9217,143974.7562,635995.2763,77030.4246,1447814,75.515,78.752,75.613,85.553,79.359,86.678,130.054,70.079,69.41,69.305,95.894,119.42,238.009,101.066,71.564,107.576,28.306,76.315,69.168,68.013,71.969,69.697,68.532,74.31,66.557,164.1333,174.8667,131,123.4667,129.3667,134.8,123.7667,121.8333,103.3184542,39.79147167,16.3056,16.74029872,20.85871056,17.19744561,88.558,87.953,87.718,64.812,71.945,71.73,87.323,97.571,87.295,69.303,4.86,4.2533,4.29,4.39,4.67,6.77,6.3333,7.25,2.58,2.1,0.04,0.14,0.42,0.84,328.3,701.1,665.3,2640.1667,2394.8333,1190.5552,629.1961,1062.373,1649.8491,730.0985,1792.4716,5.8,57836.45,7911.835,89.23608525,49924.61,563.0902578,43478.384,14358063.29,39678.88,27.5554,271.65,113.95,,95.647,,1.361,119.4697,1.6754,1.543,100.2,98.078,10.4,12.3,60.40696,7434571.9,91.5635,86.247,75.1476,14.2,40.9,44.4933,44368.6667,4.39,-0.6067,-0.47,1.4733,92.5667,103.6333,132.4667,141.2,245.3333,142.3333,127.1,185.9667,164.4667,157.8667,159.6333,14.38,109954.8967,374296.3467,1087.6994,0.7852,314200,1075997.667,1.43,0.1078,5.09,0.23,175.6667,358.6667,752,424.6667,14079.2795,1857.5378,190.1,11.51,0.0129,11.68,8789.98,988.18,2719798.64,305761.63,8113665.75,5393.87,606.38,889.516,1122.3167,1341.89,1.4471,28.4681
3/1/1999,12403.293,8060.776,635.8108,5535.7914,1988.5492,2153.308,2076.9045,586.4956,1427.0351,631.8686,0.9,2582.15,-0.3,2452.359,1737.2383,1238.297,1633.882,8946.329,74.647,74.684,95.468,90.2266,93.9189,103.2833,82.665,71.1802,111.5803,108.5053,101.3005,101.9813,77.4183,82.9576,81.9166,80.7399,128027.6667,107895.6667,17396.6667,103623.3333,24404.3333,10847.3333,6549.3333,6396,14822.6667,7713,3323.3333,15675.3333,11417.6667,5048.3333,611.6667,25491,20132,14826.3333,5804.5333,2768.3333,4669,12694.6667,132943.3333,67.1333,4.3,3.753480289,0.534907532,14.4333,3.4333,3.8667,2500.3333,1948,760.6667,743,2687,2030.6667,746.3333,497.6667,3474.6667,102.606,144.227,102.403,41.3333,34.3667,4.8,5148,1709.3333,341.6667,1705.6667,318.6667,160.6667,835.3333,394.6667,1072882.333,249018.3333,234896.8881,147468.1889,629551.0159,79004.2359,1473310,75.713,79.0077,75.859,85.649,79.527,86.59,128.961,70.408,69.646,69.637,95.656,119.227,232.928,99.636,71.86,106.216,27.478,77.879,69.548,68.425,72.091,70.273,68.833,74.29,66.965,164.7333,175.6333,131.4667,122.6,129.9333,135.4333,122.9667,121.0333,90.11846327,37.84394107,16.5129,16.83380535,20.89247996,17.25992089,90.071,89.204,89.156,66.193,72.895,72.787,87.769,97.503,87.685,69.191,4.7333,4.4067,4.4133,4.6633,4.9833,6.88,6.42,7.4033,2.42,1.89,0.01,0.26,0.58,0.42,334.8,734.1,666,2677.3667,2457.4,1189.0038,627.4642,1083.2867,1672.335,740.7671,1824.0538,13.5,58296.27,7996.829,89.38671309,50299.44,562.2355474,43724.9722,14571300.37,39898.63,27.5044,273.62,115.72,,96.244,1.1227,1.4263,116.4771,1.6329,1.5116,105.9,82.3431,10.2,12.4,60.01334,7464523.9,92.7147,88.8464,78.3577,13.5333,40.6667,45.1607,45031.6667,4.8833,-0.3267,0.15,1.6867,89.8667,96.7667,130.9,140.5,247.2333,142.5333,126.2667,186.9667,165,158.4,160.2,14.4633,115254.4467,379551.6733,1096.653,0.8644,310150,1083284,1.4167,0.109,4.82,0.09,170,338,782,415.6667,14523.7342,2370.118,191.2333,11.79,0.0122,11.71,8870.94,915.8,2799075.79,288964.92,8189911.6,5390.84,556.53,968.6559,1259.0033,1517.5267,1.3001,32.3356
6/1/1999,12498.694,8178.302,666.1562,5588.1612,2007.3144,2154.652,2126.2826,607.3095,1464.9125,641.7523,0.4,2591.864,-0.4,2475.044,1748.4118,1250.066,1680.016,8966.482,75.258,75.318,96.305,91.0929,94.2579,103.4658,84.0498,73.2663,112.2691,110.3398,103.1933,101.5394,78.455,84.2882,81.7053,80.5049,128843.6667,108597.6667,17324,104409,24434.6667,10827.6667,6496.3333,6514.3333,14904.6667,7747,3384.6667,15883,11507.6667,5073.3333,596.3333,25662.6667,20246,14937.2333,5829.6667,2774.3333,4688.3333,12783.3333,133214.6667,67.1,4.2667,3.719070689,0.533749707,13.8,3.5,3.8,2604.3333,1803.3333,793.6667,742.6667,2662.6667,2010.3333,806.6667,440.6667,3415.6667,103.23,143.67,102.988,41.3333,34.3333,4.8333,4986,1574.3333,273.6667,1647.3333,349.3333,151.6667,686.3333,387,1086392.667,254220.3333,231947.6511,148160.3438,622154.9357,78902.3041,1481030,76.127,79.2627,76.19,85.694,79.605,87.213,128.319,70.725,70.655,69.928,95.646,118.702,228.815,100.048,72.054,106.863,30.719,78.208,69.909,68.738,72.646,70.924,69.287,74,67.187,165.9667,176.4667,132.2667,124.5,131.0333,134.4667,125.4333,122.2333,106.9817699,58.20141043,22.2802,16.93943977,21.09016489,17.40623206,90.2,88.881,88.809,67.032,73.074,72.961,87.88,97.15,87.815,69.538,4.7467,4.4533,4.5833,4.88,5.54,7.2,6.9333,7.74,2.2,1.66,0.13,0.43,1.09,0.44,339.7333,762.5,663.8,2696.1333,2498,1194.1166,625.3555,1108.7197,1690.634,743.8214,1852.5411,14.5,59616.77,8166.798,91.08140601,51449.97,573.8033505,44786.705,14830066.99,40913,24.9101,276.38,118.36,,98.483,1.0569,1.5141,120.8321,1.6064,1.4729,106.2,69.2109,10.2,12.8,59.20506,7407069.8,93.7374,90.1025,79.9189,13.6667,40.7333,43.5913,43445,5.4433,-0.2933,0.6967,2.1867,95.0333,99.9667,131.7,143.3333,249.3333,143.9,125.8,188.1,166.4,159.6,161.3667,14.6533,119015.0967,390756.1167,1105.3157,0.843,301367,1095868.333,1.4067,0.111,4.89,0.14,167,342,724.6667,413.6667,16792.0484,2523.9462,192.3667,12.14,0.0123,11.7,8940.14,905.07,2890794.55,292654.32,8314313.17,5423.52,549.06,987.7847,1329.7933,1597.4967,1.225,34.1616
9/1/1999,12662.385,8270.609,682.0674,5649.5852,2016.539,2213.773,2175.8036,627.8268,1506.8562,646.6264,0.4,2623.303,6.5,2504.9691,1765.9574,1286.473,1741.984,9027.656,76.45,76.472,96.734,91.9045,94.3777,103.3073,85.4581,75.3195,112.3977,111.7353,104.7572,100.8081,79.3748,85.9635,81.5134,80.0952,129592.3333,109219.6667,17292,105117,24475.3333,10826.6667,6465.3333,6590,14967,7774.3333,3450,16077.6667,11570,5098.6667,593.3333,25806.6667,20372.6667,15020.1333,5863.8,2768,4717.3333,12887.3333,133570.6667,67.0333,4.2333,3.735087949,0.513035879,13.8333,3.5333,3.7667,2600,1814,756,715.6667,2622.3333,1990.6667,784.3333,477,3305,103.839,144.272,103.628,41.4333,34.3667,4.8667,4925,1650.6667,328.3333,1634.6667,341,165,741.6667,403,1098903.333,259667.6667,237798.8165,150082.1431,621150.5901,83656.8766,1495805,76.53,79.5363,76.472,85.576,79.789,87.645,127.728,71.114,71.413,70.285,96.343,118.235,223.431,99.314,72.323,106.435,33.146,78.702,70.348,69.115,72.846,71.475,69.764,74.051,67.497,167.2,177.4,133.5667,126.8667,132.8,135.1333,128.1333,124.0333,130.3668056,73.92053103,27.3267,17.04458703,21.1978389,17.53074657,90.451,89.009,88.933,67.05,73.773,73.645,87.842,98.128,87.763,70.074,5.0933,4.65,4.7767,5.16,5.8833,7.8,7.3267,8.1,2.2167,1.92,0.13,0.51,1.23,0.6,343.2667,771.7,656.8667,2716.1667,2525.0667,1216.5249,620.7209,1129.5633,1723.8473,759.152,1888.7152,7.5,59479.51,8340.543,92.38879558,51138.96,566.47002,44281.934,15197573.43,40359.69,24.8132,279.33,121.15,,97.56,1.0491,1.5276,113.1442,1.6019,1.4864,105.9,73.0608,10.4,13.2,58.42135,7390919.9,94.4795,91.9203,81.3909,13.2667,40.8333,41.5407,41210.6667,5.7733,-0.4433,0.68,2.2333,102.0333,108.5667,131.2,145.8333,251.7,145.1333,126,189.3333,167.7,160.8333,162.5667,14.8033,123422.8167,406127.2133,1122.633,0.8312,292750,1107401,1.3967,0.1119,5.25,0.15,160.6667,339,739.6667,395.3333,17730.51,2729.1766,193.5,12.44,0.0129,12.01,9183.83,951.49,2985373.92,309300.44,8578588.53,5593.21,579.49,965.202,1342.2167,1638.6133,1.2207,33.9868
12/1/1999,12877.593,8391.791,690.1913,5724.2312,2057.6341,2273.095,2187.0999,623.7298,1513.5444,651.3961,0.9,2664.249,8.4,2556.0178,1788.8347,1318.222,1784.003,9163.245,77.941,77.976,98.369,93.5314,95.9115,105.5693,87.133,77.3178,114.4149,114.5422,107.1676,102.897,80.2174,83.4133,82.062,80.7395,130485,109987.3333,17278,105935.6667,24549.3333,10825,6453,6678.6667,15054,7773.3333,3514.6667,16322.3333,11678.6667,5126.6667,592.6667,25968.3333,20497.6667,15112.6333,5892.7667,2768,4757.3333,12972.3333,134275,67.0667,4.0667,3.586214839,0.496715668,13.7,3.3667,3.5667,2580,1745.3333,702,695.3333,2495.3333,1989.6667,799.6667,467.6667,3220.3333,104.383,143.212,104.06,41.4,34.4,4.9,5054,1654.6667,293.6667,1668,377.6667,146.3333,744,386.6667,1115554.333,265548.6667,240936.2288,152475.1236,627429.7515,83403.6339,1524132,76.982,79.895,76.863,85.843,80.114,87.946,126.969,71.635,72.058,70.773,96.493,117.514,219.097,99.066,72.727,106.587,34.965,78.925,70.82,69.552,73.302,72.168,70.183,74.634,67.985,168.4333,178.4,134.8333,127.9333,134.3333,135.5333,129.4,125.3667,131.6810689,82.85404286,30.7429,17.10577056,21.29459923,17.548013,91.605,90.099,89.875,68.688,74.9,74.702,88.193,97.761,88.179,70.409,5.3067,5.0433,5.2067,5.6067,6.14,7.83,7.4867,8.24,2.1,1.69,0.16,0.56,1.1,0.86,360.6,815.3,660.2333,2733.0667,2556.5667,1243.1114,623.0823,1145.158,1792.6294,763.0593,1908.2173,7.8,62835.59,8517.652,92.9545365,54317.93,592.7805438,47337.7195,15497865.95,43376.63,23.42,280.94,123.8,,95.767,1.0381,1.5427,104.3993,1.6303,1.4724,105.3,76.195,10.4,13.4,58.34802,7503170.9,96.4598,87.666,81.719,13.0333,40.9,41.1167,40838,6.0633,-0.2633,0.7567,2.18,105.9667,114,131.2333,147.9667,253.9667,146.1667,125.8,190.7667,169,162.1333,163.7667,14.91,126380.2033,415270.6833,1137.375,0.8843,283550,1127121,1.39,0.1115,5.9,0.6,163,361,751.6667,392.3333,18179.8887,3269.3697,194.6333,13.1,0.0135,12.26,9291.29,960.28,3083344.98,318671.82,8755137.68,5671.79,586.19,967.5612,1373.23,1695.5033,1.2015,33.477
3/1/2000,12924.179,8520.71,728.6672,5813.4537,2039.6263,2257.109,2249.6721,651.8732,1569.0252,654.6744,0.2,2645.393,-12.5,2639.6387,1801.6918,1337.203,1853.884,9338.678,78.248,78.373,99.137,94.4765,96.4796,105.3314,88.2858,79.5054,113.8466,116.0098,108.3251,102.055,82.6936,82.8563,82.0312,80.6264,131255,110620.6667,17290.3333,106607.6667,24647.3333,10855,6435.3333,6764.3333,15117.3333,7769.3333,3570.6667,16516.6667,11740,5153,592.6667,26106.3333,20634.3333,15201.6,5914.5333,2816,4768,13050.3333,136619.3333,67.3,4.0333,3.582488838,0.467292268,13.2667,3.3333,3.6667,2641.6667,1814,665.3333,665.3333,2567.6667,2006.3333,785.3333,414.3333,3202,104.972,143.253,104.618,41.4667,34.4,4.8667,5420,1659,347.6667,1690,337.3333,161.3333,773.3333,387,1120433.667,271752,239583.4889,154354.3207,635538.7092,82249.9398,1528547,77.625,80.3333,77.389,86.357,80.362,88.631,126.378,72.255,73.161,71.398,96.118,117.95,215.65,99.152,73.136,105.903,39.164,79.285,71.471,70.114,73.867,72.951,70.739,75.644,68.316,170.1,179.5667,136.3667,129.6333,136.2,136.1,131.3667,127.4333,128.0030514,100.6534698,35.857,17.17838586,21.40655911,17.60996589,94.213,92.363,92.07,69.204,74.794,74.661,91.297,100.789,91.425,66.84,5.6767,5.52,5.69,6.1867,6.48,8.26,7.7133,8.33,1.85,1.78,0.17,0.67,0.96,0.39,356.8667,862.1,654.2,2748.6333,2584.4,1264.1059,637.2098,1159.5207,1863.1521,769.5768,1929.0975,3.8,64292.32,8630.257,92.41412355,55662.06,596.0379204,48379.63,15912689.52,44363.92,25.8142,284.75,126.88,126.58,97.833,0.9869,1.6296,106.9973,1.6068,1.4535,110.1,81.4504,10.5,14.1,57.71743,7437542,97.5276,87.2773,80.7347,12.8,40.9667,42.0253,41805,6.5867,-0.1567,0.91,2.0367,110.3333,119.9667,130.4667,150.9,256.6,147.8,125.3,192.5333,170.8333,163.7,165.3667,15.06,135274.4067,422272.5233,1146.7625,0.94,285633,1145708,1.3867,0.1101,5.91,0.24,180.6667,369.6667,725.3333,414.3333,19507.6236,4427.8735,196.4667,13.45,0.0146,12.25,9250.31,1003.86,3174015.08,344449.28,8878641.65,5704.63,619.08,921.4753,1418.89,1786.6133,1.1749,32.4812
6/1/2000,13160.842,8603.007,715.1882,5884.4513,2080.1339,2390.733,2299.4197,675.9288,1618.0261,651.3446,0.9,2671.254,12.9,2642.7281,1799.2155,1375.203,1911.437,9441.952,79.981,80.102,100.055,95.6199,97.7787,106.3516,89.3336,81.2986,113.6443,116.6627,109.1461,103.2241,85.1213,85.4312,82.1862,80.5989,132032.3333,111087,17291,107363.3333,24669,10881.6667,6409.3333,6780.6667,15187.6667,7764.3333,3621.6667,16661.3333,11843.3333,5158,597.3333,26181.6667,20945.3333,15273.5667,5907,3053,4779.3333,13113,136946.6667,67.1667,3.9333,3.511867382,0.436971322,12.5667,3.2,3.6333,2551,1836.3333,653.6667,623,2400,2005,766.3333,433,3226,105.065,143.687,104.811,41.3667,34.3333,4.7667,5155,1586.6667,313.3333,1570.6667,333.3333,147.3333,723.3333,382.6667,1130205.667,271954,249580.1691,155440.8431,644597.6241,87958.505,1550692,77.973,80.5887,77.841,86.678,80.785,89.042,126.111,72.572,73.799,71.651,96.541,117.735,213.877,98.046,73.638,105.213,40.419,80.159,72.058,70.454,74.627,73.464,71.178,74.633,68.423,171.4333,180.7,137.3333,132.0333,137.4,137.6333,133.7,128.6,168.8240309,98.84948252,35.7144,17.30183223,21.57458958,17.68650957,92.403,91.876,91.687,69.634,76.31,76.24,89.723,99.002,89.826,69.722,6.2733,5.7133,5.96,6.2167,6.1767,8.32,7.7667,8.5933,2.4167,2.14,0.25,0.5,0.46,0.72,352.2,887.6,646.1667,2773,2609.4667,1302.9448,650.9673,1185.7805,1940.4708,784.5363,1970.3168,-3.7,63902.73,8788.431,93.07854224,55114.3,583.7172612,47506.7777,16395957.21,43427.58,26.8144,288.48,131.48,130.56,100.727,0.9338,1.6756,106.691,1.5335,1.4805,108.8,89.0035,10.7,14.2,55.48513,7292188.3,98.6863,91.474,80.6301,12.4333,40.8333,40.5183,40136.6667,6.4167,-0.56,0.1433,1.4933,117.0667,115.2,129.6,153.0333,259.3,148.8667,125.5667,194.1333,172.2333,165,166.6333,15.1867,140129.6133,433775.2233,1164.7185,0.9166,281617,1165263,1.3967,0.1112,6.44,0.16,163,327.3333,691,389.3333,17814.1465,3747.2186,197.8333,13.91,0.0152,12.28,9172.7,1003.26,3278426.69,358576.81,9013502.51,5735.08,627.27,914.2885,1447.2667,1795.9833,1.1555,30.8961
9/1/2000,13178.419,8687.485,727.3538,5940.1356,2093.9661,2367.274,2309.4547,678.22,1635.6226,641.2084,0.6,2659.687,-7.5,2652.2773,1806.1166,1408.783,1978.137,9551.595,79.969,80.121,99.703,95.5269,97.8189,105.9589,89.2321,82.1072,111.0515,114.3568,104.8227,103.5085,86.0196,86.0525,81.3034,79.5705,132283.6667,111470.6667,17279.6667,107603,24680.6667,10905,6374.6667,6799,15292.6667,7779.3333,3638.3333,16782.3333,11922.3333,5171,602,26204,20813,15303.7,5878.7333,2851.6667,4793.3333,13168,136695.3333,66.9,4,3.550583371,0.480453303,13.4667,3.3,3.6667,2539.6667,1821,658,684.3333,2547.3333,1917,794.6667,449,3190.6667,105.142,143.097,104.874,41.2,34.2667,4.6333,4930,1503.6667,270,1554.6667,307.6667,147.3333,667.3333,381.3333,1130335.667,274365.3333,237974.2978,153861.7058,668074.4794,87545.4482,1564299,78.455,80.9533,78.315,87.041,81.175,89.279,125.339,73.167,74.38,72.257,96.252,117.545,210.742,97.389,74.333,104.981,41.594,80.516,72.861,71.26,75.275,74.473,71.752,74.695,68.632,173,181.9,138.3667,133.7667,138.5667,136.9333,136.1333,129.7333,205.5427371,111.1647398,39.0606,17.38447282,21.67910147,17.74271961,93.413,92.803,92.623,69.675,76.252,76.202,91.524,100.952,91.642,68.409,6.52,6.0167,6.0167,6.13,5.8933,8.03,7.6067,8.32,2.4267,2.14,0,0.11,-0.12,0.48,350.4,948.6,636.5333,2780.1333,2633.0333,1323.0613,663.4897,1229.2618,1992.4965,809.0766,2038.3384,1.9,64812.38,8973.029,93.94272679,55839.35,584.6076486,47874.106,16938276.53,43753.99,22.5652,292.4,134.75,133.25,102.554,0.9042,1.7085,107.7098,1.4767,1.4823,107.5,73.7233,10.9,14.7,54.98329,7232399.5,98.584,92.3876,80.7486,12.8333,40.7,39.5227,38981,6.0567,-0.5033,-0.4633,1.0867,121.7667,119.5,129.1,154.3333,262.3,149.8,125.3333,196.3,173.8,166.5333,168.1333,15.32,150159.7833,457321.4633,1179.3611,0.859,302650,1180701.667,1.4133,0.1138,6.5,-0.02,161,308.6667,694.3333,390.6667,16478.6017,3933.1884,199.3333,14.28,0.0151,12.96,9846.04,1042.49,3346806.28,354355.6,9329872.5,5983.07,633.48,944.4767,1475.5033,1797.8667,1.1156,29.738
12/1/2000,13260.506,8762.205,732.4416,5990.8795,2114.1787,2371.809,2316.4822,676.8859,1641.7717,641.84,0.5,2675.695,0.9,2663.0492,1820.6036,1396.844,1977.75,9585.736,80.514,80.65,98.989,95.3257,97.8859,105.8726,88.9553,81.5736,109.4925,111.0899,100.7054,104.5091,86.2011,89.0513,80.3557,78.201,132552.3333,111783.3333,17200,107940.3333,24612,10871.6667,6328.3333,6807.6667,15411.6667,7823.6667,3689,16867.3333,11932.6667,5191.3333,604.3333,26255.6667,20769,15349.4333,5852.6667,2739.3333,4809,13220.6667,137341.3333,66.9,3.9,3.485012614,0.434197652,13,3.3667,3.3333,2495.3333,1779.6667,706.6667,620.6667,2530.6667,1906.3333,771,437,3296.3333,104.558,140.751,104.453,40.8667,34.1667,4.3667,4840,1544,279.6667,1578,291,164,695,394,1127326,276249,231208.5597,154761.7877,673058.1987,84781.1299,1580917,78.888,81.342,78.729,87.183,81.494,89.377,125.037,73.757,74.619,72.816,96.643,117.022,207.438,98.211,74.627,104.931,42.117,80.62,73.711,71.77,76.053,74.973,72.18,74.836,69.081,174.2333,183,140.0667,135.5333,140.7,138.1333,137.8667,130.9,266.3416703,110.9361688,39.3173,17.49809334,21.80911686,17.82597318,93.096,92.685,92.623,70.329,77.081,77.134,91.035,100.354,91.159,69.714,6.4733,6.0167,5.9267,5.9,5.5667,7.64,7.4033,8.2133,2.6467,2.07,-0.09,-0.12,-0.45,0.44,350.9667,993.3,627.4667,2801.4,2668.0333,1329.2266,675.5932,1261.3025,2007.5091,829.6552,2090.9577,1.8,64055.59,9106.072,94.99606388,54949.52,573.2425819,46629.8382,17425754.22,42458.92,29.3233,295.48,138.35,135.99,105.81,0.8687,1.746,109.8871,1.4464,1.5257,103.9,108.3327,10.7,14.5,54.24085,7177537.8,97.9931,97.9014,79.8149,12.5333,40.4333,38.6053,38301.6667,5.55,-0.4567,-0.9233,0.93,133.4667,118.5,129.1667,154.9333,264.8,150.2667,125.3333,198.2,175.0667,167.6333,169.2667,15.48,152661.5033,490058.7667,1167.599,0.8641,327083,1194284,1.4233,0.1163,6.46,-0.02,159.6667,296,702,420.3333,14828.5097,3026.4129,201.0333,14.31,0.0156,13.27,10972.35,1197.37,3434629.54,374807.44,9568003.78,6133.37,669.31,916.3718,1366.37,1620.1633,1.1929,26.4302
3/1/2001,13222.69,8797.28,744.57,6020.3687,2101.7068,2264.202,2303.0393,671.649,1627.0665,644.55,-0.3,2716.773,8.8,2664.2947,1842.8674,1376.171,1946.136,9672.598,80.123,80.234,97.406,94.0682,97.1924,104.9488,87.2819,79.7145,107.1119,107.8281,97.6826,104.3758,85.158,89.06,78.5562,76.185,132759,111863.6667,17023.3333,108287,24472,10753.3333,6270,6842.3333,15572.6667,7865.6667,3714.6667,16843,11991.3333,5201,606.3333,26203.3333,20895.3333,15363.8,5797.2333,2753.3333,4832,13310,137724.3333,67.1667,4.2333,3.74733699,0.483516979,13.7667,3.7,3.6333,2726.6667,1926.3333,766,695.3333,2919.3333,1935,822.6667,406,3302.6667,104.504,138.569,104.4,40.5333,34.1,4.1333,5023,1605,311.3333,1671.3333,329,141,738.6667,396.3333,1120175.333,278019,219832.2964,151453.1461,663061.6095,78317.5042,1565421,79.423,81.8113,79.232,87.218,81.903,89.371,124.476,74.541,74.817,73.563,96.942,116.516,202.92,98.849,75.326,105.091,41.033,81.14,75.023,72.479,75.873,75.548,72.73,75.025,69.832,175.9,184.3333,141.6,137.7667,142.7333,140.2,140.1,131.6333,355.3455318,93.38640234,35.2163,17.55660661,21.85922771,17.76849024,92.981,93.891,93.864,70.294,76.746,76.776,93.579,101.246,93.642,67.366,5.5933,4.8167,4.6467,4.5967,5.05,7.01,7.0767,7.88,2.83,1.96,-0.17,-0.22,0.23,0.35,352.1333,1117.6,626.6333,2848.0333,2770.3333,1336.594,681.9451,1284.164,2022.7573,850.447,2134.611,-5.6,63471.13,9110.011,94.18370203,54361.12,562.0115727,45255.3642,18215766.83,41048.5,29.5847,301.04,142.54,139.45,105.39,0.9221,1.6633,118.1369,1.4582,1.5278,92.3,112.7869,10.5,14.2,55.1304,7269607,96.4842,97.5501,80.3641,12.7667,40.1,38.7767,38716,4.7967,-0.7767,-0.7967,1.4833,146.5667,117.2333,129.5,154.9333,268.3,150.6333,125.5333,201.1333,176.7667,169.2333,170.8667,15.5633,147794.96,503788.0633,1183.4508,0.8259,366150,1191871,1.4333,0.1169,5.17,-0.42,165.6667,332,729.6667,444,13214.1525,2355.5252,202.8667,14.39,0.0141,13.24,10776.96,1053.4,3478139.99,339971.29,9681922.52,6203.78,606.39,1023.0688,1275.7433,1486.1767,1.2627,24.4085
6/1/2001,13299.984,8818.079,743.9572,6033.4462,2111.6573,2267.433,2276.066,643.7323,1593.3922,654.5007,-0.1,2764.085,6,2630.761,1877.6561,1330.818,1886.626,9655.706,80.697,80.72,95.958,92.8812,96.31,105.0694,86.0313,78.7038,104.6108,109.9676,102.5839,103.8069,81.5581,86.4239,76.8863,74.4879,132404.3333,111351.6667,16659.3333,108291.6667,24112.6667,10488.6667,6170.6667,6844.3333,15732.3333,7897,3663.6667,16624.3333,12061.3333,5235.6667,609,26024.6667,21052.6667,15262.0667,5745.9,2764.3333,4877.6667,13410.6667,137088,66.7667,4.4,3.936167697,0.475530421,13.8333,3.9333,3.8,2827,2020,828.6667,682,3185,1884,794,464,3506.6667,103.351,135.097,103.267,40.3667,34,4.0333,4544,1630,291.3333,1652.3333,331.6667,146.6667,742.3333,409.3333,1105351,280901.6667,213485.3854,150314.3735,651359.1733,72518.6006,1563177,79.795,82.1213,79.76,87.46,82.302,89.516,123.593,75.019,75.326,74.03,96.796,115.772,199.079,98.633,75.813,103.574,42.643,81.725,75.679,73.064,75.595,76.259,73.29,74.93,70.354,177.1333,185.4667,142.0333,136.2333,143.1667,141.9,137.9667,130.9667,234.4892818,93.03242628,33.9541,17.6567718,21.80913747,17.88407421,92.995,93.566,93.6,71.029,78.144,78.103,92.406,100.951,92.323,69.863,4.3267,3.66,3.64,3.78,5.27,7.13,7.2233,8.0367,2.7667,1.86,-0.02,0.12,1.61,0.38,355.3667,1249.4,632.5667,2899.7,2892.9,1317.3441,687.1149,1306.0302,2061.0413,864.1835,2170.2137,0,64934.11,9313.268,96.45351905,55620.84,576.0411384,46346.3548,18587752.22,42111.53,25.8951,304.93,144.89,141.68,109.052,0.8736,1.7505,122.6301,1.4211,1.5411,91,103.1642,9.9,13.3,54.03766,7176909.6,95.2102,92.8223,80.9053,12.4,39.9667,38.6823,38518,4.8333,-0.6667,0.5067,2.8967,127.8,113.1667,127.6667,156.5667,271.3667,151.5667,124.8667,202.7333,178,170.2667,172.0667,15.7,160486.08,517985.4933,1192.9267,0.7187,396150,1179906.333,1.44,0.119,4.04,-0.29,154,339,739.6667,419.6667,13454.7732,2079.627,205.1,14.47,0.0134,13.2,10734.11,991.81,3532614.03,326404.85,9775947.12,6243.33,576.87,1082.2799,1232.9733,1424.4067,1.2811,24.2247
9/1/2001,13244.784,8848.3,752.4989,6041.7907,2121.3877,2218.37,2259.7551,626.9931,1574.5613,658.5647,-0.3,2761.354,2.4,2384.5269,1868.9814,1265.968,1848.983,9878.502,80.149,80.155,94.343,91.6006,94.9622,104.4753,84.742,76.941,104.1094,109.3266,102.4473,103.2295,78.3737,86.7332,75.2413,72.8618,132007,110792,16243.6667,108326.6667,23680.3333,10198,6045.6667,6828.3333,15900.6667,7909,3600.6667,16441,12088,5280,608.3333,25892.3333,21215,15207.6667,5706.8,2777.6667,4936.6667,13500.6667,136719.3333,66.7,4.8333,4.267258029,0.551860155,15.0667,4.2667,4.2,2815,2241.3333,1028.6667,792.6667,3490.6667,2094.3333,842.6667,468.6667,3723,102.205,132.37,102.152,40.4,33.9,4.0333,4222,1599.6667,286.3333,1592.6667,318.3333,154,734,393.3333,1100886.667,279000.3333,204325.0508,149419.8991,635435.946,66865.836,1552602,79.842,82.3417,80.01,87.704,82.462,89.064,122.776,75.299,75.015,74.302,96.514,115.331,195.613,98.519,76.444,102.539,39.638,82.458,76.201,73.543,75.128,76.612,73.828,73.484,71.292,177.6333,186.7333,140.7,133.3667,141.3333,141.9,134.3667,129.2667,135.574333,88.41312302,32.303,17.72713137,21.87647327,18.03885103,92.854,93.445,93.518,71.272,78.46,78.426,92.192,100.724,92.079,70.436,3.4967,3.17,3.1233,3.3033,4.98,6.97,7.1067,7.95,2.97,1.99,-0.05,0.13,1.81,0.13,367,1317.6,655.8,2956.4,2995.0333,1286.9513,686.784,1334.351,2073.0359,858.9648,2193.3157,0,63771.96,9597.344,97.15383977,54174.61,548.4091817,44766.9464,19005009.59,40500.28,32.3462,308.82,146.96,143.62,108.042,0.8914,1.6905,121.4923,1.4386,1.5462,88.6,124.8268,9.4,12.9,54.80656,7273695.5,93.8047,92.9182,81.7652,13.1333,39.9,45.5203,44236.3333,4.4833,-0.3267,0.9867,3.61,110.9333,106.3333,126.5,154.4667,274.1,150.9667,124.1667,204.2333,178.3333,170.1667,172.4333,15.86,168043.7067,535627.7233,1224.9961,0.6119,410333,1161962.333,1.43,0.1221,3.3,-0.2,156.6667,329,706.3333,400.6667,11291.5225,1876.2134,207.3333,14.47,0.0125,13.28,10728.2,928.12,3587483.93,310362.59,9896662.71,6309.18,545.82,1155.9009,1142.53,1315.71,1.3817,24.4115
12/1/2001,13280.859,8980.61,815.1542,6062.4886,2139.2819,2108.5,2208.2042,624.4415,1529.3206,654.3303,-0.8,2806.951,4.9,2505.7359,1904.3114,1225.899,1823.051,9753.663,80.234,80.372,93.394,90.6416,94.1199,104.8844,83.7506,75.4316,103.4662,109.5219,103.5104,103.7118,75.4133,85.1932,73.9597,71.7785,131207.6667,109889,15836,107980.6667,23227,9903,5933,6791,16046.6667,7933,3538.3333,16167,11989,5315,600,25673,21318.6667,15142.0667,5663.9667,2757.6667,4977.3333,13583.6667,136225.6667,66.7,5.5,4.810972303,0.725980855,16.3,4.9667,4.8667,3079.3333,2631.3333,1234.6667,1047,4419.6667,2239.3333,879.6667,497,4382.3333,101.125,127.813,100.969,40.1333,33.8,3.7667,3634,1570,284,1632.3333,341.3333,152.3333,711.3333,365,1117775.667,288452,201647.7563,147722.5035,623056.9082,62628.4352,1525165,79.892,82.7587,80.284,87.837,82.507,88.109,122.171,75.825,73.945,74.868,96.815,114.574,192.332,98.046,76.775,101.48,34.354,82.683,76.661,74.026,74.92,77.129,74.16,74.88,72,177.5,187.9667,138.5,129.4,138.7,141.2333,130.3667,126.9,111.7143083,61.87203862,24.6557,17.77052173,21.92313729,18.06856217,94.792,94.401,94.411,73.071,79.464,79.478,91.746,100.194,91.753,71.281,2.1333,1.9067,1.9267,2.2433,4.77,6.78,6.9233,7.9233,3.1533,2.01,0.02,0.34,2.86,0.13,373.8333,1466.2,661.0333,3026.7667,3153.8,1248.7685,690.0843,1378.5442,2100.2286,859.0834,2237.6276,-7.1,65525.13,9700.632,99.45629612,55824.5,572.3439001,46223.5564,19301570.83,41910.33,26.9131,311.07,149.21,145.26,108.933,0.8948,1.6477,123.8179,1.4423,1.5809,85.1,140.3185,9,12.3,55.75305,7439341.9,92.9086,89.7784,83.1352,14.0333,39.7667,41.9137,41821,4.09,-0.2267,1.9567,4.79,98.5333,101.5667,125.3667,150.7667,277.3,149.2667,123.9667,205.5,177.9667,169.2333,172.1667,15.99,193384.38,557841.7433,1278.7182,0.4557,448350,1127980.333,1.3933,0.1264,2.03,-0.1,166,335,745.3333,386,10480.9527,1826.9277,209.8667,14.1,0.0119,13.1,11024.38,933.62,3655625.58,309582.42,9970364.94,6314.74,534.77,1180.8247,1117.0667,1296.96,1.41,27.7656
3/1/2002,13397.002,9008.096,806.1511,6097.3318,2148.1772,2170.707,2189.1138,609.9372,1492.6477,675.7959,0,2855.529,13.8,2317.3497,1921.6223,1252.821,1876.715,9973.532,81.253,81.176,94.347,91.3109,94.4636,106.1283,84.8322,76.9187,104.5683,112.7842,107.0731,104.276,74.5761,87.2483,74.1121,72.1479,130784,109384.6667,15515,107909.6667,22874.3333,9661.6667,5853.3333,6765.3333,16196.3333,7933.3333,3473,16057,11977.6667,5353,594,25520,21399.3333,15071.3,5628.5333,2756,5004.3333,13639,136105.3333,66.6333,5.7,4.839086396,0.865294017,16.3667,5.2,4.9667,3034,2582,1386.3333,1249,4460.3333,2349.6667,887.3333,509.6667,4167.3333,100.31,125.491,100.079,40.3,33.8,3.9667,3577,1723,300,1714.3333,358,160,797.3333,407.6667,1117204.333,284274.6667,201982.3293,145869.4779,608038.5542,61751.8072,1526330,80.041,82.9997,80.503,87.922,82.584,87.72,121.1,76.231,73.813,75.258,96.335,113.746,188.722,97.699,77.189,101.087,32.916,82.912,77.262,74.243,74.754,77.585,74.695,74.938,72.609,178.0667,189,138.1667,128.9,138.2667,142.4333,129.6667,125.8667,110.0846461,67.09885284,26.0334,17.82335808,22.05227266,18.2008419,94.4,94.518,94.435,75.182,81.189,80.925,90.428,97.299,90.213,73.209,1.7333,1.72,1.85,2.32,5.0767,6.97,6.6233,7.9567,2.88,1.89,0.13,0.6,3.36,0.08,382,1490.6,669.1667,3069.8667,3230.9,1221.2236,693.0813,1403.3893,2125.9531,863.2788,2266.6682,-5.7,66294.03,9831.345,98.57435238,56462.69,566.1253,46569.9855,19724048.19,42222.27,22.7995,314.63,151.65,147.34,111.571,0.8768,1.6807,132.4623,1.426,1.5946,93.1,95.9595,9,12.5,55.66835,7503694.4,93.7432,92.2226,84.764,15.0333,39.8333,42.1763,42123.6667,4.46,-0.0133,2.7267,4.89,100.6667,105.1667,124.7667,149.5,280.5333,148.5333,122.4667,207.4,178.4667,169.1667,172.6333,16.1433,196378.1633,568679.4533,1304.9178,0.4345,407633,1112480,1.38,0.1286,1.8,0.06,177.6667,350.6667,786.3333,399.6667,10592.1103,1882.7952,212.0333,14.19,0.0111,13.12,10993.08,862.79,3707497.82,290983.12,10069907,6362.41,499.35,1274.1282,1131.5567,1313.5533,1.391,33.2352
6/1/2002,13478.152,9054.348,811.1784,6136.5996,2149.6007,2206.375,2186.6715,607.0237,1475.8196,692.5533,0.2,2877.458,8,2311.06,1924.1757,1287.83,1939.905,10041.054,81.587,81.682,95.759,92.7305,95.0311,106.9403,86.9105,79.3982,107.0885,116.1225,111.6756,104.1916,74.866,91.4751,75.0039,73.013,130659.3333,109157.3333,15342.3333,108035.6667,22623.6667,9545.3333,5797,6698.3333,16343.6667,7935,3417,16061,11923,5366.6667,583,25487.3333,21502,15059.7,5608.3,2763.6667,5039,13699.3333,136360,66.6667,5.8333,4.768837441,1.075314397,16.6667,5.3,5.2,2828.6667,2703.3333,1390,1557.3333,4637.6667,2392.3333,905.6667,524.3333,4116.6667,100.529,124.873,100.359,40.6333,33.9,4.3,3500,1691,304.6667,1714.3333,331.6667,156.6667,799.6667,403,1130482,287052,203564.3406,148626.9342,596649.6955,61887.5911,1537610,80.651,83.475,80.832,87.678,82.736,88.336,120.491,76.837,74.876,75.863,96.166,113.647,186.029,97.284,77.238,100.873,36.952,83.579,77.834,74.742,75.474,78.369,75.034,75.992,73.15,179.4667,189.9667,138.6333,130.8333,138.9667,139.4,132.3667,127.2,149.5534223,84.42094007,31.471,17.83365004,22.07447255,18.24095954,94.859,94.587,94.529,76.685,81.295,81.252,90.866,96.614,90.874,73.205,1.75,1.7133,1.8567,2.3433,5.1,6.81,6.7133,8.0233,2.9233,1.71,0.14,0.63,3.39,0.09,386.1,1497.1,663,3070.1333,3249.3,1188.1435,695.2406,1421.3161,2152.3133,873.0748,2294.3909,0,65404.79,10001.229,99.60337939,55403.56,551.7703654,45353.2099,20051579.51,40971.18,27.02,318.17,156.17,150.87,107.396,0.9197,1.5943,126.8124,1.4621,1.5545,94.1,89.4917,9.2,13,56.24119,7596271.6,95.081,98.4622,85.3584,16.6667,40.0333,39.9467,39838,4.4433,-0.0367,2.6933,4.9633,107.4,105.9667,124.5333,152.7,283.7333,149.8,121.5667,208.9333,180.0667,170.5333,173.9667,16.25,198353.4867,579880.1,1334.9466,0.4135,408483,1110068.333,1.35,0.1297,1.8,0.05,173.6667,342.3333,779.6667,418.6667,11359.5777,1645.785,213.9333,14.21,0.0111,13.19,11001.15,856.8,3763964.9,293149.27,10209741.83,6445.78,502.02,1283.9755,1068.4,1219.99,1.4935,36.4041
9/1/2002,13538.072,9119.949,835.5395,6163.8718,2153.1604,2203.109,2183.4459,612.8919,1471.007,694.5542,0.2,2892.823,4,2303.6045,1929.7717,1294.531,1964.336,10032.3,81.931,82.079,96.423,93.275,95.5671,107.4237,87.4768,80.5064,107.6709,117.8831,115.52,104.2062,75.3562,90.7132,75.3277,73.4907,130577,109017.3333,15182,108121.3333,22455.6667,9435.3333,5746.6667,6697,16488,7953,3365.6667,15994.6667,11946.3333,5371,576.6667,25443,21559.6667,15008.7333,5601.2333,2762.3333,5052.6667,13744.6667,136806.6667,66.6,5.7333,4.641733816,1.088060981,16.7,5.2333,5,2863.3333,2506,1362,1579,4581,2328.6667,826,564.3333,4258.3333,100.149,123.538,100.024,40.4667,33.8667,4.2667,3427,1697.3333,325.6667,1745.3333,359,167.3333,773.6667,397.3333,1134533.333,290481.6667,205915.4717,149512.6729,587444.3239,63621.9152,1546915,81.045,83.8927,81.177,87.628,82.993,88.321,119.889,77.427,75.086,76.503,96.445,112.963,183.227,96.424,77.173,100.32,37.959,83.855,78.324,75.492,75.248,78.883,75.475,76.78,74.299,180.4333,190.9667,138.8333,131.6667,139.4333,139.1,133.0333,128.2,138.4255291,86.85091513,33.7675,17.90381017,22.16323745,18.281284,95.047,94.553,94.534,78.051,81.911,81.957,90.58,95.628,90.648,73.944,1.74,1.6433,1.63,1.8133,4.26,6.29,6.35,7.6267,3.3667,2.03,-0.01,0.17,2.62,0.09,389.4333,1468.5,661.8333,3111.4667,3287.2667,1158.4012,701.5667,1437.2659,2227.3713,882.1083,2319.3742,5.6,64056.71,10208.255,101.7538806,53848.45,536.7508406,43641.5148,20415194.35,39219.8,39.8915,322.85,161.97,155.24,102.987,0.9841,1.4874,119.3233,1.5499,1.5637,87.3,116.7877,9.3,13.2,56.66127,7684910.9,95.8078,97.5935,85.0922,17,39.8667,39.3717,39119.6667,3.3467,-0.0967,1.6067,4.61,108.5333,102.1333,123.7333,153.8333,287.2333,150.1,121.2333,210.5333,181.1667,171.3333,174.8,16.3833,205940.4633,592965.4967,1380.8047,0.4122,396367,1122997.667,1.3533,0.1314,1.74,0,175.3333,351.3333,784.6667,434,9849.2931,1309.9561,215.6,14.16,0.0109,13.26,10990.75,843.86,3811502.17,292643.21,10348514.93,6537.01,501.9,1302.44,894.65,1019.7033,1.7746,33.2817
12/1/2002,13559.032,9172.361,828.0195,6205.0963,2178.9715,2201.749,2174.2915,601.2693,1451.2161,707.0014,0.3,2915.13,7,2302.0773,1934.7261,1273.374,1996.77,10091.868,81.974,82.165,96.251,93.2543,95.5806,107.4176,87.2594,80.5326,107.3791,118.1624,115.1794,104.0931,75.1077,93.1616,75.3119,73.4052,130587.6667,109011.6667,14988,108322.3333,22265.3333,9294,5694,6700.6667,16578,8003.3333,3322,15957,12097,5398.3333,576.6667,25390.6667,21576,14981.8333,5587.6667,2780.3333,5020.6667,13775,136651.6667,66.4333,5.8667,4.627046098,1.22185289,16.3667,5.4667,5.0667,2851,2535.3333,1351.3333,1773.3333,4738.6667,2399.3333,850.6667,535,4321.3333,100.307,121.991,100.124,40.4,33.8,4.2333,3315,1729.6667,300.3333,1822,358.6667,150,764.3333,456.6667,1131513.667,291669,199206.9243,151672.2693,573304.271,61414.4702,1558272,81.42,84.1867,81.643,88.136,83.318,88.288,119.092,77.997,75.35,77.118,96.095,112.288,180.783,96.061,77.355,99.567,39.727,83.644,78.96,76.164,75.565,79.513,75.914,77.735,74.729,181.5,191.8333,139.9,133.0667,140.8,139.3333,134.6333,129.9,187.3482566,86.0009104,33.4731,18.00362417,22.25207683,18.39561045,95.432,94.257,94.214,78.9,81.873,81.913,90.843,95.532,90.93,74.279,1.4433,1.3333,1.3567,1.53,4.0067,6.08,6.28,7.6,3.5933,2.07,0.02,0.2,2.67,0.13,392.5333,1487.3,667.3667,3156.8,3351.3333,1140.7866,722.0096,1443.4751,2350.8534,890.399,2333.8741,5.6,65604.33,10466.71,103.7142958,55137.62,546.3569382,44773.9342,20830396.62,40320.59,33.0418,326.3,167.46,159.31,102.769,1.0006,1.4659,122.4695,1.5716,1.5696,83.8,119.1307,9.1,13.4,57.85782,7867485.9,95.7345,101.6322,84.2039,17.9667,39.8,39.3847,39220,3.01,-0.11,1.5667,4.8367,116.0333,102.9,122.9333,155.4,291.0333,150.4333,120.4333,212.3667,182.3,172.2,175.7667,16.5333,199970.0867,595236.1033,1456.9511,0.391,404650,1134178,1.36,0.1313,1.47,0.02,170,366.3333,811,474.6667,8730.6508,1341.8311,217.2,13.59,0.0101,13.41,11803.74,874.04,3856676.83,285577.19,10502152,6645.48,492.08,1350.4849,887.9133,1018.3067,1.8005,32.9698
3/1/2003,13634.253,9215.501,828.9594,6231.245,2196.6101,2218.685,2194.0219,603.5249,1458.411,719.9473,0.2,2918.534,4.5,2302.9727,1926.2126,1274.663,1986.631,10115.601,82.396,82.593,96.643,93.8363,96.4578,108.6929,87.6305,81.0655,106.7654,118.6496,116.593,105.6526,74.8703,92.9361,75.8529,73.7928,130434.3333,108814.3333,14789.3333,108396.3333,22038,9142,5647.3333,6675,16690.6667,8037.6667,3240.6667,15961.6667,12137.3333,5400.6667,573.6667,25307.6667,21620,14933,5578,2789.6667,5029.3333,13801,137444.3333,66.3667,5.8667,4.634993696,1.237719875,17.4,5.5,5.0333,2828.3333,2586.6667,1355,1807.3333,4752.3333,2405.3333,809,604.3333,4701,99.752,120.148,99.59,40.3333,33.7333,4.1667,3247,1736,288.6667,1806.3333,336.3333,147,792.6667,460,1131328.333,294246.6667,203957.0718,155714.6074,569629.9281,61964.632,1567763,81.994,84.3893,82.047,88.454,83.606,88.781,117.561,78.611,76.609,77.782,94.616,111.57,177.794,95.263,77.775,98.505,45.934,83.568,79.775,76.818,75.981,80.294,76.18,78.153,75.627,183.3667,192.4667,142.6,138.0333,144.4333,142.5333,139.8667,133.8333,292.2708567,109.1725602,40.4315,18.08679406,22.29743081,18.50548817,95.344,93.874,93.837,80.436,82.735,82.798,90.431,94.581,90.535,75.502,1.25,1.1567,1.17,1.3,3.92,5.83,6.0033,7.12,3.2,1.91,0.01,0.14,2.76,0.09,396.4667,1487.5,673.4667,3176.1333,3379.4333,1117.6693,720.0969,1463.1061,2443.1421,897.8395,2360.9456,5.3,65979.46,10662.775,105.4092067,55316.69,546.8452722,44664.6945,21314766.14,40190.45,33.7087,329.47,171.84,162.85,97.99,1.0735,1.366,118.9461,1.6026,1.5099,80,143.0683,9,13.5,57.77057,7879571.7,96.2251,101.7538,83.4548,18.3667,39.7333,41.797,41772.3333,2.91,-0.0933,1.66,4.7533,138.1667,105.9,121.5333,159.8667,293.0333,152.2,119.3667,214.3,184.3,174.3333,177.5667,16.6533,199945.3767,600090.46,1507.7221,0.3788,411133,1145591.333,1.3533,0.1325,1.24,-0.01,166.3333,345.3333,801.6667,493,8421.895,1351.6607,218.6,13.58,0.0105,13.76,12129.99,940.8,3865367.32,299797.76,10696430.88,6831.06,529.82,1289.3249,859.8333,985.86,1.8824,30.8906
6/1/2003,13751.543,9318.994,866.695,6265.7151,2214.1954,2233.997,2246.7279,627.3213,1498.7467,731.3608,-0.1,2946.145,14.5,2324.321,1916.7292,1272.771,2014.711,10238.895,83.224,83.459,95.999,93.135,95.7799,107.7904,86.973,80.7888,105.6821,117.5685,114.6528,104.809,74.3008,89.6533,75.3738,73.4162,130204.3333,108615,14553,108376.3333,21828,8982,5571,6706,16815,8086,3194,15965.3333,12099.3333,5398.3333,569,25229,21589.3333,14906.4667,5564.3667,2761.6667,5007.6667,13820,137655.6667,66.4333,6.1333,4.797072519,1.353447604,18.2,5.8333,5.1667,2896,2679,1421,1985.3333,4964,2588,823.3333,642,4653.3333,99.257,118.105,99.325,40.2,33.6667,4.1333,3314,1753.6667,298.6667,1837.6667,347.6667,153.6667,781.3333,471,1140859.333,297212,202586.7026,152593.0039,571806.9898,61873.3114,1562940,82.015,84.6377,82.287,88.382,83.702,87.557,116.283,79.236,75.426,78.503,94.002,110.367,174.126,94.822,78.28,97.482,39.888,83.615,80.395,77.706,76.552,80.716,76.544,79.282,76.357,183.0667,192.8,142.2667,137.1667,144,144.5667,138.4,132.8667,256.1797943,91.52602058,34.3064,18.10460838,22.38166592,18.52600905,97.375,95.663,95.811,81.283,83.789,84.084,90.787,95.448,90.964,75.114,1.2467,1.04,1.0467,1.1533,3.62,5.51,5.31,6.4733,2.8533,1.89,0.01,0.11,2.58,0.11,403.4,1425.7,691.8667,3244.4667,3430.9,1093.5312,720.431,1491.293,2516.2329,901.2025,2392.4955,3.7,68511.77,11093.54,108.3470389,57418.23,560.7854456,46780.1035,21731668.99,42270.45,22.8429,332.5,175.05,165.54,93.431,1.1364,1.3363,118.5307,1.6191,1.3982,89.3,111.3582,8.9,13.3,58.96044,8132806.2,95.6847,97.1844,82.31,19.4333,39.7,41.658,41575.6667,2.5733,-0.2067,1.3267,4.0633,131.2,103.8333,120.3,155.5667,295.1,150.0667,118.4667,215.7667,183.7667,173.6333,177.2,16.7567,207645.6533,607176.8667,1570.957,0.3673,427333,1145892.667,1.3667,0.134,1.15,-0.1,173.3333,366.3333,833,465,8312.4879,1521.9216,219.2,13.53,0.0101,13.76,12234.97,910.15,3880556.02,288673.05,10853376.26,6972.82,518.71,1344.2737,937.9967,1070.4533,1.7289,32.145
9/1/2003,13985.073,9455.687,905.0501,6312.0555,2255.064,2315.399,2319.5701,647.7996,1530.5265,773.2542,0,2953.056,-0.1,2223.7678,1924.2998,1308.173,2048.029,10411.905,85.222,85.322,96.493,93.7526,96.5643,108.5677,87.5055,82.013,104.9386,120.7797,119.6183,104.733,75.1978,90.8487,75.9428,73.9238,130217.6667,108653.3333,14375,108513,21704.6667,8870,5505,6759.3333,16858.6667,8102.3333,3167.3333,16044.3333,12176,5400.3333,570.3333,25199.6667,21564.3333,14912.7,5541.3667,2753.3333,4978.6667,13832.3333,137544,66.1333,6.1333,4.743776671,1.360987224,17.4667,5.8,5.2,2741.6667,2672,1564.6667,1993.6667,4969.3333,2476,804.3333,669,4649.6667,99.597,116.16,99.488,40.2667,33.6333,4.1333,3120,1889.6667,327,1937.3333,405,176.6667,863.6667,444.3333,1161290,305496.3333,205939.8717,157228.5305,572799.1214,62396.5013,1562025,82.522,84.9853,82.738,88.414,84.051,87.972,115.107,79.789,76.471,79.085,93.317,109.195,170.918,94.75,78.915,97.984,43.115,83.939,80.813,78.414,77.254,81.293,77.085,80.007,76.917,184.4333,193.5667,143.5,138.0667,145.5333,146.2,139.1,133.6667,242.0879043,94.60790484,35.5524,18.13646867,22.34893817,18.57966091,98.443,96.347,96.307,83.069,85.661,85.667,90.235,95.122,90.281,76.489,1.0167,0.93,0.9967,1.2233,4.2333,6.01,5.6967,6.8067,2.5733,1.78,0.07,0.29,3.3,0.12,403.6,1433.1,701.4667,3285.7667,3491.9,1071.1958,726.7231,1509.8727,2602.2392,900.8437,2410.7164,14.5,69653.14,11353.769,109.0460342,58299.37,559.9299343,47526.6894,22126452.9,42977.64,20.5873,336.22,179.54,169.02,93.264,1.1262,1.3722,117.3861,1.6105,1.3806,89.3,97.843,9,13.3,58.64208,8220014.1,96.2701,98.9678,82.6583,19.4667,39.8,44.71,44496.3333,3.14,-0.0867,2.1233,4.68,132.3667,105.9333,120.9333,157.9333,298.5,151.2667,117,217.2667,185.0667,175,178.4333,16.86,238454.9933,635099.4267,1581.7608,0.3489,402400,1136543,1.32,0.1345,1.05,0.03,189.6667,385.6667,874,488,10054.8137,1765.1989,220.2333,13.47,0.0101,13.67,12172.7,915.1,3882887.77,291903.18,10997896.52,7115.01,534.88,1330.1971,1000.5033,1142.5133,1.6443,32.2124
12/1/2003,14145.645,9519.802,918.035,6347.2745,2267.9874,2393.402,2361.5628,659.1383,1549.7733,796.2641,0.3,2971.022,7.6,2332.302,1921.5928,1364.446,2110.835,10439.34,86.455,86.459,97.316,94.6693,97.0216,108.7241,88.8307,84.3148,105.6726,122.1663,120.6701,104.4796,76.5329,90.9884,76.7304,74.8054,130522.6667,108976.3333,14316.6667,108828.6667,21694,8857.6667,5459,6802.3333,16978.6667,8083,3152.3333,16136,12287.6667,5403.3333,575,25241.3333,21546.3333,14940.0667,5542.6333,2736.6667,4985.3333,13824.3333,138273,66.0333,5.8333,4.479343573,1.338630047,16.3667,5.4667,5.0667,2640,2519,1447,1965.3333,4669.3333,2415,837,640.6667,4808.3333,100.094,117.168,99.938,40.7333,33.7,4.4333,3276,2035.6667,346.3333,1972.3333,404,170.6667,930.3333,530.6667,1168931.333,306914.3333,213631.9248,157483.1447,587497.3633,63836.6107,1570539,82.901,85.334,83.196,88.994,84.408,87.906,114.056,80.39,76.801,79.692,92.237,108.769,169.243,93.789,79.834,97.922,43.51,83.779,81.263,79.123,77.642,81.695,77.697,80.781,77.69,185.1333,194.0667,144.8333,139.2333,147.1667,150.4667,139.1667,134.4667,221.0443042,95.85787116,36.5496,18.1131412,22.28499406,18.61311118,99.968,97.33,97.217,83.057,86.508,86.378,90.694,96.99,90.664,76.531,0.9967,0.9167,1.0033,1.3,4.2867,5.92,5.6567,6.6633,2.3767,1.63,0.09,0.38,3.37,0.15,407.2667,1369.7,702.7667,3270.2333,3458.2,1036.0639,753.5964,1527.5063,2587.1952,897.9619,2425.4683,14.3,72113.96,11604.74,111.1635429,60509.22,579.6268304,49566.1999,22547755.88,44974.58,17.2142,344.32,186.57,174.44,87.963,1.1907,1.3061,108.8037,1.7068,1.316,92,88.233,9.3,13.6,59.4596,8441350.5,97.321,98.4671,83.9116,19.6667,40.0333,42.906,42832.3333,3.25,-0.08,2.2533,4.66,139.5,114.8,120.7,157.2667,301.6,151.2667,115.1667,218.6667,185.5667,175.4667,179.1,16.93,248706.4333,681636.8633,1600.8454,0.3837,367750,1145335.667,1.3133,0.1347,1.07,0.07,196.6667,380.3333,892.6667,502.6667,10421.1105,1934.0777,221.7,13.8,0.0106,13.61,11847.87,908.85,3890220.12,298418.78,11119333.48,7229.11,554.55,1303.611,1056.4233,1204.6367,1.621,31.6107
3/1/2004,14221.147,9604.507,933.8947,6395.5776,2285.3463,2398.151,2354.9164,650.6231,1534.4528,805.554,0.4,2984.42,4.5,2328.0767,1922.7236,1401.605,2178.471,10487.421,86.521,86.79,97.595,95.334,97.7316,109.4375,89.4591,85.5546,105.6026,123.4473,121.5479,105.0208,77.7438,93.6547,77.3093,75.3741,130929,109370.3333,14285.3333,109207,21722,8867.3333,5418,6857.6667,17076.3333,8080.6667,3140,16213.6667,12381,5409.6667,579,25347,21558.6667,14991.3,5568.8333,2731.3333,4968.3333,13859,138489,66.0333,5.7,4.376405434,1.305327287,16.7667,5.1667,5.1,2582.3333,2413,1392,1916.6667,4407,2466.3333,834.3333,657.6667,4665.3333,100.418,117.835,100.374,40.9333,33.7333,4.5333,3477,1918.3333,330.6667,1994.6667,351.3333,163,897.6667,506.3333,1177577.333,312519.6667,214002.2517,159142.0141,600779.1754,64351.6577,1582863,83.589,85.86,83.824,89.825,85.21,88.625,113.956,81.064,77.844,80.417,92.375,108.991,167.632,94.182,80.183,97.485,47.509,84.286,81.817,80.056,77.667,82.341,78.292,81.861,78.504,186.7,195,145.9667,142.2,148.7333,149.3,142.7667,137.6,264.6416278,107.6909285,41.0613,18.09535382,22.31150732,18.61169235,96.845,96.325,96.387,82.823,86.199,86.429,90.628,95.021,90.811,78.261,1.0033,0.9167,0.9833,1.2233,4.02,5.6,5.4567,6.2733,2.2533,1.58,0.07,0.31,3.1,0.12,407.8667,1334.8,706.3333,3267.8,3446.1333,1017.3221,782.149,1542.1072,2626.4318,901.1254,2443.2326,11.3,74764.61,11771.971,112.2484799,62992.64,600.6494417,51469.6949,23294912.65,46830.97,16.4449,347.57,194.07,180.17,85.415,1.2513,1.2539,107.164,1.8396,1.3181,98,97.6044,9.5,14.1,59.82355,8531108.2,97.9546,102.1746,85.0929,19.9333,40.1667,44.5023,44436,2.9933,-0.0867,1.99,4.4533,150.9,130.9333,120.2,160.4333,305.1667,152.9667,114.8333,220.2,187.2,177.2333,180.6,17.05,256551.9667,689042.4267,1666.4299,0.4169,354317,1158404.333,1.3,0.1354,1.03,0.03,195,363,920,516.6667,11018.2592,2038.8215,222.8333,13.84,0.0102,13.86,12165.08,893.15,3964637.95,291081.2,11376888.86,7412.25,544.2,1362.0385,1133.2867,1291.2167,1.5717,29.5123
6/1/2004,14329.523,9664.264,936.2047,6445.1686,2294.5138,2493.945,2419.1376,678.3516,1572.8243,831.1078,0.6,2992.385,2.4,2370.2361,1923.9943,1423.19,2267.146,10607.594,87.419,87.527,98.1,95.879,97.9875,109.3486,90.1938,86.6843,106.7514,121.1124,117.0277,105.6876,78.6358,92.151,77.7899,76.0588,131647.6667,110038,14329.6667,109791.6667,21856,8919.3333,5410.3333,6937,17178.3333,8108.3333,3133.3333,16405.3333,12470.3333,5419,589.3333,25467.3333,21609.6667,15065.4667,5598.3,2737.6667,4974,13898,138902,66,5.6,4.353873177,1.234985691,16.9,5.1333,4.9,2726.6667,2388.3333,1251.3333,1817,4210.3333,2453.6667,864,673,4533,100.585,117.163,100.48,40.8667,33.7,4.5667,3573,1937.3333,289.3333,2080,355.6667,174.6667,906.3333,500.6667,1187977.333,315811.3333,213620.4162,161669.5421,615114.8833,64178.3325,1599200,84.162,86.3633,84.515,90.773,85.828,89.124,113.861,81.674,78.579,81.022,92.731,108.745,166.127,94.628,81.057,97.965,48.726,84.671,82.498,80.693,77.324,82.867,79.114,82.824,78.861,188.1667,196.2333,148,146.2667,151.1333,154.4333,146.2,141.3333,282.0344856,117.3723034,44.3817,18.10179909,22.23555634,18.61514588,98.402,97.417,97.429,83.729,87.001,87.018,91.694,96.248,91.7,78.165,1.01,1.0767,1.3333,1.7767,4.6,6.13,5.9267,6.6633,2.0633,1.53,0.26,0.7,3.52,0.13,409.8667,1334.8,710.1333,3311.2,3495.5333,1002.1832,783.262,1554.7337,2754.529,900.6029,2455.3365,17,75706.38,12069.544,113.7821043,63636.84,599.9177665,51725.6939,23980690.81,47041.03,16.2456,353.92,203.35,187.35,88.115,1.2045,1.277,109.762,1.8057,1.3596,93.3,90.5941,9.6,14.7,60.07385,8643253.5,98.7633,98.8221,86.2775,19.9667,39.9667,46.0387,45912.6667,3.7233,0.0667,2.7133,4.9167,159.4333,133.9333,120.9,161.4,308.7333,154.0333,114.6333,222,188.5667,178.4,181.9667,17.13,264861.93,703644.66,1702.9918,0.4346,344483,1184876.333,1.3,0.1349,1.2,0.19,203,366.6667,968.3333,542,11532.1675,1985.0021,224.4333,13.87,0.0105,14.36,12768.98,966.82,4035017.71,305515.86,11822766.46,7787.75,589.66,1320.7228,1122.9667,1286.3233,1.6394,25.375
9/1/2004,14464.984,9771.136,960.2942,6506.0746,2310.887,2532.635,2470.5239,701.889,1617.7645,837.045,0.5,2997.86,4.5,2424.9001,1916.5802,1434.005,2297.245,10676.852,88.343,88.5,98.877,96.4129,98.4224,109.0906,90.7196,87.8363,108.5697,119.8926,114.328,105.7499,80.3304,90.8817,78.2312,76.7912,131977,110354.6667,14335.3333,110043.3333,21933.6667,8951.6667,5383.6667,7003,17255,8108.3333,3108.3333,16497.6667,12510,5410.6667,595.3333,25531,21622.3333,15079,5620.4333,2729,4984,13909.3333,139538.6667,65.9667,5.4333,4.298857351,1.134708427,17.0333,5,4.7,2746,2407.6667,1217.3333,1674.3333,4081.3333,2351,862,700.3333,4470,101.176,117.163,101.075,40.8,33.7,4.5667,3762,1977,282.6667,2069.6667,354,181,909.3333,532.6667,1198626.333,320698.3333,214959.7004,162481.3499,628670.4198,67566.8712,1612955,84.586,86.6843,85.06,91.55,86.247,89.193,112.991,82.277,79.03,81.683,92.458,108.123,163.4,94.017,81.42,97.625,50.463,84.74,83.224,81.199,77.903,83.38,79.87,83.655,79.54,189.3667,197.0667,148.5333,147.7,151.5667,152.0667,148.8667,144.0333,276.9280388,131.9304617,50.5954,18.15397258,22.17240799,18.69228576,100.208,98.537,98.533,84.392,87.403,87.472,92.831,97.854,92.907,77.941,1.4333,1.4867,1.75,2.08,4.3033,5.89,5.6433,6.45,2.1467,1.59,0.26,0.59,2.82,0.17,413.5,1301.8,714.2333,3327.0333,3496.4333,1018.2246,787.3465,1566.5756,2813.993,910.094,2476.6696,9.1,77239.12,12342.989,115.6051379,64896.13,607.8208547,52385.0768,24854045.73,47675.18,15.3479,366.1,211.72,193.85,86.58,1.2227,1.2568,109.9374,1.8193,1.3078,95.6,91.1607,9.6,14.8,59.97601,8723728.5,99.737,95.9655,87.0906,19,40.1,46.3723,46095,3.5067,0.0533,2.0733,4.21,159,136.6333,120.4333,162.6,311.8333,154.6333,114.3,223.7,189.7667,179.5333,183.0333,17.23,279372.1467,724855.29,1710.3787,0.4691,340333,1213811.667,1.3067,0.1345,1.66,0.22,192.6667,376.6667,958.3333,542,11151.0224,1872.0953,225.7333,13.93,0.0108,14.86,13339.5,1029.89,4114646.31,317675.18,12292242.05,8177.6,631.36,1295.2369,1104.15,1256.66,1.7185,22.3072
12/1/2004,14609.876,9877.416,978.4261,6567.8742,2334.3649,2585.477,2515.5382,723.4523,1650.9938,848.5852,0.6,2996.211,-0.7,2442.4201,1916.9887,1465.938,2347.515,10811.704,89.248,89.5,100.348,97.785,99.6242,110.4602,92.3426,89.7845,110.4075,121.5657,115.4663,107.0183,81.0299,94.2596,79.2795,77.6668,132543.6667,110863.3333,14308.6667,110541.6667,22002,8960,5348.6667,7095,17397,8123.3333,3089,16624.6667,12606,5398,598.3333,25623.3333,21680.3333,15129.8667,5641.8667,2726.3333,4995.3333,13958.6667,140029.3333,65.9333,5.4333,4.242014113,1.146827295,17.1333,4.8667,4.6667,2712.6667,2303.3333,1278.6667,1697.3333,4051.3333,2339,875,712,4598,101.432,116.664,101.616,40.5667,33.7667,4.5,3755,1965.3333,312,2086,361,178.6667,913.3333,512.3333,1215665.333,328816.6667,218508.4468,169955.9013,635332.882,68074.9181,1631021,85.309,87.1533,85.714,92.444,86.956,90.228,113.146,82.843,80.428,82.246,93.613,108.611,160.851,93.853,81.968,97.462,55.921,85.191,83.743,81.678,78.451,83.943,80.454,84.139,80.387,191.4,198.2667,151.5667,150.5333,155.3333,155,152.4333,147.4,312.9247933,142.9101866,55.4336,18.17104186,22.11817212,18.71030947,99.692,97.907,98.174,86.015,87.828,88.236,92.692,96.556,92.868,79.812,1.95,2.0067,2.2333,2.4667,4.1733,5.73,5.4867,6.1867,2.0133,1.56,0.23,0.46,2.17,0.18,413.4333,1256.4,716.2,3335.5333,3478.5,1030.1077,786.6856,1590.7844,2897.1262,915.411,2506.1954,13,80140.84,12703.263,117.4954774,67437.58,623.7460801,54539.6441,25601199.04,49767.39,13.8642,371.9,217.51,198.68,81.912,1.297,1.1835,105.7643,1.8657,1.2209,93.9,92.8441,9.8,15.2,60.66032,8904269.2,101.0755,99.6274,89.874,19.5333,39.9333,46.048,45906.3333,3.4933,0.0567,1.5433,3.5367,166.9667,146.2,120.2333,168.1,314.8333,157.3,115.3,225.2667,191.9667,181.9667,185.0667,17.3367,296859.8233,747087.2,1728.7392,0.4707,329333,1235194.667,1.29,0.1345,2.18,0.23,192,367.6667,971.3333,555,11016.4867,2051.7698,226.7333,14.16,0.0118,15.05,13525.1,1127.6,4184693.41,348882.93,12607259.99,8422.57,702.2,1199.4549,1161.7867,1324.0567,1.6665,21.4726
3/1/2005,14771.602,9935.048,983.1304,6599.6557,2356.2606,2658.163,2559.7247,730.1322,1674.968,868.6089,0.8,3011.182,4.5,2596.2625,1919.3467,1500.241,2370.078,10684.945,90.438,90.638,102.101,99.1848,101.2036,111.5355,93.5138,91.4029,111.6988,121.8914,115.0886,108.3137,83.4279,95.6478,80.25,78.6049,133004.3333,111264.6667,14266.3333,110984.3333,22020,8956,5310.3333,7143,17485.3333,8143,3063,16748,12691,5392.3333,610.6667,25722,21739.6667,15181.3333,5657.6667,2729.3333,5015.6667,13994.6667,140428,65.8667,5.3,4.173919207,1.109754275,16.9333,4.7,4.6667,2622.3333,2323.6667,1209.3333,1645.3333,3900.3333,2378,883,695.3333,4342.3333,101.739,116.279,101.822,40.5667,33.7333,4.5333,3916,2071.6667,322.6667,2105,363.6667,191,980.3333,536.6667,1230881,331767.6667,219517.179,171981.4194,640699.4675,69529.3331,1658874,85.795,87.7617,86.368,93.385,87.625,90.065,112.901,83.656,80.296,83.024,94.145,108.825,158.378,93.438,81.791,97.467,55.086,85.446,84.408,82.576,79.272,84.47,81.218,84.964,81.246,192.3667,199.5,152.7667,152.0667,156.6333,155.6333,153.9667,149.5667,289.796892,147.5393763,56.6326,18.15522561,21.99132489,18.70976993,99.495,98.11,98.271,87.807,88.819,89.089,92.353,94.868,92.481,81.998,2.47,2.5367,2.7933,3.0633,4.2967,5.76,5.32,5.9667,1.67,1.46,0.26,0.53,1.76,0.19,415.0333,1230.8,712,3337.5333,3455.2667,1063.1703,789.982,1600.9717,2974.554,916.6451,2517.6168,11.5,80853.45,12857.739,120.3350987,67995.71,636.3693453,54617.0814,26236372.23,49806.54,12.742,377.83,225.48,205.47,81.371,1.3107,1.1822,104.5132,1.8904,1.227,94.1,63.4755,9.9,15.2,60.94141,9064559.7,102.6943,100.6434,91.2633,19.3667,39.8,47.6593,47608.3333,3.8833,0.0667,1.4133,2.85,165.8667,154.1667,120.2667,168.0333,318.3333,157.4,115.5667,227.0333,192.9667,182.6333,185.9,17.42,291271.4267,747588.06,1832.2396,0.5,329050,1260962.333,1.2933,0.1359,2.73,0.26,192.3333,347.3333,1013,552.3333,11594.4852,2055.0156,228.2333,14.33,0.0111,15.13,13544.79,1050.23,4303130.39,333654.07,12877304.42,8574.17,664.82,1289.6981,1191.98,1361.4633,1.6751,20.9834
6/1/2005,14839.782,10047.766,1009.3205,6662.1738,2374.8791,2622.793,2603.2343,748.3633,1702.028,884.6914,0.2,3009.466,-0.4,2612.1607,1918.8139,1526.996,2401.651,10786.45,90.768,90.993,102.645,99.6873,102.1645,112.0818,93.4866,91.6484,110.9167,120.3927,111.9543,109.451,85.0726,96.5781,80.3988,78.6312,133733,111967,14244.3333,111568.6667,22164.3333,8959.3333,5285,7297.6667,17603.6667,8157.6667,3062.3333,16899,12812,5391,622.3333,25877,21766,15272.2333,5691.1667,2730.6667,5023.3333,14012,141525.6667,66.1,5.1,4.095641418,1.010719759,17.3,4.3333,4.6333,2700.3333,2293.6667,1081.3333,1507.3333,3629.6667,2376,898.6667,708,4341.6667,102.582,115.46,102.457,40.4,33.7333,4.4,4062,2051.3333,313.6667,2137.6667,351,189.6667,1000.6667,510,1246248.333,338367.6667,231191.5159,176029.4145,652998.3554,77204.8621,1662317,86.31,88.165,86.977,94.297,88.276,90.393,112.741,84.267,80.825,83.651,94.514,109.212,156.683,92.876,82.615,97.03,56.238,85.689,85.153,83.174,80.086,84.926,81.75,85.345,81.957,193.6667,200.4333,154,154.5333,158.0333,156.1333,156.7,151,316.4332301,158.9031008,60.163,18.19692999,21.99287371,18.72623047,99.927,97.984,97.921,88.901,88.591,88.702,93.068,94.763,93.245,82.582,2.9433,2.8633,3.0867,3.3367,4.16,5.72,5.1467,5.9733,1.8133,1.56,0.22,0.47,1.3,0.29,414.4,1234.2,706.4667,3338.3667,3434.4667,1097.3056,785.7284,1617.8305,3066.4986,920.2258,2538.0563,15.7,82604.51,13175.92,122.1525168,69428.59,643.6648299,55617.279,26987226.22,50751.23,12.2103,388.12,233.7,212.7,83.628,1.2598,1.2264,107.5121,1.8566,1.2439,90.2,73.2118,10,15.4,60.70087,9079476.3,103.2835,101.3292,92.1271,18.7,39.9333,46.2777,46104.3333,3.8733,-0.08,0.93,2.2033,169.8667,154.7667,119.7333,169.3667,321.7667,158.2333,115.4,228.8333,194.2333,184.0333,187.1333,17.5467,286757.8667,759282.9833,1852.8459,0.5334,325317,1275771,1.2833,0.1358,3.16,0.21,207.6667,359,1022.6667,548.3333,11300.6303,2013.2077,229.4333,14.48,0.0109,15.41,13865.79,1046.89,4425122.34,334103.75,13293411.57,8868.29,669.57,1324.4755,1181.6533,1355.87,1.7516,19.9363
9/1/2005,14972.054,10145.297,1029.0669,6727.476,2383.7616,2657.458,2648.9162,775.5596,1737.5116,894.5028,0.1,3019.418,3.1,2638.6143,1920.003,1530.666,2417.442,10818.34,91.689,91.921,102.292,99.2302,102.5687,112.8948,92.068,92.3438,107.5074,121.6922,112.7222,110.1188,84.5911,96.6799,79.7218,78.0147,134471.3333,112616.3333,14201.3333,112251.6667,22219.6667,8943.6667,5257.6667,7387.3333,17751.6667,8208.6667,3064.6667,17095.3333,12873.3333,5401,631,26002,21855,15345.1333,5721.2,2730.3333,5039.3333,14085.3333,142287,66.1333,4.9667,4.024787174,0.940836207,15.9,4.3333,4.5333,2633.6667,2322,1109,1408.6667,3594.3333,2396.3333,836,621,4522,102.713,115.161,102.679,40.5667,33.7333,4.4667,4291,2100,307.6667,2228.3333,374,198,973.6667,554.3333,1252506.667,344613,227248.6204,182605.0436,681946.626,73853.8901,1667928,87.232,88.4953,87.794,95.287,89.11,91.893,111.928,84.896,83.315,84.298,93.809,108.353,154.926,93.238,82.716,96.401,68.627,86.169,86.016,83.689,80.97,85.769,82.088,86.085,82.355,196.6,201.1,156.7,158.7,161.5667,154.4667,161.9667,154.2333,387.6313721,190.2508507,71.2774,18.27215564,22.03508544,18.75431051,99.318,97.746,97.746,88.825,89.297,89.493,93.461,95.679,93.667,84.069,3.46,3.36,3.5833,3.7867,4.2133,5.76,5.0933,5.98,1.7667,1.55,0.22,0.43,0.85,0.3,411.5667,1268.6,699.5333,3335.5333,3424.8,1124.8762,795.5478,1636.0561,3183.2661,923.7397,2559.7959,21.2,84626.83,13522.075,124.9921401,71104.76,657.2612453,56784.32,27842510.88,51887.96,12.1664,398.34,240.15,218.6,84.635,1.219,1.2748,111.2663,1.7838,1.2016,87.5,74.8395,9.9,15.5,60.3575,9093807.3,103.0907,105.0573,89.4896,17.9667,39.9667,46.2313,45858.3333,4.0367,-0.1,0.5767,1.6333,185.4,158.5667,119.2,179.2667,324.5333,162.3667,114.9333,230.5667,197.5333,187.8667,190.0667,17.6467,281359.6767,767587.0833,1863.1094,0.5771,340967,1275927,1.26,0.1358,3.66,0.2,208.3333,359,1074.6667,586.3333,12295.8614,2149.5334,230.7333,14.57,0.0114,15.59,14142.52,1105.72,4535217.15,354583.05,13681993.04,9146.78,715.14,1279.0282,1224.1433,1404.92,1.7397,19.9091
12/1/2005,15066.597,10175.424,998.2761,6766.1124,2417.2593,2743.846,2661.0043,786.2838,1750.946,892.9205,0.6,3021.766,0.1,2697.1228,1922.0699,1574.891,2494.683,10956.911,92.369,92.596,103.671,100.1934,103.9835,113.3363,92.3118,94.7498,106.346,124.1792,114.7163,109.9702,88.3094,95.5337,80.1727,78.787,134951,113095.3333,14190.6667,112609.3333,22341.6667,8959.3333,5231.3333,7505.6667,17856.6667,8277,3055,17247,12876.3333,5394.6667,645.3333,26047,21855.6667,15344.6333,5748.9,2735.6667,5047.6667,14072.3333,142599.6667,66.0333,4.9667,4.032464813,0.921583548,16,4.3,4.5,2710,2275.6667,1086.3333,1382.6667,3512.3333,2383,871.3333,648,4201,103.255,116.525,103.358,40.9,33.8,4.6,4161,2068.6667,309,2169.3333,340.3333,178.6667,1047.6667,502,1263218.667,346275.6667,244052.6178,183605.0298,715157.3669,85152.876,1689169,87.913,89.07,88.489,96.386,89.793,91.986,111.667,85.875,83.555,85.293,94.408,108.168,152.342,93.555,83.177,96.186,68.212,86.751,87.459,84.474,82.557,86.727,82.885,86.894,82.895,198.4333,202.4333,159.6,164.3,165.5667,156.7667,168.2333,160.9333,522.1451769,182.1867177,67.4028,18.31892392,21.97150693,18.73063575,97.919,97.442,97.553,88.969,89.368,89.677,93.967,95.07,94.184,85.097,3.98,3.8267,4.1067,4.2867,4.49,6.22,5.38,6.3367,1.8467,1.73,0.28,0.46,0.66,0.39,411.5,1291.9,693.2,3348.8333,3434.4667,1150.1132,789.8193,1637.2716,3252.1495,926.7877,2564.0593,3.8,86227.64,13764.633,125.6251277,72463,661.3451946,57675.1645,28552474.46,52751.3,11.8896,404.73,246.84,224.62,85.834,1.1891,1.3014,117.262,1.7486,1.1735,82.4,75.4762,10.1,16.1,61.28277,9293748.4,104.7051,103.3352,88.7896,17.6333,40.3,44.9357,44742.6667,4.39,-0.1533,0.41,1.4,208.2,180.7667,118.9333,179.1,328.2667,162.7,115.0333,233.9,199.4667,189.7333,191.8,17.7367,281639.8667,776748.54,1848.5056,0.5599,328617,1302078.333,1.2567,0.1339,4.22,0.24,207,348.3333,1064.3333,549.6667,14489.9087,2178.6719,232.1667,14.69,0.0111,15.95,14572.98,1101.22,4657181.52,351922.65,14065441.63,9408.26,710.94,1323.3537,1230.4667,1398.68,1.7864,19.3905
3/1/2006,15267.026,10288.892,1037.9036,6806.9643,2442.1817,2784.583,2711.2643,821.1728,1809.6672,884.804,0.6,3060.135,10.8,2785.8531,1930.8363,1634.742,2547.713,11170.065,93.945,94.12,104.229,101.1349,104.0938,112.7557,93.9856,95.9141,109.1517,123.1558,112.1983,109.5213,90.3529,93.2772,80.6048,79.1392,135754,113878,14211,113229.3333,22524.6667,8989.3333,5221.6667,7651.3333,17996.3333,8329,3053,17417,12986.3333,5425.3333,662.3333,26146.3333,21876,15369.5333,5796.2333,2731,5047,14098,143449.3333,66.1,4.7333,3.872602575,0.847673821,15.5,4.1333,4.2667,2587.6667,2093.6667,1119.6667,1276.3333,3371.3333,2250.3333,842,654.3333,4089.6667,104.168,117.299,104.363,41.0667,33.8333,4.5667,4457,2120.3333,344.6667,2157,331.6667,194,1065.3333,529.3333,1283234.667,355900.6667,244294.5977,184467.7898,750686.7769,80987.5744,1703497,88.359,89.5733,89.101,97.258,90.314,91.909,111.198,86.585,83.643,86,94.63,108.162,149.837,93.283,83.58,95.846,67.249,87.3,88.257,84.991,83.383,87.312,83.702,87.434,83.817,199.4667,203.7,159.5,162.7667,165.1667,155.3667,166.7667,161.8333,373.9328192,185.8467643,70.7223,18.39829352,21.92992037,18.65141843,99.205,98.89,99.047,88.858,90.018,90.354,95.178,96.935,95.382,84.802,4.4567,4.3933,4.4833,4.6333,4.57,6.24,5.39,6.3067,1.7367,1.67,0.09,0.24,0.18,0.24,416.3667,1314.2,692.0333,3374.9667,3451.0333,1181.9222,785.6844,1665.3534,3317.3801,987.3105,2652.6639,11.5,88284.86,14086.32,126.107767,74198.54,664.2623811,59721.9944,28562864.93,54759.17,11.4803,408.84,251.56,228.96,84.962,1.2031,1.2958,116.8716,1.7536,1.1545,88.9,72.0326,10.4,16.1,61.53482,9474027.5,105.6976,96.0324,90.3832,17.2667,40.4333,44.8273,44716.6667,4.5467,-0.0633,0.09,0.9333,189.8,204.0667,118.6,178.5333,331.1333,162.6667,114.9,235.9667,200.4333,190.4,192.7,17.8033,269920.2133,773069.54,1878.0803,0.6273,296083,1330070.333,1.2567,0.1333,4.63,0.18,209,342.3333,1063.3333,542.3333,16200.5121,2288.7963,234.1333,14.85,0.0115,16.22,14784.88,1148.31,4791014.68,372107.96,14277083.29,9486.07,736.76,1287.5335,1283.04,1456.3233,1.7614,19.4245
6/1/2006,15302.705,10341.016,1038.3435,6854.7773,2447.2615,2766.628,2696.7623,830.5315,1841.3324,840.676,0.5,3059.225,-2.7,2803.1254,1938.2542,1666.697,2575.483,11197.381,94.087,94.34,104.156,101.7432,105.1847,113.3171,94.5264,96.1266,108.3929,122.6693,111.7117,110.385,92.7764,96.1303,80.7422,78.9373,136274.6667,114352.3333,14214,113666,22608.6667,9021.6667,5192.3333,7712.6667,18090.6667,8369,3040.3333,17576.3333,13062.3333,5430.3333,682,26174.6667,21922.3333,15332.6667,5832.6,2734.3333,5068.3333,14119.6667,144067.6667,66.1333,4.6333,3.81463356,0.84034501,14.8,4.1333,4.1667,2638.3333,2135.6667,991,1269.6667,3449,2156.6667,847.6667,584.6667,4109.6667,104.529,117.741,104.618,41.2333,33.8667,4.4667,4682,1855,293.6667,1923.3333,305.6667,179.6667,909.6667,460,1279339.667,357335.3333,240792.5124,185860.5565,785699.0833,79179.1836,1720314,89.069,90.2107,89.845,97.864,90.987,92.613,110.681,87.299,84.864,86.732,94.39,108.057,147.458,93.942,83.592,96.814,72.193,87.81,88.847,85.692,84.146,88.087,84.489,88.381,84.635,201.2667,205.3667,160.8667,165.4,166.6667,155.0667,170,164.2,293.4576581,209.2147858,78.1829,18.47896617,22.02230979,18.58616764,97.446,98.043,98.083,88.462,89.934,90.253,95.227,96.523,95.526,86.321,4.9067,4.7033,4.8367,5.02,5.07,6.6,5.8933,6.7367,1.6667,1.53,0.13,0.32,0.37,0.38,415.5667,1349.3,686.3333,3380.5,3446.6333,1221.9314,794.5601,1666.5452,3392.8622,994.148,2660.6932,14.5,88132.07,14367.107,128.3077455,73764.96,658.7697401,59306.7143,28825351.68,54320.52,14.1776,410.09,250.98,228.72,82.153,1.2567,1.2447,114.475,1.8267,1.1226,83.8,76.6974,10.6,16.3,61.23753,9453392.3,105.9119,100.6294,91.968,16.8,40.5,45.1163,44891,4.99,-0.2033,0.0833,0.9867,181.9333,253.2333,119.8667,182.5,334.9333,164.5,114.7667,237.8,202.5,191.9333,194.4667,17.93,264482.76,779890.6667,1929.9435,0.6654,313950,1362565.333,1.2733,0.1328,5.08,0.17,174.3333,285.6667,966.3333,497,16143.4018,2235.7805,236.9,14.95,0.0119,16.62,15225.74,1215.7,4915906.67,392510.35,14452871.29,9536.97,761.48,1252.4273,1281.7833,1448.1567,1.8125,18.4054
9/1/2006,15326.368,10403.798,1053.229,6886.3695,2461.3597,2755.954,2679.4862,837.2037,1872.8826,794.1805,0.6,3054.837,-3.6,2831.4204,1944.5226,1667.245,2599.709,11226.35,94.301,94.467,104.45,102.1299,105.662,113.1241,95.0876,96.2738,109.276,120.1052,106.5717,110.8716,94.5237,98.7412,80.618,78.7347,136703.6667,114681.6667,14157.3333,114137.3333,22566.3333,8990.6667,5166.6667,7716.6667,18186,8376.6667,3031.3333,17709.3333,13144,5436.3333,692.3333,26231.6667,22022,15340.9333,5856.3333,2735,5086,14201,144547.3333,66.1333,4.6333,3.795060592,0.847716242,16.0667,3.9667,4.1667,2644,2141.6667,986.3333,1285,3276.3333,2311.3333,831.3333,632.3333,4204.3333,105.106,116.742,105.189,41.2333,33.8333,4.4,4661,1702.3333,260.6667,1713.3333,269,150.6667,883,399.6667,1279602.333,359552.6667,240603.6149,180422.207,812334.3403,82356.0975,1736178,89.711,90.6973,90.505,98.427,91.531,93.152,110.188,87.994,85.843,87.447,94.244,108.037,145.078,94.415,84.145,96.498,76.122,88.115,89.811,86.431,84.543,88.831,85.099,88.533,85.46,203.1667,206.7667,161.1,166.7,166.9667,157.7,170.9667,165.5667,289.9965142,210.5731178,77.6754,18.5525288,22.19466766,18.53785292,96.985,97.294,97.346,89.471,89.649,89.878,95.783,95.862,95.976,86.765,5.2467,4.9067,4.9733,5.09,4.8967,6.56,5.68,6.5933,1.6967,1.67,0.07,0.18,-0.01,0.4,410.8,1407.6,674.2,3397.4333,3459.4667,1262.0788,788.5101,1666.7939,3458.1069,996.1354,2662.9293,7.7,89206.93,14654.422,130.5359477,74552.51,664.0850073,60169.802,29037128.71,55149.89,12.1674,411.25,246.48,225.16,81.684,1.2738,1.2383,116.3019,1.8741,1.1212,84,73.4666,10.7,16.5,61.34482,9482643.2,106.1763,102.4827,95.2165,17.1,40.5,43.424,43049.6667,4.8433,-0.34,-0.4033,0.4333,183.4,255.7667,119.6667,185.6,338.0333,166.0667,114.5,239.9333,204.4,193.6333,196.3,18.0633,273210.0533,805481.6867,1942.4358,0.6629,316417,1389599.667,1.2933,0.1323,5.3,0.06,167.3333,265.6667,868.6667,411.6667,15630.6149,2140.82,239.6667,15.14,0.0121,17.01,15537.08,1238.56,5043937.03,402085.52,14721148.03,9677.21,771.43,1254.4438,1288.3767,1451.0267,1.8539,17.8265
12/1/2006,15456.928,10504.481,1068.1116,6937.0706,2495.5903,2702.487,2660.3693,841.6111,1892.7414,757.1893,0.3,3079.918,6,2850.8481,1952.9522,1737.082,2603.059,11374.5,95.419,95.54,104.909,102.3549,106.2618,113.2635,95.1417,96.0941,110.3592,119.4977,107.6917,111.2254,95.8479,97.6601,80.269,78.5443,137073.3333,114993.6667,14043.6667,114650.3333,22423,8925.3333,5118.3333,7677.6667,18334.3333,8391,3027,17778.3333,13243.3333,5458.3333,701.6667,26338.3333,22079.6667,15394.5333,5879.1,2730,5098.3333,14251.3333,145606,66.3,4.4333,3.73136253,0.722249552,14.8667,3.9333,3.9333,2574.3333,2120.6667,1000.6667,1100.6667,3214.3333,2220.6667,784,583,4243,105.518,115.452,105.547,41.0667,33.8667,4.1667,4547,1570,284.3333,1581,230,157,790,393,1290098.667,360486,245556.9462,178575.1927,857758.9677,84614.5401,1742696,89.559,91.0863,90.845,99.153,91.636,91.551,109.485,88.585,83.861,88.068,93.813,108.07,142.243,94.882,84.534,96.414,64.676,88.156,90.56,86.943,84.465,89.204,85.739,89.44,86.131,202.3333,207.8333,159.9333,164.1333,165.0333,159.0333,167.4333,163.8333,284.1217719,173.0563661,65.9728,18.64894987,22.35969233,18.5977213,99.591,99.414,99.405,90.868,90.404,90.544,96.699,96.534,96.858,85.709,5.2467,4.9033,4.9167,4.9867,4.63,6.24,5.3867,6.28,1.65,1.61,0.01,0.08,-0.27,0.34,414.5,1475.8,676.7,3468.3333,3541.3,1285.9139,801.3927,1673.8753,3664.8466,1007.4059,2681.2812,1.9,90796.94,14889.742,130.904581,75907.2,667.3453953,61741.0316,29055912,56691.97,10.5724,413.7,244.54,223.48,81.701,1.2903,1.2352,117.7505,1.9173,1.1392,92.5,63.1182,11,16.1,61.83717,9692185,106.5793,100.8154,94.6176,16.2,40.6333,42.3817,42188.6667,4.6,-0.3433,-0.6467,0.14,184.4667,254.4333,119.6667,176.3667,340.6667,162.6333,113.6667,241.7,203.2667,191.5,195.3333,18.25,270580.08,826466.82,1975.7169,0.6701,321917,1405922,1.3033,0.1316,5.24,-0.01,157,239.3333,813.3333,371.3333,16476.1968,2388.646,242,15.42,0.0123,17.22,15678.13,1251.51,5200734.43,415150.86,15026396.83,9825.66,784.34,1252.7336,1389.48,1566.11,1.7721,18.7308
3/1/2007,15493.328,10563.261,1082.5257,6970.6457,2504.0022,2683.893,2657.9938,853.2822,1926.813,722.9541,0.2,3084.455,-2.4,2897.1725,1964.5732,1761.352,2634.225,11471.408,95.702,95.84,106.147,103.2573,106.7883,113.5058,96.3438,97.7463,112.4734,119.5869,110.1935,111.5123,96.2745,100.4967,80.4111,78.7415,137625.3333,115500.3333,13991.6667,115237.3333,22388,8883.3333,5108.3333,7685.6667,18457.6667,8386,3030.3333,17918,13354,5475,710.6667,26491.3333,22125,15491.5333,5914.7333,2731.3333,5106.3333,14287.3333,146135,66.3,4.5,3.732502105,0.791645111,14.8667,4.1333,3.8667,2480.6667,2191,995.6667,1211.6667,3323,2145.6667,799.6667,612,4250.6667,105.587,115.161,105.575,41.0667,33.8,4.1667,4765,1461.3333,258,1606.6667,196,148.6667,753.3333,363.3333,1301810,364926.6667,244933.1124,181861.5162,892459.6168,84665.2715,1745838,90.406,91.7463,91.777,99.658,92.473,92.192,108.914,89.537,85.028,89.015,93.628,107.787,139.633,95.83,85.647,96.451,67.925,88.67,91.571,88.329,84.918,89.879,86.664,90.248,86.624,204.317,209.051,162.5667,166.7,168.2333,163.9333,169.1667,165.3667,303.4463501,167.2666557,63.3559,18.69643772,22.46408845,18.58746386,100.521,100.855,100.848,92.172,90.648,90.769,98.814,96.994,98.952,84.695,5.2567,4.9833,4.9333,5.01,4.68,6.22,5.3633,6.2967,1.6167,1.54,-0.05,0.03,-0.3,0.25,414.2333,1509.7,669.0667,3483.6667,3562.9333,1312.8257,803.1479,1675.9849,3698.0307,1017.093,2693.0779,1.8,91377.43,14972.902,130.5236669,76404.52,666.0431166,62717.7,28659726.85,57647.47,12.4443,412.23,242.91,222.26,81.978,1.3106,1.2334,119.4039,1.955,1.1718,92.2,68.7032,11.1,16.2,62.284,9788802.7,107.6283,103.9979,97.1691,16.9333,40.4333,42.62,42521.6667,4.6467,-0.2733,-0.61,0.1067,196.7,256.4667,119.9647,178.6193,344.9427,164.3183,112.9957,244.016,205.1343,193.4257,197.198,18.41,261377.2633,830091.8833,2009.6205,0.6887,316467,1417481.333,1.2967,0.1299,5.23,-0.03,164,244.3333,792.3333,406,17376.5976,2442.8518,243.989,15.63,0.0139,17.55,15916.01,1416.92,5312429.57,472937.54,15100872.69,9788.44,871.41,1123.2836,1425.3033,1607.3367,1.7744,18.4079
6/1/2007,15582.085,10582.839,1093.8724,6981.8368,2498.6538,2713.495,2670.4779,865.1926,1969.5859,694.3335,0.3,3112.464,6.7,2896.11,1973.8103,1788.421,2650.756,11500.783,96.487,96.51,107.797,104.5251,107.9175,113.6847,97.8408,100.1053,114.2286,122.5836,116.2401,110.8744,98.9623,100.1257,80.8821,79.2527,137986.6667,115795,13928.3333,115654.6667,22332,8845.3333,5083,7682,18610.6667,8366.6667,3037.3333,17992,13397.3333,5495.3333,721.6667,26563.6667,22191.6667,15520.5333,5945.9667,2731.3333,5124.3333,14336,145850.6667,65.9667,4.5,3.735410464,0.759828033,16.0333,4,3.8667,2490.3333,2165,1104.3333,1160.3333,3365.6667,2143.3333,773.3333,596.6667,4376,105.761,115.657,106.001,41.3,33.8333,4.2,4800,1451,262.3333,1456.6667,227,161,709.3333,353.6667,1308558,368425,249488.3462,188112.6905,927839.9774,86852.2882,1756731,91.139,92.087,92.339,99.683,93.092,93.194,108.394,90.133,86.691,89.631,93.677,107.708,137.489,95.568,86.822,95.625,75.302,88.741,92.251,88.786,85.273,90.699,87.572,90.547,87.455,206.631,210.0657,165.8,172.8333,172.5,166.4,175.4333,169.4667,323.9618887,186.4495088,70.5511,18.8335891,22.67415864,18.72140454,99.275,99.681,99.958,93.204,91.024,91.253,98.516,95.793,98.489,86.593,5.25,4.7367,4.8,4.9333,4.8467,6.37,5.5767,6.4933,1.6467,1.52,0.06,0.2,0.11,0.5,411.3,1607.2,665.8,3502.8,3615.7,1351.8969,806.8513,1692.9345,3702.5846,1030.158,2723.0926,7.8,92050.3,15247.014,132.573706,76803.28,667.8091542,63581.9225,28468374.47,58472.61,13.9644,410.41,238,218.19,79.435,1.3484,1.2222,120.7981,1.9863,1.0984,86.9,70.16,11.3,16.4,61.65661,9729837.9,109.1747,103.5997,96.7424,16.6667,40.5667,43.4797,43356.3333,4.7633,-0.5133,-0.4867,0.3267,204.9,289.1667,119.0243,184.02,348.4413,167.0087,112.568,245.952,207.4627,195.9947,199.4477,18.6333,264069.8633,845085.5667,2028.3924,0.6992,313233,1437400.667,1.28,0.1302,5.24,-0.01,152.3333,222.3333,732.6667,349.3333,17692.3021,2553.3616,245.3063,16.05,0.0137,18,16213.37,1384.78,5433653.8,464088.64,15139887.42,9706.23,829.01,1170.8224,1496.3233,1703.7433,1.7341,18.4373
9/1/2007,15666.738,10642.483,1107.192,7018.8184,2506.5018,2686.106,2655.3327,869.7619,2000.485,650.0545,0.3,3126.544,3.5,2875.7843,1977.7937,1842.129,2661.519,11510.998,97.103,97.075,108.11,104.8131,108.2468,113.3013,98.4223,100.8662,114.5555,121.2891,113.1534,110.7605,99.6294,101.5484,80.7762,78.9155,138067,115841.6667,13835.6667,115888.6667,22178.3333,8781.6667,5054,7615.6667,18752.6667,8343.3333,3032,18020.6667,13432.3333,5496,727,26586.3333,22225.3333,15518.4667,5962,2734,5122,14369.3333,145943.6667,65.9333,4.6667,3.829316026,0.82770827,15.7,4.1667,4.1333,2557.6667,2217,1083.3333,1267,3630.3333,2089.6667,818.6667,619.3333,4502.3333,105.32,114.85,105.626,41.3,33.8333,4.2,4645,1289,276,1314.3333,216.6667,130,641.6667,300.6667,1313775.333,371280.3333,250505.378,189005.5977,961969.137,85542.1557,1769841,91.653,92.5377,92.725,99.68,93.516,93.394,107.647,90.81,87.299,90.294,93.785,107.003,134.615,95.812,87.783,94.725,76.703,89.173,92.72,89.355,86.265,90.863,88.639,91.593,88.145,207.939,211.1487,166.9333,173.6667,173.8333,167,176.1333,171.1,263.7542425,220.728019,81.5838,18.91840111,22.711467,18.73471019,98.879,99.44,99.783,94.131,91.931,92.171,97.993,95.084,97.912,88.183,5.0733,4.3033,4.42,4.5233,4.73,6.55,5.7533,6.63,1.9,1.82,0.12,0.22,0.43,0.94,409.8333,1781.2,661.1333,3535.5,3723.2333,1418.9607,827.9334,1711.5061,3753.7692,1045.3479,2756.854,0,92541.16,15442.334,134.1528681,77098.83,669.7840218,64361.4666,28179693.75,59232.79,21.8773,403.84,229.28,210.68,77.116,1.3754,1.1983,117.7306,2.0216,1.0449,85.7,83.0575,11.6,16.5,61.97214,9827995.8,109.469,105.762,97.496,16.8333,40.5667,43.5017,42567.3333,4.5033,-0.77,-0.57,0.68,201.8333,281.8667,118.1243,185.3493,353.2087,167.9183,112.1083,247.606,208.6003,197.1487,200.6113,18.74,270153.5867,876147.14,2069.0771,0.6516,315550,1453527.333,1.2833,0.1315,5.25,0.17,145.6667,201,638,329.6667,16908.2106,2606.6667,246.817,16.35,0.0139,18.37,16496.86,1403.18,5564108.82,473267.68,15220067.15,9655.96,821.31,1175.679,1490.8167,1734.0367,1.7919,17.9338
12/1/2007,15761.967,10672.794,1115.3496,7042.0861,2504.3905,2653.056,2630.1393,875.1721,2031.3306,595.8532,0.2,3150.762,6.8,2867.9485,1982.5443,1897.391,2637.382,11518.824,97.63,97.638,108.361,105.1322,108.0156,111.9951,99.322,102.1696,115.0321,120.0469,110.9502,109.4445,101.0614,99.6903,80.9464,78.7888,138299.3333,115963.6667,13755.6667,116283.6667,22015.6667,8719.3333,5036.3333,7526,18882.6667,8293.3333,3025.6667,18073.6667,13528,5505,734,26639.6667,22335.6667,15558.2333,5969.5333,2744.6667,5136,14455,146271.3333,65.9333,4.8,3.932323563,0.866905185,16.1333,4.3,4.2333,2636,2373,1057.3333,1332,3753.3333,2194.3333,777.3333,684.3333,4479,105.27,113.671,105.37,41.2,33.8,4.1333,4538,1166,303.6667,1188.3333,185,131.6667,598,251.3333,1320921.667,376149,251604.2331,201322.0384,993005.7942,87379.7944,1781578,92.553,93.1387,93.15,99.602,93.753,94.543,107.195,91.586,89.147,91.149,93.916,106.308,132.885,96.265,88.704,95.199,83.563,89.832,93.468,90.319,87.424,91.852,89.317,92.431,88.983,210.4897,212.635,171.1333,177.4333,179.1667,171.2,179.8,175.4333,294.5140737,258.6314627,97.5393,18.93231541,22.76525088,18.69612917,98.773,99.339,99.473,95.329,92.655,92.75,98.256,94.925,98.224,88.18,4.4967,3.39,3.5667,3.62,4.26,6.23,5.53,6.51,2.25,1.97,0.18,0.23,0.87,1.42,405.6333,2039.8,653.0667,3529.8333,3827.4,1498.1781,843.0477,1721.5922,3844.7657,1066.1576,2787.7498,-6,91373.3,15572.56,135.1922763,75800.74,658.0597282,63725.7916,27647510.71,58575.77,24.4435,399.97,219.26,201.85,73.392,1.4492,1.1459,113.1293,2.0437,0.9816,77.5,100.1465,12,16.8,62.86259,9971769.7,109.7924,103.2971,96.2195,16.9667,40.6,42.704,37354,3.7867,-1.1067,-0.71,1.0333,226.5,273.6,118.8407,190.8053,357.667,170.814,112.192,249.806,211.1997,200.009,203.0677,18.86,265963.38,893672.75,2098.5626,0.6161,337483,1476687.333,1.27,0.1318,4.81,0.31,137.6667,180.6667,589.3333,280.6667,16034.3707,2704.6778,248.8277,16.53,0.014,18.49,16685.35,1409.82,5707673.35,482265.35,15211432.17,9503.76,803.01,1183.5131,1494.09,1774.2833,1.8401,18.0057
3/1/2008,15671.383,10644.429,1079.1148,7075.1477,2484.9263,2583.253,2589.8009,870.7055,2039.3954,548.2908,-0.1,3157.702,6.1,2819.1784,1971.4532,1913.508,2645.612,11550.819,96.55,96.641,107.338,104.7443,107.7891,110.7621,99.0304,102.2831,112.7881,115.7931,105.0774,109.0867,102.6814,101.1258,80.7542,78.1635,138351.3333,115935.3333,13693.3333,116463.3333,21888,8670.6667,5022.6667,7445,19021.3333,8270.3333,3021.6667,18048.3333,13538.6667,5531.3333,749.6667,26615.6667,22416,15543.5,5957.2667,2745.6667,5148.6667,14521.6667,146206.6667,66.1,5,4.108060446,0.875156835,16.8333,4.5,4.3333,2676.6667,2437.6667,1145.3333,1346.6667,3954.6667,2151,805,679,4884,104.987,112.77,105.057,41.2,33.7333,4.0333,4347,1064,298.6667,1025,149.3333,123.6667,552.3333,238.6667,1305084,373271.3333,251496.9676,203461.9601,1040637.368,88250.9752,1778978,93.329,93.6563,93.569,99.694,93.954,95.516,106.894,92.265,90.661,91.827,93.293,106.636,131.622,97.302,89.876,94.999,88.672,90.487,94.106,90.835,88.498,92.668,90.242,92.725,89.965,212.7697,214.0433,174.2,183.8667,183,175.2,185.8667,181.5333,351.7786162,287.619426,104.5803,19.01272593,22.92417079,18.75647731,98.024,99.21,99.293,95.183,91.902,92.05,99.91,95.387,99.987,86.416,3.1767,2.0433,2.09,2.1,3.6633,5.88,5.4567,6.75,3.0867,2.22,0.05,0.06,1.62,1.1,402.5,2231.9,649.6333,3558.1,3937.4,1552.1272,853.014,1729.6417,3875.9082,1081.8785,2811.5202,-15.1,88701.79,15617.998,135.2111723,73083.8,632.7152827,62068.6939,26633100.92,56888.43,27.4365,394.87,206.4,190.7,72.065,1.5002,1.0674,105.2014,1.9788,1.0038,72.9,121.6006,12.4,17.5,64.41587,10112177.4,109.0662,105.7235,96.6651,16.9667,40.5333,44.1627,-22617.3333,2.7467,-1.1333,-0.43,2.28,253.6,293.3,118.9137,194.9803,360.9153,173.2107,112.0297,252,213.4517,202.523,205.29,19.0633,263827.5067,893881.2967,2075.8744,0.5671,349633,1505406,1.2767,0.1315,3.14,-0.03,119,153,536.3333,216.6667,13286.6117,2334.3089,250.4437,16.34,0.0137,18.08,16215.64,1363.01,5826351.19,489734.88,14848549.29,9022.2,758.36,1189.695,1350.19,1624.0967,2.0829,16.9808
6/1/2008,15752.308,10661.689,1071.3382,7098.0089,2488.7511,2536.403,2568.7551,860.3809,2043.5343,523.3788,-0.2,3184.542,8.7,2790.0601,1972.8274,1974.664,2621.783,11762.205,97.006,97.055,105.2,103.2004,105.9405,108.4388,98.148,100.8814,109.6275,110.4149,96.6971,107.6451,101.1636,100.4652,79.7066,76.6424,137878,115394.6667,13555.6667,116290.3333,21587.6667,8572.6667,4983,7271.3333,19172,8246.6667,3007,17942.6667,13497,5533.6667,760.6667,26408,22483.3333,15385.2,5912.6,2757,5166,14560.3333,145925.6667,66.0333,5.3333,4.346276086,0.975064747,18.0333,4.8667,4.5,2841.3333,2688.6667,1290,1503,4236.3333,2381.6667,858,736,5348.6667,104.338,112.25,104.462,41.0333,33.7,3.9333,4070,1010.6667,323,1061,146,151.3333,492.6667,220.6667,1295895.333,375021,244331.332,211865.8236,1069780.21,82924.7472,1772317,94.289,94.1047,93.935,99.801,94.442,96.706,106.197,93.115,92.649,92.684,92.467,106.01,129.86,98.494,91.692,94.496,95.858,90.975,95.296,91.332,90.377,93.425,90.89,92.683,91.386,215.5377,214.9733,178.5,196,188.3667,178.1,199.2667,190.9333,449.9844861,365.3002865,131.714,19.10635155,23.09833531,18.79818318,97.275,98.103,98.246,93.719,92.862,93.02,99.098,97.387,99.122,88.662,2.0867,1.6267,1.8333,2.0733,3.8867,6.09,5.6,6.99,3.1033,2.2,0.21,0.45,2.26,1.05,399.0333,2406.5,647.9667,3572.3,4030.5333,1586.6939,858.6751,1742.5114,3877.9358,1083.0132,2825.5246,-22.6,86729.25,15472.762,131.5464434,71256.49,605.8089456,60963.8181,25765434.36,55774.88,21.8364,383.07,194.28,180.37,70.833,1.5623,1.0319,104.6508,1.971,1.0099,59.6,97.0126,12.9,18,64.11087,10066928.3,106.7592,104.8693,96.1899,16.8667,40.3333,45.906,-108250,3.16,-0.46,1.0733,3.5133,284.7667,311.8667,118.6487,200.009,362.8003,176.016,111.3087,254.702,216.12,206.0607,208.0663,19.2133,260852.3233,889892.8833,2076.4739,0.4979,369850,1519248.667,1.26,0.1297,2.68,0.59,186.3333,154.6667,486.3333,233.6667,13809.5963,2425.3561,251.7713,16.32,0.0131,17.71,15682.94,1260.58,5913441.05,475318.35,14494043.96,8580.6,689.7,1244.1011,1371.6467,1674.9933,2.0839,18.4172
9/1/2008,15667.032,10581.856,1035.1978,7094.6266,2452.4555,2485.549,2503.7515,833.3024,2005.3826,496.8254,-0.1,3209.489,5.1,2718.4134,1982.4817,1961.163,2587.985,11515.015,96.182,96.199,101.59,99.8007,102.5617,105.8778,94.6396,97.6224,103.2291,104.503,89.4908,106.0495,95.071,96.8722,77.0658,74.0531,137168.6667,114611.3333,13354.3333,115931.6667,21237,8430,4924.3333,7106,19318.3333,8197.6667,2973.6667,17768.6667,13424.3333,5515.3333,776.6667,26176.3333,22557.3333,15245,5860.4,2767,5196.3333,14594,145270.3333,66.0667,6,4.811903766,1.198428173,19.4667,5.7333,5.0333,2986,2875.3333,1534.3333,1852.3333,4912.6667,2638.6667,964.6667,823.6667,5976.3333,103.141,109.695,103.271,40.8,33.6333,3.6667,3583,862.3333,259.6667,858.6667,139,137,409,177.3333,1252918,371350.3333,228755.3633,206634.0903,1079311.172,76389.8731,1764426,95.266,94.547,94.654,100.27,95.111,98.328,105.856,93.776,95.092,93.345,91.756,106.636,128.745,98.773,93.779,95.096,104.345,91.478,96.31,91.854,91.743,94.37,91.991,91.918,92.117,218.861,216.357,182.7,200.4667,193.5333,181.5,204,198.9,406.4044962,351.6830001,124.8012,19.20735471,23.27582463,18.83719846,97.166,97.531,97.652,92.611,93.136,93.269,99.746,99.955,99.765,89.554,1.94,1.4933,1.82,2.1233,3.8633,6.31,5.6533,7.2067,3.3433,2.45,0.33,0.63,2.37,1.3,408.2667,2442.8,653.5667,3561.5333,4017.2333,1606.4898,877.1967,1740.4397,3853.4484,1074.7268,2815.1666,-34,84131.34,15553.074,135.0677714,68578.27,595.5551677,59037.9155,25093425.49,53833.4,33.4223,369.29,183.88,171.22,73.493,1.5019,1.0742,107.5963,1.8909,1.0416,64.8,131.1333,13,18.2,67.57397,10522878,102.7972,101.397,92.3319,17.7667,40.1333,64.887,-143062.3333,3.1067,-0.4467,1.1667,3.7133,276.3,290.5,119.4533,207.0177,364.9913,179.8863,110.6897,257.4053,219.2653,210.2343,211.4027,19.4367,259759.6333,884364.64,2068.9874,0.3865,431667,1534203,1.2867,0.132,2.8,0.86,91.3333,138,446.3333,183,12777.1897,2290.6703,253.0613,15.99,0.012,17.95,15920.04,1196.91,5983788.42,449877,14317469.06,8333.68,626.55,1330.0943,1251.9167,1555.07,2.3018,18.8842
12/1/2008,15328.027,10483.376,959.0641,7103.8291,2429.0646,2246.441,2338.1673,736.1795,1888.596,448.5428,-0.4,3230.492,5.2,2624.8693,1987.8475,1852.397,2492.828,11615.324,93.222,93.355,96.113,95.5319,99.0518,103.7812,90.4727,88.2356,97.1264,95.8656,82.0338,105.8575,87.7735,101.5719,73.5787,69.9152,135568.6667,113013.6667,13010.3333,114955.3333,20613.3333,8177.6667,4832.6667,6827,19402,8103,2930.3333,17432.3333,13302.6667,5479.3333,776,25750.6667,22555,14989.0333,5768.5333,2775,5189,14591,144090.3333,65.9,6.8667,5.340648348,1.531575906,20.2667,6.8,5.6667,3253.3333,3271,1783.3333,2369.6667,6195.6667,2714,949.3333,795,7343.3333,100.751,105.257,100.746,40.1333,33.4,3.1667,3207,663,183,638.6667,103.3333,66.3333,349.3333,144,1193398.667,341463.6667,193169.188,171340.4728,1061640.819,63802.7578,1741177,93.836,94.591,94.896,102.132,95.135,93.937,105.101,93.783,89.215,93.41,90.625,106.635,127.443,98.566,94.86,94.338,68.72,92.022,96.407,92.402,92.612,94.07,92.785,89.526,92.753,213.8487,216.8867,173.6333,178.0333,180.3667,180.3333,180,180.4667,252.3855504,165.9753532,61.707,19.3640723,23.58223746,18.97643796,101.825,100.847,100.874,91.313,92.532,92.659,101.339,103.803,101.452,87.731,0.5067,0.2967,0.73,0.9933,3.2533,5.86,5.8167,8.84,5.5867,2.6,0.43,0.7,2.96,1.64,670.2333,2505.1,715.6,3764.0667,4203.5,1663.6174,918.0902,1735.563,4042.2938,1068.086,2803.649,-47.2,80307.15,15224.097,131.0690725,65083.06,560.3206202,55922.4831,24384669.79,50721.51,59.0918,365.71,174.48,162.34,81.472,1.3174,1.1581,96.0688,1.5681,1.2118,57.7,161.5848,11.7,15.9,73.48998,11402665.3,96.6499,104.5849,98.9873,19.5667,39.6,581.6033,-85286.6667,2.18,-0.21,1.6733,5.31,193.3,207.2,118.595,179.2627,367.579,169.6057,109.452,257.8403,213.046,202.7383,206.149,19.64,250770.3133,854979.01,2144.4586,0.3028,519683,1492490.333,1.4233,0.133,1.94,1.43,69,102.6667,321.6667,145.3333,8721.2878,1604.3463,254.436,15.68,0.0102,17.39,15349.99,1001.41,6091489.99,397399.04,13922562.67,7831.07,510.89,1532.8396,909.8,1145.7167,3.1432,16.5784
3/1/2009,15155.94,10459.698,960.8939,7078.7321,2428.2314,1986.845,2151.8654,653.9272,1746.3302,405.1821,-1,3266.177,5.2,2337.7489,2007.7251,1702.73,2246.492,11565.491,91.678,91.894,90.577,90.1678,94.3737,99.6504,85.2495,77.5374,93.0588,82.9356,65.0463,104.3304,82.6729,101.5432,69.2223,65.4911,133311.6667,110740,12383,113748,19563.6667,7702.6667,4680.3333,6434.6667,19501,7971.6667,2877.6667,16951.6667,13180.6667,5407.3333,746,25286.3333,22571.6667,14721.5333,5652.6,2792.6667,5192,14587,141499.6667,65.7,8.2667,6.35671453,1.935296749,21.7333,8.4667,6.8,3479.6667,3906.6667,2382,2986,8022.6667,2924.3333,873.3333,882,8662.3333,98.187,99.509,98.147,39.5333,33.2,2.7333,2697,525.6667,150.3333,538.6667,83.3333,55,276.3333,111,1149849.333,334084,157084.7152,156822.7747,1004640.994,50312.6386,1703226,93.274,94.6777,94.959,101.294,95.137,92.279,104.536,93.747,87.123,93.442,90.362,107.025,125.256,98.477,94.556,94.999,55.231,93.108,96.664,93.158,92.67,94.25,93.271,86.661,93.145,212.3777,217.797,170.1667,169.5333,175.7333,175.4333,170.9667,170.5333,194.4094367,110.3292412,45.3728,19.48714966,23.72605681,19.09282152,100.752,98.887,98.932,91.024,93.409,93.591,97.73,102.335,97.876,92.772,0.1833,0.2133,0.39,0.5667,2.7367,5.06,5.2733,8.2133,5.4767,2.32,0.18,0.35,2.52,0.58,783.0667,2682.4,742.1667,3910.3667,4429.7333,1615.6638,936.1284,1731.4152,4031.9102,1052.9164,2784.3316,-16,78709.07,15102.712,130.5842731,63606.36,549.9667613,55002.368,23706700.61,49814.63,44.9994,368.06,165.74,153.52,82.913,1.303,1.1487,93.6304,1.4351,1.2448,58.3,175.3212,10.5,13.3,77.2997,11929306.1,90.1247,103.6575,100.1462,20.3,39.1333,779.7747,193740,1.7633,0.03,1.58,5.09,165.5333,169.7,119.4077,169.7587,370.794,165.9897,109.17,258.6177,211.341,200.3413,204.5147,19.77,233774.9267,805971.97,2155.4426,0.2114,625083,1426680.667,1.4667,0.1367,0.8,0.61,64.6667,88,280,106,7924.6676,1483.3885,255.7387,15.24,0.0085,16.91,15210.84,848.05,6087857.51,339415.02,13515928.61,7428.07,414.14,1793.6323,809.3133,1065.78,3.4221,19.1801
6/1/2009,15134.117,10417.334,954.0297,7057.5201,2413.7327,1872.287,2073.6064,627.9393,1693.1949,380.36,-1.4,3313.168,9.7,2342.6193,2024.9163,1707.886,2153.127,11689.821,91.483,91.692,88.745,87.5984,91.4911,97.9599,82.9361,73.1384,94.1008,80.9233,65.7189,102.7645,78.0997,100.4369,67.108,63.9697,131450.6667,108827.3333,11872.6667,112793.6667,18657,7299.6667,4573,6088,19572.3333,7845,2812,16583.6667,13079.3333,5371,696.3333,24907,22623.3333,14554.1333,5537.6,2865.3333,5181.6667,14576.3333,140304.3333,65.7,9.3,6.678133688,2.60223695,23.4333,9.7333,7.4,3232.6667,4216,3057,4024.6667,9303.3333,3213,864,955.6667,9015,96.004,95.361,95.955,39.4667,33.0333,2.7667,2478,534.3333,99,559.3333,89.6667,62,260,122.6667,1127156.333,335163.6667,155014.9834,156746.7536,945642.8859,49631.8105,1655462,93.693,95.1047,94.856,99.686,94.677,93.303,104.263,93.882,88.65,93.606,90.848,107.199,123.226,98.639,93.7,95.682,60.227,95.466,96.622,93.72,92.07,94.198,93.406,86.683,93.496,213.507,218.9073,171.2667,171.3333,177.3,175.4,172.6,169.8333,145.277964,167.9333067,62.6005,19.49080684,23.78430338,19.08775278,102.709,100.814,100.821,93.062,95.339,95.509,98.119,102.584,98.286,91.133,0.18,0.1733,0.32,0.52,3.3133,5.03,5.5133,7.9833,4.67,1.72,0.15,0.35,3.14,0.23,826.1333,2709.2,763.2333,3935.6,4493.8,1541.2253,905.0257,1719.8239,4058.1957,1020.1375,2739.9613,-5.9,79054.72,15013.114,128.4289462,64041.61,547.8407988,56169.7734,22884949.27,51003.37,30.3882,356.73,160.41,148.5,79.571,1.362,1.1122,97.393,1.55,1.1678,68.2,133.8652,10.6,12.9,80.4389,12322452.1,87.6335,102.2694,99.3923,22.6667,39,864.759,357304.3333,2.2333,-0.0067,2.0533,5.3333,168.3,161.6333,120.1653,174.3307,374.2043,168.173,109.679,258.656,212.813,201.7613,205.5483,19.85,226383.24,778741.4533,2202.6123,0.1726,612667,1371025.667,1.4233,0.1354,0.4,0.22,61.6667,92.6667,291.6667,113.3333,9302.1915,1733.0062,256.902,15.49,0.0088,15.75,13982.31,791.53,6096100.43,345096.54,13086752.85,6990.65,395.74,1766.4913,892.2267,1158.05,2.9359,30.4469
9/1/2009,15189.222,10489.202,1000.4581,7070.6586,2421.3958,1868.013,2081.1766,643.7804,1683.3237,398.0872,-1.4,3321.897,3.7,2342.0326,2021.8299,1769.969,2242.931,11557.64,91.812,92.092,90.915,88.9146,92.6449,99.2488,84.7017,76.1184,96.1045,88.8768,82.2219,102.0623,78.8437,98.8405,68.1631,65.5115,130481.6667,107978.6667,11628.3333,112324.3333,18157.3333,7114.3333,4514,5858,19667.3333,7786,2771.6667,16469.3333,13059.3333,5360,671,24707.6667,22503,14473.2,5471.2667,2825.6667,5145.3333,14532,139403.6667,65.3333,9.6333,6.263156809,3.339433202,25.0667,9.9667,7.7667,2972.6667,3735.6667,2874,5149.3333,9687,3268,871,1080.6667,8922.3333,94.888,94.37,94.863,39.9667,33.1,3.0333,2370,588.3333,76.3333,606.6667,106.3333,65.3333,293.3333,123.3333,1143651.333,341897.3333,164336.4556,162190.6498,912324.7627,53630.8264,1608198,94.34,95.442,94.912,98.346,94.704,94.452,103.463,94.29,90.583,94.039,91.804,105.621,120.325,98.23,93.169,95.874,70.425,96.161,96.59,94.308,93.024,95.13,93.405,87.717,93.983,215.344,219.5597,172.9667,173.8667,179.7333,173.8,176.4,173.0667,147.610918,187.7081254,71.4577,19.54412926,23.69692521,19.21930999,102.156,100.559,100.645,96.339,96.784,97.054,97.207,99.399,97.395,92.445,0.1567,0.1567,0.2467,0.4467,3.5167,5.16,5.2667,6.66,3.1433,1.64,0.09,0.29,3.36,0.13,811.3,2614.1,772.1667,3915.8,4468.2333,1430.7636,889.7282,1707.6346,3989.1485,998.9351,2706.5697,-6,80395.19,14965.196,129.4831438,65430,566.1190111,58077.5078,22317685.09,52941.98,24.2409,346.07,162.48,150.11,75.328,1.4311,1.0618,93.513,1.6411,1.0972,68.4,141.4255,11,13.8,82.59064,12624367.2,89.3481,100.0048,98.7118,25.6667,39.2667,849.2933,514214,2.4667,0,2.31,5.11,172.7333,187.4333,120.333,183.3243,377.1503,171.2367,109.48,259.185,215.0477,204.437,207.3273,19.9333,220897.1533,759569.5733,2280.4657,0.16,557733,1325026.667,1.3333,0.1354,0.28,0.13,68,106.6667,305.6667,126.3333,10128.9763,1983.5059,257.0837,15.73,0.0089,14.94,13100.33,744.9,6073393.94,345341.38,12776013.68,6702.62,381.12,1758.6638,996.7,1279.6267,2.4617,53.2335
12/1/2009,15356.058,10473.645,976.9123,7073.3664,2429.1167,2040.736,2091.6662,673.5209,1694.5354,397.2843,-0.4,3328.046,6.2,2406.8585,2007.9223,1874.467,2351.75,11554.792,93.114,93.346,92.504,90.3101,93.6383,99.9481,86.6095,79.1954,98.4543,91.0662,86.682,102.3308,80.2861,100.7762,69.4994,66.95,129979.3333,107466.3333,11507.3333,112120.6667,17858.6667,7021,4486.3333,5688.6667,19770,7751,2752.6667,16529,12975,5325.6667,662.6667,24504.3333,22513,14365.2667,5422.0667,2838.6667,5153.3333,14521,138368,64.8667,9.9333,6.07557054,3.835748026,26.9333,10.2667,7.9667,2972.6667,3488.6667,2855,5891,9758,3339.3333,920.6667,1224.3333,9063.6667,94.824,94.219,94.882,40.4333,33.1333,3.3667,2448,567.6667,72.6667,623.3333,101.3333,61.3333,293.3333,111.6667,1157463.333,344033.6667,167804.0637,171335.6519,875254.2396,52527.4718,1604026,95.07,96.0373,95.269,97.998,95.005,95.213,103.817,95.004,91.511,94.83,94.579,104.413,118.332,99.007,93.179,95.697,75.012,96.516,96.648,95.209,94.157,95.203,94.004,90.417,94.789,217.03,220.6827,176,176.9,183.9667,177.3667,179.4333,176.5667,184.1535023,211.8980943,79.2057,19.57223038,23.8587816,19.16615409,102.797,100.39,100.466,98.18,98.136,98.441,96.412,98.911,96.639,93.786,0.12,0.0567,0.16,0.35,3.46,4.92,5.2,6.3267,2.8667,1.46,0.1,0.29,3.4,0.15,927.2667,2402.1,775.8667,3906,4409.6,1340.8842,874.4189,1696.8085,3930.4259,965.3571,2662.1656,-1.9,80285.13,14867.59,128.6703379,65417.54,566.1507088,58333.8283,21951299.49,53193.63,21.155,341.35,164.16,151.51,72.843,1.4769,1.0215,89.8618,1.6346,1.0559,70.2,125.1713,11.7,14.7,84.16278,12949772.8,90.9009,104.7546,96.9025,28.7,39.5,1112.921,895490.3333,2.3,-0.0633,2.18,5.08,194.3333,209.0333,120.316,190.1843,380.284,173.6007,111.1067,260.1697,216.9593,206.817,208.9437,20.04,215855.58,719403.6567,2302.4605,0.1608,501633,1329426.667,1.2967,0.1344,0.2,0.08,80.6667,111.3333,312,119.3333,9969.1657,2162.9147,256.7113,15.75,0.0084,14.84,13170.13,706.54,6033400.35,323676.66,12657093.84,6623.69,355.34,1864.0208,1088.7033,1405.7,2.1052,82.8977
3/1/2010,15415.145,10525.432,988.8964,7099.7118,2441.9646,2087.171,2090.8539,721.17,1706.3764,384.456,0,3315.216,4.7,2474.7976,1979.4966,1902.612,2408.555,11619.754,93.551,93.723,93.923,92.0858,94.6402,99.8656,89.2455,83.2502,99.5669,91.5873,86.5736,102.0851,82.5971,102.6618,71.287,68.4034,129805.6667,107310.6667,11455.3333,112137,17668.6667,6990,4465.3333,5539,19851.6667,7721.6667,2730.6667,16579,12934,5322.6667,674.3333,24502.3333,22495,14414.9333,5382.7667,2885,5144,14466,138590,64.8667,9.8333,5.718141324,4.118701768,25.9667,10.2333,8,2832.3333,3358,2636.3333,6331,9504,3570,893.6667,1177.6667,8899.6667,94.868,94.62,94.854,40.7667,33.2333,3.5333,2721,618,81.6667,657.6667,99.6667,68,317.6667,132.6667,1169652.333,349194.6667,186753.6719,174219.9288,862995.0718,61154.2561,1607725,95.395,96.316,95.491,97.565,95.434,95.351,103.255,95.417,91.937,95.264,95.564,103.395,116.457,97.936,93.565,95.666,76.147,96.797,96.637,95.777,94.617,95.049,94.192,92.035,95.322,217.374,220.7157,178.5,182.0667,187.4667,182.2667,184.6,180.8333,235.3164322,223.4629739,81.6329,19.63329455,23.95585687,19.16261813,100.432,99.596,99.597,99.263,98.626,98.793,95.387,95.731,95.548,96.202,0.1333,0.1067,0.1833,0.3667,3.7167,5,5.2933,6.2867,2.57,1.28,0.08,0.26,3.61,0.1,961.1667,2220,779.9667,3900.3,4360.4667,1270.9872,871.8706,1695.0159,3870.188,938.3336,2633.3495,9.6,81014.95,14685.139,126.3808038,66329.81,570.8366312,59258.4939,21756456.87,54140.55,18.4932,336.29,165.64,152.3,74.864,1.3839,1.0578,90.6522,1.5611,1.0413,73.9,139.876,11.9,15.2,86.76598,13389719.6,92.4274,109.7074,94.8078,30.5667,39.8333,1174.116,1059111.333,2.4233,-0.0267,2.29,5.16,211.5667,209.8,120.1063,192.1563,384.254,174.4447,111.8093,260.0483,217.189,207.847,209.147,20.1167,233320.7333,701909.55,2323.154,0.18,478600,1340602.667,1.27,0.133,0.21,0.07,75,108,327.3333,147.3333,10511.1847,2280.5523,256.3277,15.86,0.0084,14.6,12918.02,684.26,5986721.71,317113.18,12587716.12,6600.99,349.65,1887.8817,1121.5967,1452.47,1.9695,56.6001
6/1/2010,15557.277,10609.148,1020.0721,7136.9297,2455.3503,2196.706,2167.0432,768.1967,1762.3423,404.4213,0.2,3326.546,5.4,2522.0379,1972.8119,1947.618,2520.175,11811.199,94.602,94.808,96.21,93.8943,95.8836,100.1298,91.449,87.4573,101.1522,94.1019,88.8856,101.7004,85.755,100.774,73.1782,70.49,130442.6667,107674.3333,11519.6667,112698,17744.6667,7050.3333,4469.3333,5529.6667,19930.3333,7700.3333,2709,16710.6667,13008.3333,5326.6667,695.3333,24544.3333,22768.3333,14435.9667,5377.6,3197.6667,5136.6667,14434,139226.3333,64.9,9.6333,5.317636956,4.339021902,25.9333,9.8667,8.0333,2727,3124,2291.3333,6687,9230.3333,3486.6667,930.3333,1187.6667,8866.6667,95.747,95.541,95.691,41.1667,33.3667,3.8333,3016,602,102.6667,599.6667,103.3333,72,316.6667,110,1193973.333,355137.3333,193447.7007,173692.389,869280.6801,64606.8793,1615168,95.503,96.5307,95.912,97.58,95.824,94.791,102.336,95.847,91.528,95.742,95.345,102.111,114.262,98.081,93.858,95.071,73.618,96.868,96.717,96.293,95.134,95.643,94.622,93.203,95.934,217.2973,220.9927,178.7,184.2333,187.5333,182.4667,186.8667,182.8,180.4585534,222.6308383,80.692,19.68285324,23.9371108,19.22013351,102.051,100.681,100.62,100.7,98.862,99.019,96.117,95.857,96.327,96.104,0.1933,0.1467,0.2167,0.38,3.49,4.91,5.0433,6.1767,2.6867,1.42,0.07,0.23,3.34,0.25,936.2,2013.1,788.7667,3942.0333,4340.1,1241.1643,1190.1924,1700.0162,3831.3887,916.9412,2616.9574,14,80175.84,14589.242,123.5204131,65586.6,555.2916185,58446.8927,21728948.21,53353.86,27.0787,332.54,165.9,152.42,77.658,1.2734,1.108,92.0772,1.4923,1.0277,73.9,142.9167,12.1,15.6,88.44771,13823431.7,94.7432,104.098,97.8148,33.9333,40.4667,1109.3293,1034079.667,2.2533,-0.0467,2.06,4.85,206.1,207.7,119.639,190.302,387.2903,173.39,111.1973,260.9307,217.0053,207.681,208.9517,20.2033,254984.5567,682329.03,2304.3237,0.2025,462967,1359213.667,1.26,0.1314,0.4,0.21,72,105,304.6667,118,10345.9013,2342.0627,256.3003,15.6,0.0081,15.21,13817.14,719.41,5949940.52,309792.68,12807333.24,6857.39,357.04,1920.6201,1135.2467,1462.2833,1.941,34.6247
9/1/2010,15671.967,10683.342,1036.084,7184.9828,2464.5151,2294.672,2178.7643,809.5812,1810.0591,368.576,0.7,3303.891,-1.7,2577.8724,1955.8264,2001.56,2612.581,11895.286,95.646,95.845,97.153,95.1207,96.8772,100.8715,93.1439,89.5283,102.0514,96.3801,93.8405,101.997,87.6513,103.6018,74.5703,71.5947,130417.3333,108005.3333,11559,112631.6667,17785.6667,7092.6667,4466.3333,5511,19999.3333,7678.3333,2700.6667,16818.6667,13088.6667,5327,715.6667,24607,22412,14460.6,5384,2955,5129.3333,14327.6667,139337.6667,64.6333,9.4667,5.373112681,4.09926143,25.7333,9.6,7.9667,2765.3333,3271.3333,2220.3333,6309.3333,9089.3333,3382.6667,859,1234.3333,8848.6667,96.21,96.667,96.217,41.2333,33.4667,3.9,3021,579.6667,136,574,97.6667,73.6667,283,125.3333,1210884.667,356875,200724.1804,176224.1235,878565.9849,66964.96,1647697,95.671,96.6603,96.251,97.64,96.022,94.766,101.577,96.11,91.811,96.006,95.619,100.813,112.209,97.932,93.964,94.67,74.801,97.133,96.855,96.71,95.108,95.999,94.992,93.175,96.415,217.9343,221.5277,179.3667,184.6333,188.3333,180.7333,187,182.7333,188.7794007,216.2211765,78.7985,19.74610929,24.02915978,19.30814965,101.913,100.792,100.783,100.503,99.406,99.62,95.981,96.206,96.196,96.586,0.1867,0.1567,0.1933,0.27,2.7867,4.45,4.58,5.7767,2.99,1.66,0.04,0.11,2.63,0.14,919.4333,1990.1,801.4667,3969.3,4382.1,1228.6139,1169.5342,1711.8619,3780.2625,896.1723,2608.0342,22.6,82129.76,14506.064,121.9480094,67623.7,568.4915713,60563.2044,21566558.38,55480.12,22.427,335.23,164.37,150.53,75.904,1.2939,1.0307,85.7434,1.5519,1.0385,68.3,169.8234,12.4,15.9,89.93168,14175269.4,95.7127,108.6197,98.5645,33.6667,40.4667,1073.5557,1014072.333,1.5467,-0.03,1.36,4.3933,209.4,206.0333,119.164,192.2283,389.49,173.8677,111.2023,261.7103,217.685,208.44,209.524,20.3167,248571.7767,671946.97,2384.5634,0.2072,462567,1392523.333,1.2733,0.131,0.3,0.11,68.6667,98.3333,289.6667,117.3333,9356.0189,2237.4564,256.604,15.99,0.0082,15.3,13724.21,703.67,5927268.75,303902.45,12933824.54,7006.55,359.24,1950.3853,1096.3867,1416.81,2.0301,22.9328
12/1/2010,15750.625,10753.999,1065.0322,7207.1868,2482.9335,2287.362,2219.9775,825.9809,1845.2314,374.6769,0.4,3283.262,-0.6,2596.303,1936.9972,2059.623,2633.738,11961.982,96.38,96.52,97.455,95.4364,96.6533,100.5178,93.9005,91.1814,101.5796,94.9266,91.3991,101.9534,88.2154,102.3564,75.095,72.1432,130748.6667,108465.3333,11580.6667,112940.6667,17808,7123.6667,4457,5493.6667,20109,7681.3333,2688.6667,17002.6667,13136.6667,5346.6667,733.6667,24692.3333,22283.3333,14490.2667,5402,2867.3333,5137,14279,139154.6667,64.4333,9.5,5.409876805,4.113919466,25.7667,9.5667,8.1333,2753.3333,3278.3333,2292.3333,6327.3333,9068.6667,3435,878,1286,8881.6667,96.622,96.516,96.631,41.2667,33.5333,4,3120,542.3333,91,583.3333,90.3333,71.3333,268,112.6667,1220255.667,366705.3333,201276.5884,187216.9203,895143.6678,65537.2711,1663852,96.25,96.9243,96.781,97.961,96.614,95.825,101.259,96.455,93.452,96.344,96.208,99.808,110.534,98.768,94.338,94.388,83.038,97.396,96.986,97.114,95.585,96.031,95.447,93.893,96.738,219.699,222.1073,182.6667,188,193.1333,184.1,189.6333,187.4333,165.1447018,242.4522568,87.7233,19.81958679,24.17005022,19.35873487,102.425,100.522,100.457,100.973,99.74,99.895,96.172,97.01,96.384,97.429,0.1867,0.1367,0.1833,0.2567,2.8633,4.41,4.8567,5.9133,3.05,1.55,0.05,0.12,2.73,0.12,910.2333,1965.6,825.8,3987.9667,4419.5333,1225.8473,1145.4312,1776.0138,3736.3396,874.9736,2650.9874,20,83722.05,14481.748,121.0647846,69240.3,578.8363779,62453.7477,21268304.36,57359.06,17.7911,331.9,161.89,147.84,72.977,1.3592,0.9741,82.528,1.5808,1.013,71.3,169.3228,12.9,16.2,92.02388,14571651.9,95.9962,106.6801,98.2214,34.2,40.6333,1052.1023,1005185.333,1.4867,-0.05,1.3,4.67,222.1333,238.5333,119.0557,199.3607,392.6583,176.7273,111.08,262.406,219.5313,210.7213,211.22,20.46,254414.6933,704877.28,2440.1365,0.213,431100,1435321.333,1.27,0.1344,0.26,0.07,81.3333,101.6667,267.6667,132.6667,9842.4443,2536.13,257.0923,16.13,0.0086,15.38,11844,630.86,5872692.36,312804.04,12974433.31,7101.74,378.27,1877.4349,1204,1574.8133,1.8785,19.4951
3/1/2011,15712.754,10799.741,1074.2624,7235.0382,2491.2721,2244.241,2216.0114,846.3679,1842.7281,373.4122,0.2,3243.232,-5.4,2637.114,1915.5459,2077.113,2650.836,12083.876,95.862,96.014,98.408,95.972,97.3178,101.0501,94.4977,93.5406,101.4241,97.2996,94.9188,102.0031,89.489,103.5962,75.6046,72.929,131078.3333,108856.6667,11650,113233.6667,17844.6667,7192.3333,4457.6667,5451.6667,20164.3333,7679,2674.3333,17165.3333,13194.6667,5332.3333,743,24802,22221.6667,14561.5,5428.7333,2875.6667,5113.3333,14232.6667,139427.6667,64.1667,9.0333,5.088184493,3.951679244,24.7333,8.9,7.8667,2563.3333,3043.6667,2187.6667,6057.3333,8388.6667,3341,897,1305.3333,8526.3333,96.851,96.921,96.792,41.3,33.4667,4.1333,3189,582.3333,152.3333,567,86.6667,69,318.3333,108.3333,1230688.667,375108.3333,208821.3448,199111.4306,907769.5059,68965.4464,1672664,97.091,97.3843,97.276,98.228,97.281,97.319,101.272,96.977,95.578,96.855,97.172,99.702,108.594,100.006,95.798,94.803,91.153,97.837,97.37,97.479,97.159,96.507,95.954,94.869,97.028,222.0437,223.1567,187.2,195.9,199.1333,191.5333,197,194.8,180.5986488,265.9739801,96.4969,19.83211816,24.11757484,19.4076698,102.263,101.251,101.095,101.534,99.039,99.135,98.572,97.356,98.821,95.318,0.1567,0.1267,0.17,0.2733,3.46,4.85,5.13,6.09,2.63,1.39,0.04,0.15,3.33,0.12,1009.9667,1878.2,843.2333,3995.3,4412.8333,1233.1662,1102.1702,1878.167,3666.8516,857.693,2735.8599,20.4,84397.68,14375.099,118.9609926,70022.58,579.4712105,63519.7474,20877935,58407.42,16.9732,321.25,159.4,145.49,71.896,1.3682,0.9417,82.2696,1.6022,0.986,73.1,154.0112,13.3,17,93.35519,14697669.2,96.7259,107.4263,99.8668,37.9,40.6,1269.6437,1244956.333,2.12,-0.03,1.9633,4.9733,242.8667,255.7667,119.821,206.509,395.2933,180.1787,111.42,263.658,221.7987,213.662,213.5337,20.5633,275792.4833,818092.5033,2424.2762,0.2302,411433,1473066,1.25,0.139,0.25,0.09,65.3333,95,297.6667,109,10285.2993,2739.4194,257.9373,16.32,0.0095,15.59,11943.78,696.36,5821941.59,339437.05,12968022.53,7146.08,416.64,1715.1756,1302.7433,1703.6033,1.7808,18.5914
6/1/2011,15825.096,10823.654,1066.6158,7272.1263,2486.0482,2336.057,2267.7128,858.0216,1890.3645,377.6419,0.4,3221.366,-1.4,2628.1786,1898.3723,2110.776,2666.555,12057.571,96.852,96.906,98.32,96.3573,97.3722,101.1176,95.1675,94.5342,100.1106,96.0418,92.9856,102.3985,89.1922,103.1167,75.7999,73.0112,131766.6667,109607.6667,11714.6667,113763.6667,18003,7257.3333,4457.3333,5509.6667,20259,7692.3333,2679.3333,17336,13311.3333,5346.6667,778.6667,24980,22159,14657.9,5463.2667,2867,5084.3333,14207.6667,139531.3333,64.1,9.0667,5.088279753,3.985772059,24.3667,8.9,8,2796,2959,2004.3333,6116.3333,8238.3333,3436.3333,945,1258,8551.6667,97.571,97.617,97.602,41.4,33.6,4.1,3337,574.3333,143.6667,611.6667,107.6667,61.3333,276.6667,128.6667,1227269.667,381417.3333,207364.0008,202132.2934,919872.5933,69931.8047,1691018,98.048,97.9537,97.975,98.698,97.924,98.958,101.527,97.601,97.808,97.504,98.513,100.136,106.832,100.994,97.267,95.522,99.374,98.454,97.852,98.08,97.882,97.17,96.775,95.956,97.573,224.5683,224.1997,190.9333,203.7,204.0333,192.4,204.9667,201.4667,185.4248642,299.0741602,104.7045,19.80529265,24.05904322,19.30509104,100.458,99.449,99.393,100.72,99.232,99.318,97.842,97.513,97.982,97.858,0.0933,0.0467,0.1033,0.2067,3.21,4.66,5.0367,5.85,2.64,1.45,0.06,0.16,3.16,0.14,1156.8333,1915.9,860.3667,4025.7,4477.3667,1251.3717,1099.8812,1891.8525,3583.3843,851.4158,2743.2683,28.8,84387.45,14242.255,118.1187698,70145.2,581.7523178,63719.8073,20667646.04,58586.44,17.1499,313.77,157.18,143.43,69.553,1.4399,0.8704,81.5762,1.631,0.9675,71.9,147.2589,13.6,17.3,92.5588,14628638,96.7107,107.0507,99.4109,39.4,40.9,1594.5417,1579131.667,1.8633,-0.0467,1.77,4.9433,255.7333,255.4,120.9643,213.496,398.6127,184.0273,112.532,264.8697,224.2307,216.8803,216.006,20.6167,270199.82,807428.63,2437.3681,0.2396,420450,1516126.333,1.2633,0.1397,0.19,0.1,69.3333,99.6667,309.6667,133,9609.3623,2764.9017,258.7647,16.3,0.0088,15.72,12160.78,655.69,5776222.38,311442.41,12996253.22,7220.03,389.29,1854.6679,1319.0367,1744.51,1.8231,17.3268
9/1/2011,15820.7,10866.036,1076.0667,7313.3274,2477.6021,2343.786,2362.9448,909.6086,1978.8879,384.4269,-0.1,3175.463,-8.4,2603.2643,1881.1389,2133.15,2696.956,12110.213,96.85,96.923,99.107,97.4839,98.7867,102.0222,96.1701,95.8725,99.6965,98.2538,97.4036,102.9726,91.4547,104.7392,76.4025,73.7557,132176,110159.6667,11759.6667,114049,18127,7301.6667,4458,5561,20369.6667,7695,2662.3333,17442.3333,13397,5372,806.3333,25094.3333,22016.3333,14729.5333,5486.4333,2852.6667,5069.6667,14094,139883,64.1,9,4.983286448,4.021614088,24.7,8.7333,8,2678.6667,2933.6667,2064.3333,6182.3333,8050,3457.6667,963.6667,1304.3333,8745,97.989,97.531,97.977,41.3333,33.6,4.1,3599,619.3333,187.6667,626,92.6667,67.6667,311.6667,147.3333,1241285.333,384815,213612.5956,201605.6056,933267.9712,74691.6465,1687894,98.523,98.426,98.519,98.869,98.587,99.297,101.365,98.144,98.362,98.071,99.36,100.298,105.111,100.872,98.492,97.346,98.41,98.608,98.438,98.514,98.2,97.492,97.85,96.544,98.167,226.0327,225.7327,191.8333,203.8333,204.9333,195.1,204.6667,202.4333,180.7183485,270.3678607,91.1511,19.79153724,24.12296051,19.21582996,100.335,99.518,99.398,101.616,98.85,98.912,98.894,97.169,99.075,97.888,0.0833,0.0233,0.06,0.1333,2.4267,4.31,4.4633,5.4633,3.0367,1.88,0.04,0.11,2.4,0.18,1185.8,1805,920.7667,4181.7333,4605.2333,1279.2421,1098.0331,1909.4954,3549.5983,849.8042,2759.2997,26.9,82045.3,14118.92,116.5868825,67926.38,560.9016144,61585.1625,20460137.57,56445.95,33.2502,314.6,155.73,142.17,69.784,1.4118,0.826,77.668,1.6095,0.9798,59.7,215.891,13.7,17.4,94.85943,15012068.2,97.7854,107.7565,101.904,40.5333,40.8667,1668.856,1656921,1.1533,-0.06,1.07,4.38,252.2,249.1333,123.114,214.589,401.376,185.212,113.2433,266.5917,225.4913,218.337,217.4087,20.7033,272608.4067,808572.41,2450.9158,0.26,413283,1536540.667,1.26,0.1402,0.2,0.12,63.6667,107,320.3333,135,9246.3449,2606.6359,260.1477,15.96,0.0083,15.51,12239.18,639.72,5729336.53,299461.08,13010109.85,7280.77,380.55,1913.2157,1228.1267,1644.1533,2.0345,15.3351
12/1/2011,16004.107,10885.893,1101.8642,7307.3496,2476.9952,2524.429,2423.4516,930.5872,2029.4122,394.3682,0.7,3173.227,1.6,2620.8622,1873.8473,2155.157,2734.13,12147.876,98.227,98.374,99.498,98.451,99.3592,101.334,97.7507,97.524,99.834,99.3637,100.3747,101.8332,94.3807,101.1366,76.7662,74.2596,132734,110759.6667,11784,114527.6667,18206.3333,7343,4441,5597.3333,20494.3333,7717.3333,2677,17601.6667,13504.3333,5391.6667,825,25167,21974.3333,14750.4333,5519.0667,2842.6667,5051,14080.6667,140698.6667,64.0667,8.6333,4.948678239,3.7053957,23.9,8.2667,7.8,2634,3012,1977.3333,5707.3333,7699,3362,1016.3333,1282,8425,98.75,98.747,98.728,41.5333,33.6667,4.1,3599,671.6667,181,691.3333,124.6667,74.6667,329.3333,143,1255213,391115.6667,219992.9143,203832.7091,952082.1946,79005.2974,1709421,98.86,98.7907,98.676,99.02,98.836,99.519,100.957,98.536,98.862,98.49,99.593,99.801,103.514,101.226,99.172,98.371,98.007,99.171,98.897,98.871,99.099,98.086,98.343,96.534,98.695,227.0473,226.9367,192.6667,200.7667,205.8333,196.6667,201.5333,200.6,152.2168494,287.2279263,95.207,19.79948901,24.04414727,19.21237628,98.644,97.754,97.686,100.76,99.493,99.62,96.935,96.778,97.127,101.245,0.0733,0.0133,0.05,0.1133,2.0467,4.01,3.9267,5.2533,3.2067,1.96,0.04,0.1,2.03,0.2,1160.6333,1771.1,949.5333,4233.3667,4658.4667,1308.0785,1097.4048,1927.288,3542.0862,850.2793,2777.5674,18.8,83222.54,14077.292,115.8827456,69145.25,569.1961911,62909.5941,20312945.64,57765.92,27.2218,314.82,153.02,139.68,72.396,1.3482,0.9124,77.3331,1.572,1.0227,64.8,171.8257,13.5,17.3,96.36931,15398482.7,98.7121,100.5537,101.6706,39.7667,41.0333,1610.0157,1599656.333,0.9533,-0.06,0.88,3.8533,246.8333,218.7333,124.4673,214.5383,405.683,185.8923,113.034,267.9373,226.4147,219.222,218.289,20.7667,275368.4033,812449.6733,2483.1273,0.2701,389550,1556835.667,1.2633,0.1413,0.21,0.14,75.3333,107.3333,358.3333,150.3333,8580.6425,2600.9137,261.4217,16.42,0.0083,15.87,12135.4,612.9,5711421.95,288454.74,13161393.62,7449.97,376.26,1980.0063,1225.6533,1652.9267,2.1224,14.7669
3/1/2012,16129.418,10973.303,1128.8477,7349.2856,2495.0652,2577.157,2499.2193,959.5814,2081.254,418.1759,0.5,3159.561,0,2682.4342,1860.096,2168.538,2748.995,12375.275,99.386,99.466,100.075,99.3893,99.6613,100.2554,99.1451,99.6845,100.342,100.9339,102.4925,100.0886,97.8774,96.1893,77.0617,74.9369,133523,111577.6667,11865.3333,115186.3333,18336.6667,7421.3333,4444,5626.6667,20640,7749.3333,2673,17803,13649,5417,844.6667,25309.6667,21945.3333,14812.8333,5560.5,2829.6667,5048,14067.6667,141826,63.7667,8.2667,4.822921675,3.439913825,24.0667,7.7,7.5333,2597.3333,2848,1982.6667,5318,7145.3333,3291,1024.6667,1338.3333,8106,99.589,99.582,99.541,41.7,33.7333,4.1333,3828,707.3333,210.6667,752,106,74.6667,388.3333,138.3333,1271112.667,399136,224792.1695,205006.369,981497.7206,82781.2416,1729963,99.538,99.44,99.284,99.403,99.293,100.137,100.819,99.244,99.822,99.209,99.725,100.259,102.365,101.348,99.709,99.145,100.871,99.69,99.249,99.331,99.762,99.209,99.004,98.718,99.273,228.326,228.1297,193.8,202.1667,207.1,197.4333,202.9667,201.6333,118.1429837,299.1351184,103.4698,19.71707789,23.93061768,19.12043913,100.251,99.453,99.397,100.495,99.844,99.876,98.959,99.196,99.048,99.698,0.1033,0.0667,0.11,0.1567,2.0367,3.92,3.8967,5.2,3.1633,1.88,0.04,0.09,1.97,0.16,1177.4667,1749.6,969.5,4280.7333,4712.3667,1346.4709,1094.5657,1947.9708,3551.3421,845.9129,2793.8837,11.5,84767.27,13941.417,112.6554112,70825.85,572.3173972,64710.5551,20056714.6,59557.48,16.3138,309.47,150.49,137.7,72.931,1.3119,0.9208,79.3,1.5717,1.0012,75.5,155.1589,13.5,17.4,97.42044,15678954.8,99.9655,92.3824,99.8061,39.7333,41.1667,1628.487,1620528.333,0.8967,-0.0367,0.7933,3.7933,246.4,228.4,125.4413,217.176,409.1803,187.2657,112.964,269.1787,227.726,220.4937,219.475,20.83,278705.7633,813467.17,2558.3579,0.2997,369200,1583141.333,1.2567,0.1405,0.22,0.12,84,122,391,155,9295.3382,2907.1881,262.7913,16.87,0.0088,16.16,12052.16,630.28,5742896.28,300328.75,13284825.72,7541.93,394.41,1912.2033,1347.4367,1811.14,2.008,15.7397
6/1/2012,16198.807,10989.585,1131.0009,7366.3085,2492.1896,2636.495,2549.716,986.6737,2128.0224,421.7331,0.6,3143.038,-3.2,2688.1973,1853.9571,2192.182,2762.533,12487.781,99.992,100.025,99.929,100.0219,100.1915,100.169,99.7804,100.2257,99.4377,100.0411,99.8399,100.2015,100.3892,99.8122,77.1253,74.7592,133942,112018,11926.3333,115548.3333,18393.6667,7470.6667,4455.6667,5614.3333,20730.6667,7777.6667,2679.3333,17932,13705.3333,5419.3333,853,25380,21924,14829.8667,5591.6,2824.3333,5055.3333,14044.3333,142165.3333,63.7333,8.2,4.748495758,3.432018853,24.2333,7.6667,7.4,2640.3333,2896.6667,1815.6667,5314,6979,3357.3333,945.3333,1353,8028.6667,99.703,100.049,99.667,41.6667,33.6667,4.2,3885,739.3333,213,774,110.3333,78.3333,377.3333,173.3333,1277387.667,398472.6667,218704.0561,200651.3103,989977.2993,76175.9306,1749502,99.776,99.85,99.689,99.862,99.736,99.814,100.226,99.758,99.624,99.752,99.928,100.087,100.682,100.271,99.881,100.211,98.062,99.898,99.689,99.812,100.184,99.626,99.838,99.454,99.866,228.808,229.2507,193,201.8,205.6667,197.7,202.4333,200.4333,94.73895443,271.1586114,93.6273,19.72625873,23.9191981,19.09866323,100.255,99.801,99.772,99.88,100.326,100.323,99.087,100.009,99.113,100.636,0.1533,0.0867,0.1467,0.1867,1.8233,3.79,3.8,5.0933,3.27,1.97,0.06,0.1,1.74,0.12,1158.7667,1733.8,988.2,4334.1,4776.3667,1383.8498,1099.7861,1982.1543,3541.2722,840.6036,2822.7579,23.6,84351.4,13848.514,110.8965137,70502.89,564.575006,64197.0976,20154306.46,59047.78,19.6755,306.91,152.27,139.66,74.004,1.2836,0.9364,80.0781,1.5827,1.0102,76.3,163.2564,13.6,17.2,98.15989,15890632,100.1066,100.935,98.6762,39.7,41.1333,1566.8637,1560775,0.7867,-0.0667,0.6333,3.6467,232.3667,216.6333,126.4477,215.2897,413.2093,186.9047,113.0573,270.4747,228.1237,220.5953,219.8097,20.9033,284385.4867,814135.11,2600.7387,0.3067,378150,1604797.333,1.2733,0.1419,0.2,0.05,83.3333,118.3333,398.6667,173.6667,9026.4747,2926.4838,264.1833,16.91,0.0092,16.13,12203.2,665.2,5780737.15,315107.4,13434011.79,7653.27,417.18,1834.5292,1350.3933,1814.45,2.0744,15.4219
9/1/2012,16220.667,11007.517,1145.6944,7368.3654,2493.3994,2648.459,2553.485,983.8119,2120.8811,432.5548,0.5,3138.209,0.8,2682.2301,1846.4796,2203.603,2777.311,12398.39,100.226,100.183,99.698,100.0321,100.1049,99.8165,100.0033,99.666,99.5512,98.7982,97.2157,100.0713,100.7586,101.7659,76.7388,74.2723,134352.3333,112434.3333,11959.3333,115896.6667,18455.6667,7492.6667,4466.6667,5647,20805,7789,2675.3333,18046,13803.6667,5435.3333,849.3333,25424.3333,21918,14827.8333,5608.7333,2819,5064.6667,14034.3333,142542.3333,63.6,8.0333,4.749558432,3.261807624,23.8667,7.5333,7.2667,2661.3333,2871.3333,1827.3333,5054.3333,6825.6667,3342.3333,920,1273.3333,8242.3333,100.132,100.172,100.138,41.5667,33.6667,4.1667,3830,780.3333,222.3333,873,129.6667,80.3333,384,186.3333,1278611.667,401658.6667,214070.4789,202230.3447,994255.3645,74510.1564,1775178,100.062,100.1337,100.299,100.286,100.257,99.801,99.649,100.191,99.869,100.219,99.989,100.03,99.117,99.281,99.994,99.782,98.942,100.228,100.179,100.309,99.817,100.34,100.375,100.187,100.123,229.841,230.2873,194.5333,202.4,207.5333,199.3333,201.8333,199.7,118.8087751,266.7000757,92.145,19.73361996,24.02786625,19.04789694,99.579,99.396,99.407,99.527,100.088,100.051,99.465,100.161,99.417,101.335,0.1433,0.1033,0.1433,0.1833,1.6433,3.55,3.4567,4.8733,3.23,1.91,0.04,0.08,1.54,0.1,1153.9,1731.2,1023.5,4403.7667,4857.7,1422.7519,1099.6568,2013.2376,3523.3401,838.9192,2852.1568,21.7,86147.79,13851.947,111.7237592,72295.84,583.1066822,65749.3089,20398480.04,60594.61,14.9474,309.99,155.21,142.71,74.113,1.2523,0.9617,78.587,1.5814,0.995,75,170.8367,13.5,16.9,98.82568,16056285.1,99.8194,103.7948,99.8161,39.5667,41,1561.1583,1557993.667,0.6667,-0.04,0.5233,3.3133,240.5667,213.2333,125.8847,216.9793,417.6707,187.381,112.786,272.0513,229.187,221.5597,220.6967,20.9533,292619.4733,819161.8067,2655.5936,0.3087,375850,1631445,1.2933,0.1449,0.2,0.06,86,131.6667,449.6667,205.6667,8886.4222,3026.5552,265.4563,17.21,0.0096,16.4,12240.15,679.59,5811469.52,322659.17,13705030.07,7893.56,438.26,1801.1171,1402.2167,1888.5367,2.0807,15.8662
12/1/2012,16239.138,11056.852,1171.6925,7391.9272,2493.4419,2624.905,2599.2808,1003.4354,2143.9482,455.1007,0.2,3107.233,-7.8,2748.0671,1841.3522,2200.797,2750.564,12741.861,100.396,100.326,100.298,100.5567,100.0423,99.7591,101.0711,100.4238,100.6692,100.2268,100.4519,99.6385,100.9748,102.2326,76.7694,74.2282,134877.3333,112986.3333,11957,116383.6667,18493.6667,7492.6667,4464.3333,5694,20901,7817,2672,18187.3333,13923.6667,5449,842.6667,25542.6667,21891,14909.1667,5621.5,2813,5051.6667,14026.3333,143364.6667,63.7,7.8,4.686996425,3.121191415,23.9667,7.2,7.1667,2670.3333,2845.3333,1800.6667,4853.6667,6511,3403,981,1308.3333,8104,100.571,100.192,100.65,41.5667,33.7,4.2,3812,908,294.3333,915,168.3333,87.3333,449,203.3333,1291833,407432.6667,220782.6254,204298.5735,999986.0802,76682.9727,1784009,100.624,100.5763,100.728,100.448,100.707,100.248,99.306,100.808,100.684,100.82,100.358,99.624,97.836,99.1,100.417,100.861,102.125,100.183,100.883,100.549,100.236,100.826,100.782,101.641,100.738,231.3693,231.3597,195.9,202.2667,209.5,201.7,201.3,201.1333,139.8523375,257.6537331,87.6554,19.72629117,23.98177966,19.00712057,99.971,101.372,101.446,100.105,99.748,99.756,102.478,100.635,102.411,98.329,0.16,0.0867,0.1367,0.1733,1.7067,3.36,3.54,4.5733,2.8667,1.65,0.05,0.09,1.62,0.1,1148.5333,1716.3,1052.3333,4470.1667,4931.9667,1451.9526,1097.3562,2045.8324,3523.8845,838.2859,2884.1183,12.7,86830.59,13835.291,108.5813974,72995.3,572.8778323,66316.2076,20514381.16,61150.1,16.4753,311.12,157.5,145.07,73.239,1.2977,0.9308,81.2781,1.6064,0.9913,79.4,182.0868,13.5,16.8,100.45154,16330825.6,100.1084,102.8877,101.7015,38.7333,41.0667,1547.3593,1546255.333,0.6933,-0.0733,0.5333,3.38,246.5,226.1667,127.257,219.7567,419.6333,188.6603,112.3717,273.8207,230.786,223.098,222.1973,21.0233,296963.1133,829149.1267,2704.8862,0.3139,376250,1649077.333,1.2867,0.143,0.19,0.03,85.6667,158.3333,472,199,9208.5924,3001.6558,266.9163,17.29,0.011,16.43,12031.27,766.23,5846392.01,372337.83,13880580.3,8034.19,511.67,1570.1848,1418.2067,1900.8033,2.165,16.1073
3/1/2013,16382.964,11114.186,1201.6973,7386.6762,2526.6,2722.778,2643.7782,1021.1751,2171.6501,471.6528,0.5,3079.392,-8.9,2951.9862,1842.3118,2225.897,2758.606,12231.915,101.414,101.533,101.696,101.3438,100.4512,100.4798,102.0668,101.5374,101.0178,103.1901,103.9443,99.7949,100.6732,103.2323,77.0309,74.5326,135514.3333,113641,11992.6667,116888.3333,18626,7523,4469.6667,5777.3333,20973.6667,7848.3333,2686.3333,18353.6667,14077.3333,5455,856,25620.6667,21873.3333,14945.6,5643.1,2802,5042,14029.3333,143323.3333,63.4667,7.7333,4.75742554,2.989784844,24.3,7.1333,7.0333,2651.6667,2913.3333,1829,4645,6445.3333,3300,973.6667,1273.3333,8017,100.892,100.733,101.094,41.8,33.7333,4.3,3992,953.3333,311.3333,952,123.3333,96,513,221,1308070,414588.6667,217290.4184,206742.9232,1009392.424,77344.5572,1806109,100.982,100.975,101.123,100.459,100.976,100.097,98.924,101.42,100.643,101.474,100.393,99.351,96.784,98.831,100.826,101.251,101.261,99.931,101.462,101.18,100.646,101.189,101.247,102.743,101.574,232.2993,232.5307,196.8333,203.6,210.8,203.7667,203,202.2667,140.4636962,269.571197,93.4429,19.79036375,23.9498428,19.0080012,98.597,99.477,99.703,100.956,100.316,100.635,100.257,98.83,100.348,101.405,0.1433,0.0867,0.1133,0.1533,1.95,3.5,3.8767,4.81,2.86,1.55,0.03,0.07,1.86,0.08,1233.6667,1736.7,1065.6,4517.2,5000.8,1477.7075,1097.9589,2081.0562,3519.9878,837.3202,2918.3764,11.1,89269.72,13743.445,112.3572671,75526.27,617.4525401,68382.2114,20887503.84,63206.19,12.9322,311.49,160.78,148.19,74.875,1.3201,0.9304,92.2766,1.5506,1.0088,76.7,132.3761,13.5,16.6,101.21783,16608287.6,100.8195,103.0478,103.6322,36.3333,41.2667,1727.209,1726734.333,0.8267,-0.0567,0.6833,3.7333,247.8,223.4,127.7267,220.117,421.9347,188.6417,112.3617,275.6947,231.7347,223.8323,223.0653,21.13,300039.4933,829837.5333,2725.5987,0.332,352600,1669060.333,1.2833,0.1501,0.17,0.02,95,152,481.6667,223.3333,11457.5734,3176.3762,268.29,17.67,0.0098,16.56,11979.5,662.33,5872688.56,324692.54,14051914.32,8179.23,452.22,1808.6922,1514.5133,2015.08,2.1017,17.2005
6/1/2013,16403.18,11122.185,1207.1218,7392.0484,2523.9496,2753.237,2665.1055,1018.9968,2177.4915,486.7089,0.5,3073.951,-3.2,3203.1164,1846.8059,2252.655,2798.456,12323.044,101.421,101.692,102.132,101.7796,100.4519,100.6866,102.8139,101.5911,101.3365,104.9864,108.0574,99.6036,100.1312,105.371,77.0757,74.3521,136099.6667,114242,12001.3333,117410.3333,18689.3333,7535.3333,4466,5826.6667,21065,7881.3333,2704.6667,18534,14199,5468.3333,861.3333,25700.3333,21857.6667,15006.2333,5650.4333,2780,5044.6667,14033,143838.6667,63.4,7.5333,4.713067246,2.822096289,23.9667,7.1,6.6667,2613.6667,2796.6667,1938.3333,4390,6182.3333,3292,953,1273.3333,8001.3333,101.223,100.192,101.451,41.8,33.7,4.3,4139,868,253,985.6667,136.6667,89.3333,438.3333,203.6667,1311799.667,413980,227969.7496,201174.8677,1018002.462,83820.0642,1819522,101.057,101.2883,101.431,100.79,101.16,99.159,98.205,102.005,99.601,101.992,100.249,98.632,95.123,98.524,100.928,100.521,95.098,100.126,102.192,101.072,100.241,101.235,101.988,104.622,102.065,232.045,233.0593,195.8667,203.9667,209.1667,202.4667,203.3,200.2667,166.5848987,273.1150228,93.0234,19.82129419,23.88895813,19.00186479,99.623,100.307,100.552,101.936,99.97,100.463,101.185,98.802,101.437,100.655,0.1167,0.05,0.0867,0.1267,1.9967,3.68,3.9633,4.8367,2.84,1.69,0.04,0.08,1.95,0.1,1351.3333,1731.5,1088.5333,4575.6333,5069.8333,1493.8935,1106.4549,2111.1567,3502.2285,838.0076,2949.1643,22.2,90195.88,13713.76,111.285489,76482.12,620.6430517,68796.8377,21399038.39,63624.26,14.4551,315.36,167.21,153.93,76.489,1.3068,0.9418,98.6373,1.5367,1.0232,81.7,112.5437,13.5,16.6,100.6034,16563246.5,100.7926,105.5977,105.379,36.5667,41.2333,1976.5263,1976139,0.9167,-0.0667,0.8,3.8467,248.7667,201.5333,126.9387,214.765,423.209,186.8087,111.8917,276.9563,231.3377,222.8563,222.7503,21.2067,303916.7167,836233.9567,2743.9327,0.3531,346533,1669939,1.2933,0.1513,0.15,0.03,104.3333,153.3333,501,227,13629.3258,3368.013,269.835,17.82,0.0112,16.99,12324.8,776.85,5909289.24,372471.33,14379585.8,8470.3,533.9,1586.5085,1609.77,2134.7633,2.0432,18.2633
9/1/2013,16531.685,11167.422,1217.3467,7410.8043,2540.5158,2859.751,2711.0585,1019.0757,2214.6769,495.428,0.8,3057.412,-5.7,3014.5806,1847.7868,2266.774,2818.648,12376.321,102.435,102.732,102.284,102.1427,99.9027,100.2823,103.8252,102.4336,101.37,105.8159,109.5024,98.8908,99.3056,104.2114,77.1222,74.2357,136624.3333,114797.3333,12010,117867.3333,18757,7542.6667,4467.3333,5882.3333,21116.6667,7902.6667,2705.6667,18655.6667,14318,5493,864.6667,25848.6667,21827,15127.3,5671.2333,2756,5040,14031,144336,63.2667,7.2333,4.54023828,2.717133742,22.3667,7.0667,6.2333,2524,2715.6667,1755,4228.6667,5866.6667,3184.6667,941.6667,1251.6667,7893,101.837,100.631,101.956,41.8333,33.6,4.3333,4054,882.3333,268.3333,988.3333,158.6667,100.3333,422,201.3333,1319201.667,417839,218890.1674,205251.4941,1031721.398,75660.0019,1848087,101.466,101.6793,101.985,101.08,101.603,99.278,97.667,102.561,100.035,102.561,100.71,97.561,93.971,97.648,101.105,101.005,96.598,100.28,102.721,101.423,101.215,101.899,102.514,105.824,102.42,233.3,234.3053,196.5,204.1667,209.9333,203.1,203.8667,200.3667,148.2460786,298.9459492,104.075,19.84996944,23.76759168,18.98123198,99.23,99.523,99.659,101.643,100.47,100.879,100.42,99.236,100.691,102.8,0.0833,0.0333,0.06,0.1233,2.71,4.44,4.5067,5.4033,2.6933,1.73,0.03,0.09,2.68,0.09,1462.9,1733.8,1097.6333,4619.9,5127.0333,1509.7066,1108.86,2144.6229,3472.8626,836.9382,2981.5611,13,92495.49,13737.597,110.999034,78757.89,636.3594803,70559.8354,21935653.38,65386.49,13.9971,319.03,172.59,158.78,76.508,1.3255,0.9314,98.8983,1.5523,1.0384,81.6,113.7375,13.5,16.4,99.34376,16496343.6,100.7683,101.923,106.4109,37.4333,41.2333,2244.729,2244412,1.5067,-0.05,1.4233,4.4233,248.3,198.1667,127.446,217.1203,426.822,187.5093,111.6737,278.7603,232.685,224.006,223.9017,21.2333,309669.4267,847688.97,2700.209,0.359,331133,1682536.333,1.2933,0.1532,0.12,0.04,115,163.6667,476.6667,233,14127.663,3640.8955,271.3667,18.2,0.0104,17.49,12746.17,725.64,5930149.7,337602.01,14708747.77,8778.6,499.76,1756.5505,1675.3133,2220.9833,2.0308,18.8416
12/1/2013,16663.649,11263.648,1230.4648,7471.6106,2562.8522,2870.127,2747.7222,1057.8904,2260.0304,487.6336,0.7,3033.402,-6.7,3166.6644,1844.3656,2333.157,2834.074,12425.218,103.59,103.816,102.864,102.8418,100.4555,101.299,104.6497,104.1202,100.7452,108.0837,113.7604,99.5943,99.5066,108.4413,77.452,74.5034,137256.3333,115425.3333,12072.6667,118373.3333,18883,7585.3333,4487.3333,5942,21182.6667,7912,2723,18774.3333,14427,5515.6667,868.3333,26007.6667,21831,15232.1,5679.4333,2742,5055.3333,14033.6667,144264.6667,62.9,6.9333,4.38577468,2.564747952,21.1,6.6,6.2,2520,2590,1702.6667,3976.3333,5808.6667,3036,859,1191.3333,7827,102.215,101.556,102.324,41.9,33.6333,4.4333,4089,1009,348.3333,1026.6667,175.3333,99.3333,495.6667,238.6667,1340474.333,420917.3333,226338.3025,207023.0906,1044220.837,81269.4746,1878653,101.88,102.1637,102.551,101.588,102.113,99.093,97.076,103.278,100.049,103.3,100.822,96.732,92.983,96.595,101.096,101.166,96.343,100.392,103.36,101.919,101.867,102.501,102.66,107.994,103.166,234.1627,235.3463,197.5667,201.9,211.2,204.4667,201.8667,200.4333,150.9606772,266.3135363,95.2835,19.86680504,23.77227646,18.99237608,98.854,99.866,99.944,101.288,101.238,101.566,100.405,99.582,100.652,104.384,0.0867,0.0633,0.0933,0.1233,2.7467,4.3,4.5933,5.3567,2.61,1.55,0.03,0.06,2.68,0.06,1568.4333,1733.2,1126.0333,4685.4333,5198.0333,1527.5943,1107.2324,2176.5422,3453.7069,836.1249,3012.6671,14.5,94525.81,13752.058,110.6786053,80773.75,650.0791594,72294.0448,22231766.88,67126.69,12.6627,320.16,176.48,162.4,75.758,1.3615,0.9029,100.4346,1.6194,1.0496,76.9,121.8435,13.7,16.2,100.42722,16839535.7,101.2053,109.57,106.9047,36.0667,41.2333,2495.2893,2495093.333,1.44,-0.0233,1.3533,4.5067,241.6,197.9667,127.6327,217.5223,428.5643,187.6537,111.6747,280.3263,233.5947,224.5633,224.723,21.34,313369.4067,853713.1167,2709.4062,0.3794,344233,1710475,1.2967,0.1549,0.13,0.04,110,156.3333,511,249.3333,14951.2544,3957.0763,273.2293,18.62,0.0111,17.73,12839.95,765.78,5948693.11,354782.81,14936094.33,8987.4,536.01,1676.714,1770.45,2358.1533,1.9659,19.5864
3/1/2014,16616.54,11308.019,1250.0966,7491.0585,2568.8942,2838.287,2775.2505,1066.9339,2291.7078,484.2076,0.3,3020.848,-0.4,3167.2213,1833.1538,2316.68,2866.196,12598.293,103.096,103.303,102.56,103.6341,100.5139,101.1366,106.2029,104.7456,99.836,107.6499,113.502,99.5007,100.3179,109.7699,77.8432,74.3432,137762.3333,115938.3333,12102.3333,118775,18987.3333,7603,4499.3333,6010,21257.6667,7925.6667,2721.6667,18893.3333,14520.6667,5540.3333,875,26091.6667,21824,15251.5667,5708.3333,2731.6667,5054.6667,14037.6667,145310.6667,62.9667,6.6667,4.248962307,2.376273431,20.8667,6.2,5.9667,2427.3333,2527.3333,1676,3698,5385,2929,808.3333,1181.3333,7343.3333,102.628,101.138,102.827,41.7,33.5333,4.4,4289,934,318.6667,1030,112.6667,111.6667,489,220.6667,1339681.667,424108,223004.878,207218.5366,1056513.496,75333.3333,1893923,102.357,102.4997,102.96,102.261,102.509,99.246,96.274,103.92,100.666,103.901,100.533,95.907,91.908,95.211,101.633,101.25,98.395,100.626,104.372,102.137,101.559,103.123,103.377,109.143,103.412,235.621,236.257,200.2667,205.5,214.6333,207.4667,205.2667,203.0667,203.6047687,269.230422,96.3367,19.96103916,23.94807542,19.01794017,100.542,101.174,101.331,101.406,100.261,100.658,103.383,101.821,103.631,101.381,0.0733,0.0467,0.0767,0.1233,2.7633,4.36,4.44,5.1167,2.3533,1.6,0.03,0.08,2.72,0.08,1630.9667,1722.5,1156.8667,4725.9,5238.4,1574.1855,1107.861,2211.7415,3461.0134,839.6789,3051.4205,15.5,95651.92,13670.23,108.5085912,81981.69,650.7364597,73213.5044,22438411.71,68052.05,13.7888,321.91,178.79,164.42,76.879,1.3704,0.8927,102.7421,1.6551,1.1034,80.9,91.9846,13.7,16.6,102.90374,17195919.2,100.9997,113.6736,105.0651,35.6333,41.1,2627.7427,2627631,1.6033,-0.0267,1.53,4.3667,256.0333,194.6333,127.5333,218.4343,431.1123,188.369,111.043,282.5333,235.043,225.792,226.1283,21.4767,313928.2567,851233.8567,2751.8799,0.4159,327667,1733472,1.31,0.1549,0.12,0.05,118,155,512.6667,244.3333,14958.9257,4210.4048,275.155,18.68,0.0119,17.74,12795.54,813.15,6011523.87,382028.52,14987599.14,8976.08,570.42,1573.5799,1834.3067,2442.18,1.9527,19.5175
6/1/2014,16841.475,11431.831,1295.0202,7547.4276,2593.6689,2958.068,2852.4538,1093.5681,2353.2763,499.6995,0.6,3024.639,-2.4,3182.5013,1843.7774,2366.786,2939.015,12769.897,104.863,105.076,103.613,105.0201,101.1545,101.3857,108.3927,106.715,99.8449,110.1839,117.5364,99.1671,101.5439,105.0036,78.6386,75.1757,138567.3333,116707.3333,12150,119420.3333,19147,7649.3333,4500.6667,6108.6667,21365,7954.6667,2722,19050.3333,14659,5564.6667,888.3333,26244.6667,21860,15325.9,5736.6667,2728.3333,5054.6667,14077,145913,62.8333,6.2,4.084701406,2.132865968,19.7,5.8333,5.5667,2475.6667,2387,1476.6667,3318.3333,5001.3333,2758.3333,845.3333,1062,7395,103.414,101.986,103.57,42.0333,33.7,4.4667,4812,987,340,1034.6667,184.3333,103,477.3333,222.3333,1354922.333,434455,227709.2639,206768.9519,1070485.855,75504.305,1912524,102.846,102.9807,103.539,102.582,103.11,99.382,95.707,104.591,101.151,104.56,100.654,94.762,91.184,94.272,102.733,101.526,97.69,101.172,105.1,102.437,102.272,103.563,104.426,110.697,103.629,236.8723,237.4793,201.4,208.2,216.1333,212.6333,206.7333,203.2667,186.0579856,281.3467426,100.354,19.94872649,23.90743438,18.94530122,99.495,100.141,100.262,101.596,101.248,101.608,101.882,101.114,102.12,104.527,0.0933,0.0333,0.0533,0.1033,2.6233,4.23,4.2167,4.82,2.1967,1.61,0.02,0.07,2.59,0.08,1670.2,1688.8,1182.5,4774.4333,5277.9,1615.7284,1120.6381,2247.885,3480.5928,847.2381,3095.123,11.6,97088.59,13733.46,107.5455808,83355.13,652.7470902,74310.0136,22778577.39,69143.18,11.1263,326.53,179.67,165.32,76.337,1.3715,0.889,102.0983,1.6833,1.0905,82.8,87.506,13.7,16.6,101.14552,17144668.7,102.0721,105.2892,104.9239,34.4,41.4,2708.517,2708372,1.6567,-0.06,1.5633,4.1233,260.5667,196.2,127.7433,218.6493,434.2363,188.8393,110.4013,284.5217,236.0747,226.746,227.2937,21.5267,317055.08,856036.98,2800.653,0.4978,316683,1754100.333,1.3,0.1555,0.11,0.02,116.6667,173,507.6667,237.3333,14655.0427,4195.8063,276.9427,18.97,0.0114,17.98,12900.46,774.61,6069156.24,364425.05,15113646.59,9044.49,543.08,1665.4059,1900.3733,2531.85,1.9472,19.383
9/1/2014,17047.098,11554.841,1318.5821,7625.7914,2615.337,3018.582,2907.0449,1127.0121,2400.7971,506.9964,0.6,3044.883,4.5,3173.3987,1850.9935,2377.339,2946.58,12918.965,106.53,106.725,104.018,105.6427,101.3013,101.1898,109.442,107.8057,99.7594,112.1392,121.515,98.4194,102.0147,101.0059,78.7987,75.5852,139313,117428.6667,12207.6667,119996,19317,7698,4509.6667,6210,21495.6667,7994.3333,2729,19200,14732,5573.3333,899.3333,26387.3333,21884.3333,15393.3333,5750.4667,2733.6667,5030.6667,14120,146569,62.8667,6.0667,4.14947895,1.93133347,19.9333,5.5667,5.5667,2528.6667,2453.6667,1473.6667,3014,4687.6667,2865.3333,839.3333,1083.6667,7199.6667,104.242,102.596,104.257,42.0667,33.7,4.4333,5059,1030.6667,360.6667,1065.3333,172.3333,117,504.3333,237,1366084.333,438180.6667,246164.2899,203209.7547,1129852.686,94004.889,1930589,103.123,103.362,104.01,103.228,103.451,99.139,95.226,105.136,101.03,105.097,100.663,94.381,90.016,93.813,103.423,101.405,94.91,101.517,105.75,102.76,102.504,103.791,105.256,111.828,103.879,237.4783,238.462,201.2333,207.1333,215.6667,214.1,206.0333,202.9,161.8614389,260.1917503,94.602,19.98154721,23.89334639,18.95604067,99.662,100.5,100.432,101.386,102.18,102.382,101.555,101.765,101.823,106.02,0.09,0.0267,0.05,0.11,2.4967,4.14,4.1167,4.74,2.2433,1.64,0.02,0.08,2.47,0.1,1709.4333,1676.3,1194.0667,4825.3333,5328.3,1655.2694,1132.6176,2286.5927,3496.3492,851.856,3138.4487,15.7,97283.31,13789.085,106.7352142,83494.23,646.2919286,74157.556,23125757.05,68974.06,12.6057,330,179.73,165.39,77.819,1.3246,0.9149,104.0365,1.6685,1.0892,83,77.4147,13.5,16.3,100.5779,17284282.8,102.4882,100.7072,101.7577,32.2,41.5333,2805.183,2804913.333,1.7,-0.0633,1.61,4.0267,248.8,201.9,127.704,216.869,436.332,188.5147,110.185,286.035,236.5023,226.846,227.8333,21.6367,322959.6933,866627.4133,2857.3259,0.5331,299583,1768252,1.3067,0.1563,0.13,0.04,125.3333,171.3333,533.6667,235,15553.1211,4482.7428,278.7003,19.23,0.0111,18.21,13087.45,755.73,6140685.93,354592.21,15428452.12,9287.77,536.32,1731.76,1975.9533,2637.7067,1.9292,19.6134
12/1/2014,17143.038,11694.969,1343.4843,7713.4574,2643.6724,3021.857,2940.9728,1116.899,2415.48,525.0125,0.5,3043.414,-5.8,3181.5129,1866.6028,2400.29,3018.206,13089.711,107.253,107.46,104.165,106.3359,102.3566,102.2146,110.0427,107.2868,99.5483,112.7508,121.5529,99.5513,102.9677,103.9312,79.0012,75.8399,140121.3333,118189.3333,12278.3333,120669.3333,19452,7744.3333,4534,6274.6667,21625.6667,8031.6667,2732,19347.3333,14850.6667,5588,899,26562,21932,15494.3667,5761.7333,2739.3333,5052.6667,14140,147482,62.8667,5.7,3.895172648,1.815474105,17.6,5.2333,5.2667,2446,2341,1356.6667,2839.6667,4396.6667,2754.3333,799.3333,1028,6926.3333,105.486,103.795,105.426,42.1667,33.7667,4.4667,4922,1049.3333,341.6667,1078.6667,166.3333,105.3333,515.6667,262,1373660.333,440070.6667,219851.2244,193525.3973,1125393.165,70679.3637,1947203,102.992,103.6453,104.078,103.617,103.44,97.913,94.51,105.57,99.548,105.454,100.494,93.807,88.789,92.644,103.912,101.032,84.245,101.975,106.345,102.767,102.991,103.793,106.162,112.418,103.918,236.8883,239.411,198.8333,200.4333,212.0667,215.8667,198.6,198.3667,156.2996054,195.0084943,70.5943,20.00090784,23.91809191,18.95246971,100.783,101.832,101.666,100.356,101.733,101.871,103.071,103.719,103.38,104.02,0.1,0.0233,0.0767,0.1467,2.28,3.97,3.8767,4.74,2.46,1.69,0.05,0.12,2.26,0.11,1658.7333,1712.9,1223.4333,4898.9667,5425.9,1689.8022,1140.615,2319.8349,3501.3291,854.0205,3173.8555,8.7,98903.68,13822.07,105.5949235,85081.61,649.9884786,75489.8809,23413803.72,70295.09,14.9031,331.83,181.41,167.18,82.542,1.2493,0.9641,114.5497,1.583,1.1356,89.8,91.3181,13.3,16.2,101.63324,17614420.5,102.6137,106.9495,99.77,32.5667,41.6,2667.1177,2666966.333,1.6033,-0.0767,1.5033,3.7767,232.1,194.3,127.2173,209.2957,439.5433,185.8653,109.8313,287.4183,235.5577,225.271,227.0837,21.6867,326017.1933,875259.36,2901.635,0.5514,288283,1777903,1.3333,0.157,0.13,0.03,114.3333,157,542.3333,265,16660.1393,4600.9386,280.511,19.88,0.0113,18.63,13125.85,748.83,6238969.45,355935.63,15831085.65,9592.12,547.23,1752.8364,2012.0367,2664.2333,1.9455,19.7081
3/1/2015,17277.58,11792.119,1365.8489,7767.2529,2666.0256,3116.465,2942.9828,1126.2744,2406.071,535.3361,1,3059.01,1.3,3260.9395,1878.3425,2373.598,3069.733,13238.37,108.255,108.496,103.328,105.5232,101.9211,102.9349,108.9307,105.8132,98.4534,112.4197,121.8228,100.5372,101.7545,106.4157,78.1413,75.474,140800,118830.3333,12303,121285.3333,19514.6667,7760,4543,6338,21788.3333,8069.6667,2738.6667,19479.6667,14962.6667,5604,873.6667,26672.6667,21969.6667,15530.9667,5779.1,2746.6667,5068.3333,14154.6667,148108.3333,62.7333,5.5333,3.836297821,1.695087093,17.7,5.2,4.9333,2414.3333,2288,1320.6667,2657.6667,4182,2682.3333,876.6667,923.3333,6702.6667,105.793,103.435,105.649,41.9667,33.7,4.3667,5337,980.6667,329.3333,1086.3333,128.3333,85.3333,519.3333,247.6667,1381396,437758,216813.0542,181889.6829,1113351.118,71298.7397,1975194,102.542,103.8343,104.072,103.716,103.167,95.887,93.874,105.936,96.814,105.802,100.422,92.972,87.737,91.837,104.061,100.289,67.703,102.193,107.078,102.648,102.621,104.249,106.868,112.89,104.229,235.3197,240.235,193.6,191.5333,204.2,211.8,189.8,190.2,114.9634426,121.3124596,46.7475,20.07363653,24.06394015,18.98855395,102.481,103.806,103.548,99.896,102.467,102.555,103.621,105.282,103.969,103.07,0.11,0.0267,0.0867,0.2233,1.9667,3.72,3.57,4.5,2.5333,1.75,0.06,0.2,1.94,0.12,1695.3333,1731.1,1267.4333,5022.2,5568.3667,1744.2838,1146.3723,2363.5929,3544.4436,858.9738,3222.5667,4.4,100577.55,13776.158,104.0623438,86801.39,655.6803568,76730.4322,23847117.51,71511.28,15.3614,334.54,183.97,169.66,89.419,1.1261,0.9534,119.1348,1.5143,1.2413,95.5,107.5662,12.7,15.7,100.93348,17702069.4,101.8723,110.7385,100.6989,31.2,41.3667,2678.1727,2678138,1.4533,-0.0833,1.3433,3.46,195.7333,185.6333,126.2717,196.8213,441.7157,181.033,109.1747,289.0043,233.6197,222.2377,225.3623,21.7767,327444.63,879653.6467,2984.8833,0.6155,290650,1781692.333,1.38,0.1586,0.15,0.04,114,152.3333,549.3333,270.6667,18226.1828,4825.2644,282.517,20.37,0.0122,19.41,13644.94,817.9,6314365.06,378492.98,16212455.53,9898.09,593.31,1668.2912,2063.4567,2742.36,1.9557,20.2087
6/1/2015,17405.669,11885.98,1395.2285,7818.2879,2681.2456,3118.907,2964.7136,1130.4303,2413.2205,548.7962,0.8,3089.344,0.9,3289.9937,1905.9563,2396.418,3090.699,13337.976,109.233,109.467,102.981,104.1063,100.5832,102.4494,107.1202,104.5608,98.6193,114.7464,126.1115,99.342,100.6871,101.5144,76.9209,75.402,141503.3333,119492.6667,12329.6667,121925.6667,19577.6667,7769.6667,4560,6421.3333,21952.3333,8099.6667,2748,19628,15083.3333,5618.6667,826.6667,26785,22010.6667,15595.4,5783.6667,2755.6667,5072.3333,14182.6667,148686,62.7333,5.4333,3.8926026,1.532640335,17.7,4.9667,4.9,2495,2414.3333,1243,2409.6667,4211.3333,2604.6667,810,917.3333,6539.6667,106.224,103.46,106.166,41.8,33.6333,4.3333,5524,1157,429,1266,153,186,527.6667,290.3333,1386397,445161.6667,215317.0432,184273.4666,1097390.259,69329.1521,2004347,103.048,104.2767,104.684,103.662,103.716,96.35,93.723,106.464,97.593,106.315,100.823,92.962,87.216,90.947,103.811,100.065,72.311,102.524,107.687,102.986,102.608,105.135,107.277,114.227,104.271,236.938,241.667,194.8333,193.0333,205.8,209.7333,191.4333,189.5,99.3801431,151.192228,55.4722,20.11314552,24.17607043,19.03588198,102.192,103.889,103.7,99.537,102.889,103.053,103.987,106.095,104.342,103.83,0.1233,0.02,0.0867,0.25,2.1667,3.83,3.8967,4.8333,2.6667,1.66,0.07,0.23,2.15,0.13,1688.2333,1723.6,1267.2,5044.5333,5598.8,1787.7183,1158.7297,2400.0148,3579.6742,869.098,3269.1128,8.3,100706.8,13853.125,103.8622754,86853.67,651.1758077,76514.3197,24192479.57,71257.75,14.1944,338.93,185.27,171,89.866,1.1072,0.9411,121.342,1.5333,1.2293,94.2,106.5385,12.6,15.4,99.63003,17615090.1,101.5739,102.9495,99.6278,30,41.1667,2669.8673,2669771,1.5233,-0.1033,1.4,3.7733,198,182.3667,125.911,201.4413,446.1657,182.582,109.453,290.674,235.4683,223.669,226.852,21.92,332557.7333,886651.54,3040.0536,0.6477,277433,1797280,1.38,0.1596,0.15,0.03,252.3333,168.6667,568.3333,276.6667,20058.1352,5030.1671,284.8227,20.73,0.0125,19.53,13784.63,828.85,6345250.49,381533.01,16374255.66,10029.01,603.03,1663.0934,2102.03,2808.3767,1.971,20.4381
9/1/2015,17463.222,11976.589,1413.2179,7864.528,2709.2211,3114.774,2988.2612,1152.0451,2420.4354,563.8034,0.7,3105.189,-0.2,3277.3143,1922.2212,2372.622,3116.016,13436.018,109.556,109.814,103.099,104.0877,101.0943,103.6901,106.6668,104.281,98.169,117.4749,130.7892,100.2087,99.5888,102.8117,76.8114,75.4895,142141.6667,120090,12350,122512.3333,19629.3333,7773,4577,6486.6667,22094.6667,8144.3333,2758,19754,15205.6667,5623.3333,792.6667,26880.6667,22051.6667,15636.1,5781.3,2758.3333,5077.6667,14215.6667,148947.6667,62.5333,5.1,3.754140998,1.358392599,16.6,4.7333,4.7,2335.3333,2271.3333,1259.6667,2132.3333,3970.3333,2416.6667,797.6667,837.6667,6238.3333,106.191,103.042,106.144,41.7667,33.6667,4.2667,5705,1161.6667,407,1148.3333,153.6667,132.3333,605,270.6667,1392687.667,449589.6667,214897.5756,179957.9471,1085990.952,68212.4311,2026983,103.339,104.6303,105,103.785,104.027,96.146,93.169,107.014,97.57,106.861,100.605,92.175,86.454,90.359,104.265,100.046,71.337,102.499,108.441,103.339,102.611,105.639,107.901,115.214,104.559,237.8623,242.8727,194.7333,191.6333,205.4667,209.8,189.9333,188.0667,103.8597251,119.9229254,44.3643,20.14073828,23.99569407,19.11807413,102.778,103.929,103.755,100.055,103.214,103.412,104.107,106.587,104.481,104.358,0.1367,0.04,0.1733,0.35,2.22,3.95,4.0867,5.2433,3.0233,1.73,0.13,0.31,2.18,0.2,1687.6667,1748.5,1276.9667,5086.5,5668.6,1818.9004,1174.6,2437.3498,3611.2085,878.1739,3315.5237,10.4,99439.37,13869.581,103.2268741,85569.79,636.8686531,74875.2499,24564118.32,69600.16,20.2329,343.01,186.14,172.01,91.597,1.1121,0.9652,122.1541,1.5492,1.3092,90.7,122.4451,12.3,15.2,98.94196,17564151,101.62,103.6744,101.9283,27.4667,41.1,2672.2117,2671986.333,1.5533,-0.0967,1.4167,3.95,188.8667,169.1,125.9463,201.395,447.1333,182.5577,109.143,292.5217,236.328,224.0257,227.7703,21.99,339587.9833,899084.6967,3049.4329,0.7104,273983,1808859.333,1.39,0.1611,0.24,0.1,114.3333,174.6667,575,284.3333,19474.8063,4924.3281,287.1553,20.78,0.0125,19.67,14190.49,852.52,6388605.84,383807.87,16569792.46,10181.19,611.65,1664.5323,2026.4733,2698.46,2.0877,20.0504
12/1/2015,17468.902,12030.223,1421.2265,7902.8501,2716.3412,3067.068,2971.8985,1137.9062,2393.2408,572.9583,0.5,3113.59,2.5,3338.0744,1923.2851,2363.216,3116.003,13478.644,109.444,109.73,102.58,102.7285,99.4321,102.6568,104.9846,103.0406,98.6979,115.4949,126.1797,99.4128,96.5551,100.5623,75.7533,74.8844,142860,120781.6667,12360,123149.6667,19710.3333,7759,4601,6592.6667,22267.3333,8178.6667,2758.3333,19898.6667,15364,5639.6667,757.6667,26964.6667,22078.3333,15694.7,5776.9667,2765.6667,5089,14223.6667,149646.6667,62.6,5.0333,3.701409101,1.338923335,15.7,4.7333,4.5667,2381.3333,2261.6667,1241.3333,2110,3898.3333,2436.3333,794.6667,846.6667,6023,107.077,103.554,106.993,41.8,33.7333,4.2,5696,1129.3333,366.3333,1209.6667,167.3333,138,572.6667,251.3333,1395557.333,449231.6667,213341.0876,174235.6205,1076538.055,65759.6761,2039866,103.253,104.889,104.997,103.499,103.899,95.159,92.672,107.4,96.327,107.243,100.311,91.538,86.133,89.315,104.199,99.846,63.63,102.734,109.065,103.493,102.476,105.868,108.813,115.381,104.924,237.8713,244.242,192,185.5667,201.6667,207.6667,184.1667,184.0333,85.6827584,103.7688631,39.9974,20.22455673,24.22240337,19.14404326,102.293,103.703,103.489,99.06,102.291,102.478,104.797,107.16,105.206,103.237,0.16,0.1233,0.3067,0.4633,2.19,3.9,3.9933,5.42,3.23,1.71,0.18,0.34,2.07,0.24,1673.3667,1752.1,1288.5333,5157.0667,5754.3667,1851.472,1193.0514,2439.7902,3664.6232,877.991,3317.7812,7.7,100729.65,13862.219,102.8457989,86867.43,644.4819555,75894.9833,24834665.22,70598.26,18.0591,345.21,188.24,174.42,92.92,1.0948,0.9912,121.4421,1.5173,1.3355,91.3,98.1124,12.1,14.9,103.11351,18326033.1,100.8991,99.1727,103.1002,27.7333,41.3667,2622.4907,2622352.667,1.5867,-0.0367,1.4267,3.8333,173.6667,162.6667,125.6793,196.1137,452.0473,180.4667,108.762,294.5447,236.227,223.2163,227.5697,22.1667,329211.2067,852560.8667,3086.1911,0.7172,269733,1810567.333,1.4167,0.1612,0.36,0.2,144,185,603,277.6667,19035.4749,4998.1381,289.1863,21.23,0.0136,19.7,13850.11,888.5,6461067.96,414486.44,16784444.51,10323.38,662.26,1558.8129,2068.6267,2746.0433,2.0992,21.1779
3/1/2016,17556.839,12124.214,1441.5174,7955.5312,2738.8597,3054.711,2990.9391,1126.4946,2389.7943,593.0142,0.3,3142.985,0.7,3277.7515,1950.5443,2345.062,3122.74,13568.73,110.078,110.345,102.81,102.1968,99.0006,103.145,104.1307,102.34,99.4207,116.0603,127.4896,99.8814,95.0901,101.5426,75.2987,74.6517,143447.6667,121298.6667,12365.6667,123722,19725.6667,7748,4617.6667,6649,22398.6667,8212.3333,2774,19971,15497.6667,5662.3333,711,27057,22149,15768.2667,5778.9,2777.3333,5091,14280.6667,150900.6667,62.8,4.9333,3.573828771,1.351387622,15.7667,4.4667,4.5333,2279.6667,2226.6667,1147.6667,2145,3726.3333,2478.6667,796,802,5995,107.411,103.304,107.291,41.7667,33.6333,4.3,5958,1145.6667,346,1160.3333,175,126.6667,570,274,1402610.333,450569.6667,209264.9209,168250.0649,1069870.492,63703.6896,2049761,103.297,105.3223,104.933,103.031,103.661,94.181,92.265,107.979,95.047,107.798,100.169,91.219,84.733,89.992,103.757,99.781,56.043,103.089,109.714,103.66,103.109,106.544,109.569,116.764,105.118,237.78,245.5927,189.9333,182,198.6333,207.6,180.2333,179.5333,76.60219522,74.71735893,31.5044,20.27742031,24.2587634,19.18869099,101.87,103.829,103.601,99.522,102.598,102.731,104.621,106.191,104.988,103.225,0.36,0.2867,0.4433,0.5767,1.92,3.74,3.9267,5.3067,3.3867,1.82,0.16,0.29,1.63,0.27,1628.3667,1673.9,1315,5269.6333,5841.6667,1888.9207,1210.9594,2405.6888,3719.3552,869.306,3274.9948,13.2,101216.14,13804.191,101.7353205,87411.94,644.2161081,76256.7336,24959401.64,70929.24,19.8558,346.96,189.68,176.11,93.113,1.1027,0.9938,115.2577,1.431,1.3744,91.6,112.6102,11.8,14.6,104.56276,18650047,100.8212,98.3779,107.2635,28.8667,41.2,2490.182,2490138.333,1.3733,-0.0733,1.0133,3.5667,164.2333,163.1,125.9773,191.3383,456.086,178.3353,108.2227,296.4533,236.1453,222.169,227.2937,22.2833,300540.0867,744116.6833,3129.0094,0.7621,269967,1804437,1.43,0.159,0.55,0.19,105.6667,187,574.6667,293,16843.0223,4614.2007,291.4123,21.48,0.013,19.51,13513.85,815.37,6631410.08,400111.4,16983140.24,10351.73,624.58,1657.3909,1947.86,2622.48,2.2453,20.9541
6/1/2016,17639.417,12211.285,1466.2555,7998.5565,2760.6497,3041.633,3010.8799,1119.9986,2413.601,590.0589,0.1,3137.504,-2.7,3257.0906,1953.0262,2367.934,3128.852,13554.275,110.618,110.926,102.412,101.6071,98.6603,103.4301,103.2105,101.6657,98.4401,116.2356,127.9094,100.1958,94.012,105.326,74.772,73.9666,143996,121800,12345.6667,124286.3333,19709.6667,7713,4632.6667,6697,22565,8264.6667,2780.3333,20045.3333,15600.6667,5678.6667,667,27155.6667,22196,15822.9,5783.2333,2791,5099.6667,14305.3333,151047,62.7333,4.9,3.63553099,1.264638656,16.1,4.5,4.4667,2418.6667,2184.3333,1170.3333,2008.6667,3785.6667,2282.6667,831,877.3333,6073.6667,107.866,103.275,107.662,41.8,33.6,4.2667,5808,1160.6667,391.3333,1178.6667,194,105.3333,591.6667,269.6667,1403042.667,455547,206471.5441,170877.4217,1061227.421,64030.1816,2052987,103.91,105.8473,105.618,103.419,104.431,94.465,91.612,108.765,95.824,108.578,99.617,90.444,83.387,90.595,103.258,99.715,61.115,103.373,110.618,104.041,103.494,107.702,110.123,118.91,105.476,239.486,246.9753,191.4,185.3667,200.5333,204.7,184.0667,181.3,71.639157,110.873382,42.8949,20.30282132,24.45335788,19.29822067,101.405,103.402,103.082,99.164,102.745,102.836,104.733,106.845,105.151,104.85,0.3733,0.2567,0.3933,0.5667,1.7533,3.59,3.59,4.6667,2.9133,1.84,0.14,0.31,1.5,0.3,1617,1700.7,1347.9667,5324.7,5914.4,1932.3185,1229.38,2435.951,3764.5803,881.4608,3317.4118,13.8,102222.72,13872.451,102.3474222,88350.27,651.8258854,76839.5955,25383128.64,71496.64,15.1216,351.98,190.52,177.17,89.462,1.1297,0.9702,107.917,1.4347,1.2886,92.4,109.6406,11.8,14.5,103.99382,18652286.6,100.2184,103.8982,107.9808,27.7333,41.1333,2452.76,2452669.667,1.2433,-0.1167,0.87,3.2167,173.6333,168.9,125.992,195.2067,460.498,179.3743,107.5933,298.782,238.1583,223.6027,228.8723,22.5367,298507.6767,743377.6733,3185.8913,0.7464,267917,1816034.333,1.4233,0.1609,0.56,0.18,112.3333,178.3333,585,303,16393.8357,4845.7122,294.0187,21.83,0.0134,19.68,13656.94,837.5,6744606.49,413609.52,17192842.16,10448.24,640.73,1630.67,2074.9933,2794.08,2.1334,22.8839
9/1/2016,17735.074,12289.063,1504.4883,8036.826,2765.0994,3045.541,3038.7413,1120.8879,2446.7604,586.2494,0,3151.01,2,3276.5273,1960.7985,2403.441,3164.87,13615.035,111.288,111.628,102.872,102.0736,99.0966,103.9377,103.5916,102.0433,98.5086,118.6655,132.7395,100.2059,93.9516,108.4039,74.9959,73.9511,144705,122416.6667,12353.6667,124957.3333,19747.6667,7701.3333,4652.3333,6745,22721.3333,8317,2807,20156,15711.6667,5703,649,27253,22288.3333,15868.6333,5785.9667,2803.3333,5125,14360,151697.6667,62.8667,4.9,3.669593004,1.230621947,15.9,4.5667,4.3333,2381.3333,2290.3333,1155.6667,1963,3818,2295.6667,872.6667,828.3333,5946.3333,108.077,103.492,107.936,41.9,33.6,4.2667,5879,1151.3333,379.3333,1225.6667,160,120,580.6667,290.6667,1413921.333,459965,205938.782,171101.4795,1043994.309,62401.0856,2055571,104.344,106.363,105.987,103.635,104.767,94.231,90.724,109.553,95.941,109.352,99.139,89.434,82.142,89.71,102.665,99.678,61.077,104.247,111.675,104.575,103.583,108.209,110.815,120.671,105.802,240.601,248.2963,192.3333,187.0667,201.8,203.9,186.5333,183.1667,104.1728807,110.8173961,42.1668,20.31408716,24.519841,19.3018238,101.404,103.431,103.188,99.4,103.105,103.285,104.879,107.094,105.309,105.545,0.3967,0.2967,0.43,0.5567,1.5633,3.45,3.3367,4.2567,2.6933,1.88,0.13,0.26,1.27,0.4,1576.9333,1701.1,1370.0667,5386.5333,5983.2667,1937.5171,1252.7345,2464.6183,3810.8903,891.6594,3356.2777,6.1,103976.33,13983.324,102.7050176,89993.01,660.9825606,78104.5871,25871743.93,72756.1,12.4622,356.54,191.15,178.02,90.21,1.116,0.9758,102.4045,1.3125,1.3053,90.3,97.8675,12,14.6,104.07674,18758572.6,100.5293,107.3514,110.2784,27.3333,41.1667,2369.9403,2369734,1.1267,-0.1,0.73,2.94,176.7667,174.0667,126.0517,194.9597,467.554,179.1113,106.918,301.2317,239.4913,224.163,229.7123,22.6633,303601.3567,748218.5167,3267.6768,0.7523,258733,1819197.333,1.41,0.1621,0.7,0.3,125,188,612.3333,300.3333,16500.0124,5168.8891,296.672,22.19,0.0138,20.24,14139.14,880.28,6883547.3,428557.61,17544453.88,10660.91,663.73,1606.2128,2161.3567,2918.4867,2.0767,24.3141
12/1/2016,17824.231,12365.312,1525.8005,8091.8798,2765.0642,3113.961,3053.5517,1121.9698,2451.2115,595.4521,0.2,3159.323,0.6,3274.8674,1967.4141,2388.115,3222.74,13696.702,112.037,112.33,103.574,102.4091,99.3487,103.6817,103.9043,102.3644,99.7269,119.1317,132.3843,99.7667,94.5556,104.9397,75.1227,74.2108,145243,122950.3333,12345.6667,125438.6667,19804.3333,7690.3333,4655.3333,6812.3333,22874.3333,8348.3333,2813.6667,20254.3333,15812,5718.3333,646.3333,27325,22292.6667,15885,5798.1333,2807.3333,5136.6667,14348.6667,152125,62.7333,4.7667,3.569238164,1.189327759,14.9333,4.4333,4.3333,2394.3333,2197,1154.3333,1899.6667,3649.3333,2258,929.3333,770,5776.6667,108.118,103.513,108.177,41.9333,33.5667,4.3333,5770,1254,406.3333,1261.3333,210.6667,111.6667,596.6667,335,1426387.667,464625,210776.0478,174867.7546,1046692.46,64564.1679,2068315,104.812,106.7457,106.543,104.184,105.194,94.393,89.944,110.182,96.62,109.941,98.868,88.927,80.411,89.271,102.338,99.969,65.093,104.507,112.686,104.984,103.513,108.556,111.478,121.807,105.742,242.164,249.577,193.9333,187.0667,204,202.3667,187.3667,184.8667,110.1929934,122.5940571,46.0306,20.36303826,24.59116881,19.30133132,102,103.866,103.839,100.059,103.568,103.896,105.602,107.708,105.963,105.729,0.45,0.43,0.5567,0.7567,2.13,3.81,3.81,4.64,2.51,1.68,0.13,0.33,1.7,0.34,1482.1,1634.3,1380.9333,5436.2,6009.2333,1952.0799,1264.1965,2496.7847,3849.276,902.0014,3398.786,12.5,104822.25,14029.417,102.4291582,90792.83,662.8809942,78623.6093,26198641.64,73256.56,13.2403,358.51,193.16,180.35,93.607,1.0784,1.0011,109.4495,1.2415,1.3341,93.1,125.6826,11.9,14.8,105.18613,19059675.4,101.1543,102.6241,109.1481,26.1,41.2,2151.0053,2150938,1.61,-0.02,1.16,3.36,178.8333,178.7667,126.327,198.03,470.626,180.113,106.436,303.3323,241.302,225.3007,231.203,22.7933,306516.2833,749174.2833,3319.7975,0.7597,252967,1830845.333,1.4,0.1631,0.77,0.32,120.3333,192.3333,605.3333,343.3333,17951.9277,5309.8903,299.338,22.52,0.0138,20.36,14091.62,860.68,7014706.16,428442.61,17737412.78,10722.71,654.92,1637.2569,2184.88,2910.84,2.0821,24.7103
3/1/2017,17925.256,12438.898,1538.6732,8132.6543,2786.3414,3140.293,3110.9168,1139.3489,2490.5156,612.3571,0.1,3157.328,-1.2,3299.9187,1968.8596,2423.459,3254.961,13860.948,112.731,113.052,104.333,103.0092,99.3477,102.9181,104.9364,103.5209,100.4642,119.271,131.8222,98.7767,95.7528,99.9,75.476,74.6288,145831.3333,123511.6667,12383,125910,19921.3333,7702,4681,6883.6667,22997.6667,8401.3333,2813.3333,20349.6667,15914.3333,5738,654.6667,27376,22319.6667,15897.0333,5805.4,2810.6667,5160.3333,14348.6667,152501,62.9,4.6,3.502495121,1.101618112,14.3667,4.2667,4.1667,2402,2083.6667,1108.6667,1761,3600.6667,2143,823.6667,777.3333,5603.6667,108.655,104.049,108.575,41.8667,33.5667,4.2,5782,1230.6667,384.6667,1284.6667,177,117.6667,646.6667,289.3333,1433501.667,472541.6667,209388.7122,178265.8046,1036900.864,65781.6256,2072716,105.355,107.1887,107.04,104.588,105.638,94.898,90.021,110.745,97.36,110.469,99.087,89.04,80.278,89.422,102.485,100.162,68.815,104.699,113.625,105.203,104.159,109.84,112.046,121.989,105.886,243.83,250.8557,196.7667,191.2667,207.6667,204.9,191.3667,188.4,122.2173034,128.3389236,48.2945,20.39083952,24.60461414,19.26199173,102.267,104.215,104.024,100.273,103.828,104.047,106.367,108.507,106.787,105.37,0.7,0.59,0.7067,0.8867,2.4433,4.17,3.96,4.66,2.2167,1.73,0.12,0.3,1.85,0.33,1539.8,1593.5,1400.0333,5472.1667,6028.8,1936.511,1272.3128,2519.8037,3867.5391,910.5477,3430.3514,3.1,106467.23,14022.101,101.1626416,92445.13,666.946666,79998.0959,26469135.83,74587.04,10.796,360.23,195.7,182.86,94.304,1.0659,1.0033,113.5667,1.2403,1.3226,97.2,129.3257,12,15,103.41831,18837663.1,101.8984,95.0067,108.4688,25.2333,41.1333,2283.0857,2283069.667,1.9433,-0.11,1.2433,3.26,191.5333,184.3,126.707,201.458,472.6023,181.3897,106.15,305.433,243.0827,226.7567,232.8517,22.8733,304256.95,742867.9367,3340.8866,0.7865,244833,1845598.667,1.3833,0.1627,0.92,0.22,137,211,639.6667,297,19245.0103,5736.3223,301.6667,22.71,0.0135,20.3,13872.56,824.68,7054558.02,419369.59,17806431.4,10751.87,639.16,1682.1816,2316.9967,3072.6367,1.9864,25.6684
6/1/2017,18021.048,12512.899,1567.3454,8153.8061,2816.025,3167.926,3132.8128,1163.861,2517.4026,608.9071,0.1,3167.978,3.3,3255.4565,1970.0916,2432.919,3282.933,13953.404,113.491,113.777,105.254,104.4233,101.002,104.1274,106.2882,103.7327,101.9982,119.554,132.3429,100.2238,98.3763,105.168,76.4628,75.1911,146337.6667,123997.3333,12409.3333,126319.3333,20018.3333,7715.3333,4694,6935.3333,23132.6667,8435,2805.6667,20449.3333,16033.3333,5760.6667,673.6667,27362.3333,22340.3333,15830.8667,5810.9333,2805.6667,5169,14365.6667,153082,62.8333,4.3667,3.3152638,1.049142059,14.1,3.9333,4.0667,2253.3333,1984.6667,1038,1679.3333,3462.6667,2054.3333,790,686.3333,5259.6667,109.24,104.004,109.18,41.9333,33.6667,4.3,6116,1169.3333,332.6667,1254.3333,189.6667,110.6667,551.3333,317.6667,1435307.667,473847.3333,216699.5227,177219.3292,1037158.267,70103.8373,2082061,105.596,107.54,107.394,105.151,105.925,94.264,89.24,111.452,96.811,111.162,98.38,87.881,79.56,88.982,102.946,98.875,65.329,104.78,114.544,105.607,104.717,110.286,112.548,124.246,105.762,244.065,251.375,197.0667,193.1333,207.9667,208.6333,192.7,189.6,111.7415148,121.6046295,44.8602,20.44199295,24.68529563,19.34782559,103.143,104.644,104.46,101.202,103.948,104.153,106.813,108.542,107.211,105.472,0.95,0.89,1.0133,1.12,2.2633,3.99,3.8,4.4967,2.2333,1.72,0.12,0.23,1.37,0.19,1563.4,1605.9,1433.7,5537.0667,6096.5,1928.4574,1275.3399,2542.4041,3891.6481,918.9767,3461.3808,10.8,107908.58,14129.828,101.2643794,93778.75,672.0851339,80958.7261,26949855.87,75546.75,9.7664,368.08,196.69,184.25,92.933,1.0999,0.9852,111.0829,1.2793,1.3446,96.4,108.1668,12,15,102.52061,18792903.1,102.7459,102.6628,109.4981,24.8333,41.2333,2301.1437,2301078.333,1.81,-0.06,0.86,2.85,189.2,186.7333,125.3927,199.0957,473.1703,180.3597,105.557,306.854,243.155,226.2703,233.0713,23.0467,303009.49,740378.5467,3362.0128,0.8756,239917,1853841,1.39,0.1632,1.08,0.13,117,193,611,333.3333,19520.4315,6095.4417,303.71,22.87,0.0133,20.72,14265.02,826.94,7138868.07,413837.29,18132000,10993.13,637.27,1725.0422,2396.2167,3191.0167,1.9591,25.5224
9/1/2017,18163.558,12586.281,1597.1124,8186.3279,2831.2465,3225.247,3143.9137,1181.4023,2532.6489,605.8465,0.3,3167.117,0.1,3272.9617,1969.0137,2459.479,3293.173,14034.529,114.662,114.892,104.867,104.2135,100.813,104.0194,106.009,103.4536,99.658,118.4615,129.7174,100.3644,97.9945,103.5827,76.2727,74.8751,146867.6667,124503.6667,12447.6667,126753,20114.6667,7742.6667,4705,6983.3333,23271.3333,8471,2814,20565.3333,16094.6667,5778.3333,683.6667,27394.3333,22364,15811.8333,5812.6333,2803.3333,5167.6667,14393,153815.3333,62.9667,4.3,3.245517018,1.074288376,13.4,4,3.9667,2213,1993,1010,1727,3401.3333,2105.6667,759,670.6667,5232.3333,109.382,104.692,109.502,41.9667,33.6333,4.4,6319,1175.3333,312.3333,1277,172.3333,108.6667,584.6667,309.6667,1455024,478927,215475.1978,179804.016,1039501.918,67317.0641,2099941,106.033,107.934,108.032,105.787,106.469,94.425,88.654,112.038,97.39,111.75,97.733,86.88,79.454,88.225,103.005,99.12,67.738,105.168,115.445,105.938,104.548,111.211,112.883,125.377,106.136,245.3683,252.517,197.6667,194.0333,208.7333,207.3667,194.1,190.6,104.5408313,120.5014559,44.6216,20.50016101,24.89785869,19.41617725,103.09,105.224,105.177,100.167,104.712,105.037,107.204,110.185,107.585,106.311,1.1533,1.0367,1.1233,1.2433,2.2433,3.88,3.6533,4.3333,2.09,1.64,0.09,0.21,1.21,0.2,1578.3333,1631.6,1454.4,5570.4,6131.5,1937.1622,1284.0755,2559.0895,3914.7832,925.88,3484.9695,7.4,109615.11,14206.445,101.224948,95408.66,679.8137909,82227.3862,27387723.05,76803.55,9.1363,372.99,198.59,185.99,88.25,1.1752,0.9627,111.0067,1.3096,1.2526,95.1,105.5609,12,14.8,103.22866,19093018.2,102.3396,101.8276,106.6613,25.2,41.1667,2353.9923,2353789,1.8167,-0.1167,0.6633,2.5,188.9,194.5667,125.5363,200.7317,476.852,180.915,104.8317,308.8807,244.5583,227.1883,234.2627,23.26,303380.22,742364.57,3370.5321,0.9102,251383,1875694.333,1.39,0.1631,1.24,0.09,119,185,629,344,19873.0473,6343.1302,306.2213,23.3,0.0149,20.96,14464.84,924.18,7183288.09,458952.48,18311212.65,11127.92,710.98,1565.1485,2467.72,3277.5533,1.9392,25.1665
12/1/2017,18322.464,12729.713,1643.7538,8254.55,2866.6198,3262.117,3210.4935,1217.7861,2584.1938,620.376,0.2,3186.102,4.6,3257.5836,1974.5295,2519.228,3403.017,14162.431,115.844,116.059,106.333,106.1192,101.9578,105.399,108.8409,105.1569,102.4574,119.9678,133.1454,101.7094,99.132,108.0717,77.5913,75.8209,147406.6667,125025,12516.3333,127140.3333,20266.3333,7797,4719.3333,7059.6667,23350.6667,8492.6667,2816.6667,20660.6667,16167.6667,5799,690.3333,27471.3333,22381.6667,15816.1333,5822.0333,2798.6667,5163.3333,14419.6667,153952.3333,62.7333,4.1333,3.135971954,0.983201958,14.4,3.8,3.7,2213.3333,1953.3333,909.3333,1578.6667,3220,2006,741,632.6667,4921.3333,110.468,105.147,110.392,41.9333,33.7333,4.4667,6257,1259.6667,353.3333,1326,184.3333,108.6667,629,337.6667,1479634.333,490277.3333,221345.8538,186253.64,1043564.697,70210.2301,2108013,106.733,108.516,108.715,105.985,107.188,94.759,88.246,112.935,98.145,112.686,97.836,86.252,78.49,88.195,103.03,98.559,72.997,105.155,116.37,106.646,105.429,111.738,113.832,128.059,106.354,247.2733,253.9553,200.6,195.7,212.7667,207.7667,196.5,194.2667,102.0090941,142.5830183,51.0194,20.49771698,24.90256035,19.48095476,103.64,105.739,105.499,101.128,104.939,105.061,108.341,110.571,108.714,106.512,1.2033,1.2067,1.3533,1.5533,2.37,3.92,3.56,4.27,1.9,1.55,0.15,0.35,1.16,0.17,1566.5667,1669.2,1462.5,5586.3333,6154.5,1938.617,1307.386,2574.7831,3938.1723,937.4657,3512.2488,14.1,111638.2,14322.012,101.1267875,97316.19,687.1432612,83913.9546,27724247.12,78472.65,8.7935,374.76,201.35,188.62,88.864,1.1778,0.9869,112.8914,1.3274,1.2716,98.4,102.7158,12.3,15.3,102.88087,19200010.3,103.6602,107.3795,109.7756,24.8,41.3,2333.0023,2332905,2.07,0.0033,0.8667,2.3567,193.4667,198.6333,124.9507,205.2307,478.6993,182.4143,104.6127,311.177,246.6507,228.8303,236.1663,23.4433,304484.2633,742055.6933,3413.1974,0.9462,240017,1891811,1.3567,0.1622,1.37,0.17,126,203,629.6667,367.3333,22182.0642,6758.3811,308.7857,23.61,0.0288,21.32,14512.13,1771.18,7282861.89,888861.38,18599264.84,11316.4,1381.15,819.3473,2604.9833,3454.6833,1.869,25.4535
3/1/2018,18438.254,12782.902,1652.9644,8293.0831,2871.9654,3311.826,3253.8111,1237.4748,2639.5162,612.1088,0.2,3201.129,2.8,3152.3884,1981.227,2523.966,3408.165,14400.314,116.682,116.885,106.838,106.7198,102.5036,105.9446,109.6468,106.1553,101.6696,121.6239,135.7314,101.9777,99.4658,107.986,77.8704,76.0723,148047.6667,125653.3333,12588.3333,127577.6667,20470,7863,4725.3333,7175.3333,23481.3333,8522.3333,2816,20773.3333,16228.3333,5811,706.3333,27551,22394.3333,15825.6,5828.7333,2793,5154,14447.3333,154951.6667,62.8667,4.0667,3.228171709,0.85999326,13.9,3.7667,3.6667,2331.6667,1934.3333,930.6667,1389.3333,3192.3333,1959.6667,789.3333,652,5022,110.902,105.708,110.94,42.1,33.7,4.6,6672,1320.6667,413,1376.3333,161.3333,123.6667,641.6667,394,1476190,494639,224926.6172,189907.8478,1046546.505,72133.7964,2119302,107.401,109.1317,109.341,106.862,107.707,95.228,88.012,113.707,99.017,113.452,97.724,86.357,77.609,88.483,103.128,100.001,76.363,105.479,117.293,107.03,105.437,112.347,114.398,129.78,107.354,249.2503,255.6747,202.5,198.8333,215.2333,207.7667,199.8,197.5333,101.4787407,160.3601844,57.6253,20.54091094,25.04307628,19.55435026,103.94,105.971,105.878,101.069,105.176,105.395,109.249,111.839,109.573,106.606,1.4467,1.56,1.7367,1.94,2.76,4.27,3.7467,4.47,1.71,1.51,0.18,0.38,1.2,0.27,1544.5667,1687,1462,5576.7,6145.2,1936.2207,1316.9875,2590.6733,3956.2222,938.5307,3529.204,9.5,111653.35,14277.771,99.14902378,97375.58,676.2045401,83871.4252,27781922.64,78399.52,17.8781,378.12,204.05,191.3,86.091,1.229,0.948,108.2959,1.392,1.265,98.9,117.9978,12.3,15.4,104.59493,19636356.3,104.0742,107.4674,109.4845,23.6667,41.4333,2272.383,2272351.667,2.5367,0.1133,1.09,2.3,200.2,204.0667,126.5993,208.924,481.608,183.9733,104.4897,313.564,248.777,230.6297,238.098,23.6967,303924.3967,735482.8233,3404.4095,1.0106,225933,1917724.667,1.36,0.1612,1.83,0.38,131.6667,191,674.3333,379.3333,22333.5527,7253.8485,311.33,23.53,0.0119,21.15,14472.81,732.41,7332445.43,371063.2,18652836.86,11320.39,572.88,1976.0638,2732.5767,3642.9233,1.8173,25.6193
6/1/2018,18598.135,12909.192,1685.1577,8362.4162,2900.7909,3296.571,3295.2143,1247.7441,2689.949,606.38,0,3221.413,3.9,3147.9689,1989.8778,2559.915,3410.411,14495.935,117.818,118.038,107.539,107.919,102.8588,106.0718,111.8149,106.9991,103.7386,120.3056,132.7633,102.459,99.6591,109.9934,78.479,76.3566,148742.3333,126308.6667,12658.6667,128094.6667,20647.6667,7921.3333,4737.3333,7260.3333,23589.6667,8554.6667,2830.3333,20929,16301.6667,5842,728.6667,27613.6667,22433.6667,15838.8,5827.8667,2793.6667,5171.6667,14468.3333,155449,62.8333,3.9,3.095696719,0.818918108,12.7667,3.6667,3.5,2119.3333,1915.3333,949,1325,2967.3333,1982.3333,819,587.6667,4869.3333,111.322,106.027,111.509,42.1667,33.8,4.5667,7208,1259.6667,351,1334.3333,187.3333,103,626.6667,342.6667,1479418.333,501012.6667,227564.0266,190799.1286,1057167.425,70766.0708,2117175,107.988,109.7073,110.209,107.615,108.655,95.4,87.628,114.52,99.508,114.277,97.471,86.833,76.618,87.716,103.416,99.956,78.401,105.707,118.197,107.672,106.438,112.675,115.36,131.395,107.809,250.5787,256.8843,203.8667,202.5667,216.7667,206.9,203.8333,200.6667,90.90504151,173.7631847,62.0125,20.61239471,25.10924828,19.55812738,102.167,105.474,105.509,101.426,105.658,106.033,108.794,110.132,109.144,109.39,1.7367,1.84,2.0033,2.25,2.92,4.54,3.9367,4.7767,1.8567,1.62,0.16,0.41,1.08,0.34,1480.3667,1700.9,1459.2667,5603.3333,6166.3333,1988.6909,1335.771,2607.0902,3961.118,931.586,3538.6762,9.2,112883.14,14321.465,98.79642367,98561.68,679.9263111,84640.4523,28242689.16,79143.82,13.8754,385.02,204.57,192.24,88.261,1.1924,0.9852,109.1361,1.3614,1.2908,98.3,113.9259,12.4,15.2,103.33928,19627245.6,104.5974,110.3593,110.4923,21.8333,41.6,2096.791,2096694.667,2.7667,0.1033,1.03,2.2,200.7,206.8333,126.463,209.9967,484.2757,184.5677,104.1513,315.586,250.148,231.4437,239.362,23.87,304220.4567,733241.1233,3383.5184,1.1385,220417,1931823.667,1.3467,0.1614,2.18,0.45,122,192.6667,687,332.6667,22348.1821,7355.9389,313.9907,23.54,0.0122,21.71,14976.25,773.55,7408932.86,382686.41,18920999.49,11512.07,594.62,1936.0324,2703.1567,3621.0267,1.8744,24.3213
9/1/2018,18732.72,13019.802,1699.8764,8433.0446,2926.5855,3404.226,3301.1822,1256.6401,2703.9369,600.2161,0.4,3237.97,2.9,3200.8739,1997.6414,2519.321,3481.762,14613.284,118.835,119.034,108.61,109.2838,103.6214,106.3196,114.215,108.0072,104.7814,122.5101,135.919,102.2242,101.6957,107.9795,79.1047,76.8878,149409,126927,12718.3333,128619,20790,7973.6667,4744.6667,7331.3333,23742.3333,8584,2826.6667,21073.3333,16381.3333,5853.3333,740.3333,27676,22482,15819.6667,5863,2796.3333,5191,14494.6667,155879,62.7667,3.8,2.944276769,0.846979475,12.8,3.4333,3.4667,2118.6667,1763.6667,915.6667,1372.3333,2886.6667,1852.3333,813.3333,588.6667,4537.3333,112.03,106.981,112.123,42.1667,33.7667,4.5,7392,1233,346,1290.3333,178.6667,114,617.6667,322.6667,1487717,505264,232583.9568,194241.0595,1065931.212,71033.0864,2139106,108.413,110.1357,110.765,108.186,109.054,95.319,87.373,115.22,99.528,114.978,97.98,86.278,76.08,86.897,103.51,98.602,80.189,105.433,118.978,108.045,107.345,113.419,115.795,132.969,108.429,251.8287,258.153,204.9,203.7667,217.6,205.5,206.4,202.6333,95.12513733,178.1146971,63.3369,20.69263584,25.2778767,19.56069454,102.267,105.698,105.659,101.523,105.986,106.252,109.264,110.681,109.577,109.913,1.9233,2.04,2.1967,2.4667,2.9267,4.57,3.91,4.8133,1.8867,1.64,0.16,0.43,0.89,0.16,1430.4667,1694.5,1464.0333,5634.1,6180.6667,2012.8404,1341.3525,2634.4686,3972.9413,942.343,3576.8117,9.7,114487.25,14432.119,98.76027442,100055.13,684.6861205,86035.4498,28451796.87,80500.25,12.679,389.84,204.74,192.44,90.16,1.1633,0.9837,111.5383,1.3035,1.307,98.1,111.6274,12.1,15.3,103.69309,19846381.9,105.5324,106.5616,110.7542,23.2667,41.5,1976.2393,1975980.667,2.8133,0.1167,0.89,1.9867,198.2333,193.6,124.8283,212.198,485.1077,185.0903,104.3957,317.564,251.466,232.3033,240.6307,24.0433,307633.7,734666.7367,3420.7428,1.2038,214000,1957782.667,1.3533,0.1618,2.2,0.28,113.6667,181.6667,671,324,22624.5602,7874.5764,316.4273,24.12,0.0125,21.38,14194.16,733.7,7453295.62,385261.91,18916826.53,11463.53,592.55,1934.6049,2850.9867,3843.5433,1.8203,24.6935
12/1/2018,18783.548,13066.302,1705.2479,8462.1346,2938.9272,3429.477,3322.9119,1279.1699,2735.8068,593.0723,0.5,3234.945,1.1,3173.1792,1991.3912,2528.548,3511.583,14715.221,119.202,119.403,109.037,110.3249,104.5349,106.9634,115.503,109.2233,104.7502,123.5646,137.8058,102.7662,103.0183,113.1258,79.4413,76.985,150058.3333,127574,12786.6667,129133.6667,20924.6667,8021.3333,4765.3333,7387.6667,23857.6667,8613.3333,2829.3333,21218,16497.6667,5871.3333,750.3333,27762,22484.3333,15814.1,5889.2,2800,5186.6667,14497.6667,156776.6667,62.9667,3.8,2.964379815,0.805120803,12.1667,3.4667,3.4333,2105.3333,1904.6667,873.6667,1311.6667,2867.6667,1917.3333,755.6667,590,4689.3333,112.379,107.173,112.438,42.0333,33.7,4.5,7566,1185,340.3333,1318,156,103.6667,638,287.3333,1492838,506887,228210.3208,191811.0151,1069139.274,69088.6462,2161833,108.772,110.6123,111.212,108.366,109.386,94.982,87.121,115.958,99.144,115.71,98.144,86.774,75.542,85.199,103.574,98.552,77.647,105.404,120.004,108.61,108.639,113.982,116.225,133.938,108.815,252.759,259.5633,205.1,202.6333,217.5,209.6,204.8333,202.9,120.4498192,150.1714239,53.4206,20.787256,25.43113425,19.68431872,102.734,105.495,105.399,101.739,106.015,106.251,109.407,111.37,109.75,110.428,2.22,2.3167,2.4467,2.67,3.0333,4.78,4.1267,5.14,2.1067,1.74,0.13,0.35,0.72,0.22,1374.9,1677.4,1473.4,5654.8667,6184.4,2049.2039,1349.6438,2659.3073,3985.1133,951.9347,3611.2421,14,110578.02,14489.498,98.46605445,96088.53,652.9873215,81908.8001,28669224.86,76344.23,23.2583,390.21,205.55,193.35,91.502,1.1411,0.9957,112.7531,1.2859,1.3215,98.1,136.0077,12,15.3,105.15026,20201978.5,105.9368,115.4129,111.4034,21.9667,41.2667,1832.1607,1832033.333,2.8767,0.0967,0.6567,1.9067,201.3333,189.4,124.7923,211.4507,487.87,184.8083,104.6527,319.7167,252.432,232.7727,241.4743,24.2933,310220.9267,734709.39,3459.8584,1.2326,221233,1984718.667,1.3733,0.1627,2.54,0.32,126,169.6667,679.6667,342.6667,21937.7168,7215.1146,318.8447,23.38,0.0122,21.45,15083.51,789.62,7608622.68,398309.28,19156277.77,11547.66,604.52,1910.2298,2692,3625.8467,1.982,22.3811
3/1/2019,18927.281,13103.317,1706.3378,8482.6008,2954.6374,3481.088,3349.3114,1278.8561,2765.5477,591.5122,0.5,3258.143,2.2,3207.6446,2007.8775,2554.358,3498.339,14878.094,120.36,120.564,108.55,109.7876,103.8756,105.909,114.9622,108.3751,103.8338,119.8992,131.4508,102.3599,102.5508,109.9173,78.6205,76.3961,150675.3333,128168.6667,12830.3333,129642.6667,21032.6667,8056.3333,4774,7445.6667,24016.6667,8628,2811.6667,21301.3333,16657,5897,756.6667,27824.3333,22506.6667,15816.2333,5917.4667,2801.3333,5184.6667,14520.6667,156797,63.1333,3.8667,3.096358955,0.78223532,13.0333,3.6,3.4333,2215,1879.3333,931.3333,1276,2925.3333,1952.3333,808,614.3333,4652,112.468,106.383,112.559,41.8333,33.7,4.4333,7414,1213,340.3333,1297,144,105.3333,672.6667,291,1515333,508423.6667,228290.7432,189631.3863,1064866.579,70442.9737,2188756,108.879,110.902,111.504,108.832,109.353,94.59,87.049,116.339,98.568,116.102,97.976,87.521,75.084,84.871,104.339,99.196,71.675,105.385,120.922,108.949,108.004,114.498,117.528,132.76,109.125,253.3113,261.0213,203.9,199.7,215.1333,210.5333,200.9,199.4667,97.95859763,135.5525988,49.4361,20.89831331,25.44286331,19.75616853,104.536,107.647,107.58,102.037,106.931,107.199,110.931,113.246,111.279,108.425,2.4033,2.3867,2.4433,2.54,2.6533,4.37,3.83,4.97,2.3167,1.71,0.06,0.15,0.27,0.13,1333.8667,1713.5,1477.2667,5711.1,6237.4667,2097.982,1363.7571,2689.3267,4008.6924,954.1232,3643.4499,1.6,115098.31,14456.992,97.16964927,100641.32,676.439623,85866.1837,29232131.07,80241.58,15.0797,393.02,205.72,193.7,91.457,1.1354,0.9972,110.1816,1.3028,1.3293,94.5,149.3933,11.9,14.9,104.40334,20231523.1,105.4505,109.2241,111.9591,21.4667,41.2333,1715.6257,1715605.667,2.4667,-0.0133,0.0667,1.43,191.1,190.7667,125.4043,207.1333,490.1867,183.9843,104.864,321.7327,252.728,232.4907,241.943,24.45,312374.86,730908.64,3546.1976,1.1719,220850,2016074.667,1.39,0.1625,2.52,0.12,131.6667,187.6667,662,315.6667,21006.8378,7343.6215,321.5563,24.88,0.0129,21.96,14654.29,757.39,7730664.91,399551.47,19488253.64,11757.59,607.68,1934.8358,2722.0767,3668.4667,2.0053,21.641
6/1/2019,19021.86,13250.04,1759.3088,8540.8749,3001.2841,3424.653,3337.2745,1281.5136,2758.5558,587.0884,0.4,3296.55,8.3,3227.7964,2021.432,2517.482,3498.168,14966.643,120.938,121.181,107.716,109.1825,103.0278,105.0509,114.6602,107.3943,102.5545,120.245,133.0644,101.2024,101.189,107.2663,77.7645,75.5238,151112.6667,128588.6667,12838.6667,130028.3333,21084.3333,8060,4778.6667,7489,24180.6667,8655.3333,2816.3333,21415.3333,16696.3333,5930,756.6667,27810.3333,22524,15774.8667,5933.0333,2814,5166.6667,14543.3333,156802.6667,62.8333,3.6333,2.816054836,0.807566949,12.8,3.3333,3.2,2004,1743.6667,807.3333,1314,2683.6667,1888,809.3333,556.6667,4452,112.324,106.166,112.459,41.6667,33.6,4.2333,7335,1255.6667,393.6667,1273.6667,167.3333,109.6667,662,316.6667,1507333.667,517910.3333,219231.2755,190512.5628,1049110.525,63857.6241,2203194,109.522,111.414,112.173,109.382,110.148,94.955,86.66,117.133,99.37,116.899,97.979,87.242,73.681,85.678,104.495,97.301,77.612,105.678,121.883,109.51,108.806,114.931,118.622,134.759,109.073,255.1393,262.19,206.5,201.3667,218.6667,210.7667,202.4,199.3667,73.1827547,147.9053239,53.6642,20.97580041,25.52645471,19.7850184,104.884,108.163,108.16,101.46,107.539,107.885,111.619,115.093,111.982,109.372,2.3967,2.3,2.2833,2.2533,2.3333,4.01,3.5933,4.5967,2.2633,1.67,-0.02,-0.05,0.03,0.1,1290,1768.9,1488.9333,5741.0333,6277.8333,2105.9876,1379.0097,2706.8666,4031.4118,959.6243,3666.4909,4.9,116386.28,14547.678,97.20067506,101838.6,680.4371393,87057.6373,29328638.23,81398.34,15.7538,398.07,205.6,193.71,92.161,1.1239,1.0024,109.8938,1.2853,1.3376,98.5,123.8254,11.7,14.8,103.2006,20108547.1,104.6026,106.0592,110.0824,23.0667,41.1333,1600.5073,1600452.667,2.1167,-0.0967,-0.2833,1.1967,185.7667,188.0667,123.391,211.0377,493.8983,185.5177,104.5107,323.7987,254.6747,233.8313,243.6807,24.6567,315839.8467,731559.2033,3627.4797,1.2443,217267,2033604.333,1.3967,0.1621,2.4,0.01,113,178,652.6667,330,21417.8047,7876.6664,324.5667,24.91,0.0126,22.44,15247.61,770.78,7778548.86,393211.98,19739071.98,11960.52,604.61,1978.2075,2882.8933,3892.45,1.9322,22.3261
