obs_date,mars_equities_portfolio,mars_bonds_portfolio,mars_commodities_portfolio,mars_inflation_portfolio
1984-05-04,-0.0006081738178633,-0.0043861581252588,0.0013876673220716,
1984-05-08,-0.0009349844513549,0.001505415669861,0.0022474443557395,
1984-05-09,-0.0002868673330304,-0.0031732321784152,0.001466137735773,
1984-05-10,-0.000500648673376,-0.0011514561624678,0.0015081225362246,
1984-05-11,-0.00085745,-0.0081808768177984,0.0011308533519124,
1984-05-14,0.0003381762759924,-0.0009924824390741,0.0019024831091825,
1984-05-15,0.0004736202531645,0.0029919098089681,-0.0011597431936303,
1984-05-16,0.0002146606397774,0.0030547481888814,0.008125906809279,
1984-05-17,0.0002718182656826,-0.004283398751312,-0.0013318684314457,
1984-05-18,-0.000366529330889,0.0017971239274327,0.0061198217247812,
1984-05-21,0.0001556837725381,0.0012375371810512,0.0006071576549539,
1984-05-22,-0.0006979953938277,-0.0024935276741242,-0.0029472068306037,
1984-05-23,-0.0005520393442622,0.0001602941678458,-0.002232132767557,
1984-05-24,-0.0003995538680588,-0.0067086403963602,0.0014069491108831,
1984-05-25,8.067656923814334e-05,-0.0007255989327813,0.0013436858515574,
1984-05-29,2.013055954088991e-05,-0.0027837966549295,-0.00467593785386,
1984-05-30,-0.0009054421606118,-0.0032154448737712,7.235299366671366e-05,
1984-05-31,-0.0002467591597459,0.0026193673225767,-0.0017954057214734,
1984-06-01,0.0009721724815724,0.0102043737981992,-0.0027150393289729,
1984-06-04,0.0010917492795389,0.0058224060123857,-0.0011529264532516,
1984-06-05,-7.88258426966294e-05,0.000862417469801,0.0004034656117679,
1984-06-06,0.0002369212007504,-0.0041347253682283,-0.0020156610261549,
1984-06-07,-0.0004319244402985,-0.0024003319102202,-0.0026219877078223,
1984-06-08,-3.9672950047127024e-05,0.0024597529237857,-0.0039357477936637,
1984-06-11,0.0003375382075471,-0.0027940363792414,-0.003224690894323,
1984-06-12,-0.0004333392606457,0.000983916650923,-0.0012955954558677,
1984-06-13,9.95106382978678e-05,0.0037624686534672,0.0018971262733534,
1984-06-14,-0.0005758004716981,0.0022647995405621,-0.0002563790832561,
1984-06-15,-0.0001207833572453,0.0054243447684391,-0.0023426723372742,
1984-06-18,-0.0001413194244604,-0.0001841624287291,0.0005446345482191,
1984-06-19,0.0004456429258902,-0.0030204509957268,0.0042073501270498,
1984-06-20,-0.0006614614285714,-0.0089548942396716,-0.0006503973053838,
1984-06-21,0.0001629143686502,-0.0019037817391304,-0.0026697015477553,
1984-06-22,-0.000344858313253,-0.0015469588582952,-0.0042517621277363,
1984-06-25,8.181341107871996e-05,0.0006025373931166,0.0012893787311893,
1984-06-26,-0.0002857914645974,-0.0015538100089949,-0.0047600998073174,
1984-06-27,0.0006437508633448,0.001453730367248,-0.0017663199454983,
1984-06-28,-0.0003681603498542,-0.0007717994889256,0.0028468412076296,
1984-06-29,0.0004126764705882,-0.0014910919439579,0.0045560782014657,
1984-07-02,0.0003473694174757,-0.000372195,-0.0042379852656137,
1984-07-03,2.026624939817321e-05,0.0033770651733475,-0.0046097003463877,
1984-07-04,0.0005671819056785,1.666100719423833e-05,0.0001733402317327,
1984-07-05,-5.9961538461539805e-05,0.0001705365255214,-0.0058090208525322,
1984-07-06,-0.000660517831669,0.0002232806949466,-0.0004130256023699,
1984-07-09,-0.0002846869565217,0.006768645791223,0.0021339070232737,
1984-07-10,-0.000777983463035,-0.001216476902,-0.0052207753189861,
1984-07-11,-0.0004380341922695,-0.0007754350771065,-0.0038253659564551,
1984-07-12,-0.0003372498748122,0.0036274238229127,-0.0004861720901583,
1984-07-13,0.0001699868753154,0.0034630244821942,-0.0016334052190334,
1984-07-16,0.0002327918552036,0.0004591366933571,-6.757981176891744e-05,
1984-07-17,0.000168372,-0.002348162960539,-0.0014892255900976,
1984-07-18,-0.0001048132470119,0.0013068968338514,-2.01628317192963e-05,
1984-07-19,-0.0001891347978032,0.0018457426302216,-0.0022986955717772,
1984-07-20,0.0003588671013039,-0.0030890290800689,-0.0050322882074262,
1984-07-23,-0.0009419119840875,0.0012300785415807,-0.0029930862350267,
1984-07-24,0.0003853886063072,-0.0001131111274153,-0.0043673484345258,
1984-07-25,6.364868951612722e-05,0.0086763198585371,-0.0020238902825362,
1984-07-26,0.0003601313537996,0.0039713238721804,-0.0057925343728193,
1984-07-27,-0.0004200898203592,-0.0014812381511958,-0.0008246834797862,
1984-07-30,-0.0001060811491935,-0.0033008485001933,0.0004157025850427,
1984-07-31,0.0008295234967155,0.0040278253132773,0.0008660623874326,
1984-08-01,0.0003754578790882,0.0028547098301135,0.0083479422860279,
1984-08-02,0.0006615795677799,0.0021463532007735,0.0111095893092654,
1984-08-03,0.0009363046421663,0.0051613640086533,-0.0006756854482857,
1984-08-06,-0.0003185846736045,-0.0040533143444676,0.0022146816352744,
1984-08-07,0.0004213312678741,0.0025551889778699,0.0006806521164363,
1984-08-08,0.0008740405851816,0.0001194166365843,-0.0014586770268958,
1984-08-09,-0.0004086699029126,0.0014704839559297,0.0019444620067895,
1984-08-10,0.0009039579831932,-0.0007698093818592,-0.0037759799789065,
1984-08-13,-0.0003655242230347,-0.0028228440242127,0.0031414721279789,
1984-08-14,0.0003299128630705,0.0024338287391178,0.0054689911553536,
1984-08-15,-0.000500648673376,-0.0022161235992282,-0.0008408102124319,
1984-08-16,-0.0002338499999999,0.0019804960793919,0.0001769715071036,
1984-08-17,5.878910614525192e-05,-0.0004391240461035,-0.002980138929481,
1984-08-20,-0.0001174142259414,-0.0001998857847165,-0.0057652893224372,
1984-08-21,0.0004905944055944,0.0030702905476527,0.0033040878635168,
1984-08-22,9.698847926267004e-05,-0.0015495496883587,0.0065459764432379,
1984-08-23,-0.0004064151724137,-0.0010769246440496,-0.0030131969881384,
1984-08-24,0.0002345013927576,0.0008802338920152,0.002613794339143,
1984-08-28,-0.0002720692520775,0.0005310292912722,-0.0008306221478746,
1984-08-29,0.0006259182156133,-0.0010764028942792,-0.0031595638255119,
1984-08-30,0.0001349134615384,0.0003817162190791,-0.001908349412285,
1984-08-31,0.00019211775445,0.0016596917531522,-0.0025260503175385,
1984-09-03,1.9124488868700243e-05,-0.0001278255829998,-0.0005277328665254,
1984-09-04,-0.0007837479564032,-0.0032521920391114,-0.0045468746130624,
1984-09-05,-0.0002532202683942,-0.0015673990985432,-7.591829627702523e-05,
1984-09-06,0.0005878910614525,0.0042701565294828,0.0042399709234802,
1984-09-10,-0.0003092231404958,0.0028364231977618,0.0031997539495515,
1984-09-11,0.0004283283996299,0.0025460590944672,0.0004948798036769,
1984-09-12,7.709340659340631e-05,0.0003423486580702,-0.0013668655633211,
1984-09-13,1.923811700182532e-05,0.0031255295788788,-0.0039308651817407,
1984-09-14,0.0002499812699862,0.0011055850906089,-0.0002480950735855,
1984-09-17,-3.8231607629428354e-05,-3.4153067466440024e-05,-0.0040073149618161,
1984-09-18,3.826636363636622e-05,0.0007238533791646,0.0021374329376095,
1984-09-19,0.0006881689373297,0.004562459016652,0.0027558005152009,
1984-09-20,0.0004513994638069,-0.0010863496687013,-0.0013353957993851,
1984-09-21,-0.0001116525198939,-0.0040476972396122,0.0016778700292716,
1984-09-24,-0.0003358484042553,-0.0025563442810485,-0.0021288557508628,
1984-09-25,0.0001504664879356,-0.0013077052588361,0.0011728615624935,
1984-09-26,0.0003188863636363,0.0022804084631837,-0.0014989499463738,
1984-09-27,0.0005398925254312,0.0052882101054959,0.0017230393254362,
1984-09-28,-0.0003308620087336,-0.0056198776567432,-0.0022167286325913,
1984-10-01,-0.0004631712147887,-0.0009520965080723,0.0003298650673285,
1984-10-02,-0.0001685967957276,2.9082371497753367e-05,0.0003721377837228,
1984-10-04,0.0001504664879356,0.0011674934369452,0.0003294395183818,
1984-10-05,0.0003935676758682,0.0038577146109232,-0.0026694267203357,
1984-10-08,-1.856771063079188e-05,0.0012366244622641,-3.107828727375359e-05,
1984-10-09,-0.000111455428067,-0.0012150608250878,0.0001579055676201,
1984-10-10,1.862522123894229e-05,-0.0007632187686544,0.0012071435964216,
1984-10-11,0.0002978717381689,0.0016865496630996,-0.0010395302811027,
1984-10-12,9.243083003953036e-05,0.0017873781730844,0.0006235958007334,
1984-10-15,5.533698510078445e-05,-0.0024912325652742,-0.0013394443088192,
1984-10-16,-0.0007000148796498,0.0001569577089711,-0.0012245338760015,
1984-10-17,-0.0007867850467289,0.0016535086484535,-0.0088861953269235,
1984-10-18,-0.0004581551020408,0.0046699250709692,-0.0045084475314817,
1984-10-19,0.0008491939477303,0.0038395921550603,0.0016591998675152,
1984-10-22,0.0001891820224719,0.0013839107393432,0.0061887488415848,
1984-10-23,0.0002825033557047,0.0025095043554032,0.0019048745258527,
1984-10-24,5.612400000000317e-05,0.0011722288609583,0.0003522508562582,
1984-10-25,0.0001120985352862,-0.002311499671716,0.0022063397389577,
1984-10-26,-1.863346613545659e-05,-0.0035423194150731,-0.000481551178779,
1984-10-29,0.0002423423383525,0.0003858223632038,-0.0048622241168142,
1984-10-30,0.0002780250990752,0.0064365270780718,-0.0021805821323614,
1984-10-31,0.000239374015748,-0.0010810991608904,0.0047573285350529,
1984-11-01,0.0002380204436711,0.0042819128391468,0.0057048468925391,
1984-11-02,0.0005097768166089,-0.0001476478635312,-0.0009672845574509,
1984-11-05,-7.195384615384589e-05,0.0032988230662343,-0.0012833817505903,
1984-11-06,-0.000144154109589,0.0002509607653909,0.0019756835320027,
1984-11-07,-0.0001988930412371,-0.0045619947871168,0.0027080424267219,
1984-11-08,7.266810530858942e-05,-0.0042608149422632,-0.00069066891413,
1984-11-09,0.0001450857389056,0.0037816146414897,-0.0019411805737769,
1984-11-12,0.0004518355517389,-7.443782664248814e-05,-0.0005800923143108,
1984-11-13,0.0002503406966864,-0.0026895786935886,-0.000138228568267,
1984-11-14,-8.887880067567681e-05,-0.0006585445922204,0.0005788542278647,
1984-11-15,-0.0003206407109606,0.002276392369406,-0.0012925490392201,
1984-11-16,0.0002513014925373,0.0012071542523755,-0.0004193983869181,
1984-11-19,-0.0003033408223823,0.0017648355473751,-0.0035183827710716,
1984-11-20,-0.0001977040990606,0.0020001900410396,0.0006155528493873,
1984-11-21,7.223166023165593e-05,0.0036511308037771,-0.0012785628041265,
1984-11-22,-0.0001081618843683,4.632995465457428e-05,-0.0011815008324439,
1984-11-23,-1.8073422069556627e-05,0.0056159406949088,-0.0013488834873812,
1984-11-26,0.0005062731958762,-0.000740802436239,-0.0084609256222491,
1984-11-27,0.0001965292869269,,-0.0014053577832734,
1984-11-28,5.334980988593357e-05,-0.0032524123718388,0.0028722832318323,
1984-11-29,-8.880379746835334e-05,-0.000589181554547,0.0009490755120589,
1984-11-30,-0.0001245881606765,-0.0053569391886808,-0.0004726132761802,
1984-12-03,0.0002499160305343,0.0002754991017101,-0.0001739275293847,
1984-12-04,-0.0002484409780775,0.001641090669191,0.0016628240925714,
1984-12-05,-3.570229007633386e-05,-0.0004410130970657,-0.0001578818733031,
1984-12-06,-0.0001786629881154,-0.0022787915690866,0.0009955036297299,
1984-12-07,0.0003229641943734,-0.0033435412868918,-0.0055143878870644,
1984-12-10,0.0004095342639593,0.0019592860450601,-0.0021375786799438,
1984-12-11,5.290280687054475e-05,0.0018566201734216,-0.0012791326909169,
1984-12-12,-0.0001408970711297,0.0012164752724754,-0.0036873382820201,
1984-12-13,0.0001060277078085,-0.0048298748608285,-0.0005050635800947,
1984-12-14,0.0003877914572864,0.0037672700723008,-0.0001834600876208,
1984-12-17,0.0002969215767634,0.0022395278849558,-0.0006480014327846,
1984-12-18,5.203090234858052e-05,0.0055774378860853,-0.0004892589525044,
1984-12-19,0.0002771555555555,-0.0024102337148217,-0.0040672503614475,
1984-12-20,-0.0004818495502861,-0.0002273290450894,-0.001790930734043,
1984-12-21,-0.0001392655086848,0.00079250539191,0.0035591368997495,
1984-12-24,8.732987551867189e-05,0.0009392316602317,0.0004365226055316,
1984-12-27,3.475887696118541e-05,-0.001345008572898,-0.0066876482985562,
1984-12-28,0.000520952970297,0.000970598746766,-0.0006390411519524,
1984-12-31,0.0001543753056234,-0.0037412375134068,-0.0009193365869717,
1985-01-02,-0.0005297941534713,-0.0039740906007153,-0.0049544097222723,
1985-01-03,-0.0003980834703947,0.0028776932176656,-0.0002638473706204,
1985-01-04,0.0002970448318804,-0.0012159734563036,-0.007267283038527,
1985-01-07,0.0005378742786479,0.0060775059733391,0.0080493358685536,
1985-01-08,0.0003255054945054,0.0016699759331563,-0.004476038836089,
1985-01-09,0.0007650181744749,-0.0001404780938088,0.0026577897316024,
1985-01-10,-5.009083696945694e-05,-0.000690798327523,0.0044670673723083,
1985-01-11,-0.0003343367752184,-0.0037202081825471,-0.0014062505182265,
1985-01-14,-0.0010110408326661,-0.0015479871504867,0.0066208765645776,
1985-01-15,0.0006388191140278,0.0028205450880776,-0.0020258140378725,
1985-01-16,0.000629269090909,0.0005278129714266,-0.0037345240283292,
1985-01-17,0.0001340541401273,0.0002862868821105,0.0037612625565526,
1985-01-18,0.0005846249999999,0.0033445565622411,0.0011573494867496,
1985-01-21,4.942426614481456e-05,-0.0005871710919819,0.0022248072805844,
1985-01-22,0.0009379597341673,0.0049741731680159,-0.0080110896794087,
1985-01-23,-0.0006116764818355,0.0002954500781358,-0.0012661727968683,
1985-01-24,-0.0003430162980209,0.005169170780168,-0.0021390742041258,
1985-01-25,0.0003128978873239,-0.0016697999635787,0.0005185898066659,
1985-01-28,-0.0008500333980582,-0.0015201698794106,0.0003836116863901,
1985-01-29,-0.0003003067776456,0.0001464362592139,0.0007812012338089,
1985-01-30,0.0009746083832335,0.0015748202034392,0.0037005595984897,
1985-01-31,-0.0001313866562621,-0.0019657553506711,0.0062892768580575,
1985-02-01,-0.0004118688845401,-0.004758706499827,0.0037411841949318,
1985-02-04,-9.982529644268716e-05,-0.0007313700313307,-0.0025805604526963,
1985-02-05,0.0007171152931854,0.00157943470697,0.0027387760525755,
1985-02-06,1.6397740553171695e-05,-0.0027739280410274,-2.248268244524224e-05,
1985-02-07,0.0003278271028037,-5.364518587347303e-05,-0.0001903023216858,
1985-02-08,-0.000113852782071,0.0019507691487966,0.0016099183682369,
1985-02-11,6.523518016272649e-05,-0.0021000958866679,0.0039054903438411,
1985-02-12,-0.0009281628626692,-0.0001539942076095,-0.0092550623540865,
1985-02-13,0.0004329185126582,0.0001718254663651,0.0032626593418216,
1985-02-14,0.0003131429130775,0.0035638055382789,-0.0012683018293071,
1985-02-15,-0.0002617520404197,-0.0028290016928599,0.0044043877788524,
1985-02-18,-0.0004444704732107,-0.0004512501043841,0.0004378228225988,
1985-02-19,0.0002495632411067,0.001303243438763,-0.0033319332818608,
1985-02-20,-1.6539489194500686e-05,-0.0053609627402746,-0.000759374726878,
1985-02-21,6.618396226414858e-05,-0.0027238272997754,-0.0018917014121834,
1985-02-22,-0.000396480376766,-0.003157735248584,-0.0049739328012098,
1985-02-25,-0.0002501564976228,-0.00038263625639,-0.0078973663041049,
1985-02-26,8.388401753686901e-05,0.001967704071995,0.0053429882362936,
1985-02-27,-6.697374701670783e-05,-0.0044241741400205,-0.0002123577821795,
1985-02-28,0.0001006207171314,-0.0013538678162746,-0.0009779462900777,
1985-03-01,-0.0003346025437201,0.0019926088458024,0.0049343703604087,
1985-03-04,0.000387876201923,-0.0023105670480993,0.0040561551486345,
1985-03-05,0.0003174938467645,0.0022604310915396,-0.0002122850590929,
1985-03-06,0.0003648723404255,-0.0016614407233294,0.0039730424889365,
1985-03-07,-6.577031250000094e-05,-0.0019113237473486,0.0022435365894474,
1985-03-08,4.9404929577463165e-05,0.0070991460050829,-0.0024114817820995,
1985-03-11,0.0002631840562719,0.0004894683590827,-0.0010817571042224,
1985-03-12,0.000196161553398,-0.0019513942174312,0.0018469059317067,
1985-03-13,1.6270970235796224e-05,-0.003356814228452,0.0008461888751754,
1985-03-15,0.0004228817619783,-0.0003273185068328,0.0013909259972238,
1985-03-18,-0.0003542639632746,-0.002422970111835,0.0081115986830556,
1985-03-19,1.623958333333691e-05,0.0017620946916429,0.006454447827339,
1985-03-20,0.0001785665252603,0.0023865753507382,-0.0028542054169642,
1985-03-22,-0.000145482718894,-0.0011798209005407,0.0014435107081045,
1985-03-25,-3.244161849710825e-05,0.0017103365501996,-0.00085520186453,
1985-03-26,-0.0002272664866949,0.0031557781987856,0.0043457197537376,
1985-03-28,3.270629370629104e-05,0.0021991095358827,0.0002315938486477,
1985-03-29,-0.0004575326086956,0.0038058801323814,0.0008147515806336,
1985-04-01,0.0001652001569858,-0.0008260431420969,0.0006541068273961,
1985-04-02,0.0003620195465207,-0.0011734325309981,0.00053351981122,
1985-04-03,-0.0004405081395348,-0.0003976904229287,-0.0008754381369855,
1985-04-04,0.0001978519388954,-0.0010321752323379,0.0010880069244942,
1985-04-09,-0.0003446210526315,0.0035365259815623,-0.0001239573179191,
1985-04-10,0.0001158219339622,0.0029078584948262,0.0003399753577366,
1985-04-11,-0.0001155041160329,0.0044235002030993,-0.0020251199295017,
1985-04-12,0.0001654599056603,-0.000314165970742,-0.006967124349942,
1985-04-15,0.0005438797963978,0.0020287871570804,0.001927423850953,
1985-04-17,0.00030914843448,-0.0020305385424366,-0.0040218696687743,
1985-04-18,9.691404451266635e-05,0.0042244883590685,0.0013784353612217,
1985-04-19,-4.83457120980106e-05,-0.0006434008498661,0.0026709432545917,
1985-04-22,-0.0002581402836335,0.0014336659796833,0.0022192365044474,
1985-04-23,-0.0003571330505206,-0.0032862721548766,-0.0035683173654204,
1985-04-24,8.186114352391691e-05,-0.0003906661868483,-0.0009511804337287,
1985-04-25,-0.0001960854037267,-0.0033718210738329,-0.0014706014788139,
1985-04-26,0.0002134200468018,0.0019510124134754,-0.0001827429603362,
1985-04-29,1.6334109429566204e-05,-0.0029962863741339,-0.001218196850043,
1985-04-30,-8.163886733902083e-05,0.0021743499315659,-0.0040009938197124,
1985-05-01,0.0003271900505246,0.0014135327861305,-0.0027135847480312,
1985-05-02,0.0001460998843038,0.0011218800922367,-0.0023029513561348,
1985-05-03,6.470868562644096e-05,0.0024251480061349,-0.0030691390168228,
1985-05-07,-0.0001938280890253,-0.0006331000546746,-3.8505122744105554e-05,
1985-05-08,8.11353122590561e-05,-0.0036802043397299,-0.0006042061781278,
1985-05-09,-3.239168911119605e-05,0.0034477251008163,0.0053851614659267,
1985-05-10,0.0002917497112052,0.0048264257000079,0.0003605150897975,
1985-05-13,0.0006277732313575,-4.678243058963078e-05,0.0018947675405889,
1985-05-14,-0.0001586021100226,0.0051683904933599,3.619427140215772e-05,
1985-05-15,0.0004139251134644,-0.0012023347033149,-0.001014519565194,
1985-05-16,-0.0001734168539325,0.0028424067341412,-0.0012778566661571,
1985-05-17,-0.0002691165851824,-0.0011504981752201,-0.0021370073910873,
1985-05-20,0.0003664417108251,0.0087678387427277,0.0003204216762226,
1985-05-21,1.579474671669651e-05,-0.0012614032580353,0.0006560326644707,
1985-05-22,-0.0001578882220555,-0.0008704438655346,-0.0004505050402701,
1985-05-23,-0.0001584826807228,0.0004898169982774,0.0037640673728235,
1985-05-24,-0.0003817959183673,0.0013682455609084,0.0011327096309368,
1985-05-28,0.0002408066361556,0.0043102834924176,-0.0058076918994595,
1985-05-29,-0.0003032866894197,0.0004565521251002,0.0011465769395763,
1985-05-30,0.0002572528647822,0.00228179068556,0.0012514515782876,
1985-05-31,-9.588382687927098e-05,0.0025304291110349,0.0006306013204743,
1985-06-03,0.0002722910958904,0.007742216182522,-0.0019125936065673,
1985-06-05,0.0003501119092627,0.006458488606759,-0.0032243437312137,
1985-06-06,-0.0004419212598425,-0.0024032162699093,0.0018702383513672,
1985-06-07,-0.0003190071996968,-0.0085625876412252,0.0017993263863544,
1985-06-10,-0.0005143092783505,0.0011504932566223,-0.0038309392854542,
1985-06-11,0.0004555871666022,0.0031123869643855,0.0016323331029153,
1985-06-12,-0.0004668057361376,-0.0019839801346589,0.0009170147114128,
1985-06-13,-0.0001790498839907,-0.0016635366353899,0.0030457472845434,
1985-06-14,-0.000196161553398,0.0067672582535764,-0.0030035763699933,
1985-06-17,0.0001806566523605,-0.0002422210025902,-0.0028458855916712,
1985-06-18,-0.0001471783216783,0.0029867515677461,0.0027280522692838,
1985-06-19,0.0001476947368421,-0.0049286474275149,0.0005255685365636,
1985-06-20,-0.0002452972027972,-0.0032188058723873,-0.0029126388124751,
1985-06-21,-0.0004441230949589,-0.0060728500357699,0.0033731835405653,
1985-06-24,3.32488151658779e-05,-0.003557747714808,-0.0012997536627718,
1985-06-25,-0.0005980063141278,-0.0015555670452247,-0.000936515783745,
1985-06-26,-0.0002847516912057,-0.0007763945870958,-0.0002087709759913,
1985-06-28,0.0001349134615384,0.002708408788704,-0.0023752665151942,
1985-07-01,0.0005043091054313,0.0025015140572941,-0.006177673455581,
1985-07-02,-0.000332225730071,-0.0012034196105459,0.0020444883581881,
1985-07-03,-0.0003348687350835,-0.000558359479696,0.0011196531922332,
1985-07-04,0.0003713095429029,2.2863103856784946e-05,6.481652693207824e-05,
1985-07-05,0.0002844121621621,0.0094139256701345,0.0049353989997121,
1985-07-08,-0.000232649822345,-0.0030917848921517,-0.0007067795578177,
1985-07-09,-0.0005514366812227,0.0004635827164107,0.0026364253292964,
1985-07-10,-0.0001862522123893,-0.0010020039535472,0.002675319804103,
1985-07-11,0.0003401454545454,-0.0042755835638162,-0.0022699378842582,
1985-07-12,-0.0003880316633266,0.0003380061233464,0.0003856280234591,
1985-07-15,0.0004086699029126,0.0004819729448491,-0.0034064477448722,
1985-07-16,-0.0001517776442307,0.0020197544983127,-0.0002327028979419,
1985-07-17,0.0003046537997587,0.0021154946697373,0.0002531094407573,
1985-07-18,-0.0002520538922155,-0.0072010638178554,-0.0013391554459897,
1985-07-19,0.000321191566265,-0.0001566800257731,-0.0037830112993157,
1985-07-22,-0.0003690896771622,-0.0037083606560005,0.0018550187496767,
1985-07-23,-0.0002200277442702,0.0001587015839595,-0.0017025428418559,
1985-07-24,3.4028294260308144e-05,-0.0015880928127915,-0.0001881204730235,
1985-07-25,-0.0003570084814216,-0.0006056912748476,0.001318326851738,
1985-07-26,0.0003943539714867,-0.0010329898329417,-0.0008026417711735,
1985-07-29,0.0004076803874092,-0.0020451099687513,-0.0012618970253693,
1985-07-30,0.0001850611510791,0.0004470332541032,-0.0019705175369679,
1985-07-31,0.0002512514922403,0.0025189698447073,0.0003902725474297,
1985-08-01,0.0005494734968354,0.0026512020019787,-0.0006421534595469,
1985-08-02,-8.218078875439378e-05,-0.0052791022976468,0.0006999065902926,
1985-08-05,-0.000214088028169,0.0015651679014117,0.0017393435400853,
1985-08-06,0.0004965749115218,-0.0008630590809321,-0.0013955372444786,
1985-08-08,-1.635950252623598e-05,0.0039480196273781,-0.0025017582761147,
1985-08-12,8.182931570762076e-05,0.0004746016541035,0.003146403851852,
1985-08-13,-0.0001960093131548,-0.0030942966984599,-0.0026029155523209,
1985-08-14,0.0003446210526315,0.0028374663300686,0.0034858664472779,
1985-08-15,0.0004883178654292,0.0004294456702674,0.0054331787443937,
1985-08-16,-0.0001609059633027,0.0031879854386603,-0.002174794631467,
1985-08-19,-0.0001615234075211,0.0014301196007622,-0.0031825060593729,
1985-08-20,0.0004053640215716,0.0004248870624123,-0.0003312317652084,
1985-08-21,9.635940480732776e-05,0.0021023637018364,0.0036176657362037,
1985-08-22,-0.0001762554244385,0.0008842927507639,0.0001918616029647,
1985-08-23,0.0001448153669724,-0.0007568107114575,6.444134611638337e-05,
1985-08-27,-0.000112248,0.0026713753694744,0.0026071383360453,
1985-08-28,-3.215660809778403e-05,-0.0012088413311465,-0.0011126420684248,
1985-08-29,0.0005470802752293,0.0012567858075232,-0.0028012205542125,
1985-08-30,0.0002541464150943,-0.0046553598467715,0.0030430194025243,
1985-09-02,0.0001263105776444,-0.0001943855888429,0.0012083363762993,
1985-09-03,-9.444951383695017e-05,0.0011004098747264,-0.0024991464961316,
1985-09-04,-0.0003313167166416,0.0024453152112049,0.0019066084049935,
1985-09-05,-0.0001113150736683,-0.0029816903686469,-0.0021156436214491,
1985-09-06,0.000430496590909,-0.0073347305469031,-0.0022677318475706,
1985-09-09,-0.0001104803149606,-0.0003238255723205,-0.0067164564846487,
1985-09-10,-0.0006646263157894,0.000538216920811,0.0042521380760784,
1985-09-11,-0.0001286264323911,-0.0004556147408195,-0.0004182044511005,
1985-09-12,0.0002741689655172,-0.0005852968348777,0.0033399126644707,
1985-09-13,-0.0002403483060525,0.0037260879156858,-0.0016129350937273,
1985-09-16,-0.000209498085758,0.0013578128272663,0.0021244065665678,
1985-09-17,-0.0001781542901115,-0.00192480829079,0.0031912432495968,
1985-09-18,9.758809891807904e-05,-0.0005524629686198,0.0006321256498391,
1985-09-19,0.0003732224363916,0.0004927753099348,0.0004454153709185,
1985-09-20,-0.0003377734046618,0.0024964961575449,0.0021785024248544,
1985-09-23,-0.0001621456086286,-0.0006727380466162,0.0061887991710963,
1985-09-24,-0.0003906542923433,0.0019661490529839,0.002915868220787,
1985-09-25,-0.0001642974238875,0.001706133201107,0.0020318420655631,
1985-09-26,-1.6365863141525088e-05,0.0019302447205534,0.0024639837907732,
1985-09-27,0.000147350058343,-0.0024369647901064,0.0013898546770972,
1985-09-30,0.0001957813953488,0.000391706854251,0.0002846924285331,
1985-10-01,8.119791666666586e-05,0.0008499239245089,-0.0004642332553321,
1985-10-02,0.0002917497112052,-0.0018066011969522,0.0018100994237441,
1985-10-03,3.2193499043978635e-05,0.0009485925150216,0.0021253562886619,
1985-10-04,0.000434280091708,-0.0012417250635645,-0.0036937462748033,
1985-10-07,-0.0004457655068078,-0.0023509457618857,-0.0006947825983578,
1985-10-08,-1.609059633027474e-05,0.0008717165680423,0.0032123497632202,
1985-10-09,0.0001770642447418,-0.0005726321545748,-0.0029539008051369,
1985-10-10,0.0002083811881188,0.0012289077460338,-0.0038012555513114,
1985-10-11,0.0003190071996968,0.0005348354708684,0.0016929771264423,
1985-10-14,-0.0001741342610003,0.0018401859409856,0.0029702403703157,
1985-10-15,0.0001430653323262,0.0006874963241256,0.0024231321530526,
1985-10-16,0.0002693191569439,0.0019118473613445,-0.0011169211516497,
1985-10-17,0.0002833485415108,0.0016120788392679,0.0032650835685254,
1985-10-18,9.381797919762224e-05,0.0010572486874103,1.4948468226057517e-05,
1985-10-21,3.120311341734417e-05,-0.0002567279464854,0.0023362110295738,
1985-10-22,-0.00029621,0.0020493817296624,0.000618364398006,
1985-10-23,0.0005495169712793,-0.0002340612569521,0.0027408306753262,
1985-10-24,0.0002014760677466,-0.0004091925233902,0.0027858405692842,
1985-10-25,-0.0002005163063393,-0.0020130798478646,0.0004847094436425,
1985-10-28,-0.0002014760677466,-0.0024068758474718,0.0045972355501252,
1985-10-29,0.0006540532741398,0.006694303746751,0.0012867896532025,
1985-10-30,7.667213114753795e-05,0.0028117489388912,-0.0002283655062521,
1985-10-31,0.0002755178181818,0.00048263689583,0.0058741756196762,
1985-11-01,0.0001368630780346,3.7175420572746336e-05,0.0019604138067508,
1985-11-04,-7.578862081382721e-05,0.0004152093406695,-0.0033164994410851,
1985-11-05,1.518506493506403e-05,0.0018273904188786,-0.0014612761045759,
1985-11-06,0.0003946693112152,-6.628445740640483e-05,0.001147879992841,
1985-11-07,-0.000285733118971,0.0005838844668651,0.0018493154716276,
1985-11-08,9.08482014388521e-05,0.0024059724478982,0.0008915142467349,
1985-11-11,-0.0004683715003589,-0.0008269192446191,0.0031966943063298,
1985-11-12,0.0001527876588021,0.0038709080249307,-6.395436833175558e-05,
1985-11-13,0.0004110347197106,-0.0014232097673054,-0.0003997797878677,
1985-11-14,-0.0002412206303724,-0.0017127034835983,0.0025791391986151,
1985-11-15,0.0003184268731988,-0.0020347482030733,-0.0067293919381239,
1985-11-18,3.00986771540906e-05,0.0065526315974228,-0.0015238668339833,
1985-11-19,0.000240617363344,0.0004846838456507,0.004640778849649,
1985-11-20,0.0002691559502664,-0.0003270594122518,0.002686981659632,
1985-11-21,0.0004754592304977,0.0011745582360383,0.0012572948127798,
1985-11-22,0.0003379193717277,-0.0018483362357887,0.0013567741528401,
1985-11-25,0.0002477773545706,0.0002246101125048,4.4012499415306376e-05,
1985-11-26,-0.0005940836488812,0.0002087820682702,-0.0009110464781664,
1985-11-27,0.0001028809357541,0.0019453703446458,-0.0061226378267595,
1985-11-28,-8.796865203761957e-05,-7.425548287803301e-05,-0.0009337953626991,
1985-11-29,0.0002350743455497,0.0012992393851242,0.0011236002335423,
1985-12-02,-0.0007159170426935,-0.0037985125315985,-9.034104229552912e-05,
1985-12-03,0.000118906779661,0.0004033358792253,-0.0028776182850922,
1985-12-04,-0.0004446443661971,0.0023991926734765,-0.0028029610672901,
1985-12-05,-8.987829181494726e-05,-8.402815905127306e-05,0.0014263262323576,
1985-12-06,0.0001801412268188,-0.000579091259588,-0.0019130385684674,
1985-12-09,-0.0003288515625,0.0061709865708607,-0.0081119761679821,
1985-12-10,6.026198997852955e-05,0.0026776060539912,-0.011943236807083,
1985-12-11,-0.0003760989992852,0.004771640314409,0.0020056640650056,
1985-12-12,9.107753335737862e-05,-0.0014248709381939,0.0067960572799404,
1985-12-13,3.029363080244253e-05,0.0006009719115474,0.0009461207265735,
1985-12-16,-0.000166495145631,0.0018351342373708,0.000939434000745,
1985-12-17,-0.0003191166064981,0.0037833751774186,-0.0091307593120081,
1985-12-18,0.0003368664969079,-0.0021752137625844,0.0034375909919776,
1985-12-19,0.0003190014435221,0.0003247401975862,0.008524504850737,
1985-12-20,-0.0001206103151862,0.0024288265145554,-0.000711941976929,
1985-12-23,0.0001209568965517,-0.0011482312879298,-0.00164576670586,
1985-12-24,9.04577363896823e-05,0.0001871495624268,0.0023171992239903,
1985-12-27,2.978980891720056e-05,0.0020012662647568,0.0036714813344109,
1985-12-30,0.0007442185289957,-0.0012194637453169,-0.0020344669865488,
1985-12-31,-1.4625781792910184e-05,0.0003705184678002,-0.0026679774266604,
1986-01-02,0.000117046923879,-0.0013045646366018,-0.0067694922069106,
1986-01-03,0.0002626253032928,-0.0002278213536201,-0.0009213578890423,
1986-01-06,-0.0002754967275232,-0.0008809254336434,0.0066742162910587,
1986-01-07,-0.0002481210124826,0.0041724061367766,0.0002727539145497,
1986-01-08,-0.0004257750261597,-0.0059827537053194,-0.0051150724662794,
1986-01-09,-0.0007415961945031,-0.0038913200697557,-0.0026586584465929,
1986-01-10,0.00045293758967,-0.00182501870211,-0.0006400298593872,
1986-01-13,-0.0006124247693399,-0.0068490000492045,-0.0138189321764576,
1986-01-14,-0.0002122081382787,0.0033762803608604,-0.0017680621001345,
1986-01-15,0.000411332247557,0.0037513855692689,0.0050967750210262,
1986-01-16,0.0002263064516129,0.0007280752976834,-0.0114042962880092,
1986-01-17,0.0001650705882352,0.0019184902582993,-0.0036099954798514,
1986-01-20,-0.0007025465198863,-0.0014115861665785,-0.011256734754926,
1986-01-21,0.0002888288190682,0.001143597121463,-0.0119570148389893,
1986-01-22,0.0001660771162123,-0.0017570557926074,-0.000796025625525,
1986-01-23,-0.000225578778135,0.0016218843230157,-0.0045832481209471,
1986-01-24,0.000423349137931,0.0004947674369366,-0.0016436474090205,
1986-01-27,0.0003891955903271,0.0040807301341861,0.0131256705303276,
1986-01-28,0.0002966384778012,0.003180200186163,-0.0039770483881862,
1986-01-30,0.0002061938418474,-2.4077852696715137e-05,0.0004468162239156,
1986-01-31,0.0003517520891364,0.0010680267585603,-0.0109939756728099,
1986-02-03,-0.0004360462707182,0.0016085141920409,-0.0217291275245317,
1986-02-04,0.0003818625261688,0.0029037738248453,-0.02533961738005,
1986-02-05,-0.0001164398340248,-0.0024669746010931,0.0081649273069691,
1986-02-06,0.0001167628294036,-0.0016838766343653,0.0007272411596682,
1986-02-07,0.0001601047717842,-0.0028867924880525,0.0146042345545065,
1986-02-10,0.0004784943162245,0.003991849369139,-0.008037445029292,
1986-02-11,-0.0001003579700272,0.0030562114957095,-0.0061263391088535,
1986-02-12,0.0004455046090816,0.0003416172361203,-0.0096310839946494,
1986-02-13,-0.0001706472972972,0.0023760833526811,0.0076644948298285,
1986-02-14,0.0001285064450474,0.0059201525797488,-0.0025066860294821,
1986-02-17,9.96452485627312e-05,0.0004853186640471,-0.0022035554936305,
1986-02-18,0.0003976396761133,0.0014383767816557,-0.0111030743695491,
1986-02-19,-2.813703208555927e-05,-0.002509945250426,0.0016540467800976,
1986-02-20,-5.631170568562056e-05,0.0014438826494661,-0.0093031389288597,
1986-02-21,0.0005356778298727,0.0066968308299986,-0.0094851208147053,
1986-02-24,0.0005289464285714,0.004039991830381,0.0241590017327687,
1986-02-25,-5.4987589810582814e-05,-0.0012727776576719,-0.0026677907839224,
1986-02-26,0.0002064731850882,0.0025474323660021,-0.0031752371471423,
1986-02-27,0.0003561399284087,0.0074442096885139,-0.0099762253004247,
1986-02-28,-0.0002852381413359,0.0008096019278023,-0.0121556719111081,
1986-03-03,-0.0003555614035087,0.0041325250518846,-0.0204800512431821,
1986-03-04,0.0006344292267365,0.0021923444353368,0.0020620455038515,
1986-03-05,0.0004347888960619,-0.0076708263321695,-0.0002415601362915,
1986-03-06,-8.068945686901156e-05,0.0024988941062409,0.0184222568216287,
1986-03-07,0.0001347407170294,0.0031814743074291,-0.0145647344581433,
1986-03-10,8.058647096362787e-05,0.0080115590018423,0.0127233248578651,
1986-03-11,0.000509405732484,0.0007724136927966,0.0062646188291492,
1986-03-12,0.0009536488357457,-1.1055314752869976e-05,0.0166205075874798,
1986-03-13,-0.000336744,-0.002243237547215,-0.0130242686288338,
1986-03-14,0.0003916842431761,0.0016430331145564,-0.0083834890865587,
1986-03-17,-3.880731407498442e-05,-0.0017361752472848,0.0097793168903026,
1986-03-18,0.0003495881267302,-0.002501545123882,0.0121641377164666,
1986-03-19,0.0006163709579011,0.0030775615937543,-0.0045017704360226,
1986-03-20,0.0008226232711966,0.0013392329563683,-0.008957216586757,
1986-03-21,-0.0002110235918608,-0.0016709433442392,0.01213534965609,
1986-03-24,-0.000449125074096,0.0041444880322248,-0.0268088101431308,
1986-03-25,-0.0006718953591486,-0.0007136924433695,0.0010676598637874,
1986-03-26,0.0006954385701411,0.0037260373134328,-0.0054780807703248,
1986-03-27,0.0005970638297872,0.0046382676752083,-0.0121525901844265,
1986-04-01,0.0005641835664335,0.0005074493144378,0.0065349037418855,
1986-04-02,-0.0002541555491661,0.0001640101560929,0.0102156653644256,
1986-04-03,0.0004139895863465,-0.003397541128912,-0.0021355232041489,
1986-04-04,-0.0004220151818963,-0.0023038954132774,0.0133385667051455,
1986-04-07,-0.0006211640624999,0.0003613126083439,0.0205712692981277,
1986-04-08,-0.0003090528634361,0.0073372929135783,-0.0194788679447992,
1986-04-09,-8.717485207100776e-05,0.0017585140644574,0.0034105524553497,
1986-04-10,0.0007487637118292,-0.0003482944584843,0.0082476251368297,
1986-04-11,4.9045150014564887e-05,-0.0019281662860411,0.0038194490234361,
1986-04-14,-0.0002816814082048,0.0039004573936468,-0.0097190501393315,
1986-04-15,-0.0009493734622144,-0.0024796211776697,-0.0059603605193802,
1986-04-16,0.0001261402457297,0.0085523684093464,-0.0208149751854237,
1986-04-17,0.0006539695249477,-0.0024141001717053,0.006976121195339,
1986-04-18,-9.907149161517976e-05,-0.0024400706996009,0.0025425858354211,
1986-04-21,-0.0004716997935712,-1.9802319973511145e-05,0.0046342422698659,
1986-04-22,-0.0001004306591112,-0.0071283901623331,0.007622962939993,
1986-04-23,-0.0007927829596412,-0.0046187099300872,0.0101509246231119,
1986-04-24,-0.000371936928702,-0.0035761648781078,0.0012629729959263,
1986-04-25,1.2939747924991825e-05,-0.0014756475925234,0.0039149291408973,
1986-04-28,0.0004010089121081,0.004121840018336,0.0031936948289161,
1986-04-29,0.0006663123287671,0.0036757303191733,0.0048431726103123,
1986-04-30,-0.0001387542703026,9.63144653039792e-05,0.0053238328935718,
1986-05-01,-0.0004556067348165,-0.0034719559469274,0.0007619235647808,
1986-05-02,0.0005629458966565,-0.002646491781321,0.0112433325340578,
1986-05-06,-0.000909026994601,-0.001147912139241,0.0008178891296833,
1986-05-07,-0.0002265594466258,-0.0026031715063791,0.0145285763152557,
1986-05-08,-0.0002207901882135,0.0021129646236773,0.0116092419045248,
1986-05-09,-0.0002008641734609,-0.0033334383169509,-0.0014847846617617,
1986-05-12,-8.88510638297869e-05,-0.0066573171323929,-0.0062018397073081,
1986-05-13,0.0003819706343148,0.0033718953003038,0.001190481868074,
1986-05-14,-0.0006868623768472,-0.000639655892451,-0.0009972899668577,
1986-05-15,-0.0005650699326393,-0.005282822911902,-0.0019008390870459,
1986-05-16,-0.0002191123321123,-0.0054881772974221,0.0032506306439078,
1986-05-19,0.000161929808263,1.3582873900293757e-05,0.0103197755036488,
1986-05-20,0.0002993502131377,0.0044673016693817,-0.0124755105696839,
1986-05-22,0.0003771629396984,-6.14846207010128e-05,0.0039006837020468,
1986-05-23,0.0005784172392254,0.0023345250549574,0.0051390342980649,
1986-05-26,-4.563934426229513e-05,,,
1986-05-27,-0.0002334177449168,0.0032786508802043,-0.0076679416433239,
1986-05-28,0.0005090556812671,-0.0010730639244281,-0.0044150854946961,
1986-05-29,-0.0006115871166097,-0.0095486183618959,-0.0065412199197727,
1986-05-30,-0.0001303188854489,-0.0025140832685946,-0.0066379175667968,
1986-06-02,-0.0003790984472049,-0.0082294828866645,-0.0088763707083893,
1986-06-03,5.281549627664497e-05,0.0072217572113597,0.0001806951152981,
1986-06-04,-0.0001912635276834,-0.0077330481659929,-0.0106036921188848,
1986-06-05,0.0007841218983165,0.0042675215569622,0.0086820081077109,
1986-06-06,6.467885679164537e-05,0.0106055619542967,-0.0059840887865898,
1986-06-09,-0.0003700845689381,-0.0074493816675724,-0.0032290238940095,
1986-06-10,-0.0005773024118738,0.001218409508885,-0.0008265419723248,
1986-06-11,-0.0003963559322033,0.0030700890727184,0.0127699229654052,
1986-06-12,0.0002133992395437,4.604059621174587e-05,0.0015157765102771,
1986-06-13,0.0003184842370744,0.009495999178589,0.0013191550493217,
1986-06-16,0.0003160926157697,0.0030185572656631,-0.0088846817591729,
1986-06-17,0.0001807764027792,-0.0001684068133771,0.0026039020709211,
1986-06-18,0.0002481436549798,-0.0007324750858972,-0.0028261359616538,
1986-06-19,0.0002781913016656,-0.0060464047537805,0.0030381634859913,
1986-06-20,0.0002190330578512,0.0063214787176811,-0.0025883861250233,
1986-06-23,-0.0003542816295701,0.0021519992759766,-0.0014609852770038,
1986-06-24,7.747177914110384e-05,0.0013379386768503,-0.0021799617462039,
1986-06-25,8.248242498468914e-05,0.00037259420808,0.0055444903235425,
1986-06-26,2.918402536614708e-05,0.0005289765817718,-0.0007262222639023,
1986-06-27,7.215695982539715e-05,0.0017860073112911,0.0030837500634566,
1986-06-30,0.0002723786882721,0.0004558704926272,-0.0133628990742011,
1986-07-01,4.032499383346651e-05,-0.0001549741050674,-0.0093778955519277,
1986-07-02,-7.975066012825203e-05,-0.0001729670276072,-0.006710660394136,
1986-07-03,-6.263839285714263e-05,0.0048698984085111,-0.0014124991456886,
1986-07-04,-0.0001881952309985,0.0004755679417976,-0.0014743013414043,
1986-07-07,-0.0003941729630626,-0.0023569764337578,-0.0146769063903024,
1986-07-08,-0.0008490371301312,-0.0038690376989782,0.0013528789506849,
1986-07-09,0.0003635422578655,0.0036516504711218,-0.0119147252496111,
1986-07-10,0.0001166854963405,-0.0007776807055662,0.0055784593523214,
1986-07-11,-4.772571428571393e-05,-0.0002568155474788,-0.0063548020638831,
1986-07-14,-0.0005917112462006,0.0005145408832462,-0.0026206306639774,
1986-07-15,4.34847619047619e-05,0.0037307141718176,0.0239352897102214,
1986-07-16,0.0001300772558714,-0.001328864764494,0.0158657579648779,
1986-07-17,0.0002251342617249,0.000225395078127,-0.0110681107069029,
1986-07-18,-0.0007086363636363,0.0001658150399371,0.0061195210195278,
1986-07-21,-0.0006651762141967,0.0014863386449302,0.0088919506858661,
1986-07-22,0.0001937263578263,-0.0015343939665676,-0.0175185759302009,
1986-07-23,0.0003061108528157,-0.002763321556792,-0.0067447929435133,
1986-07-24,-0.0002385284883832,-0.0020105611795006,0.0027854799034526,
1986-07-25,-0.0001944348002243,0.0004928204376745,-0.0021109005766635,
1986-07-28,0.0001743814531548,-0.006619929154508,0.0041213937847059,
1986-07-29,0.0002372366713269,0.0050922792029928,0.0036223200665809,
1986-07-30,3.520976367086619e-05,0.0011190709808836,0.0095459569844205,
1986-07-31,1.8329362170087184e-05,0.002315153703602,-0.0151509284503826,
1986-08-01,7.125375226757938e-05,0.0007096451188823,0.0068539520971299,
1986-08-04,-0.0003761915498065,0.0002615556161175,0.033686625588436,
1986-08-05,0.0005777207149696,-0.0011737403758912,0.0229632019706946,
1986-08-06,-0.0005964058564231,-0.0026868224309034,0.0099677108712821,
1986-08-07,-0.0001773371110625,0.0017496971287434,0.0076250890291585,
1986-08-08,-4.0630308880311135e-05,0.0045373827417126,-0.0046414992132294,
1986-08-11,0.0008811739130434,0.0022710281230698,0.0017176465221135,
1986-08-12,0.0002488534643108,0.0011393736852326,0.006726647651335,
1986-08-13,0.0005314201127819,0.0021898468031955,0.0016305809032435,
1986-08-14,0.0001173233199132,-0.0006546047530975,0.0029574632542062,
1986-08-15,0.0004245411931499,0.0003006592766612,0.0059500864275492,
1986-08-18,-9.027297794117848e-05,0.0007128948989954,-0.0015767449081022,
1986-08-19,-0.0001074500507782,0.0029796116692365,-0.0105506932236573,
1986-08-22,5.177490774907679e-05,-0.0041870663782553,-0.0008327608195092,
1986-08-26,0.0003511417281956,0.0037142812560133,0.0051517334052429,
1986-08-27,0.0002987029281105,-0.0034988845677199,0.0001661856714036,
1986-08-28,-1.270540295804401e-05,0.00153399253696,-0.0007190766407068,
1986-08-29,0.0006943051003344,0.0028222779852723,0.0050096911507658,
1986-09-01,0.000413517085258,0.0002421021505376,0.0007135786335174,
1986-09-02,0.0002104398826979,-0.0040340691041153,0.0065098051300567,
1986-09-03,-0.000129258979924,-0.0058308503699587,-0.0022550453312739,
1986-09-04,-0.0001169816793893,0.0006116102626755,0.0022148131887533,
1986-09-05,-0.0001432118314129,-0.0042862674168298,0.0054557789065509,
1986-09-08,-0.0002666925643083,-0.0034860061523742,-0.0119424397583508,
1986-09-09,0.0001428336734693,0.001463628696083,-0.0067655194562851,
1986-09-10,-5.758743383532191e-05,0.0007861827203501,-0.0107272810518769,
1986-09-11,-0.0005888008928571,-0.0056064154382453,0.0013412374437249,
1986-09-12,-0.0011602572784896,-0.0032437533836562,0.0028248742636647,
1986-09-15,0.0006722295171762,0.0034524252094318,-0.0106219988842091,
1986-09-16,-0.0010429081374915,-0.0010407150168518,-0.0029719998579111,
1986-09-17,0.0003283385335413,0.0037808672676406,0.0028822449922323,
1986-09-19,-0.0006124987616099,-0.0012293115388585,0.0060058514569418,
1986-09-22,0.0007968375972871,0.0017048628192483,-0.0067900685496236,
1986-09-23,7.652564102564126e-05,0.0016080168129402,0.002632979348097,
1986-09-24,-0.0003839144847735,0.0028904714470498,-4.743818347747412e-05,
1986-09-25,-0.0006027890624999,-0.0010909043372988,-0.0070669182748487,
1986-09-26,-0.0001554508813188,0.0022622345697474,0.0022100176149324,
1986-09-29,-0.0007996312424345,-0.0048473597580505,0.0093236718909916,
1986-09-30,0.0006073780018761,0.0049745940407481,-0.0014358659876786,
1986-10-01,0.0008271747112249,0.0005143987237007,0.0058105198886763,
1986-10-02,-9.674435771316536e-06,-0.0015866965063971,0.0031823502453684,
1986-10-03,0.0001175305980548,0.0053672855061439,-0.010651905193042,
1986-10-06,0.0003185838017905,0.0008137376707497,-0.0042286007831627,
1986-10-07,0.0003147726584078,0.0005429331936623,0.0108091943717303,
1986-10-08,0.0002677848921988,-0.0026054817114886,-0.0007611245839154,
1986-10-09,0.000853105893958,0.0020327190260698,-0.0054164971580702,
1986-10-10,-0.0002508310222055,-0.000710942239402,-0.0053691997618387,
1986-10-13,5.148990825687918e-05,-0.0021942600866896,-0.006239659120606,
1986-10-14,-0.0009308320097739,-0.0045547581135406,0.0016213296833902,
1986-10-15,0.0009691431253315,0.0017188664611204,0.0054024540867708,
1986-10-16,-0.000287291601976,-0.0012537665553163,-0.0039845558419867,
1986-10-17,-5.675623025623337e-05,-0.0007648995702885,0.0037858654567437,
1986-10-20,-0.000785525443978,-0.0028778562346305,0.0094663406889852,
1986-10-21,0.0002261239753788,0.0037552143263198,0.0037206773491535,
1986-10-22,-0.0002220921787709,0.0022974659626296,-0.0064496454803415,
1986-10-23,-0.000425163066558,0.0017309405169404,-0.0058738847528585,
1986-10-24,0.0003789590846392,-0.0008797645705882,-0.0006711402727033,
1986-10-27,0.0002607370042251,0.001884888156742,-0.005781999459373,
1986-10-28,-0.0001712168335419,-0.0007163387102396,-0.0048409103759431,
1986-10-29,0.0003412130764128,0.0020968239939308,-0.0103401971607873,
1986-10-30,0.0005293125653585,0.0021587236574042,0.0226229922231585,
1986-10-31,0.0003446530637563,0.0001888793526122,0.0048422997696797,
1986-11-03,8.190326297742015e-07,0.0015907996624733,-0.0047939385019199,
1986-11-04,9.06069885625078e-06,-0.0004791433589289,0.0045473427879307,
1986-11-05,-7.374773139745647e-05,2.268691222570464e-05,0.0001506171962666,
1986-11-06,-1.8316867469874733e-06,-0.0027563743708441,0.0029767663380727,
1986-11-07,5.080627640313893e-05,-0.0022882803827164,0.0011587251697785,
1986-11-10,-0.0001014900542495,5.726857265648199e-05,0.0015125988805679,
1986-11-11,6.494239589017469e-05,0.0002586592693021,0.0007525817353615,
1986-11-12,-0.0001059021267743,0.0005398967654471,-0.0006834017854453,
1986-11-13,-0.0003171032193424,-0.0001297327920578,0.0032142484019958,
1986-11-14,-0.0001114899347377,0.0016439772986952,-0.0001053948047196,
1986-11-17,-0.0003068671953548,0.002570844113495,-0.005923482177789,
1986-11-18,-0.0001442564249093,-0.0020336963717076,0.0011804507987606,
1986-11-19,-0.0003487855395591,0.0022597201527671,-0.0002984411777167,
1986-11-20,-0.000272697507035,-0.0002296941325359,-0.0052798258823976,
1986-11-21,0.0006226189236545,0.0010889454098602,-0.0026216234655866,
1986-11-24,0.0006720636862812,0.0018408077528428,-0.0048097338580994,
1986-11-25,-0.0002141150735294,-0.0025248145082972,-0.0004727276867629,
1986-11-26,0.0003980546545597,0.0009964614941071,0.003309261149428,
1986-11-27,-7.736615698267198e-05,0.0005082799837925,-0.0003224464893203,
1986-11-28,0.0001664123471882,0.0001631733154206,0.0020135186286202,
1986-12-01,-0.0002078765244167,-0.001195321329578,0.0057023311492969,
1986-12-02,0.0003709829537322,0.0044764682460875,-0.0037139421602417,
1986-12-03,-0.0002264802247558,-0.0002555914812374,-0.0016778386590581,
1986-12-04,-0.0002350327230248,0.002406628075467,-0.0011493532906796,
1986-12-05,-0.0001010322580645,-0.0042466063699784,-0.0010910492946942,
1986-12-08,0.00032801292517,0.0021496543091274,-0.0036560074832685,
1986-12-09,0.0002920530289858,0.0003308516874654,-0.0032884610547857,
1986-12-10,-4.332197088906289e-05,0.000977709609089,0.0036629163888203,
1986-12-11,0.0002806210081621,-0.0014929579719241,0.0062013238748797,
1986-12-12,-0.0004834887904066,0.0006388478937224,0.006867924747987,
1986-12-15,9.565672635292942e-05,-0.0010362848657948,0.0053529308653534,
1986-12-16,-6.735483870967736e-05,0.0014830095741632,-0.0040912435383795,
1986-12-17,-7.609294862226817e-05,0.0003387472672391,-0.0051885812416815,
1986-12-18,1.3129459734853937e-07,0.0005849377817853,0.0032132671607134,
1986-12-19,-9.521840558690406e-06,0.0007452816820334,0.0006674212324821,
1986-12-22,0.000579361803519,0.0007798083009437,0.0114422829302514,
1986-12-23,0.0001507538736641,0.0007922034364993,-0.0026054568235729,
1986-12-24,0.000301345694864,1.1367400568661548e-05,0.0048063768083973,
1986-12-29,0.0003807403035374,-0.0024456832776242,0.0026316826507779,
1986-12-30,0.0001136221069253,-0.0015257420402041,-0.0002996686563216,
1987-01-02,6.254214572237678e-05,0.0048346378240017,0.0012536195170854,
1987-01-05,7.343616500229136e-06,0.0014599521797565,-0.0019315562281251,
1987-01-06,0.0001058042080654,-9.568515108638704e-05,0.0028946430191158,
1987-01-07,0.0005157252042006,0.0007055943201476,0.0026863253900408,
1987-01-08,0.0006488435928459,0.0005099260561261,0.0061376921430977,
1987-01-09,0.0001514807517668,0.0007702452073995,0.0038874145666551,
1987-01-12,0.0002240064756791,-0.0014007100801454,0.0069619893886031,
1987-01-13,4.6936119103891096e-05,-0.0015011498058597,-0.0037060087034933,
1987-01-14,-9.448484848484804e-05,-0.0009887846571942,0.0045015427997659,
1987-01-15,0.0004802639698883,0.0012498067436968,-0.0021591223244328,
1987-01-16,7.280197693787673e-05,0.0027597441965248,-0.0009899982892218,
1987-01-19,-0.0004139964893262,0.0007609072457787,-0.0018957441642192,
1987-01-20,-0.0001270780973574,-7.754628964745051e-05,9.2296960281952e-05,
1987-01-21,0.0001526510491366,0.0005382955535605,-0.0019046288845404,
1987-01-22,0.0002495627094972,-0.0008614609733399,0.0034961213913143,
1987-01-23,0.0003704395973585,-0.0017031996961582,0.0002084924653088,
1987-01-26,-0.0006794987650933,-0.0022556529088795,-0.0009622727959989,
1987-01-27,0.0007694022034231,0.0003941874137779,-0.0025205745717615,
1987-01-28,0.000337687941583,0.0015546563527492,0.0005420278826292,
1987-01-29,-0.0001722299509001,-0.0001967662058336,0.0020963814371886,
1987-01-30,0.000149879211175,-0.0012951479116539,0.0017917607288196,
1987-02-02,0.0005030188318777,-0.000853575501155,-0.0039112555269392,
1987-02-03,-9.309460704020738e-05,-0.0006433770533993,-0.0025671572864837,
1987-02-04,0.000382572322603,0.0010548611942169,-0.00226238203064,
1987-02-05,0.0005993898441698,0.0024693197485415,0.0038519833671788,
1987-02-06,0.0006632245857803,0.0001520556528264,-0.0015234883131758,
1987-02-09,0.0005115620616208,-0.003193439341601,-0.0044423945503801,
1987-02-10,-0.0004883517968875,-0.0020614898042692,8.235897634653637e-05,
1987-02-11,-8.426792255364357e-06,-0.0013970834916815,-0.007469892709873,
1987-02-12,-7.999856313581114e-05,0.0021003727975714,-0.0043427825235281,
1987-02-13,5.002923444975604e-05,0.0005929568162258,-0.0003889619009638,
1987-02-16,0.0010087668339534,2.897747747748004e-05,-0.0009429866098807,
1987-02-17,0.000436782094953,-0.0002354246550468,-0.0016553836884691,
1987-02-18,0.0004182489171974,0.0018944149955565,-0.0061270532671831,
1987-02-19,-0.0006332872139578,0.001868047272317,0.0019167486812392,
1987-02-20,0.0005684667805405,0.0006276668915515,0.0098786577074254,
1987-02-23,-0.0002364594499237,0.0009811264988407,-0.0081007635924584,
1987-02-24,-7.166463230914939e-05,0.0011604378835417,-0.0059243574306418,
1987-02-25,0.0006106319065038,-0.0010478467143498,-0.0077748456449933,
1987-02-26,0.0002118190535491,0.0002703804842079,0.0055216528506944,
1987-02-27,0.0002711572468269,0.0009943141951626,-0.0021534581524154,
1987-03-02,0.0001062709897959,0.00087399976425,-0.0033250231981635,
1987-03-03,8.436363636363691e-05,-0.0010504729570241,0.0112771455879602,
1987-03-04,0.0002221256671664,0.0027429525663979,0.0048328561530095,
1987-03-05,-0.000591017295653,0.0001880314677969,0.0046023838254434,
1987-03-06,-5.608924511804175e-05,-0.0018475475398084,0.0059759574006328,
1987-03-09,-0.0006266407817534,-0.0008130782075073,0.0009174162718032,
1987-03-10,0.0002668445121951,0.0006739905127897,-0.0004442926749823,
1987-03-11,-0.0001057613065326,0.000345316051736,0.0035509438263991,
1987-03-12,-2.784883051457519e-05,-4.870643894695504e-05,0.0004863074377741,
1987-03-13,0.0002047827856013,0.0008555436684254,-0.0007858664759583,
1987-03-16,-0.0003592252865563,-0.0005297206906291,0.0023133876295862,
1987-03-17,0.0006266062558785,0.0014074955412199,0.0031784370934235,
1987-03-18,-0.0001203314664635,0.0005589345901597,-0.0043103355019736,
1987-03-19,-0.0002721079065141,0.0002791531135238,0.0026762120768142,
1987-03-20,0.0007205627980922,6.101675003591787e-05,-0.0022638437865087,
1987-03-23,0.0004619400306308,-0.0009624782753326,-0.000124919637235,
1987-03-24,0.0005062731958762,-0.0011892264324761,0.0085525892360895,
1987-03-25,-0.0001939769585253,0.0002330621765149,-0.0017156542508181,
1987-03-26,-0.0002275578580597,0.0005107081305416,-4.189692541594291e-05,
1987-03-27,-6.00328024720683e-05,-0.0027055876837915,0.0027697006051554,
1987-03-30,-0.0013021261857612,-0.0074720673839143,0.0004860238101722,
1987-03-31,-2.0805132626482213e-05,0.0022281551607159,0.0002847065176206,
1987-04-01,-0.0005861538461538,-0.00283252639712,-0.0006645436614204,
1987-04-02,0.00011719414973,-0.0013592461251804,0.0010724792358075,
1987-04-03,-0.0009855044676291,0.0010276292465222,-0.0010764529672089,
1987-04-06,0.0011674810892587,0.0022836743256935,-0.000171359869701,
1987-04-07,-0.000196213689892,-0.0032095747610206,0.0044223058683957,
1987-04-08,-0.0003429333393198,0.0006808306821819,-0.0021611158850291,
1987-04-09,3.5635349574777254e-05,-0.0068182943293492,0.0023661031282903,
1987-04-10,-0.0010717013528837,-0.0061294186401644,-0.0058398071908251,
1987-04-13,-0.0004771753494071,-0.0029013134053334,0.0009289441104615,
1987-04-14,-0.0002789486500027,-0.0042803017705129,0.0043769145413341,
1987-04-15,0.0002368470434811,0.0033455243883761,0.0035669481226622,
1987-04-16,0.0005492808203895,0.0044844846811051,0.0018146388873827,
1987-04-21,-0.0004250043045542,-0.0006502103598561,0.0026428020336642,
1987-04-22,0.0006147800924363,-0.0007962080314794,-0.0014507077705966,
1987-04-23,0.0003196348613238,-0.0027516809167578,0.0082019707000539,
1987-04-24,0.0007803976341441,-0.0050957486282925,0.0043787295867707,
1987-04-27,-0.0007343218629922,0.0039188524635735,-0.0024755662664666,
1987-04-28,0.0004217627327784,0.0035422504922124,0.0003371808527022,
1987-04-29,0.0005725487915521,-0.001175445365881,-0.0008954312733035,
1987-04-30,0.0002826484637823,0.0036540362494127,0.0047329474308784,
1987-05-01,0.0005541588780447,-0.0050459828099825,0.0029281287582277,
1987-05-04,-3.104832713754657e-05,-0.0048730798061389,0.005735172916531,
1987-05-05,0.0003380416747431,0.003484575781126,-0.0004833243977955,
1987-05-06,0.0004762271220159,-0.0025458903542302,0.0039969023002291,
1987-05-07,-0.000390006894676,0.002729796113153,0.0022701400587003,
1987-05-08,0.001129663646417,0.0019014211755769,0.0033217468987942,
1987-05-11,0.0011042354887218,-0.0052821487424383,0.010579817950132,
1987-05-12,-0.0003562307868252,0.0007809731016214,-0.0060721576613669,
1987-05-13,0.0003296156984155,0.0004892707520412,0.0007529624509305,
1987-05-14,0.0001361513563951,-0.001940809825033,0.0038330902395795,
1987-05-15,0.0001739824280842,-0.0084425314111719,0.0034269695743281,
1987-05-18,0.0001440540932464,0.0029817084006565,-0.0096870595177118,
1987-05-19,0.0006013285714285,-0.0041174968996175,0.0024982650891432,
1987-05-20,-0.0006596020513323,-0.001149876544202,-0.0052640808096252,
1987-05-21,-0.0003720468623523,0.0009325777886345,0.0047880203854929,
1987-05-22,4.85565818847258e-05,0.003085375562752,0.0003082565156892,
1987-05-25,5.779930795847839e-05,,,
1987-05-26,-0.0001162106724323,0.0083006715620163,-0.0038321814664394,
1987-05-27,-0.0001548960441582,-0.002112821186553,0.0007782842338969,
1987-05-28,0.0004163364096331,0.0014386080632643,-0.0016126443308806,
1987-05-29,0.0008306260137454,0.00306233832391,-0.0016077041685049,
1987-06-01,0.0005280483870967,0.0007965229333148,0.000131104225278,
1987-06-02,-0.0001763723141743,-0.009271793182006,0.0041133155112932,
1987-06-03,0.0001701152938721,0.0025190475564403,0.0031734425436058,
1987-06-04,-0.0003370371496783,0.0007965431336737,0.0006357400679069,
1987-06-05,0.0004986069233238,0.004267075780398,0.00189939798267,
1987-06-08,-1.870800000000105e-05,-0.0009234394774042,0.0002091153939478,
1987-06-09,0.000923003404063,-0.0004055504344364,0.000224678958967,
1987-06-10,-0.0001188079328649,0.0005017510629966,-0.0001142455145351,
1987-06-11,-0.0005057771577096,0.000833574917647,0.0023546274017107,
1987-06-12,0.0011701051430869,0.0079244988689491,0.0012551259186966,
1987-06-15,9.083513163573444e-05,0.0009359257603514,0.0086699354571894,
1987-06-16,0.0001701019677996,-0.0004949146430724,-0.0008869710339267,
1987-06-17,0.0003161439050478,0.0017610316640744,-0.0034774241428875,
1987-06-18,-0.0007159457547169,-0.0016581791433961,-0.0015592429661266,
1987-06-19,-0.0004117990017272,-0.0019660699033918,-0.0017645786904718,
1987-06-22,-0.000440387467134,0.0024027821164389,-0.0127958196936202,
1987-06-23,4.90259978549995e-05,-8.093692627543493e-05,0.0030839230791651,
1987-06-24,0.0006635730197203,-0.0027678628643735,-0.0001367567633193,
1987-06-25,-0.0001154748057713,0.00142358162738,-0.0005858306662797,
1987-06-26,0.0001701151385927,-0.003494415396683,0.0067687037059566,
1987-06-29,-0.0002061276313028,0.0010374726048014,-0.0009512209439255,
1987-06-30,0.0001882431570007,-0.0015439300674807,0.001416650245985,
1987-07-01,-0.0004652928865755,-0.0001495435581751,-0.0009836625445376,
1987-07-02,0.0004749792011171,0.0026216641196315,0.0028869633395916,
1987-07-03,0.0005032467976088,8.963451232582452e-05,8.43800518292653e-05,
1987-07-06,0.0005053980914684,0.0009197039484485,0.0016392522743868,
1987-07-07,0.0003160926157697,0.0007842069632495,-0.0005929295101939,
1987-07-08,-0.0004713388543823,-0.0012798536516629,-0.0026432178480407,
1987-07-09,0.0001781984720453,-0.0022733905675149,0.0037864022580144,
1987-07-10,0.000273181934019,0.0027022855800574,-0.0007839567153887,
1987-07-13,0.0001391613518859,-0.0015625106982158,-0.0023694629418582,
1987-07-14,-6.024406200105082e-07,0.0013777378322196,0.0034396982927813,
1987-07-15,0.0004530065826939,-0.0024641314327982,0.0041455449744399,
1987-07-16,0.000429763183848,0.0014117263277891,-1.801809926118723e-05,
1987-07-17,-0.0001370669087591,0.0018601804243145,-0.0024261839691517,
1987-07-20,-0.0003288829582136,-0.0026436202524994,0.0062904599075093,
1987-07-21,-5.6999365185761447e-05,-0.0031904078202865,-0.0079233975469269,
1987-07-22,-0.0009752813631081,-0.0022469099375498,0.0010191008662749,
1987-07-23,0.0002669746300211,-0.0004057281588892,-0.0033789831919478,
1987-07-24,-2.1071774153448932e-05,-0.0007127004651033,-0.0071075265064245,
1987-07-27,-0.0003075532484451,-0.0014499372709348,0.000861001246024,
1987-07-28,0.0005690646387832,-2.3134737900402035e-05,0.0102096679386158,
1987-07-29,0.000403922814447,0.0004998882023221,-0.0012869025684275,
1987-07-30,-0.000103326578073,0.0001947327950558,0.0022707920488321,
1987-07-31,-0.0005717717911379,-0.0021938621681488,0.0002190113892256,
1987-08-03,-0.0001546414992594,-0.0054784116925709,0.0084095390429689,
1987-08-04,-0.0003238772537099,0.0006676162977916,-0.0041632766735138,
1987-08-05,-0.000105762371134,0.0039969681394531,-0.0071779247654336,
1987-08-06,-0.0011996825762119,-0.0020682959846362,-0.0017335792675437,
1987-08-07,-0.0002922702691957,0.0010568140891282,-0.0043075776896531,
1987-08-10,0.0002769345281765,-0.0012366965392572,-0.0014170251941099,
1987-08-11,0.0007617921057633,0.0010044872157148,0.0033928387505808,
1987-08-12,0.0002751775986053,0.0003206075782537,0.0003541067397966,
1987-08-13,3.083592400173324e-05,0.0032489590788761,-0.0029030720204845,
1987-08-14,-0.0002012123496265,0.0017998264814215,-0.0022551719973757,
1987-08-17,-0.0004054079579692,0.0001102737220645,-0.0060270107365033,
1987-08-18,-0.0010565955178392,-0.0059576542543152,-0.0010628007613717,
1987-08-19,-0.0006654730178158,-0.0010645269125959,0.0001894334627341,
1987-08-20,-0.0007841332162979,0.000231876929837,-0.0054539053524281,
1987-08-21,0.0008162461027525,-0.0009627370305592,-0.0007135663317048,
1987-08-24,0.0003965256633436,-0.0002016339471215,-0.0045676673982257,
1987-08-25,0.0005127653400646,0.0014530112746613,0.0027531607791024,
1987-08-26,-2.429052172860281e-05,-0.0020201227782921,0.0117386782066142,
1987-08-27,-1.5384128421576433e-05,-0.0046332878686936,0.0019412422561746,
1987-08-28,0.000176298738034,-0.0028495174977092,-0.0043197241361851,
1987-09-01,0.000654533905598,-0.001081662239865,-0.0012324673856746,
1987-09-02,-0.0004753038352334,-0.0071417557275764,0.0045499175574708,
1987-09-03,0.0004687914336232,-4.228714342484271e-05,-0.0020759660809756,
1987-09-04,0.000286126188879,-0.00042238913828,-0.0010290285344794,
1987-09-07,-0.0001306795087174,0.0001023690325839,-0.0013947291716535,
1987-09-08,-0.0002286925072891,-0.0070123582085389,-0.0022746532252159,
1987-09-09,-0.0002770491443615,3.634343690363901e-05,0.0060335872766825,
1987-09-10,3.2222573240800535e-05,0.0029316216603381,0.0054334759738198,
1987-09-11,1.7345206517618643e-05,0.0032822962373804,-0.0045795161024132,
1987-09-14,7.051293950013624e-05,0.0002398227240677,0.0027502545269622,
1987-09-15,-0.0001674047724259,-0.0031632377064873,-2.7804537137730216e-05,
1987-09-16,0.0001184755239852,-0.0025026379801566,0.0010229850459589,
1987-09-17,0.0006507310070671,0.0019777327847378,-0.0023600454073832,
1987-09-18,0.0010165150447638,0.0041269017494358,0.000828732877579,
1987-09-21,3.0891995531941293e-07,-0.0019487427494773,0.0025360145855192,
1987-09-22,-4.486644789796239e-05,0.0023565350308958,-0.0030977916377151,
1987-09-23,0.0003235438453529,-0.0009386377728772,0.0050908272080388,
1987-09-24,-0.0006792076433121,-0.0046331752757057,-0.000173119617822,
1987-09-25,0.0004626920791404,7.951789442269523e-06,-0.0012888318366691,
1987-09-28,0.0008385182599041,0.0006552638988721,8.037441749163352e-05,
1987-09-29,4.817656692162409e-05,-0.0036838995771935,0.002478589992787,
1987-09-30,5.274640222821409e-05,-0.0008381200414757,-0.0009116401144425,
1987-10-01,0.000222435601604,-0.0014081614432141,0.0054722748583706,
1987-10-02,-7.264532861526966e-05,0.0029249584330403,0.0034006967178641,
1987-10-05,0.000226930673788,-0.0024429866249323,0.0011101629463702,
1987-10-06,-0.000508446033204,-0.0012392582536974,-0.0049536653321733,
1987-10-07,-0.0002015433738942,0.0004606453155869,0.0034117317420514,
1987-10-08,0.0004198802992518,-0.0052805672639271,0.0015591091405874,
1987-10-09,-0.0003138122222222,-0.0024061048984861,-0.0002801779481998,
1987-10-12,-0.0008081969375991,-0.0034432469869866,-0.0011946500894924,
1987-10-13,0.0003284809384908,0.0055878674929494,0.0017974216602435,
1987-10-14,-0.0004101188435057,-0.0075737109226932,0.003386341619304,
1987-10-15,-0.0006203669933967,-0.0012580443553813,-4.426325370812015e-05,
1987-10-16,-0.0004276670166212,-0.0013844644300492,0.005140899989879,
1987-10-19,-0.0072550759054339,0.0004609638715651,-0.0065464773517209,
1987-10-20,-0.0038364056676027,0.0183116663855028,-0.0037740355490212,
1987-10-21,0.0035471629213483,0.0102248933869253,0.0057194340990531,
1987-10-22,-0.0032714766839378,0.0112642414396419,0.0006244669914421,
1987-10-23,-0.0013006264044943,-0.0004556400867748,0.0003687138540755,
1987-10-26,-0.0054974392166522,0.0076822202350971,-0.004978448743416,
1987-10-27,-0.000543700190528,-0.004196216286596,0.0016343084820717,
1987-10-28,-0.003288129109489,-0.0029392154132075,0.0004528808610694,
1987-10-29,0.000594314917127,0.0025983390326844,-0.0037395764507128,
1987-10-30,0.0020525699463691,0.0011173893824806,-0.0001159247330827,
1987-11-02,0.0002832393386545,-0.0015944784944861,-0.0062506672328097,
1987-11-03,-0.0021778735150464,0.0033956470269619,-0.0034887228168326,
1987-11-04,-0.0017752986809961,0.0027901359910792,-0.003609812988677,
1987-11-05,-3.417374701003339e-05,0.0043547619609121,0.0009487448421384,
1987-11-06,4.804955181301216e-05,-0.0014127994543245,0.0008116716204144,
1987-11-09,-2.009909762100073e-05,0.0003678470923407,-0.0016576325568273,
1987-11-10,-0.0009047417598182,-0.0005236583643099,0.0052540004839155,
1987-11-11,0.0022316570837597,-0.0023543088235294,0.0008507854421163,
1987-11-12,0.0019296951651717,0.0007534141974925,0.0014013857058837,
1987-11-13,-3.924941138266154e-06,-0.0019250728799788,0.0002077343127654,
1987-11-16,0.0008727772751778,0.0012188130144674,-0.0025669842560191,
1987-11-17,-0.0014623359535201,-0.0010054930553474,0.0005459104664862,
1987-11-18,0.0008901842900302,0.0004698561064163,-0.0002660433812166,
1987-11-19,-0.0010695471815633,0.0008567778283842,-6.013036872520806e-05,
1987-11-20,-0.000862128463395,0.0008485352726171,0.0050145263543979,
1987-11-23,0.0008149326990368,-0.0006787214920071,0.0033824001434891,
1987-11-24,0.0008617695882798,-0.0027405149105367,0.0016322630901157,
1987-11-25,-0.000330741745283,-0.0022428789932882,0.0003209374393251,
1987-11-26,-5.017044100119185e-05,0.0001326631693198,8.595235093167564e-05,
1987-11-27,-0.0002502230441037,-0.0040239160022544,0.0038650375128472,
1987-11-30,-0.0026940948267183,0.0032434494951743,-0.0037121295921216,
1987-12-01,0.0005756127869246,-0.0006545620805306,-0.0002049302497672,
1987-12-02,-0.0002887138851979,0.0001532219415373,-0.0007392926117797,
1987-12-03,0.0002907842856796,0.0012095699122104,0.0009677856340889,
1987-12-04,-0.0007988867634968,-0.0003278450134771,-0.0041777656932897,
1987-12-07,0.0003093570027688,-0.0043566358039983,-0.0041944927864385,
1987-12-08,0.0013489036342011,-0.0006972894813714,-0.0036103529738095,
1987-12-09,-0.0005705199995046,0.0010780382939842,0.0032061351842633,
1987-12-10,0.0008182006607051,-0.0063880410620237,0.0032470475521258,
1987-12-14,0.0002999813400021,0.0014690700244182,-0.0100058727394327,
1987-12-15,0.0008817440206851,0.0048860268973349,-0.0119934000995704,
1987-12-16,0.0008026782101139,0.0033898174799179,-0.0085926555428196,
1987-12-17,0.0002486943122144,-0.0007455521064023,-0.0010565893951417,
1987-12-18,0.0005881998832798,0.004998345969816,-0.0023436824508594,
1987-12-21,0.0008512240287162,0.0005617021220538,0.0001938207464831,
1987-12-22,-0.0001803939914163,-0.0019953408415649,0.0155883952205839,
1987-12-23,0.0007972952031729,0.0041270773111921,0.0039650649645245,
1987-12-24,0.0006897809647979,-8.52495024355307e-05,-0.0013877695477487,
1987-12-28,-0.0004851784232365,-0.0025956492164054,-0.0023073849082224,
1987-12-29,-0.0016336858861402,0.0026730705973462,0.0055321905528443,
1987-12-30,0.0006160247222656,0.001622672474635,-0.0004376785276175,
1987-12-31,-0.0018239863745658,-0.0023214718719034,-0.0022406903106941,
1988-01-04,0.0012134369822485,0.0012351057897555,0.01453742134576,
1988-01-05,0.0019967741774901,0.0017723766006478,0.0049162805175067,
1988-01-06,0.0001837670711951,-0.0024027158325047,0.0035934702654247,
1988-01-07,5.699764096149132e-05,-0.0008412041930238,-0.0035558245174635,
1988-01-08,-0.0003496096345514,-0.0068678140399652,-0.0010258540348996,
1988-01-11,-0.000959949869831,0.0042124127780703,-0.007777501895267,
1988-01-12,-0.0002537366988088,-0.000419690041453,-0.0064977559190028,
1988-01-13,-0.0007462865285193,0.0015368253715116,0.0026170532984038,
1988-01-14,0.0004096676022886,0.0013346056920084,0.007309593584197,
1988-01-15,0.0015575530494821,0.0093401571648535,-0.0009930138749205,
1988-01-18,0.0004029773822766,0.0001225680176868,0.0071108413875252,
1988-01-19,-0.0011408018075154,-0.0006797654324726,0.0011254052041701,
1988-01-20,4.794191343963315e-05,0.0016283401146981,-0.0018947315233943,
1988-01-21,-0.0003290649419795,0.0028536856510535,-0.0023576023488048,
1988-01-22,0.0005355294403962,0.0020351692289343,-0.0005178477000106,
1988-01-25,-0.000376904795225,0.0015074477826218,-0.0008102268410861,
1988-01-26,0.0001048368200836,-0.0033908187166553,-0.0022034308987225,
1988-01-27,-0.0001882008975786,0.0056830734930791,-0.0055329177899574,
1988-01-28,0.0004889550255536,0.0016804085057206,5.811828656311055e-05,
1988-01-29,4.729550561797484e-05,0.002494705805861,-0.0021506817440176,
1988-02-01,-0.0007150134540424,-0.0003755481081081,-0.0006052174287311,
1988-02-02,7.084388369853396e-07,0.0032187816091953,0.0002519030527508,
1988-02-03,2.368506387340929e-06,-0.0029327151015228,0.0031891424370186,
1988-02-04,-0.0003948654390934,-0.0002654864245203,0.0037165218410827,
1988-02-05,-0.0009101189189189,0.0033330237307004,0.0015614336343282,
1988-02-08,-0.0011397266621548,-0.0025476175775093,0.0048915329775102,
1988-02-09,0.000387470965301,0.0013850330381228,-0.0017498786399997,
1988-02-10,0.0002135116063437,0.0018688346629409,-0.0046518248150305,
1988-02-11,0.0007071644792179,-0.0019188828156294,0.0012071792286219,
1988-02-12,0.0001102097429908,-0.0044025728193832,-0.0033435180583299,
1988-02-15,0.0002559032430318,-7.094351182452967e-05,-0.0004055187838827,
1988-02-16,-5.555938579582893e-07,-0.0009061770764048,-0.0024571212480918,
1988-02-17,0.0002919745664739,0.0001128710072942,0.0024055430901889,
1988-02-18,-0.0005074357060849,0.0013332813575899,-0.0065307322586799,
1988-02-19,-0.0001956676350958,0.0015389249768373,0.0053144427249403,
1988-02-22,0.0009921529430334,0.0006973522586432,-0.0036404667149119,
1988-02-23,0.0007956285722592,0.0027426959503223,-0.0003141338399052,
1988-02-24,-0.0003658334841628,-0.0006596644143617,-0.0020881577063253,
1988-02-25,0.0006304308906245,-0.0009723116268511,-0.0080489865955618,
1988-02-26,-0.0004453480957017,0.001280680574039,-0.0024118221175091,
1988-02-29,-5.126606334841609e-05,0.0011533380746714,0.0053070524536576,
1988-03-01,0.000734829964605,0.0003455964500436,-0.0053684695973891,
1988-03-02,0.0005423747899159,0.0010994196307443,-0.0017521233806846,
1988-03-03,5.695894590350812e-05,0.0006548530884007,-0.0041915392507756,
1988-03-04,0.0007213283582089,-0.006327143867243,0.0005933233146913,
1988-03-07,-0.0005017403156102,0.0002768496186035,-0.0018955350571685,
1988-03-08,0.0002046010244849,-0.000975732463323,0.0022384649504564,
1988-03-09,0.0004033219654277,0.0008145502665158,-0.0015135609229086,
1988-03-10,0.0001175102290654,-0.0012978406250451,0.0052462932865618,
1988-03-11,-0.0006924916225684,0.0021900511814171,0.0048066347254591,
1988-03-14,0.0002543856825749,6.984571523820324e-05,-0.006747618270716,
1988-03-15,0.0005280683467509,8.889346876107312e-05,0.001457275870177,
1988-03-16,-0.0005867721117206,-0.0027334437050184,0.0033147446273283,
1988-03-17,0.0002557898321408,0.002095054582984,0.0031953877319079,
1988-03-18,0.0006961326194398,-0.0044192733172265,0.004107811824845,
1988-03-21,-0.0002158615384615,-0.0014104074370025,0.0034130027045731,
1988-03-22,-7.780186151341921e-05,0.0001454350478468,0.0016024042716086,
1988-03-23,-0.0004033588678303,-0.0003306679559542,0.0068449017536132,
1988-03-24,-0.0010551171453381,-0.0007796470342841,0.0045190158862361,
1988-03-25,-0.0009192451787951,0.0009744880086298,0.0012888397571598,
1988-03-28,-0.000547320631184,-0.0031624350080084,0.0021467705483643,
1988-03-29,0.0010987883515559,0.0008946617308897,-0.00237806193074,
1988-03-30,-0.0002937072915829,-0.0002369664121688,0.0015989021803497,
1988-03-31,-0.0004528691959229,0.0009540477640791,-0.0006537103198427,
1988-04-05,0.0001686611333714,-7.510224056603892e-05,-0.0032810293362512,
1988-04-06,0.0005170722355731,0.0015905679412514,-0.0006114991285671,
1988-04-07,0.0004850273180458,0.0006668238297526,0.0041267417738882,
1988-04-08,0.0004655250536864,0.0032817487970253,0.0004145298248912,
1988-04-11,0.0008406655820618,-0.002350496622022,0.0139744924461974,
1988-04-12,-0.0002811370915489,0.0013008449554491,0.0028643264495622,
1988-04-13,7.981188057225808e-05,0.0002767497156398,-0.0019595585950519,
1988-04-14,-0.0007987945544554,-0.0042474727487776,0.0036323259630504,
1988-04-15,-0.0005893457280336,-0.0016736358251602,-0.0004782961547105,
1988-04-18,4.317860937315374e-05,-0.0017486352032502,0.0047539912523888,
1988-04-19,0.0004821527121224,-0.0008099102098256,-0.0047184650259519,
1988-04-20,-0.0004399464144587,-0.0001646945596776,-0.0021716229737594,
1988-04-21,0.0004316319561551,0.000247570087189,0.0034443979111912,
1988-04-22,-0.0006401774409448,0.0004347184278833,-0.0001218088068161,
1988-04-25,0.0006230237296166,0.0001130656687862,-0.0006077460517847,
1988-04-26,0.0003215032849503,-0.0005321866931479,0.0050385499391137,
1988-04-27,7.891340136462511e-05,0.0005187130010108,-0.0014729351147506,
1988-04-28,-0.0003061350115001,-0.0026399327062228,-0.0053433305127595,
1988-04-29,-9.897217151802742e-05,0.0003014008474576,0.0005571274637361,
1988-05-03,0.0004024446646966,0.0010864364419464,0.0009085507348306,
1988-05-04,-0.000129295537971,0.0002603273210432,-0.0011492342117835,
1988-05-05,-0.0005409698367011,-0.0003030036444252,0.0032429621942983,
1988-05-06,6.203984558143574e-05,-0.0026499532339127,0.0041315754189666,
1988-05-09,0.0001096657563025,-0.000581845582721,0.0009001020893574,
1988-05-10,-9.98565719778242e-05,-0.0013056611875209,0.0007465193346438,
1988-05-11,-0.0010383893591544,-0.0003623063423496,0.001630400637539,
1988-05-12,0.0003014394156402,3.503388599782433e-05,-0.001459729701672,
1988-05-13,0.0003203360897894,0.001774922073879,0.0030917904237349,
1988-05-16,-7.134406779660904e-05,-0.0003265248322147,0.0086636212172466,
1988-05-17,0.0004707332192559,-0.004091940287169,0.0003008909677087,
1988-05-18,-0.0003574170403587,-0.0025257090399315,-0.0015680196040477,
1988-05-19,-0.000618740324231,0.0004403424801294,0.0022427839576282,
1988-05-20,0.000144112981455,-0.0008795639715526,0.0026432922717498,
1988-05-23,-0.0002034634631788,-0.0003848496853381,-0.0078240828751565,
1988-05-24,0.0007019550774526,0.0006982545230485,0.0042352384530263,
1988-05-25,0.0001611431790744,0.0012360534328644,-0.0054212659833387,
1988-05-26,-0.0001986391764258,-0.0004665222155601,0.0010644235349776,
1988-05-27,-0.0001281609158336,-0.0008677926365793,0.0012835336147036,
1988-05-30,-9.982470119521903e-05,,,
1988-05-31,0.0001884310958254,0.0010757426346703,0.0079851473398181,
1988-06-01,0.000997947529764,0.0060819333913965,0.0003263260569505,
1988-06-02,9.86456692913384e-05,-0.0013552914993062,0.004947573855573,
1988-06-03,0.0001696761310549,0.0030222713704124,0.003705309690853,
1988-06-06,0.0002269258512726,0.0007663420857202,0.0034618477953135,
1988-06-07,-0.0002026919275123,-0.0018724416674359,0.0004926264507526,
1988-06-08,0.0001199330482785,0.003359334260345,-0.0064937985752368,
1988-06-09,0.0006258591926724,-0.0012435880993312,-0.0012032162500376,
1988-06-10,9.71586251342651e-05,0.0010125759730979,-0.004850289034101,
1988-06-13,-0.0002288907014681,0.0007602035402583,-0.0044273583803746,
1988-06-14,0.0008759758615343,0.0082431711986633,0.0077308445050613,
1988-06-15,0.0003584351302208,-0.0014650128700028,0.0014844221057475,
1988-06-16,-0.0003250857523302,-0.0061046803781393,0.003768587422851,
1988-06-17,-0.0001709011082693,-0.0049031273982423,0.0014703883217231,
1988-06-20,-0.000147665041128,0.0004670578990684,0.0010154048886358,
1988-06-21,0.0002385843269044,-0.000492431174089,0.0039034094997837,
1988-06-22,0.0004069140708915,0.0053145231967675,0.0004922621073374,
1988-06-23,9.5451507092201e-05,0.0002119743653679,-0.003910034388228,
1988-06-24,-0.0004138828062715,0.0002021178784886,-0.0049028005795354,
1988-06-27,-0.0004639170750988,-0.0029383438961552,0.0037463851576289,
1988-06-28,0.0001005017338294,0.0024075753079975,-0.0090851820719421,
1988-06-29,0.000135347266881,-0.0005897622655448,-0.0124726073762227,
1988-06-30,-0.0001938074420932,0.0025991158597662,0.0030696790516757,
1988-07-01,-0.0001499173648406,0.000682313830186,0.0012180995108223,
1988-07-04,-0.0003859660194174,-0.0003452672381662,-0.0003249705322896,
1988-07-05,0.0003128906648293,-0.0004442995181572,-0.000970073655064,
1988-07-06,0.000421088948884,-0.0025290320232096,0.006763940708915,
1988-07-07,-9.802614370209528e-05,-0.0008700831237909,0.0029566824003495,
1988-07-08,0.0004241421860319,-0.003304584391076,-0.0086872342346827,
1988-07-11,-7.496632448576703e-05,0.0008478740729555,-0.0169575063205557,
1988-07-12,-0.0001609757792974,-0.0019063670611713,0.0011471263056764,
1988-07-13,-1.874909516979545e-05,-0.0014572885404539,0.0020338619028201,
1988-07-14,-4.144266532126756e-05,0.0001433172248363,0.0099136715506385,
1988-07-15,-7.181580942826064e-05,0.0017692118842219,0.0017618763272892,
1988-07-18,-0.0004529525018512,-0.0020756041955501,0.0069452700900843,
1988-07-19,-0.0002828062600766,0.0014554856911275,-0.0070515693346547,
1988-07-20,0.0004797113672447,-0.0001072299049265,0.0029785412604652,
1988-07-21,-3.08191881918815e-05,-0.0014081705459521,0.0059988641570946,
1988-07-22,-0.0003846169226623,0.0016706863477026,-0.0004828240426534,
1988-07-25,-0.0003053225743317,0.0010933553751139,-0.0113274876661844,
1988-07-26,7.452222645629508e-05,-0.0002784977206934,-0.0108455492463266,
1988-07-27,0.0001199874457746,-0.0023242336326001,0.0028073357349304,
1988-07-28,-0.0001849008397232,-0.0002298712356611,-0.0038683649712158,
1988-07-29,0.0003930534898141,0.0018522141880094,0.0085119762960947,
1988-08-01,0.0005122524191792,0.0018080209459459,0.003810376365259,
1988-08-02,-0.0003020152228212,0.0023639786193591,-0.0057074280174867,
1988-08-03,0.0004166590844017,-0.000601065890962,-0.0031086229216121,
1988-08-04,-8.437629233511417e-05,0.0018599219159505,0.0002549994605672,
1988-08-05,0.0002000766991686,-0.0043155444295355,0.0057358554998379,
1988-08-08,-0.0001716557727795,0.0003785743710991,0.0036401122016616,
1988-08-09,-0.0004583963606292,-0.0023732312527262,-0.0010165098233808,
1988-08-10,-0.0005157693533614,-0.0045395643752161,0.0026467286566081,
1988-08-11,-0.0001505415408713,-0.0011064047757056,-0.000838075725167,
1988-08-12,-9.28311079374792e-06,0.000228277969443,-0.0055433187027232,
1988-08-15,-0.000541414711775,-0.0010501746787177,0.0065382746532218,
1988-08-16,0.0001253217311127,0.0011178482186164,-0.0040208898742835,
1988-08-17,0.0003625713521999,-0.0008751861927809,0.0013746600705119,
1988-08-18,-0.0001910032248876,0.0006884190420688,0.0022640752626057,
1988-08-19,0.0003862101347641,0.0008074720062038,0.0007837301068341,
1988-08-22,-0.0004076436650159,-0.0012829550864639,-0.0045247282595358,
1988-08-23,-0.000452275774918,0.0014213158838789,-0.006577737614381,
1988-08-24,1.866724447582415e-05,-0.0001362113670133,0.0049626586573292,
1988-08-25,-0.0013605289433045,-0.0022750793127145,-0.0056834482346437,
1988-08-26,-0.0004633123039679,0.0003981769222357,-0.0003583766109777,
1988-08-29,-2.4747474747476268e-05,0.003012520123839,-0.0030217883207805,
1988-08-30,-0.0004788332896548,0.0004923517628244,0.0031182564682509,
1988-08-31,0.0001322701691866,0.000469237827016,0.0005469462337988,
1988-09-01,-0.0009418932112147,0.0001296113963116,0.0002447696805998,
1988-09-02,0.0007182382792585,0.0074619938650306,-0.0034581827500768,
1988-09-05,0.0009449357747089,0.0003846735614892,-0.0004257947230769,
1988-09-06,-0.0001521168537511,0.0008814768872769,-0.005989822013018,
1988-09-07,0.0001389767757431,8.382139874747228e-05,-0.0007963006715882,
1988-09-08,-0.0005105873335029,-0.0002163565022421,0.0028789565517567,
1988-09-09,-0.0001821310806562,0.0033032125028744,-0.0085587107702437,
1988-09-12,0.0004446826107792,-0.0014888384489119,-0.0001207615039138,
1988-09-13,0.0006626630802484,0.0005089860561668,0.0050788230478138,
1988-09-14,0.001395940418718,0.0020988924257293,0.0128947177772698,
1988-09-15,-0.000354923997531,-0.001720959672828,-0.010007805045093,
1988-09-16,-0.0001281430700926,-0.0002880949581088,-0.0095084194773873,
1988-09-19,9.410068107259704e-05,-0.0014928856264208,-0.0058919439389738,
1988-09-20,1.826494337449938e-05,0.0009704764697247,0.0018413745529285,
1988-09-21,0.0012215123579835,0.0008821224949597,0.0012379733954156,
1988-09-22,-0.000326722264315,-0.0004723230721787,0.0023773783902991,
1988-09-23,0.0001405375538827,6.733099201497642e-05,-0.0081397975190153,
1988-09-26,0.0004145289282875,-0.0012689411668576,-0.0026046038824893,
1988-09-27,0.0002358492866161,-0.0006497797219124,-0.001412575846117,
1988-09-28,0.0001398761564423,-0.0005677391455069,0.0002531792827057,
1988-09-29,0.0009587191281999,0.0025791337218137,-0.0033788192677801,
1988-09-30,3.724308312590581e-05,0.0041076733256806,-0.0081858678324533,
1988-10-03,-0.0007721006587937,0.0009817117094945,-0.0042167567640303,
1988-10-04,0.0002205956044227,-0.0009444201066916,0.0020897372472899,
1988-10-05,0.0004854883993196,-3.398295726593354e-05,-0.0081097044672323,
1988-10-06,0.0003554992884578,0.0006119006575378,0.0001457070932465,
1988-10-07,0.0003854038871929,0.0060631970685887,0.0013006342014313,
1988-10-10,0.0002395477903262,-0.0007252014058392,0.0120223262086186,
1988-10-11,-0.0008501957221493,-0.0009721324966224,-0.000446193082818,
1988-10-12,-0.0004857254319654,-0.0031634456031327,0.0090171983793264,
1988-10-13,0.0011839380664749,0.0002238093425186,0.0053716149462203,
1988-10-14,0.000405644793749,0.0013283004794605,0.0091387627550932,
1988-10-17,-0.0002333258814851,0.0007479715367938,0.0063468961219333,
1988-10-18,6.91504598068131e-05,0.0003552665973965,-0.0114766716310553,
1988-10-19,0.0006508743402599,-0.0013440268888842,0.0114509352209138,
1988-10-20,-2.5149903513438975e-05,0.0003500591648333,-0.0067833989590868,
1988-10-21,-1.0296725198172104e-05,-0.0006766142253336,-0.0049235732955533,
1988-10-24,-0.0001381665089587,-0.0003130695746214,-0.0201886511583794,
1988-10-25,0.0001614434124713,0.0002793791908599,-0.0003842538910422,
1988-10-26,0.0001851250487172,0.0015221148514851,0.0058112945131259,
1988-10-27,0.0002635531139514,0.0029187039071639,0.0027241874080839,
1988-10-28,0.0004462274199824,0.0006233683458399,0.0052367765012971,
1988-10-31,-0.000101293315508,0.0011826889444719,-0.0022850368619883,
1988-11-01,-7.103498282297608e-06,-0.0006763794225164,-0.0020609207903817,
1988-11-02,-5.641747116254321e-05,-0.0019275219658354,0.0083429376742382,
1988-11-03,-0.000244954918579,0.0012897149007185,0.0002029790756538,
1988-11-04,-5.015718149851296e-05,-0.0053599820406823,0.0001435407259193,
1988-11-07,-0.0005717638992645,-0.0019361001765291,0.0023450851660722,
1988-11-08,0.000933149163012,0.0005401014925373,-0.0025367883602644,
1988-11-09,-0.0007290497220727,-0.0011770376336017,0.001642587800083,
1988-11-10,-4.857989245021374e-05,0.0004985225001316,-0.0019509486612856,
1988-11-11,-0.0006282537313432,-0.002378367621152,-0.0025082013351848,
1988-11-14,-0.0009052345205414,0.0015153312796633,0.0035173306739166,
1988-11-15,0.0004345060880465,-0.0003864233741608,-0.0051856983983119,
1988-11-16,0.0002161315602389,-0.0023623732012245,-0.0033750938123499,
1988-11-17,0.0002885295479865,-0.0016032552454432,-0.0157672885895241,
1988-11-18,-0.000112328312307,0.0005095761331355,-0.0023223621798497,
1988-11-21,-0.0002713341634509,0.0002051147061378,0.0040497101852948,
1988-11-22,0.000317117732453,-0.0012874914809279,0.0168114450332722,
1988-11-23,0.0005856740050022,0.0001208955899748,0.0039254234247412,
1988-11-24,0.0001645644654665,-7.057167235495169e-05,-0.0014027155594541,
1988-11-25,-0.001142498453005,-0.0036510362600302,0.0076836767282301,
1988-11-28,-0.0004507964631027,0.0006153874770656,0.0109391450701992,
1988-11-29,-6.786420876506117e-06,0.0008425480213853,-0.0032432442439356,
1988-11-30,0.0005655780495279,0.0022389754605669,0.0068595862452299,
1988-12-01,-0.0003582730562973,0.0011708354735854,0.0038858802016545,
1988-12-02,-0.0004114002305323,-0.0047559172323499,0.0024495989484296,
1988-12-05,0.0001064447878617,0.0018286980605989,-0.0062507864584052,
1988-12-06,0.0001326327316263,0.0062164821668467,0.0029854215359034,
1988-12-07,0.0003986362016805,-0.0015413180614155,0.0037399745367758,
1988-12-08,-0.0004109642553682,-0.0013483277495215,-0.0015936559646429,
1988-12-09,0.0002875072108083,-0.0017548152759729,0.0065730921410156,
1988-12-12,-2.1092715231788896e-05,-0.0003831760280913,0.0034672357066933,
1988-12-13,-0.0004074928281053,-0.0024724302889567,-0.0037921829047984,
1988-12-14,-0.0001352021451095,-0.0015550642939627,0.0082044659803078,
1988-12-15,0.0001187897726864,0.0008667192409528,-0.0014200879666073,
1988-12-16,0.0002871575411695,0.0007147171929147,0.0075077995344891,
1988-12-19,4.8433709496802985e-05,0.0011416030724015,-0.0016104525649455,
1988-12-20,0.0005881886236453,0.0027064723316171,0.0034402037066113,
1988-12-21,2.785835262739556e-06,0.000524520393816,0.0048438365659711,
1988-12-22,0.0001198912367841,-0.0001629343603482,0.0016033075141888,
1988-12-23,0.0004544073571093,0.0006368249151631,0.0028210566974745,
1988-12-27,0.0002383051398828,-0.0029308554216867,0.0027435788552883,
1988-12-28,0.0006271756247847,-0.0029932090048961,9.238394732214208e-05,
1988-12-29,0.0008365440100743,0.000710403069753,-0.003629999685262,
1988-12-30,5.145904211108151e-05,0.0012799576964694,0.007447073502266,
1989-01-03,-0.0008497511748241,-0.0026297431962109,0.0017328643474849,
1989-01-04,0.0008768826789367,0.0001945810722605,-0.0015121385891379,
1989-01-05,0.0005460694998757,-0.0019470498863713,0.0037957826839938,
1989-01-06,0.0004567925770735,0.0008622785495957,0.0022139215161107,
1989-01-09,0.0003638393459111,0.0004718965496855,-0.0002910220968874,
1989-01-10,0.0001388661580285,0.0006440086176875,-0.0023461954384651,
1989-01-11,0.0002066292235182,-0.0001081672187306,0.0004420287501157,
1989-01-12,0.0011766615688879,0.0029273367452135,-0.0001894040149734,
1989-01-13,-0.0001105719375597,0.003062197387311,0.003071079831613,
1989-01-16,0.0003917182287207,0.000375494493392,-0.0036529955279121,
1989-01-17,-0.0002033534186957,-0.0004593944321968,-0.0004047049210459,
1989-01-18,0.0002828284619197,0.0024010236478495,0.007785150249937,
1989-01-19,0.0009811128368799,0.0003374929339656,-0.0007336693365078,
1989-01-20,-0.0001310393815847,-0.0010711511063886,-0.0042164441310733,
1989-01-23,0.0001776067280262,0.0011290522015108,-0.0115990151531375,
1989-01-24,0.0002655643569215,0.002285859822945,0.0010591610976672,
1989-01-25,0.000714573519416,-0.0019522405097994,0.0052138296152016,
1989-01-26,3.616364966911904e-06,-0.000127401027027,-0.0029088071388118,
1989-01-27,0.0017735500741914,0.0015248200615892,-0.0022520762317632,
1989-01-30,0.0011272131115059,-0.0015916746823548,-0.0031464669356841,
1989-01-31,-0.0006178395409963,-0.0002177989087295,-0.0012415642585732,
1989-02-01,-0.0002000608551236,0.0003455114249222,0.0048306140226508,
1989-02-02,0.0006301467564572,0.0006533342640558,0.0008433280300717,
1989-02-03,0.0009719267125558,-0.0003297680097187,-0.0016443892568262,
1989-02-06,-0.0013026182531325,8.653682656495599e-05,-0.0045748341783406,
1989-02-07,0.0008507509376568,0.001494527496661,0.0019192502646105,
1989-02-08,0.0011085909707294,-2.717842161440581e-05,-0.0032551821604001,
1989-02-09,-0.0004450912397358,-0.0048033510449793,-0.0021151220687886,
1989-02-10,-0.0007940451449,-0.0029843215678169,-0.0070550223762975,
1989-02-13,-0.001437497947101,-0.0005620298279557,0.0027865702052363,
1989-02-14,0.0003288980275726,-0.0010078983906611,-0.0002800507120537,
1989-02-15,-0.0006075916305916,0.0005299498432663,0.0076314151515574,
1989-02-16,-0.0002870727171891,0.0004051926814206,0.0011965465461859,
1989-02-17,7.903075205031277e-05,0.0005692486045729,0.0045143730924573,
1989-02-20,0.0012778806920393,-0.0001651643884464,0.0002992071027026,
1989-02-21,-0.0004899572270507,-0.0006808206005378,7.031082658848112e-05,
1989-02-22,-0.0009828617768577,-0.0029332157941366,0.0040830033461141,
1989-02-23,-0.0012776333110707,-0.0025715676410605,0.0016074399348284,
1989-02-24,-3.768397051919279e-06,-0.0007537193334848,0.0027132978449831,
1989-02-27,-0.001415433118856,0.0009563540324413,0.0017682020884259,
1989-02-28,0.0005233032824761,0.001217301063369,0.0007483727677686,
1989-03-01,0.0003086977535525,-0.0015997737254008,0.0006732169522746,
1989-03-02,0.0010947706340892,0.0022559547224797,0.0084077660689007,
1989-03-03,0.0007732081844544,-5.499558492386803e-05,0.0002549437777902,
1989-03-06,0.0009594976391516,0.0015638341417166,0.0037042540621143,
1989-03-07,-0.0001147807973547,-9.550413472645188e-05,-0.0037763427505254,
1989-03-08,2.0016639481932285e-05,0.0008587556460234,-0.0006363663268057,
1989-03-09,-0.0001214691554746,-0.0004530197636638,0.0050863524925968,
1989-03-10,-0.0005256724874108,-0.0033353575880543,-0.0010586837689623,
1989-03-13,0.0010716194401807,0.0001658220858895,0.0098551601181992,
1989-03-14,0.0005161445039434,0.0010289248281956,0.0049084699160436,
1989-03-15,0.000281383320149,0.0002479972126617,0.0079373398447567,
1989-03-16,9.163787635316124e-05,0.0001104966656063,0.0004977975243046,
1989-03-17,-0.002192803226699,-0.0062278544103377,0.0045427208001686,
1989-03-20,-0.0001686980546488,-0.0012338649099352,-0.0014650235879319,
1989-03-21,0.0009583049871639,-0.0003715727195999,0.0098691768813323,
1989-03-22,-0.000663436873943,0.0025536850895067,0.0028954441348238,
1989-03-23,0.0003170356045451,0.0007662435669182,0.0014296290587928,
1989-03-28,0.0006043957591397,0.0004597425486853,-0.0087535886994966,
1989-03-29,0.0001798973289761,0.0017424870964163,0.0033678298087654,
1989-03-30,-0.0009845051432651,0.0003856831803432,0.0054830459988866,
1989-03-31,0.0006431064786155,0.0010624892759363,-0.0006775482101693,
1989-04-03,0.000393643509789,0.0023448296008758,-0.0130432307043578,
1989-04-04,0.0001434363086073,0.0018725957481334,0.0047545041952747,
1989-04-05,-0.000196880261927,-5.196397614635361e-05,-0.0066671447241822,
1989-04-06,-0.0009632628976466,-0.001637569841804,-0.0061519004749467,
1989-04-07,-4.642693742197892e-05,-0.0028043883532375,0.0029371456774622,
1989-04-10,-0.0004220317878154,0.0001495126660108,0.0090643231505227,
1989-04-11,0.0004563740797927,-0.0004226103402268,0.0032231179767421,
1989-04-12,0.0001744700253074,-9.246449631449594e-05,-0.0004367197918465,
1989-04-13,-0.0001842136801199,-0.0017580426619902,-0.0023082334980204,
1989-04-14,0.0009834992973592,0.0058055236560554,0.0038711369099079,
1989-04-17,0.0004698365574394,-0.0007567916452221,0.0106672698880157,
1989-04-18,0.0008444676479517,0.0042932658934355,0.0018868134519007,
1989-04-19,-1.1969132916911655e-05,-0.0006515192500836,0.0092021108200477,
1989-04-20,-0.0016310477395448,-0.0043300677949189,0.0057455258964156,
1989-04-21,0.0004536096445295,0.0018005652563558,0.0037664623228868,
1989-04-24,-0.000116226395804,9.27950930834716e-05,-0.0107502856866518,
1989-04-25,0.0002697305639604,0.0010751885077412,-0.0003974043579279,
1989-04-26,0.0001413450321067,0.0007110787783559,-0.0030160743956362,
1989-04-27,0.0005315826331992,0.0020658321623356,-0.006622079453286,
1989-04-28,0.000198092637304,0.0009120861910616,-0.0072035128617151,
1989-05-02,-0.0001381499251585,0.0014608202024167,-0.0095708379878551,
1989-05-03,-0.0003514882304142,0.000850095810552,0.0022508830505044,
1989-05-04,0.0006129603228618,-7.750753556988921e-05,0.0092804915861435,
1989-05-05,0.0004983296909681,0.0024562770844533,-0.0059932386412678,
1989-05-08,-0.0002735097087378,-0.0017456039184682,-0.0108189622834445,
1989-05-09,-0.0004830346385985,-0.0039281807377566,0.0032832982232357,
1989-05-10,-0.0002086821848648,-0.0008469390799933,-0.002850036992424,
1989-05-11,-0.0002933470026529,0.0016255557402615,0.0053109611759175,
1989-05-12,0.0010111211540158,0.0098628458049798,-0.00028544537701,
1989-05-15,0.0003031736693164,-0.0004760547347096,-0.0003555645393055,
1989-05-16,-0.0003953827794725,-0.000776249215676,0.0015167624799515,
1989-05-17,3.011264154170989e-05,0.0010746401033923,-0.0103182443077973,
1989-05-18,0.000663791664703,0.0006655457461602,-0.0003459885060214,
1989-05-19,0.0003897300532673,0.0023234590858487,0.0010085655915477,
1989-05-22,-0.0018108435413259,0.0034260719329967,-0.0111625207756309,
1989-05-23,0.0007571791033831,-0.0015502493515301,0.0069130998204888,
1989-05-24,-0.0008029038838707,-0.0003964618945012,0.0086849775143481,
1989-05-25,-0.0005225615247925,-0.00121169773135,0.0030694070617778,
1989-05-26,0.0003206958225837,0.0006915619714658,-0.0025697782823124,
1989-05-29,0.0004056192046803,,,
1989-05-30,-0.0004219239122868,0.0001149647452748,0.0048672665306736,
1989-05-31,-0.0003589558879793,0.0004611212212059,-0.0017761556738612,
1989-06-01,0.000216037475791,-0.0004458429688595,-0.0017811120771777,
1989-06-02,0.0004719944908768,0.0049485498617265,0.0053335758398281,
1989-06-05,-0.002320228588448,0.001622367152102,0.0132234470142574,
1989-06-06,0.000404561581299,-5.837862364507192e-05,-0.0016421264350368,
1989-06-07,0.0004285067237213,0.0026874264366135,-0.0102202418145905,
1989-06-08,0.0005775711253761,0.0004890352930005,-0.0053617213917271,
1989-06-09,4.9392562798869646e-05,0.0035210820326136,-0.0043559375378946,
1989-06-12,0.0003179538124257,-0.001695005242931,-0.0149574260826846,
1989-06-13,-0.0004800302888078,-0.0036620039626533,-0.0054045688334477,
1989-06-14,0.0003301070285176,0.0021877057394931,0.0082919462410295,
1989-06-15,-0.0003406792197012,-0.0028063911986863,0.0046535641122209,
1989-06-16,6.782662366350623e-05,-0.0007520684912749,-0.0040138167238704,
1989-06-19,0.0003923840596597,-0.000296074579806,0.0096763148750329,
1989-06-20,0.0007526078471523,0.0015980630830674,-0.0025033947231395,
1989-06-21,-0.0004164099617994,-0.0016275876756942,0.0083447270269571,
1989-06-22,9.975457449621138e-05,-0.0019737569310594,0.0021878791410816,
1989-06-23,-4.17016557933559e-05,0.0044900316607485,0.0083588492816541,
1989-06-26,0.0003417423692583,0.0017595029755472,0.0031381728340117,
1989-06-27,0.0005127527511457,0.0028919131302329,0.0054414078078674,
1989-06-28,-0.0003738795983232,-0.0015186202093405,-0.0043169195426973,
1989-06-29,-0.0008146255880646,0.0014529379278766,0.0004546317414533,
1989-06-30,-0.0014462410542584,0.0008802124072389,0.0018039919575532,
1989-07-03,0.0008559038144379,0.0006969776953761,0.0043827728378528,
1989-07-04,0.0004751801518138,0.0002652537147102,0.0013631568432751,
1989-07-05,-0.0003637624022863,-0.0004391672337525,0.0137334006099968,
1989-07-06,0.0001967505438777,0.0010548883216419,-0.0096442522451066,
1989-07-07,0.0005418903567618,0.0019966589948189,-0.0017396758179683,
1989-07-10,0.0002164791808911,0.001357208436251,-0.0089643900548473,
1989-07-11,0.0018602468219663,1.666167107441084e-05,-0.0012338636758345,
1989-07-12,0.0001163760409087,0.0001736675385495,-0.0040647180067956,
1989-07-13,0.0002512590652119,0.0005530106212446,0.0040463209388361,
1989-07-14,0.0004598755253634,-0.0011047748066826,0.0040732827007697,
1989-07-17,-0.000100589186416,-0.0003661551154833,-0.0010829722064219,
1989-07-18,-0.0001897421158111,-0.0025778429210024,-0.000139699282977,
1989-07-19,0.0012813520747153,0.0017293901522535,-0.0018785888046089,
1989-07-20,7.721887315866429e-06,0.0026901672697273,0.0055212602825478,
1989-07-21,-0.0003941681181211,-0.0023699772231665,-0.0038804755506098,
1989-07-24,-0.0006938121762179,0.0003952264440431,-0.0162584419938661,
1989-07-25,0.0006006339151021,0.0013394886970747,-0.0034105208266294,
1989-07-26,-0.0002313036726397,0.0004379714494875,-0.0021114384150169,
1989-07-27,0.0006429192422237,0.003498353515909,-0.0004847200520951,
1989-07-28,0.0008093511495775,0.0018878824293348,-0.006783648595525,
1989-07-31,1.470458376102849e-05,0.0044279915155116,0.0014247973519178,
1989-08-01,-4.455015991559918e-05,0.0020365007985241,-0.0037048195167967,
1989-08-02,0.0001806335690943,-0.0005379644154055,0.0015906077938185,
1989-08-03,-0.0002839361850528,-0.0004023580948432,-0.0018678670877454,
1989-08-04,0.0003082690877415,-0.0058019824354631,-0.0022834023606417,
1989-08-07,-0.0002539181077066,-0.0016525351901532,-8.999509839531874e-05,
1989-08-08,0.0009206645192349,0.0005079394138265,0.0010518892546557,
1989-08-09,0.0003540957343613,0.0004129462938829,0.0030557172484982,
1989-08-10,-0.0006428965296154,-0.0002352824486531,0.0061328920227762,
1989-08-11,0.0002997161361153,-0.0026298569870138,0.0028869777927763,
1989-08-14,-0.0002717016748836,-0.0054657751438072,-0.006446703519783,
1989-08-15,-0.0001573078449841,0.0012496407814392,0.0061831127146138,
1989-08-16,0.0002051799363882,0.0028398486486486,0.0019119356104551,
1989-08-17,0.0002348399403142,-0.0015595768569526,-0.0004257531093877,
1989-08-18,-3.954977785627494e-05,0.0004421286089058,-3.967293366663249e-05,
1989-08-21,4.45459043153096e-05,-0.0018086013922044,0.0039957344581629,
1989-08-22,-0.0002849818309023,-0.0023637794869099,0.0038752898932212,
1989-08-23,0.0002011628214496,0.000720820777623,0.0001018168307671,
1989-08-24,0.0003904785578208,0.0011986814976537,-0.0034839943519032,
1989-08-25,0.0007330714174238,-0.0004632322646466,-0.0046184406043621,
1989-08-28,-0.0001537821888412,-0.0022106154956134,0.0004488315021927,
1989-08-29,-0.0003398513125746,0.0006644401894536,0.0044043636207836,
1989-08-30,0.000241202933958,0.0008109304434082,0.0016000797842034,
1989-08-31,0.0003096658852325,-0.0015600664317631,0.0044365257317788,
1989-09-01,0.000333259368797,0.0030300366040923,-0.0016435155106699,
1989-09-04,0.0004570647450659,-0.0006736459306464,0.0017702440750503,
1989-09-05,6.449925709374982e-05,-0.0020531542399147,0.0007123900219897,
1989-09-06,-0.0004973305410863,-0.0014049287536984,0.006863388943157,
1989-09-07,0.0007650974898711,-0.0003567406235247,0.0019026615608998,
1989-09-08,0.0001469237533612,0.0002211640023266,0.0037655785885496,
1989-09-11,-0.0005857079314773,-0.0001141293516015,0.0009029304813759,
1989-09-12,0.0001437866160091,0.0007035103292679,-0.0035906781678621,
1989-09-13,-0.000196832424965,-0.0011772651388932,-0.001098365461213,
1989-09-14,-0.0003414171327093,0.0015142288310631,-0.000786686596138,
1989-09-15,-0.0002144536687349,0.0010730291431144,0.0026884197539011,
1989-09-18,0.0002630486065084,-0.0010804617888361,-6.103651413970432e-05,
1989-09-19,-0.0001579999346032,0.0014066325509878,-0.0039384707405381,
1989-09-20,8.030938596321666e-05,-0.0022353144106987,0.0060231889287959,
1989-09-21,0.0002795502403564,-0.0015864135060831,0.0039124281290609,
1989-09-22,9.295940117563804e-05,-8.65718736821895e-05,-0.0060775353110646,
1989-09-25,-0.0002529691412621,-0.0016466183096724,0.0012436352606343,
1989-09-26,-0.0001579014297683,-0.0001551463311483,0.0011817725729752,
1989-09-27,-0.000138587586383,-0.0008279559937016,0.000248745765283,
1989-09-28,-0.000318756272141,0.0006042114791258,0.0076750235315032,
1989-09-29,-0.0007676441481293,-0.0002474731033593,0.0051109212675669,
1989-10-02,-0.000570681539967,-0.0001630867182895,0.0034655046732731,
1989-10-03,0.0008829038784162,0.0011741963904038,0.0003186962554488,
1989-10-04,-6.582533698610058e-05,0.0005000780906734,-0.0013104965030564,
1989-10-05,-6.89507260134699e-05,0.0026225660473431,-0.0054552334493627,
1989-10-06,0.000437611890229,0.003010626612663,-0.002231254624503,
1989-10-09,-0.0008131245917637,0.002899860401117,-0.0010494445196909,
1989-10-10,7.95350824321769e-06,-0.0023295029139031,0.0038358468867982,
1989-10-11,-0.0009992699658035,-0.0035770489867585,0.003879738764247,
1989-10-12,0.0004978844692353,0.0012814584779303,0.0062254216497598,
1989-10-13,-0.000210055506591,0.0028611992574399,0.0015927660777605,
1989-10-16,-0.0048195145559666,0.0033449992967099,-0.0024784205515986,
1989-10-17,0.0001000227579903,-0.0006400959217369,0.0052690618366441,
1989-10-18,0.0007515300561309,-0.0013464252662717,0.0006925309194225,
1989-10-19,0.0017811305085963,0.001432930866736,0.0008667736160703,
1989-10-20,-0.0005596383591391,-0.0009881411410671,-0.0037160644862884,
1989-10-23,0.0008211177155022,0.0015251122094976,-0.0065783301770377,
1989-10-24,-0.001762847164993,0.0019293536822925,-0.0009687201858703,
1989-10-25,0.0004181247044839,0.0008544084463673,0.0013429535075894,
1989-10-26,-0.0006542667809243,-0.0013886333610953,-0.0067091658174519,
1989-10-27,-0.0021581943288815,-0.0026039586591032,0.003744065827033,
1989-10-30,0.0014136458668774,0.0004155408284946,0.0018825520500312,
1989-10-31,0.0007794742083675,1.9531075245323223e-05,0.001528038087208,
1989-11-01,0.0007595985772226,0.0006697390576045,0.0065564971188034,
1989-11-02,-0.0006359361639158,-7.722445811647832e-05,0.0022845435428985,
1989-11-03,0.0003917759142131,-0.0020135871478701,-6.605007459243223e-05,
1989-11-06,-0.0002743563125373,-0.0028077954075484,0.000996137740985,
1989-11-07,-0.0001367809987868,0.0032988818232541,0.0007115878661063,
1989-11-08,0.0009787360290962,0.0024967022526152,-0.0022188227806528,
1989-11-09,0.0004496357136161,-0.0014359176550243,0.0026895945062391,
1989-11-10,0.0004026698772745,-0.0002861089821615,0.0006316496946704,
1989-11-13,-0.0001963689018942,-0.0004911243400297,-0.0023421044802318,
1989-11-14,1.1153494752983163e-05,0.0008859186283837,-0.0001246476357558,
1989-11-15,-0.0004087166754671,0.0022699813169634,-0.0002531340754758,
1989-11-16,0.0003030055323366,-8.789711290990357e-05,0.0039192031459435,
1989-11-17,0.0005172850277468,-0.0025318931073527,0.0034622554760204,
1989-11-20,-0.0010613737573523,-0.0005863264969116,0.0018178954055718,
1989-11-21,0.0001677909199197,0.0005430599447346,-4.1843973876944216e-05,
1989-11-22,0.0004288567519448,0.0016590087311855,0.0011320671464916,
1989-11-23,0.0007598285965874,0.0003426239880092,-0.0016463660865027,
1989-11-24,0.0002563401814388,0.0014557777057276,0.0018970019988518,
1989-11-27,2.3715527626525125e-06,-0.0023737451196756,-0.0053953265931933,
1989-11-28,0.0005054184960341,-0.0011030141672855,-0.0045173397782395,
1989-11-29,0.0003115640062374,-0.0011641232864839,-0.0012015669075054,
1989-11-30,0.0009567085296363,0.0015349119080416,0.0112968305123325,
1989-12-01,0.0009853223835302,0.0009715596409558,0.0046943496925377,
1989-12-04,0.0002960477383101,-0.0003067515520592,0.0015731589392277,
1989-12-05,0.0008199463793183,-2.1010213360461613e-05,0.0024616369782183,
1989-12-06,0.0006881598402156,-0.0011219251985066,0.0036592902190875,
1989-12-07,-3.357698430226431e-05,-0.0011822732940767,0.0023511034345646,
1989-12-08,0.0005825281011907,0.0023419827121342,0.0004857469171411,
1989-12-11,-0.0005095133304875,-0.0002309684697434,0.0067192296929489,
1989-12-12,0.00039355251932,0.0001052306117438,-0.001822330209564,
1989-12-13,0.0010554959103061,0.0007418419992481,-0.0001941499069254,
1989-12-14,-0.0001969885424662,0.0010224713011347,-0.0047344908247523,
1989-12-15,-0.0005573095043313,-0.0002783750990681,0.0059571933594995,
1989-12-18,0.0010575300614897,0.0012884231452583,0.0087178053913354,
1989-12-19,-0.0011455983253283,-0.0013086873990095,-0.0003247580581316,
1989-12-20,0.0009921877020986,-0.000158494123326,-0.0024509656767585,
1989-12-21,-0.0003380943597826,-0.0010594565526451,0.0036172823494735,
1989-12-22,-0.000247147194418,-0.0017501899316296,0.0010373564804699,
1989-12-25,0.0010759127773527,0.0003454241245136,,
1989-12-26,0.0004566761234816,-0.0043622501999502,0.0060408656473002,
1989-12-27,0.0007955490309412,-0.0001239773113764,0.0042855286730792,
1989-12-28,0.0001960977828343,0.0012659449508174,-0.0026283512311662,
1989-12-29,2.001990179674646e-06,-0.0006370731311289,0.0049935597418346,
1990-01-02,-0.0001177763649637,-0.0009959671568265,0.0094947954977708,
1990-01-03,0.0006310005585924,-0.0016127149637442,0.0159833857136776,
1990-01-04,-0.0006450368043663,-0.0010832862267479,-0.006761684991701,
1990-01-05,-0.0008593846656768,-0.0009100311280551,-0.0057463451763735,
1990-01-08,-0.0005063470164924,-0.0021693420938266,-0.0178740777397429,
1990-01-09,-0.0003913951149382,-0.0031621710626111,-0.0020957880512492,
1990-01-10,-0.0007305926523644,-0.0009636613927813,0.007395242528452,
1990-01-11,0.0007497918290273,-0.0008143886654327,0.0122176110784287,
1990-01-12,-0.0018704409067824,-0.0038602085764741,-0.005222251107095,
1990-01-15,-0.0003504126656126,-0.0029327292476026,-0.0124555639076934,
1990-01-16,-0.0025339126960757,-0.0045639204238158,-0.0010937850468066,
1990-01-17,0.0014448183293167,7.853747041470419e-05,-0.0074482451512191,
1990-01-18,-0.0020161158286092,-0.0072400479265334,0.005766616812147,
1990-01-19,0.0003068667608905,0.0034120397953098,0.0079820222278079,
1990-01-22,0.0001807249488417,-7.18909109301782e-05,-0.0065994494422287,
1990-01-23,-0.0006280891764241,0.001643957966761,-0.0050662840699137,
1990-01-24,-0.0019196488049033,-0.0049033790862486,-0.0002194911603294,
1990-01-25,0.0012370354371697,0.0014104421327955,0.0081394984738567,
1990-01-26,-3.797769323332851e-05,-0.002282591061139,0.0023504575822453,
1990-01-29,0.0010842778141953,0.0009405141623107,0.0052103666362936,
1990-01-30,-0.0003430975769561,-0.0022229553696655,-0.0056405226962836,
1990-01-31,6.324284704698263e-05,0.0017285164722516,0.0014429303813374,
1990-02-01,0.0003125160549659,0.0024523951616591,-0.0013856532685581,
1990-02-02,0.0013034127660353,-0.00264242751963,0.0068317170859254,
1990-02-05,-0.0001928500495362,-0.0027927184441169,-0.0093746564175817,
1990-02-06,-0.0004872830584931,-0.0011442976274078,0.0020535540885428,
1990-02-07,-0.0008785498404265,-0.000703243581715,0.0016062744305031,
1990-02-08,0.0009027597783951,0.001041358265301,-0.0017189293876566,
1990-02-09,-0.0008995380193274,0.0058896950907459,0.0005115320250701,
1990-02-12,-0.0011017496232034,-0.0032191376411378,0.0061122015319618,
1990-02-13,-0.000579914187854,0.0012627211682916,0.0018091270070074,
1990-02-14,0.0006128980776551,-0.0014813838734536,0.0028576621011339,
1990-02-15,0.0010542775404138,-0.0035945125312657,0.0075414468897977,
1990-02-16,0.0003390186824385,-0.0010387390910106,-0.0040203865987337,
1990-02-19,-0.0018181352557428,-0.0014813129544912,-0.0022527325265377,
1990-02-20,-0.0009069839348338,-0.0080614515037676,-0.00044673990229,
1990-02-21,-0.0026260487251531,0.0018264950976899,-0.0028042019449609,
1990-02-22,0.000435283110537,0.0040887979233547,0.001161748620325,
1990-02-23,-0.0031524299790911,-0.0014678340351217,-0.0027793630489625,
1990-02-26,-0.0017647779402172,0.0019376462282165,0.0056223173927663,
1990-02-27,0.0015857437750465,0.0018025527469013,-0.0044559066038822,
1990-02-28,0.0011085921375248,-0.0053081061309877,0.000905396830267,
1990-03-01,-0.001977413459828,-0.0039868994366242,-0.0064452853743361,
1990-03-02,0.0009874516433152,-4.628969817108128e-05,0.0037779294389985,
1990-03-05,-0.0006065432212219,-0.0041438892645115,0.0082696424937639,
1990-03-06,-0.0004440530294552,0.0023194899168699,-0.004483238134944,
1990-03-07,-0.0006903559928378,-0.00070121577415,-0.0035508535114126,
1990-03-08,0.0025698299112622,0.0009381687330848,-0.0021523998265349,
1990-03-09,-0.0004986962273986,-0.0040801963355505,-0.0070333865180102,
1990-03-12,-0.0014962638860136,-5.847190188689315e-06,-0.0040203181402864,
1990-03-13,-0.0014436452310901,-0.004599935096852,-0.001693932304976,
1990-03-14,0.000554044287985,0.0032222596795016,-0.0022498059339371,
1990-03-15,0.001007741569396,-0.0004938701650526,0.0089060092958305,
1990-03-16,0.0006148511871493,0.0042066465589711,-0.0053091396211413,
1990-03-19,-0.0036377620808527,-0.0014049131608096,-0.0037382835293084,
1990-03-20,-0.0006254945684618,0.0026446560126245,-0.0030831158257686,
1990-03-21,0.0002995239547786,-0.0016373143021796,0.0017157834211363,
1990-03-22,-0.0024873192084767,0.0008801649272176,0.001175341615819,
1990-03-23,0.0022315517568706,0.0016364880791723,0.0034461772296175,
1990-03-26,0.0034202220505341,0.001875130672273,-0.0014590626612286,
1990-03-27,-0.0010628399725724,-0.0031023698749803,0.000400148418666,
1990-03-28,-0.0006164876841304,-8.125477860016293e-05,-0.0054790458134766,
1990-03-29,-0.0007200959569155,-0.0012107151050285,0.0017164871688291,
1990-03-30,-0.0028199793453232,-0.003941672309103,0.0040426766557903,
1990-04-02,-0.003257623959654,0.000288540356244,0.005039377601823,
1990-04-03,0.0027108679011279,0.0017221331440684,-9.341342024097102e-05,
1990-04-04,-0.0019968542280786,0.003370507446393,-0.0035336474145837,
1990-04-05,0.0009763807927996,0.000402193140458,-0.0074928974582256,
1990-04-06,0.0020236320688739,-0.0011095400279273,-0.0011683090542233,
1990-04-09,0.0022912839927539,-0.0005790896503033,-0.0113600420786596,
1990-04-10,-0.0021747257048683,-0.0013489827099858,-0.0107093895825573,
1990-04-11,0.000433107781085,-0.001837893990868,0.0060106644945678,
1990-04-12,0.0001414810013178,-0.0003653298953078,-0.0046509179394645,
1990-04-13,-0.0009610273972602,-0.000468090918792,,
1990-04-16,-0.0011274721845318,-0.0015700011516882,0.003313504647304,
1990-04-17,-3.9693785842517e-05,-0.0036046186201505,-0.0018949412895867,
1990-04-18,0.0015569180355263,-0.0033971052560395,-0.0075012332433232,
1990-04-19,0.0008342416165613,0.0003205353404072,0.0162907373360492,
1990-04-20,0.0003432340475436,-0.0021050791181367,0.0009089707644667,
1990-04-23,-0.0021159307342042,-0.0011999373343661,0.0052626602122269,
1990-04-24,0.0004541418719825,-0.0013397344674328,-0.0036954675343768,
1990-04-25,-0.0008173685006304,-0.0008296074622567,-0.0044618322705003,
1990-04-26,-0.000391073736103,-0.001510404114289,-9.06248226320962e-07,
1990-04-27,-0.0006725299256159,-0.0009799413490898,0.0024999135330663,
1990-04-30,-0.000377907866011,0.0005626705404062,0.0010629065412467,
1990-05-01,0.0007378094596524,-0.0011277884989343,0.0063701417349772,
1990-05-02,0.0012257876503503,-0.0002047346749159,-0.0019364360984928,
1990-05-03,0.0007365635043355,0.0018657029760338,-0.0119740630495829,
1990-05-04,0.0004553930990013,0.009049471525128,-0.0025345171303941,
1990-05-07,0.0018735477194696,0.0006008432014254,0.0052388222509671,
1990-05-08,0.0003806379124653,0.0014862865068953,0.0024805358515794,
1990-05-09,-0.0005216441849445,-0.0034073927670213,0.0107535098671112,
1990-05-10,0.0003222098722951,0.004111633482726,0.0008461054892317,
1990-05-11,0.0013674870775049,0.0084374414907379,-0.0069005836571267,
1990-05-14,0.0011950904364617,0.0026058605532267,0.0089802338840401,
1990-05-15,-0.0007227146208324,-0.0013666057456596,-0.0034834484603709,
1990-05-16,0.0001358720922574,-0.0012496599757315,-0.0040179953126509,
1990-05-17,0.0023696830758298,0.0007417728640381,0.0029600590570913,
1990-05-18,-0.0008480469469595,-0.0024343182372603,-0.0027943516644648,
1990-05-21,-0.0006058866593957,-0.0008448746245204,-0.0069191346799563,
1990-05-22,0.0020176461000002,0.0034933552290005,-0.0027565734785141,
1990-05-23,-0.0003074443654772,0.0005776751234142,-0.0130489554578729,
1990-05-24,0.0003416097972203,0.000535123492163,-0.0019612542085123,
1990-05-25,0.0003548573651703,-0.0014860726236242,-0.0007983618626733,
1990-05-28,0.0008472095207304,0.0007350117376895,,
1990-05-29,-0.0007200350085985,0.0002980722084549,0.0018674669896559,
1990-05-30,0.0015529178066618,0.0020513146928632,0.0004830875279405,
1990-05-31,-2.2243179794832773e-07,0.0007128675440456,-0.0154421406905312,
1990-06-01,-0.0002191180912456,0.0054825776016686,0.0028146313978533,
1990-06-04,0.0006595174295273,0.0009710596193086,-0.0086861815544183,
1990-06-05,-0.0004049003182391,-0.0021297524535053,-0.0057460040114416,
1990-06-06,-0.0005227274329199,-0.0005438622019346,0.0002904335686367,
1990-06-07,0.0005940639640913,0.0005056187664491,-0.0006137580645022,
1990-06-08,-0.0009962299906577,-0.0007062895739963,0.0009274033647047,
1990-06-11,-0.0018338709896071,-0.0015814541194779,-0.0014808408440631,
1990-06-12,0.0006446974181148,0.0006466531685621,0.0140021879239303,
1990-06-13,0.0012174723874358,0.0034301818557698,-0.000514692392168,
1990-06-14,0.0007919513670863,0.0028727005633154,-0.0074231984876256,
1990-06-15,-0.0010657067482684,-0.0039948327622111,-0.0098474590236286,
1990-06-18,-0.0013009720935926,-0.0026698027117591,-0.0082944607131891,
1990-06-19,-0.000373458509542,-0.0007252259143002,-0.002267889994257,
1990-06-20,0.0006457174660996,-0.000628844448541,-0.0017187101721039,
1990-06-21,-0.0006189838976173,0.0005488883536246,0.0002520163236458,
1990-06-22,-0.0003106038359334,0.0004320934089221,0.0065829707834087,
1990-06-25,-0.0007858123760488,-0.003604285437692,0.0023909989177487,
1990-06-26,0.0016609527368937,0.002091502439066,-0.0066146295801079,
1990-06-27,-0.0001387957371553,0.0012823047320139,-0.007564808616042,
1990-06-28,-0.0001356490591836,0.0010456373678567,0.0123801634087076,
1990-06-29,-8.450478680105655e-05,0.0005294197748191,0.0006163647592154,
1990-07-02,0.000634657599842,-0.0005446249720421,-0.0025193402683451,
1990-07-03,0.000188337589365,0.0008367075384979,0.003888990782411,
1990-07-04,-0.0002450139377999,0.0013341673538116,-0.0002798342307943,
1990-07-05,-0.0008798340248853,-0.0018104436440959,-0.0068568850986008,
1990-07-06,0.0007951478011455,-0.0026563318161108,-0.0065729573565341,
1990-07-09,-0.0004624462456423,-0.0024216961574542,0.0016009864728384,
1990-07-10,-0.0012722535327424,-0.001148525423282,0.0048535113838642,
1990-07-11,0.0013655784216553,0.0017280908184108,0.0093335493318763,
1990-07-12,0.0002308057173701,0.0017451258102834,0.0202089562855301,
1990-07-13,0.0011380352122961,0.0025568860121236,0.0078650550188882,
1990-07-16,0.0016200133137803,0.0012436987248891,0.0104701974416339,
1990-07-17,-7.157195961535485e-05,-0.0005750849141268,-0.0058852184604275,
1990-07-18,8.841128876673756e-05,-0.002789123138546,0.0010964019668472,
1990-07-19,-0.0008578713799216,-0.0009570074430659,0.0022215704717028,
1990-07-20,-0.0006220859405696,0.0008720573554399,-0.0048402867563766,
1990-07-23,-0.0026903026515021,-0.0008747856822725,0.0072189009933462,
1990-07-24,-0.0005085691958174,-0.0023552355866322,-0.0006774092032707,
1990-07-25,0.0006429088272637,0.0017259609594461,-0.001181724064759,
1990-07-26,-0.0018999815827884,2.070550094407075e-05,0.0019701899191063,
1990-07-27,-0.0019444578859809,0.0017961676268614,-0.0008530465789491,
1990-07-30,-0.0008806208168987,0.0027059200780417,0.0016224721715817,
1990-07-31,0.0022492635356563,-0.0005109184931475,0.0045124069167203,
1990-08-01,-0.0015534317790881,0.003810406360135,0.0118449663417417,
1990-08-02,-0.0028514492355557,-0.005000172730263,0.029532262162232,
1990-08-03,-0.0031627655277645,-0.0039547300066867,0.0271401367045853,
1990-08-06,-0.0059279347703367,-0.0134720589141932,0.0408532814204275,
1990-08-07,-0.0009904569184445,-0.0036682345324724,0.0045526100611372,
1990-08-08,0.0010057381096573,0.0021824805906035,-0.0291067009662436,
1990-08-09,-0.0008037589789159,0.0028474476558142,-0.0028773713476598,
1990-08-10,-0.0022272992960584,-4.124870123412682e-05,0.0148959546367655,
1990-08-13,-0.0034609966603974,-0.0021789122749013,0.0051948710757454,
1990-08-14,0.0021995040586477,0.0018397448874199,-0.0005153571556516,
1990-08-15,0.0027196490778381,0.0029599056135869,-0.005283370108307,
1990-08-16,-0.0012195181647925,-0.0060080938916544,0.012383514766141,
1990-08-17,-0.0032523286418225,-0.0027474986732818,0.0220265151086308,
1990-08-20,-0.0029472287251324,-0.0005263727615481,0.0058648723589786,
1990-08-21,-0.0038577170670958,-0.0018799333366344,0.0070877276333654,
1990-08-22,-0.0011492740637838,-0.0030517171119426,0.0333574213944556,
1990-08-23,-0.0038655531653738,-0.0053308743667708,0.015192099251059,
1990-08-24,0.0005038936423175,-0.0015374253403707,-0.0149982016361173,
1990-08-27,0.0052453019505819,0.0064224297024339,-0.0298952954095456,
1990-08-28,0.0028281619599882,0.0004922797873459,-0.021154526970561,
1990-08-29,-0.0021716822124888,0.0014762028591944,-0.0300236468776745,
1990-08-30,0.0036115993923663,0.0016181262760086,0.0158530025848004,
1990-08-31,-0.0001757825040815,0.0009786030156997,0.0031558478675915,
1990-09-03,-0.0024406183728953,-0.0005374081036064,0.0134947255694835,
1990-09-04,-0.0015315157231745,-0.0016995493715285,0.0175946026603547,
1990-09-05,-0.0024594118514804,0.0007531345425317,0.0089060715541334,
1990-09-06,-0.0028371215584362,-0.0003034806488362,0.0201442277946244,
1990-09-07,0.0016216132644357,0.0008175892512064,-0.0206028265733588,
1990-09-10,0.0044201206458799,-0.0012902044386552,0.0073972038354723,
1990-09-11,-0.0016751215829819,-0.0005843206307801,-0.0076780874936239,
1990-09-12,0.0016658365204134,0.0011832192129928,0.0004601849638862,
1990-09-13,0.0003980817634256,-0.0001452684333703,0.0021687066537099,
1990-09-14,-0.003574197013914,-0.00274207419889,0.0128147128642957,
1990-09-17,-0.0021795714347419,-0.0027742271252711,0.0204000016456677,
1990-09-18,-0.0029246638795355,0.0001936979839361,0.0062481730319778,
1990-09-19,0.0009228788040888,0.000935006024611,-0.001670060502638,
1990-09-20,-0.0023294738103287,-0.0005702470496465,0.0095267738164457,
1990-09-21,-0.0006254774882929,-0.0031116171284944,0.0234923292642186,
1990-09-24,-0.0021750143928795,-0.0025237391815646,0.0412671915223632,
1990-09-25,-0.0002432931114097,0.0002332970328904,-0.006455382760024,
1990-09-26,-0.0022399050367468,-0.000861608446191,0.00941359551617,
1990-09-27,-0.0008545927708174,0.0035913292756132,0.0081726161481007,
1990-09-28,-0.0038186327745874,0.0036580066112936,0.0027908228207437,
1990-10-01,0.0011345002584582,0.0059800719692473,-0.0293417990878445,
1990-10-02,0.0092748133875852,0.0037215507331721,-0.0304503834847846,
1990-10-03,-0.0009273860441827,-0.0010688111501329,0.0208288479699287,
1990-10-04,-0.0010587640978428,0.0011223332795707,-0.0015996021394342,
1990-10-05,0.0040688927572412,0.0028947395896505,0.0134987559103374,
1990-10-08,0.0045056104720893,0.0006204040861111,0.0147924007418033,
1990-10-09,-0.0032057176322881,-0.0056799147897879,0.0134505238462124,
1990-10-10,-0.0006182431123834,-0.00150647755898,-0.0192889775418756,
1990-10-11,-0.0023250520312113,-0.0031298617635611,0.00937107460092,
1990-10-12,0.0003015326685946,0.0039370923819435,-0.006071558844367,
1990-10-15,0.0029442635701513,0.0012105592389613,-0.0226772514765389,
1990-10-16,0.0012192127252021,0.0011272393347986,0.0058984765798066,
1990-10-17,-0.0001648325225364,0.0027421039301911,-0.0170021374010714,
1990-10-18,0.0022622523472799,0.0017352457442659,-0.0081094809699567,
1990-10-19,0.0004764857014761,0.0028566264946693,-0.0280855637142408,
1990-10-22,0.0021600859223043,0.0006815042364287,-0.0454406862330054,
1990-10-23,0.0012964937527369,-0.0002752402147234,0.0156648054717663,
1990-10-24,-0.0014440382539076,-0.0010292551106654,0.0176493392558357,
1990-10-25,0.000395979402902,0.0018719605485,0.0372757573149525,
1990-10-26,-0.0021491014855543,-0.0015864709155759,-0.0142630923970804,
1990-10-29,0.0009252774087736,-0.0003133392264135,0.0183873601488725,
1990-10-30,-0.0014711963856034,-0.0002008430648244,-0.000163888911601,
1990-10-31,0.001295166859873,0.0022115707975151,-0.0020553191673045,
1990-11-01,-0.0034338288603831,0.0016010106583557,0.000161906669151,
1990-11-02,-8.871552440976594e-05,0.0007163976873978,-0.0107746197452826,
1990-11-05,0.0010446570191918,0.003465255422335,-0.0156971723468954,
1990-11-06,-0.0015587857852492,-0.0007819076887834,0.0040885109171797,
1990-11-07,-0.0017761512203881,-0.0022788425121829,0.0260170691160332,
1990-11-08,-0.0031221516866047,-0.0013196188872676,0.0090502683933764,
1990-11-09,0.0001715850058038,0.0034022976612431,-0.0182412045587257,
1990-11-12,0.0015455014222591,0.0032792663294834,-0.0175677423226724,
1990-11-13,0.0024920278584368,0.0015362181085196,0.0087142144945143,
1990-11-14,-0.0003291354478607,-8.040906704774802e-05,-0.014346807411802,
1990-11-15,-0.0005880836521927,-0.0001443221399557,-0.0082989004135167,
1990-11-16,-0.0001455301827259,0.0028574248000599,-0.0152956153262098,
1990-11-19,0.0023074262374469,0.0002261950570114,0.015415121690261,
1990-11-20,-0.0007471112992582,0.001592572196799,-0.0231162650410877,
1990-11-21,-0.0007749508080448,0.0031002350609305,0.0065783178659057,
1990-11-22,0.0018935408165665,0.0014336029459835,0.0073100082772916,
1990-11-23,0.000635737667401,-0.0003684728268565,0.0214227584418364,
1990-11-26,-0.0010839036791496,0.0031539637617542,0.016699918447694,
1990-11-27,-0.0005061865672093,-0.0023028458868439,-0.0055429582532176,
1990-11-28,-0.0023198612788349,-0.0011862887731178,0.0011602769847038,
1990-11-29,-0.0012286641470794,-0.0007940794899498,-0.0019771659087061,
1990-11-30,0.0003110914673946,0.0027990918640544,-0.0407178276603144,
1990-12-03,0.002647105002492,0.0022780431939884,0.0046937914589953,
1990-12-04,-0.0032318211392354,0.0002779259484704,0.0099157785469831,
1990-12-05,0.0020920584966398,0.0027341458369664,-0.0406341745238962,
1990-12-06,0.0028666878263934,-0.0014246616881181,-0.0212471103420582,
1990-12-07,0.0030963345591793,0.0063897362509066,0.002405802255054,
1990-12-10,-0.0010088730352387,0.0029005802689797,0.010724697654636,
1990-12-11,0.0003408521636317,0.0027416666485699,-0.0150353275849166,
1990-12-12,0.0008595914687395,0.0002596148890776,-0.0180471558075547,
1990-12-13,0.0005636761068098,-0.0018664219217682,0.0100924742286635,
1990-12-14,-0.0008214110317107,-0.0032246751867579,0.0042782157640333,
1990-12-17,-0.0021082127270776,0.0013784630859181,0.0004619013043029,
1990-12-18,0.0008819275019709,0.0016756554272734,-0.0004954099959456,
1990-12-19,0.0011311764989656,-9.032769684608636e-05,-0.0030620559507478,
1990-12-20,-0.0033960793058299,-0.0033458090559678,-0.0034572916140783,
1990-12-21,-0.0002108215793258,-0.0024054890863521,-0.0037871388101115,
1990-12-24,-0.0002023557739899,-0.0040616353722511,0.0097327351620425,
1990-12-25,-0.0012381404358353,-0.0006808916929547,,
1990-12-26,0.0003864557161047,0.0029209548680513,0.0130700263800267,
1990-12-27,-0.0001816223248305,0.0019773951779943,-0.0084889294255738,
1990-12-28,-0.0016011556669105,-0.0021339196740295,0.0071748157488019,
1990-12-31,-0.0007558679495992,0.0020004416250209,0.012418027725581,
1991-01-02,-0.0006706757158505,0.0044572677404443,-0.0365621931402504,
1991-01-03,0.000563039198716,0.0022876725863151,-0.0223454510718052,
1991-01-04,0.0023891845351566,0.0002027956781903,-0.0162607458816227,
1991-01-07,-0.0037072604288228,-0.0046255412077492,0.0521967735116377,
1991-01-08,-0.0023041507290135,-0.0027934476128489,-0.0134649899244471,
1991-01-09,0.0027026282670891,-0.0022853955205581,-0.0061732782049101,
1991-01-10,-0.0016749787949442,0.0036992736251901,0.0059137512678017,
1991-01-11,0.0002804220007311,0.0005600890612536,-0.00719436891862,
1991-01-14,-0.0034906912167199,-0.0032283601747242,0.0533236832764299,
1991-01-15,0.0001496875031616,0.0004698521501831,-0.0027950440355722,
1991-01-16,-0.0024249107573441,-0.0013039396243357,0.0174602134928451,
1991-01-17,0.0090321483791945,0.010583966255039,-0.1247397198492369,
1991-01-18,0.0008637200304609,0.0011615632032519,-0.0356539095130569,
1991-01-21,-0.002219318204712,-0.0013537236349499,0.0229350366951657,
1991-01-22,-0.0007402671659725,-0.0009813353483354,0.0256816007232931,
1991-01-23,-0.0013416828647783,0.0009985050358983,-0.0071521909796133,
1991-01-24,0.0020431455778456,0.002050261778705,-0.0091452667613315,
1991-01-25,0.0009389979038915,-0.0015621191044908,-0.0019787867498603,
1991-01-28,6.163860680590021e-05,0.0002012700634087,-0.0059482558023099,
1991-01-29,-0.0003807724461438,0.0013223462632278,0.0111335871680054,
1991-01-30,0.001851248585156,-0.0004704947494209,-0.011939510046568,
1991-01-31,-0.000303485759065,0.0005138822083999,0.006608079101164,
1991-02-01,-2.1061773102328907e-05,0.004172219868655,-0.0027419754841696,
1991-02-04,0.0007994423032005,0.0009071366358868,-0.0033814587329318,
1991-02-05,0.0026586443168344,0.0021244796190626,-0.0042604457003837,
1991-02-06,-0.0004222017913432,0.0009443817142796,0.0102907344621293,
1991-02-07,0.0019071321053612,-0.0010177940759695,-0.0075420241072049,
1991-02-08,0.0012319231672209,0.0025342423940175,0.0046940911938392,
1991-02-11,0.0009801068775516,-0.0001955417702134,0.0082852320710222,
1991-02-12,0.0012298891722582,0.0006396331590212,0.0026246351019352,
1991-02-13,0.0009219030059071,0.0001130064089774,-0.0051805309757797,
1991-02-14,0.0010458914284161,-0.0003289084863576,-0.0053093630795963,
1991-02-15,0.0011666295484347,0.0008931892595036,-0.0304706452665343,
1991-02-18,0.0038789242076188,0.001302406181277,-0.0067981954059591,
1991-02-19,0.0003964978392406,-0.0017620473203841,0.0025038059217498,
1991-02-20,-0.001046018632911,-0.0015653844150556,0.010578067607081,
1991-02-21,0.0002370749603435,-0.0015663983015914,-0.0182134653763901,
1991-02-22,0.000131601257906,-0.0012725979693245,-0.0069768421123182,
1991-02-25,0.0019716041009827,0.0006305189270827,0.0057997588663274,
1991-02-26,-0.001565105800161,-0.0030526446178279,0.0073926868881726,
1991-02-27,0.0006595080393318,-0.0009529069384991,0.0085789166866242,
1991-02-28,0.0009164405683088,-0.0026408943177029,0.0136476362548865,
1991-03-01,-0.001764049909041,-0.0057791426195458,0.0046303335941767,
1991-03-04,0.0010037099061417,-0.0006168031195732,0.0173150846994842,
1991-03-05,0.0017020147714492,0.0016401221698833,0.0019644431957125,
1991-03-06,0.0026950105105817,-0.0003461928443339,-0.0080442655788535,
1991-03-07,-0.0007166648292853,0.0016809774970004,-0.0069291522657777,
1991-03-08,0.0005335353309769,-0.0017719000255078,-0.0014478556561224,
1991-03-11,-0.0006484932382946,0.0017271004557478,-0.0126753233698047,
1991-03-12,0.0001790119615669,0.0002415695762446,0.0118048108491065,
1991-03-13,-0.0013836758386808,0.0007346671893497,0.0158822493315447,
1991-03-14,0.0023911657605638,0.0008863407522105,-0.0083298934704216,
1991-03-15,0.0003262945954011,-0.0028176587049829,-0.0111206284106786,
1991-03-18,-0.0002681239318055,-0.0018462268354937,-0.0041625639530283,
1991-03-19,-0.0015968357743833,-0.0039606941170055,0.0149973433978482,
1991-03-20,-0.0013281157724804,0.0019407371182739,-6.852666555557367e-05,
1991-03-21,0.0008752330460569,0.0021439132871582,0.0097542237698194,
1991-03-22,-0.0002492665208186,0.0009098343169336,-0.0046365547081688,
1991-03-25,-0.0004730688172968,0.0001981003685671,-0.0092215555810312,
1991-03-26,-0.0010059873313433,-0.0003012664950684,0.0024682526530963,
1991-03-27,0.0004051573858438,0.0014852526277866,-0.0031854848509073,
1991-03-28,0.0007274895734605,0.002098779779093,0.0066799357949633,
1991-03-29,-0.0005262791916167,0.0003266472060049,,
1991-04-01,-0.0003135649056603,-0.0011123970558124,0.0033723552026544,
1991-04-02,0.0018568615373525,0.0008815723394136,0.0034199901995991,
1991-04-03,0.0028974413969839,0.000734109013114,-0.002469825728171,
1991-04-04,-0.0007784037893342,0.0017610339520587,0.0047131196042816,
1991-04-05,0.0015639066339958,0.0002822371434719,1.5880324419252222e-05,
1991-04-08,-0.0014903477509718,0.0010415825918939,0.0047466546640795,
1991-04-09,-0.0008154715317712,-0.0020836328483627,-0.0013504562641281,
1991-04-10,-0.0006519815950602,-0.0029756370764717,0.0088843701884641,
1991-04-11,-0.000147027655009,-0.0003706857292317,-0.0038269516192638,
1991-04-12,0.0010968420643134,0.0036752963653807,0.009101063450184,
1991-04-15,0.0009218385339599,0.0011963550062908,0.0083911614401151,
1991-04-16,-0.0006975758700674,0.0009576811158461,-0.0038506261121799,
1991-04-17,0.0016477563445115,0.0006274813485729,0.0004611864152925,
1991-04-18,-0.0012991628829593,-0.0029352048478262,-0.0097304319479243,
1991-04-19,-0.0013440471648521,-0.0025758995926005,0.0014474953991256,
1991-04-22,-0.0022492976114681,-0.0024328260657446,0.006242124226199,
1991-04-23,0.0013633907404474,0.001374477909658,-0.0021008191381795,
1991-04-24,-0.0006730806635756,0.0019353689825201,-0.0016103131436662,
1991-04-25,-0.0006048294026747,-0.0002777332902155,0.0014131683722783,
1991-04-26,0.0001991326408294,0.0003421476455467,-0.0016893705698758,
1991-04-29,0.0009617664189375,-0.0002646435027189,-0.0023812644908841,
1991-04-30,-0.0014091265408075,0.001592078000632,-0.0043553809315815,
1991-05-01,0.0017025865125215,0.0017314460592399,0.0033478254307929,
1991-05-02,0.0016607556679658,0.0013113073881756,-0.0016397918629081,
1991-05-03,-0.000189740185247,-0.0026521678463607,0.0019557203022856,
1991-05-06,-0.0003198227286114,-0.0004551224828587,0.003874814948456,
1991-05-07,0.0001689980313121,-0.0001288576408065,0.00221744530953,
1991-05-08,-0.0007508340376338,-0.0001091185013436,6.641040999562234e-05,
1991-05-09,0.000225053710834,0.0003315267102941,0.0048915954741367,
1991-05-10,0.0003789629477288,-0.00381138220257,-0.0112290856063505,
1991-05-13,-0.0016563942121495,0.0017600123567144,-0.0017653424478222,
1991-05-14,-0.0016504836468986,-0.0029692769027658,-0.0024520685469538,
1991-05-15,-0.0005365284736522,0.0006854764785605,0.0049720294224357,
1991-05-16,0.0002268175650965,0.0008623139925785,-0.0016988571300605,
1991-05-17,6.755665732235163e-05,0.0016278758635788,0.0015306633543807,
1991-05-20,-0.0005802938863122,-0.0006418787993772,-9.0094634316609e-05,
1991-05-21,0.0009781592883853,0.0023108683317254,-0.0019956600630873,
1991-05-22,-0.0007603899238305,-0.0007281791362137,-0.0043102866475541,
1991-05-23,0.000883902950301,-0.0013275058321967,0.003466587158127,
1991-05-24,-0.0005819611934598,-1.1607617085552955e-05,0.0005283949423676,
1991-05-27,-0.0007134934176968,-0.0002641835969668,,
1991-05-28,0.000595762242766,0.0015773145043926,0.0023575685833623,
1991-05-29,0.0006932590848131,-8.189783984972892e-05,-0.0030614874897755,
1991-05-30,0.0004345892882177,0.0017286060118592,0.0026443424539065,
1991-05-31,0.0017302511768965,-0.0017392329609652,-0.0030903413185643,
1991-06-03,-0.0007100240697079,-0.0032049851830904,0.002132909991776,
1991-06-04,-0.000935787959671,-0.0004330178135446,-0.0041132476985179,
1991-06-05,0.0004194981567814,-0.0016486594495112,-0.006820486052319,
1991-06-06,-0.0006771385459431,-0.0017041218198998,-0.0036255986302255,
1991-06-07,-0.0006908625611014,-0.0024814027114755,-0.0013809242980593,
1991-06-10,-0.0012383912941711,-0.0009420346831069,-0.0085679912519032,
1991-06-11,0.0016939081868759,-0.0003820952085084,-0.0002443660074815,
1991-06-12,-0.0017268411037554,-0.0028995626449528,-0.0009102517762313,
1991-06-13,0.0003199084961846,0.0007382713721394,-0.0037375102672762,
1991-06-14,0.0011080227557031,0.0011738626870534,-0.0015356402303558,
1991-06-17,-0.0008938944115613,-0.0002870336903414,-0.0025259074113433,
1991-06-18,-0.0007775255399286,-0.0005730093577238,-0.0017619954352481,
1991-06-19,-0.0031119866606286,-0.0006135702823665,-0.0065378568168518,
1991-06-20,6.024476598549353e-05,0.0022817076359196,0.0038784047062374,
1991-06-21,0.0012896511868746,-0.0006793803654664,-0.0064149059966339,
1991-06-24,-0.0033346633823934,-0.0010708948471312,-0.0137680916354765,
1991-06-25,0.0007890640806083,-0.0001514684862367,0.0022588755222552,
1991-06-26,-0.0017340099772375,3.747840045975818e-05,0.0024241765732636,
1991-06-27,-0.0002536030694696,0.0005920847276343,0.0090902167269708,
1991-06-28,-0.0021006227199523,0.0031182644675818,0.0004996356779784,
1991-07-01,0.0038847803520706,0.0009135359084882,0.0028259450854084,
1991-07-02,-0.0009685793366896,-0.0002231257359737,-0.001544994972765,
1991-07-03,-0.0021398586675391,0.0009057427298292,-0.0011452269163109,
1991-07-04,0.0001044528175083,0.000533417895828,-0.0005519532830895,
1991-07-05,-0.0002325215183925,-0.0031276276747942,-0.0009821990153443,
1991-07-08,-0.0030094710503616,0.0001466730721034,0.0040946213549002,
1991-07-09,0.0022258507425695,-0.0004027800012761,-0.0009587419513885,
1991-07-10,0.002314497953572,0.0005419801334101,0.0040286959809651,
1991-07-11,-0.000575861781366,0.0020858087222259,-0.0031595084094726,
1991-07-12,0.0006366188338157,0.0019118567713469,0.0120031712402201,
1991-07-15,0.0022359234506421,0.0005626080714512,-0.0013447846955905,
1991-07-16,-0.0009182498640289,-0.0005541254483142,0.0151028665604221,
1991-07-17,-0.0003007799306507,-0.0008197975704784,0.0099006052923233,
1991-07-18,-0.0012324083707819,-0.0002880268726396,-0.0037669275517466,
1991-07-19,0.0004041082185329,0.0009317097832681,0.0040947467180405,
1991-07-22,-0.0002708257825305,0.0002838957310697,-0.0048972324078891,
1991-07-23,0.0012138538177925,-0.0012115820205529,-0.0085428472731965,
1991-07-24,0.0009708665268334,0.0034851799031761,-0.0014837650469818,
1991-07-25,-0.0004720039154697,0.0018895009426439,0.0038940491071299,
1991-07-26,0.0005641478901454,0.0007474243268883,0.003324530915984,
1991-07-29,-0.0002542919780356,-0.0005725598144433,0.0021732184575771,
1991-07-30,0.0012544279444839,0.0008166585604735,0.0006123995762812,
1991-07-31,0.0002397618930776,0.0016748081721584,0.0089212622432702,
1991-08-01,-0.0001616458845115,-0.0011424620012831,-0.0022614137385494,
1991-08-02,0.0007181404476761,0.0059973987805408,0.0030272746729567,
1991-08-05,-0.0011623839747775,0.0010645765861577,-0.0053297308134703,
1991-08-06,-0.0012832538041165,0.0024332111171623,-0.0058539037252753,
1991-08-07,0.0019432013438376,0.0002871926672818,-0.0035567523400537,
1991-08-08,-0.0005275190884018,-0.001454676864511,0.0016731208310239,
1991-08-09,-0.0007910411827109,0.0002023140522814,0.000692894645349,
1991-08-12,-0.001939882398875,0.0005703531439276,0.001846301227286,
1991-08-13,0.0010664515192059,0.00199911294795,-0.0045723008162102,
1991-08-14,0.0015502770096792,0.0039203785547919,-0.0071574079517537,
1991-08-15,-0.0003988241258614,-0.00120399962604,0.004324620908902,
1991-08-16,-0.0007232658426262,0.0010508736994204,-0.002600801434798,
1991-08-19,-0.009953053812843,-0.0025682768799021,0.0210195494427024,
1991-08-20,0.0019821423858491,0.0022310208290148,0.0018271001271861,
1991-08-21,0.0043592726664164,0.0008193498373468,-0.0112609254003449,
1991-08-22,0.0030989524066317,0.0014115188935357,0.0097244872048765,
1991-08-23,-0.0012805180557628,-0.0033377430216007,0.0058004523652422,
1991-08-26,-0.000524276552012,-0.0019186434361924,0.0118257767033801,
1991-08-27,-0.0005324659372779,0.0007890078245828,-0.0024663065867822,
1991-08-28,0.0002997891374997,0.0031278057432252,-0.0028334174444535,
1991-08-29,0.0013670766275178,0.003605005103906,0.003029858245812,
1991-08-30,0.0004627257597504,-0.0022185331402271,0.0065812482740982,
1991-09-02,0.0015523168181235,0.0010213277185716,0.0003552369925485,
1991-09-03,-0.0004982785033271,0.0006441035297853,-0.0021901844896465,
1991-09-04,-0.000734519315659,-0.0002627080637575,-0.0045405055984102,
1991-09-05,0.0009491400360505,-0.0006378246023369,0.0005924078092456,
1991-09-06,0.0001071765873417,0.002819485038351,0.0017278044959455,
1991-09-09,-0.0010458569572222,0.0019003916405507,-0.0028362880821889,
1991-09-10,-0.001019292872298,-0.000431496325636,0.002178997892367,
1991-09-11,0.0002819517651219,6.929837458260416e-05,6.41255607956292e-05,
1991-09-12,0.0008265414160791,0.0036874515380326,0.0003506415745187,
1991-09-13,0.0013471630231706,0.0007159321708781,0.0043714733759348,
1991-09-16,-0.0003574826915242,0.0012545988690149,0.0048563199271475,
1991-09-17,0.0004445855051625,-0.0002478244299868,-0.0033814302905322,
1991-09-18,-0.0004940263298879,0.0007564422119167,0.0064066810581336,
1991-09-19,-0.0001867285867123,-0.0001844221979419,0.0014650615259437,
1991-09-20,0.0001037662361477,0.001985199119849,0.0053193471993457,
1991-09-23,-0.0005731609363846,0.0004038266482613,-0.0018303445750337,
1991-09-24,0.0007976642170809,0.0008033132905699,0.001157207682788,
1991-09-25,0.000250086758945,-0.0005847119611161,-6.809061668225955e-05,
1991-09-26,0.0009254738658936,0.0010155319446099,9.293747050457712e-05,
1991-09-27,0.0001776817137579,0.002974425045693,0.0035766880978551,
1991-09-30,-0.0004732825509566,0.0009102137701247,0.0002830004192749,
1991-10-01,0.0018702088824993,0.0015388465513047,-0.0020081636618684,
1991-10-02,-0.00039556297768,-0.0003803342712633,0.0009836675093739,
1991-10-03,0.0001894727955964,0.0005417805785788,0.0047872142176326,
1991-10-04,-0.0009093469639098,0.0021869912295363,0.0012728719320004,
1991-10-07,-0.0013113941856349,0.0002827655165473,0.0045658925942146,
1991-10-08,-0.0005532425825514,-0.0015607945990379,0.0005216050546879,
1991-10-09,-0.0002213362677076,-0.0038013522824976,0.0060304644046716,
1991-10-10,-0.0001466269819052,-0.002391825514245,-0.0032363966805671,
1991-10-11,-0.0011055359697581,0.0046788381383476,-0.0005074366232487,
1991-10-14,-4.155895903542516e-05,-0.0003291215116601,0.0083292937916954,
1991-10-15,0.0016668544830854,0.0012857328695751,0.0041096756096934,
1991-10-16,-0.0001209150983315,8.545201739280189e-05,-0.0005081240579469,
1991-10-17,0.0006021587874309,-0.0027484705140471,0.0045158884530621,
1991-10-18,0.0013008032129433,0.002035058858331,0.004644154056861,
1991-10-21,-0.0009680709613207,-0.003447948005153,-0.0010443389435873,
1991-10-22,-0.000370535712573,-0.0021128206784955,-0.0058476846511974,
1991-10-23,1.4179358619198588e-05,-0.0007637599956788,-0.0074673014156342,
1991-10-24,-0.0006673274937665,0.0023461842450641,-0.0012344367405096,
1991-10-25,-0.0003464547210401,-0.0017756839999807,-0.0058059460491737,
1991-10-28,0.0012290282906363,0.0017068843554996,0.0012756121684799,
1991-10-29,0.0006041367570525,0.0056544070145162,-0.0005137001043351,
1991-10-30,0.0001019434003622,0.0002294330020015,-0.0027501216605687,
1991-10-31,-0.0003616851607124,0.000495384022814,0.0024274468197561,
1991-11-01,-0.0006866643349504,-0.0003475516916258,0.0099586417089154,
1991-11-04,-0.0005122271212871,-0.0004868796169271,0.0022328158785677,
1991-11-05,0.0002484385737388,-0.002466370087082,-0.0015482064206866,
1991-11-06,-0.0006887384018752,0.0005699794009384,-0.0088208283404433,
1991-11-07,1.003600806829657e-05,0.0038107208047731,-0.0027815565327761,
1991-11-08,0.0005222794841613,0.0008926164003759,-0.003210394673273,
1991-11-11,-0.0004773134075159,0.0005144738626546,-0.01226908794323,
1991-11-12,0.0017612932884666,0.0017522209630309,-0.0020592532399121,
1991-11-13,-0.0018445503297524,-0.0025725493368729,-0.0010799474914556,
1991-11-14,0.0001340458243101,0.0024184631233894,-0.0016511004332447,
1991-11-15,-0.0006063194767281,0.000281565287574,0.0093023267861462,
1991-11-18,-0.0038123481157657,0.0002472713230214,-0.0088792426712444,
1991-11-19,-0.002224588677919,-0.0007575366332866,-0.008574962273925,
1991-11-20,0.00029556396472,-0.0016794359631758,0.0002318463594285,
1991-11-21,-0.0006167523096163,-0.0007945306852284,-0.0014978205831876,
1991-11-22,-0.0013445683050938,-0.0025742316219763,-0.0101799097285203,
1991-11-25,-0.0001227987483278,-0.0009027414094946,0.0008527835464375,
1991-11-26,0.0017295089469503,0.0020124095417873,-0.0088721117465565,
1991-11-27,-0.0013068667062718,0.0004206850003833,0.0087316362174701,
1991-11-28,-0.0012661421647452,0.0004994420834456,0.0021672739296743,
1991-11-29,-0.0014030555157753,0.0017477114985245,-0.0024973342257375,
1991-12-02,-0.0030244897966085,0.0023388255020165,-0.004117752507074,
1991-12-03,0.0011217421701729,0.0020658047018017,-0.0114976937435214,
1991-12-04,0.0015312847800562,0.0045744053073037,0.0037062023837975,
1991-12-05,-0.0009070484808682,-0.0004238899328296,-0.0115710123936794,
1991-12-06,-0.0013507011226162,-0.0015152696579798,-0.0112691242243159,
1991-12-09,-0.0003528442140692,0.0013514816214562,-0.0170942687804163,
1991-12-10,-0.0025360596722757,0.0005537877426533,-0.003073069374051,
1991-12-11,-0.0017507329900132,-0.0001925921048614,-0.0058438363258788,
1991-12-12,0.0035425064717001,0.0012588388495727,0.0080254075740662,
1991-12-13,0.0033006866499894,-0.0014102923402529,0.0054383772231839,
1991-12-16,0.000167868126392,0.0011433898358338,-0.0090232249696655,
1991-12-17,-0.0003947254548167,0.0012034208920763,-0.0038270185936051,
1991-12-18,-0.0011281071133972,-0.0002025657715326,-0.0035042985819587,
1991-12-19,-0.0021882163089631,0.0028972186555428,-0.0096177794696172,
1991-12-20,-0.0026434444905992,0.0044554539185933,-0.0136993960590737,
1991-12-23,-0.0006239937747195,0.0016292697525004,0.0001237479634572,
1991-12-24,0.0026746424172147,0.0015582684244746,0.0032980466432209,
1991-12-25,0.0019676287913082,0.000246151428852,,
1991-12-26,0.0005047486795165,0.0017814047963995,-0.0070081868718799,
1991-12-27,0.0010234920031709,0.0015776543606642,-0.0022030455305944,
1991-12-30,0.0020768117226672,0.0028568021232529,-0.0043673256585172,
1991-12-31,0.002011179087542,0.0018774652305496,-0.0007951911942334,
1992-01-02,-0.0001184073573872,-0.0023815330456971,0.0058937476016911,
1992-01-03,0.000325967941123,-0.001399776339511,-0.0043538727683405,
1992-01-06,0.002449353453123,0.0020942901124495,-0.0009383814888324,
1992-01-07,-0.0014405448861997,0.0027669478409607,-0.007401893548599,
1992-01-08,-0.0029853473559646,-0.0017310346773749,-0.011093895855656,
1992-01-09,0.0027275588523791,-0.0004537509143821,-0.0052942060839099,
1992-01-10,-0.0023899808357639,-0.0036370198700998,0.0040729657111247,
1992-01-13,-0.001579080029139,-0.0033422357446644,0.0144528753116162,
1992-01-14,0.0016940804177616,-0.0032215143741163,-0.00511753689606,
1992-01-15,0.0014518500268076,0.0001006016360987,0.0180543974455052,
1992-01-16,-0.0013876315492446,-0.0041911510618625,0.0039642391139552,
1992-01-17,-0.0005414777490361,0.0026130809504515,-0.0037695047799899,
1992-01-20,-0.000744457763101,0.0029133498592114,-0.0058293751581249,
1992-01-21,-0.0004819702885787,0.001581154727882,-0.0044691389210739,
1992-01-22,0.0013143515988818,-0.0010774480663011,-0.0013517168883875,
1992-01-23,0.0003459880059382,-0.004104204663429,-0.0073257979463447,
1992-01-24,-0.0010325067593416,-0.0016770971919091,0.0137221008157612,
1992-01-27,0.0002022369997219,-8.884941549414034e-05,0.0115215753249656,
1992-01-28,0.001663404327521,0.0037116874972482,-0.0081099240801868,
1992-01-29,-0.0003505170580688,-0.0038622702232056,-0.0041539023740031,
1992-01-30,0.0006022544958215,-0.002252394041329,-0.0042823093569957,
1992-01-31,0.0019625797148023,-8.908412294384482e-05,0.0032128225590614,
1992-02-03,-0.0011060677773552,-0.0020352212892843,0.0011305286005752,
1992-02-04,-0.0006389854581789,0.0019411888097939,0.0089641984843113,
1992-02-05,0.0002940188720771,0.0022638135345993,0.0030877304358328,
1992-02-06,0.0009580774117706,0.0008972288844853,-0.000803502066277,
1992-02-07,-0.0006067218747429,0.0003696058061992,0.0059336257599385,
1992-02-10,-0.0007115243214903,-0.0005230869362105,0.0023544188872066,
1992-02-11,-0.0003166454604311,-0.0009431490410489,-0.0189677180166968,
1992-02-12,-0.0012380583991805,-0.0019207733342777,-0.0022188791647236,
1992-02-13,0.000383059450746,-0.0032978753972846,0.0026074962690749,
1992-02-14,-0.0020735186885105,-0.0009731660201412,-0.0064339661637485,
1992-02-17,0.0012992599385795,0.00113145314061,-0.0086240546458895,
1992-02-18,4.5443299568711625e-05,-0.0016536407653333,-0.015895778410565,
1992-02-19,-0.0007804252641089,0.0010865503025413,0.0095742752456816,
1992-02-20,0.001451696767909,0.0012479079744072,0.004463510936032,
1992-02-21,0.001101157450931,-0.0012889798419508,0.0037361311097858,
1992-02-24,-0.0002235618233476,-0.0012745230623348,-0.0093359714107457,
1992-02-25,-0.0001534545144416,0.0017515392307473,0.0009159512858776,
1992-02-26,0.002243489646541,0.0044845022655721,-0.0006853434523883,
1992-02-27,-0.0002130096675498,-0.0005874671676096,0.0027417519306301,
1992-02-28,0.0002025471151897,0.0021618102715056,0.0026405846332862,
1992-03-02,0.0002137397033834,-0.0045598592325754,-0.006122734355692,
1992-03-03,-0.0011148483803387,-0.0024283453516553,0.0032078523501184,
1992-03-04,0.0003390326316795,-0.0002389262771298,0.0053934775532096,
1992-03-05,-0.0014700100210287,-0.0022302841892752,0.0006524477035756,
1992-03-06,-4.3070333739608655e-05,0.0009359407080308,-0.0020150765184545,
1992-03-09,-9.538765535935668e-05,0.0026661886750797,0.0064553382045651,
1992-03-10,0.0007427912762266,0.0002250484236772,0.0014916064581795,
1992-03-11,-0.0021466381839023,-0.0034130212743957,-0.00664421579628,
1992-03-12,-0.0011312151036648,-0.0042350857342662,0.0059008683680147,
1992-03-13,-0.0011299683278227,-0.0031235760719197,0.0069880535680059,
1992-03-16,-0.0019923532149426,-2.670723024384805e-05,0.0004860302874506,
1992-03-17,0.0008048688041446,0.0044400973005327,0.0020020833195514,
1992-03-18,-0.0017275404012057,-0.0004663715593633,-0.0034238882067738,
1992-03-19,0.0018708527832714,0.0017380568404562,0.0032795420005577,
1992-03-20,-0.0003941237915916,-0.0022490773126928,-0.0053881236403052,
1992-03-23,-0.0011829467799438,0.0004506233684108,0.0061455671358737,
1992-03-24,-0.000248045069951,0.0038531458127676,0.0016362548188476,
1992-03-25,0.001455208316524,0.0008694469735384,0.0113815347665055,
1992-03-26,-0.0004519053711232,-0.0023905268891801,-0.0048844793816117,
1992-03-27,-0.0014931090345838,0.0009023205354932,-0.0026016597655574,
1992-03-30,0.0004458482801237,0.000718595899454,0.0006162527595595,
1992-03-31,-0.001667539235866,-0.0006914165042998,0.0077969848151566,
1992-04-01,-0.0028540548061707,0.0018951213041582,0.0074076910904053,
1992-04-02,-0.0008249347136946,-0.0023041220370291,-0.0051496826520173,
1992-04-03,-0.0002373073527745,0.0010286866637637,0.0062278852512438,
1992-04-06,0.0010393749156714,0.0015490191539175,0.005848578502125,
1992-04-07,-0.0021637407873585,-0.0001848881410221,-0.0095136165657783,
1992-04-08,-0.0036828224805777,-0.0006574990593249,0.0079935923728218,
1992-04-09,0.0001091436242835,0.0040100083175094,-0.0049329257537566,
1992-04-10,0.0050737640712465,0.0031943126466815,-0.0006261686120592,
1992-04-13,-0.0003057585032673,0.0007760798897475,-0.0054236726324114,
1992-04-14,0.0008470693310827,0.0002178314493805,-0.0070128139196527,
1992-04-15,0.0026474568828921,-0.0002094651330737,0.0060134939748931,
1992-04-16,5.193682061946088e-05,-0.0033983314232116,0.0105929411711149,
1992-04-17,-0.0012734277808522,-0.0005132186732186,,
1992-04-20,-0.0022737984189723,-0.0057888591626957,0.0073978122063392,
1992-04-21,-0.000502248642986,0.000457815094458,0.0035692411601782,
1992-04-22,-0.0005363024069856,0.0006510829313735,-0.0024803656234508,
1992-04-23,0.0021280786195524,-0.0005624806559092,0.003278141106153,
1992-04-24,0.0011949666244957,0.0013978917851025,-0.0055091887796319,
1992-04-27,0.0001424735141138,-0.0019709075308313,-0.000998209937774,
1992-04-28,1.2768701058576978e-05,0.0008313238284049,0.0054744766052324,
1992-04-29,0.0007452390429779,-0.0004487474823463,0.0086507697019653,
1992-04-30,-0.0013279201247585,-0.0008573462065623,0.0003762598056167,
1992-05-01,0.0005488094321774,0.0037072644845,0.0032420221999872,
1992-05-04,0.0003772716425349,-0.0009732067587132,0.0086825473332054,
1992-05-05,0.000131512543981,0.0001164088447811,0.0028674399665734,
1992-05-06,0.0025443605278336,0.0032677749404745,-0.0014104722240454,
1992-05-07,0.002130696021957,-0.0002467297874388,0.0008737988392616,
1992-05-08,0.0008143222915123,0.0031579461688555,0.0003888551289609,
1992-05-11,0.0007186484090875,9.398224409434914e-05,0.0026293024507505,
1992-05-12,-0.0003691202193337,0.0019889134816301,0.004405784918206,
1992-05-13,0.0009224259332162,0.002179887191335,0.0030020153955643,
1992-05-14,-0.0009692315752537,-0.0004995633976211,0.0020460593168574,
1992-05-15,-0.0024075903845534,0.0021882048387921,0.0003775513924174,
1992-05-18,0.0017716842570127,0.0006823426811906,0.0017486511821988,
1992-05-19,0.0006747515496165,0.0031133144753522,-0.0058237269230262,
1992-05-20,0.0003680629993472,-0.0010645904860118,0.0014424364695295,
1992-05-21,-0.0002878279820635,-0.0043137739486756,-0.003740855839531,
1992-05-22,-0.000773986247197,0.0013384658985838,0.00290377042629,
1992-05-25,0.001239404086365,0.0002606417480083,,
1992-05-26,-0.0018683260656059,-0.0042840790907115,0.0307075073106068,
1992-05-27,-0.0024577261362172,0.0001490855983604,-0.0028374066527328,
1992-05-28,0.0010887478924752,0.0023923103725114,0.0014741737057848,
1992-05-29,0.0025528156686404,0.0025840764855867,0.0041918996844836,
1992-06-01,-0.0018325932317208,-0.0021833397968502,0.005186650648189,
1992-06-02,0.0013497646608916,0.0015196039840813,0.0017616466946596,
1992-06-03,-0.0021930271273786,0.000160637410019,-0.000527818314956,
1992-06-04,-0.0005798889847558,3.9253030268140416e-05,0.0036409797782212,
1992-06-05,-0.0008296023748186,0.0014347652359506,0.0020328949668356,
1992-06-08,-0.0010696118563267,-0.0004834442379425,-0.001152754140997,
1992-06-09,0.000462152396155,-0.0006251593900712,-0.0019320154267465,
1992-06-10,-0.0009432500821233,-0.0001275441688323,0.0009802216022439,
1992-06-11,-0.000605255688377,0.0012991452062971,-0.0034267352099153,
1992-06-12,-0.0019142394575714,0.0014927922151396,-0.0055065687625716,
1992-06-15,-0.0021017946172935,0.0002250134200927,0.0011957979968038,
1992-06-16,0.0004835227482305,0.0016547372887257,0.0038895302842679,
1992-06-17,-0.0020111751372475,0.0015617635489316,-0.000848936097513,
1992-06-18,-0.0034354173289324,0.0012436637267649,-0.00211125047763,
1992-06-19,0.0023172103745471,-0.0015539868624947,-0.0015481303480716,
1992-06-22,-0.0030902846142924,4.034255759744952e-05,-0.0005081065283845,
1992-06-23,0.0012851028916196,-0.0018816772845159,-0.0009462481642251,
1992-06-24,-0.0017583079504739,0.0024541919104193,0.0082131280870426,
1992-06-25,0.0024170602569687,0.00250822279887,-0.0011429827737013,
1992-06-26,-0.001865593140645,0.0005140883934578,-0.0031699153886956,
1992-06-29,-0.0012516081614902,0.0008036477492585,-0.0044277935403502,
1992-06-30,0.0008240690287011,-0.0001574789133765,-0.0075764327875346,
1992-07-01,-0.0007623058027827,0.0017251281985901,0.0030470707173924,
1992-07-02,0.0021803865455778,0.0071383624795185,0.0047036377956631,
1992-07-03,0.0018741868992843,0.0011125976452978,0.0006543198720626,
1992-07-06,-0.001856496587549,-0.0001340540244706,-0.0092894744911813,
1992-07-07,-0.0001903590893247,0.0017468857831984,-0.0057600591503211,
1992-07-08,-0.0007453955852979,-0.0005610911729627,0.0048654315270341,
1992-07-09,0.0017180448447348,0.0001687285584599,-3.653260431927023e-05,
1992-07-10,-0.0002908405430932,-0.000721459380806,0.0002017252768045,
1992-07-13,0.0014796334180363,-0.0013460977373455,0.006394428068287,
1992-07-14,-0.0004266239300226,0.0005798667326764,-0.0018827577472989,
1992-07-15,-0.0002820949213677,0.0019126434142363,0.0044136891086108,
1992-07-16,-0.0005668560615839,0.001480882873685,-0.0020724872916336,
1992-07-17,-0.0046640012083707,-0.0010996875109034,-0.0028391376049561,
1992-07-20,-0.0048320167010671,0.0001775956005015,0.0039432244308895,
1992-07-21,0.0012062087404954,0.0013587832862935,0.002364652357859,
1992-07-22,-0.0038888272928955,0.0025444370413583,0.0056887691478599,
1992-07-23,0.002382848965485,0.0051931404233343,-0.0034763070243468,
1992-07-24,-0.0030289220443631,-0.0007706534801949,0.0075285400373952,
1992-07-27,-0.0012771045540194,0.0017785362231332,0.0040998817232331,
1992-07-28,0.00152897931723,0.0026469478618913,-0.0004859878218327,
1992-07-29,0.0009870795001924,0.0010582963591091,0.0013942802742981,
1992-07-30,0.0007813198001363,-0.0044494700708322,0.0009460785923258,
1992-07-31,0.0003716415432634,-0.0013017266854639,-0.0052264841105415,
1992-08-03,0.0004268845310056,-0.0006321335346403,-0.0089688121014188,
1992-08-04,0.00034565778534,0.003384083385783,-0.0046613003720979,
1992-08-05,0.0012053096880559,0.000296951363328,-0.0046254760123773,
1992-08-06,-0.0009137505515396,-0.0006481034926812,0.0055696178266166,
1992-08-07,-0.0032079143845967,0.0035265967780242,-0.0041697972071579,
1992-08-10,-0.0030772985712706,0.0022828503243594,-0.0003191008123629,
1992-08-11,-0.0017464529671271,0.0014470361076174,-0.0011816705260592,
1992-08-12,-0.0011723718061436,-0.0003140939647168,-0.0007155934497511,
1992-08-13,0.0005757883090955,-0.0031626997936593,0.0009809201973731,
1992-08-14,0.0019928753805088,0.0035350696032882,-0.0022187352532067,
1992-08-17,9.242303412590728e-05,-0.0002800640578742,-0.0041556924885128,
1992-08-18,-0.0037023823729292,0.0030765790073417,0.0056503903592714,
1992-08-19,0.0024126831380068,0.0003328278984097,-0.0064384792681312,
1992-08-20,0.0014567039065909,0.000662541888495,0.001088118023764,
1992-08-21,0.0030481072048885,-0.003512570219808,-0.002454372278554,
1992-08-24,-0.0009556797016024,-0.0051931304942714,0.0174993820861701,
1992-08-25,-0.0019779449680682,-0.0010664553897476,-0.0013985758355104,
1992-08-26,0.0012209344433408,0.0013456893576351,-0.0053643305609062,
1992-08-27,0.0038087304242117,0.0011513403393901,0.0028015031290645,
1992-08-28,0.002347788823815,-0.0005941711619371,0.016120044755929,
1992-08-31,0.0006886084778239,-0.0011618735754562,0.0020226187525823,
1992-09-01,-0.0011227026741489,0.0021747384348908,0.0028398493942557,
1992-09-02,0.0009864683894488,0.0023994383805477,-0.0001225298411448,
1992-09-03,0.0056392752772949,0.0008706062471692,0.0051987383086601,
1992-09-04,0.0010689729432268,0.0060883501501676,0.0040677072089507,
1992-09-07,-0.0002641334017595,0.0024487137013907,0.000821710106826,
1992-09-08,-0.0022122580707918,0.0013462414027774,-0.000998393497191,
1992-09-09,-0.0001568084816261,-0.001761689590695,0.0031321288575394,
1992-09-10,0.0031325041380219,0.0007130583897027,0.0019723872030662,
1992-09-11,-0.0011686868768912,-0.002456016277349,0.0015327665554938,
1992-09-14,0.0040595213747702,0.0039665719812716,0.0095609122654068,
1992-09-15,-0.0022250190344287,-0.0035387845987438,0.0065847683356685,
1992-09-16,-0.000815590671935,-0.0011182333293362,0.0010340737693235,
1992-09-17,0.0019081601052429,-0.000334771637554,-0.007149364595806,
1992-09-18,0.0023671327661244,0.0011678702803285,0.0029917512375114,
1992-09-21,-0.0017560307246162,-0.0018084472710444,0.0063659323825379,
1992-09-22,0.0011856380734888,-0.002271686283816,0.0035299208861209,
1992-09-23,-0.000617522113904,-0.002221127407508,0.0069710507485966,
1992-09-24,0.0007117147188265,0.0042791269690015,-0.0090652232130529,
1992-09-25,-0.000980954822342,0.0027967570273603,-0.0009346559714779,
1992-09-28,-0.0042419589295606,0.001276911755849,-0.0032582066258119,
1992-09-29,-0.0010123844182025,-0.0008921301388009,0.0038520381035751,
1992-09-30,-0.0019022483586042,5.013948977807816e-05,0.0013256868015243,
1992-10-01,-0.0010817253171117,0.0042822131693873,0.0017460663080705,
1992-10-02,-0.0012164227633657,-0.0007627974602587,-0.0010779029537726,
1992-10-05,-0.0059374040752689,0.0002172164267057,-0.0083303595991963,
1992-10-06,0.0020076501692245,-0.0024592386637336,0.0038037873677875,
1992-10-07,0.0021820282403496,-0.0056083760686682,-0.0011684117507007,
1992-10-08,0.0010215539616367,0.0022101535171075,-0.0034179327163183,
1992-10-09,-0.0006724184463217,-0.0024867466081766,0.0109314891369176,
1992-10-12,0.0015059970875924,-0.00050019871329,-0.0023851764635072,
1992-10-13,0.0026275586413709,0.0014889284444545,-0.0055136470787897,
1992-10-14,-0.001786594708455,-0.0002127265130257,0.0072657559121214,
1992-10-15,0.0001893442669629,0.000245687055761,0.0057591275759668,
1992-10-16,-0.0006641659178051,0.0007573924707935,-0.0017131233715979,
1992-10-19,-0.0005957176163394,-0.0027308885094353,0.0067174991332224,
1992-10-20,0.0029460380554415,-0.0055391239097752,-0.0015895829070006,
1992-10-21,0.0009869032935631,0.0023314824252466,-0.0119916932301601,
1992-10-22,0.0002656129811358,0.0024960574016952,-0.0080150537713663,
1992-10-23,0.0017159378961265,-0.0017832527358574,-0.0029520404795068,
1992-10-26,-0.0012257823072476,6.296242190662323e-06,-0.0054390866429997,
1992-10-27,0.001037470434203,0.0022566236708343,-0.0016309963233705,
1992-10-28,-0.0019777279513872,0.0001769166994489,0.0035701817403609,
1992-10-29,-0.0014578506227037,0.0021095132601427,-0.0096710063662381,
1992-10-30,-0.0002068440146172,-0.002299912642569,-0.0010771873515978,
1992-11-02,0.0004098986842543,-0.0023468758701664,0.0128617911242017,
1992-11-03,0.001700955437163,0.0009941386356338,0.0001641725897265,
1992-11-04,0.0005549559184363,-0.001018805195604,-0.0103703905338925,
1992-11-05,0.000509131442792,0.0008158311156126,0.0019019013779989,
1992-11-06,-0.0010654204908485,-0.0036357675104998,-0.0059495002541148,
1992-11-09,-0.0013191815469422,0.0005552481054385,0.0041989170005175,
1992-11-10,0.0003881402260755,0.0029953868122356,0.0025012089013503,
1992-11-11,-0.0006665500704931,0.002198548838496,0.0002005168214602,
1992-11-12,0.0020858309105102,0.0031996978652295,-0.0002296139094932,
1992-11-13,-0.0015285369478988,-0.0020848347745294,-0.0030737570602847,
1992-11-16,-0.001312048851109,-0.0035928330858896,0.0025954223159617,
1992-11-17,-0.0009916681506464,0.0012979880430371,-0.0013583496320188,
1992-11-18,0.0028654825239327,0.0024150116769277,-0.0108108683752921,
1992-11-19,4.44652787528481e-05,-0.0002224653501145,0.0062180684914433,
1992-11-20,0.0013738804752233,-0.0014648162790159,-0.0019280817311466,
1992-11-23,-0.0018658250665324,-0.0003190576571423,-0.0085534606458291,
1992-11-24,0.0013208946496494,0.0018626909741849,-0.0043695168433274,
1992-11-25,-2.9810848915911705e-05,-0.0012878077574002,0.0008047531877098,
1992-11-26,0.0020830582851324,-0.0003875707287516,-0.0040378915048787,
1992-11-27,0.0009966074879522,-0.0032661709103077,0.0006376876746664,
1992-11-30,0.0010219313467657,-0.0017845931013023,0.0019210541502485,
1992-12-01,-0.001193731146682,0.001992722174444,-0.0224859244926357,
1992-12-02,-0.001199430011472,0.0003717923039426,0.0011580079450155,
1992-12-03,9.272524570129356e-05,0.0024614215691119,-0.0017592080692066,
1992-12-04,-0.0004844992284636,0.0029717400670189,-0.0014489539162642,
1992-12-07,-0.000442314463924,0.0024753470389171,0.0004781945081481,
1992-12-08,0.000506040635356,0.0021195225750323,-0.0061962553693195,
1992-12-09,0.0005408528836515,-0.0011662609249857,0.002605769921498,
1992-12-10,-0.0012832594327649,-0.0003886550570004,0.0125822780811977,
1992-12-11,-0.000564185467564,-0.0011051545180843,-0.0057797658973723,
1992-12-14,-0.0009653128784214,-0.0017553954564197,-0.0018807736304519,
1992-12-15,0.0010950640870131,-0.0001686383715557,0.0016595127185951,
1992-12-16,-0.000634633920681,0.0019020458635348,0.0075321923003739,
1992-12-17,0.0006890860287702,-0.0003474172617299,0.0049552101008063,
1992-12-18,0.001814488829457,0.0013226526625954,0.0002273709657334,
1992-12-21,0.0016625672811828,0.0020199718624817,0.0038874864488193,
1992-12-22,0.0018059008265161,0.0029227664902349,-0.002481900475326,
1992-12-23,-0.0001910417623416,-0.0009914508655315,0.010837761774981,
1992-12-24,0.0002064204738069,-0.0004128217406598,0.0015051435390535,
1992-12-25,-0.0001444497175141,0.0005616094937882,,
1992-12-28,-0.0012227558755556,-0.0008792325144451,-0.0130156838185877,
1992-12-29,0.0005988125179907,0.0015972760235513,-0.0113207168310236,
1992-12-30,-0.0018148244030701,0.000654883528718,-0.0022832506732559,
1992-12-31,-0.0002776928767879,-0.0008310275049221,-0.0006272297567584,
1993-01-04,8.880297250357425e-05,0.0033526764558875,-0.0233237454909092,
1993-01-05,0.0002988250999951,-0.00026563982268,0.0062168847157717,
1993-01-06,-0.0009385922234818,-0.0006749749102095,-0.0035400648106303,
1993-01-07,-0.0003226397150853,-0.0042331881443648,0.0012747189090228,
1993-01-08,-0.0004251908244006,0.0012547238314671,-0.0059011294727089,
1993-01-11,-0.0015361372846135,0.000678585654493,0.0012574027985567,
1993-01-12,-0.0003740435044148,0.0001064289245319,-0.0084303521801042,
1993-01-13,-0.0010074216751866,0.0008525799664568,0.0035274499630613,
1993-01-14,0.0016798272305529,0.0023171675661232,0.0025086027325785,
1993-01-15,0.0008521594214741,0.0027820578195119,0.0031866191050305,
1993-01-18,0.0011434931509033,0.0006199476940899,-0.0008211328081862,
1993-01-19,-1.6380455304476768e-05,0.0007040205057617,-0.007625745592042,
1993-01-20,-0.0011880973400111,-0.0013953533345383,-0.0025606703865979,
1993-01-21,0.0004388796111729,0.0007406719641154,0.0076246397668242,
1993-01-22,-0.0002370457154959,0.0020864652563184,-0.0025306835066341,
1993-01-25,-0.0020965931503054,0.00230225214468,0.0147941090477911,
1993-01-26,0.0025112140491315,0.0004083374463352,0.0020462528709911,
1993-01-27,-0.0007933981646848,0.0007910907552539,-0.0011093912627853,
1993-01-28,0.001964108365689,0.0020101908946775,0.0109624872398012,
1993-01-29,-0.000669749831444,0.0012788221386831,-0.0013006488642392,
1993-02-01,0.0019641795264959,0.0016781749477755,0.0048321787722809,
1993-02-02,-0.0005213248022807,-0.0015395629307443,-0.0110941840298771,
1993-02-03,0.002291562459293,-0.0006929530269887,-0.0013568809053507,
1993-02-04,0.000372316944272,0.0014725496705053,0.0063756568589077,
1993-02-05,0.0020897877102633,0.003889329587488,0.0019770748470068,
1993-02-08,-0.0004829581693079,-0.0016070522524048,0.0042124950223838,
1993-02-09,-0.0019727815477558,-0.0004534837938044,-0.0041441268249299,
1993-02-10,0.0003069701261099,-0.0020034719217322,0.0064905135574585,
1993-02-11,0.0007757096112578,0.0016117737709486,0.0031886178160009,
1993-02-12,-0.0007407748529594,0.0020652170369283,-0.0079780302317239,
1993-02-15,0.0015478631346669,2.358466276056397e-05,-0.003547403255513,
1993-02-16,-0.0018722000860194,0.0009707434005931,0.0027982553749902,
1993-02-17,0.0005194018426248,0.0027179850112934,-0.0031149597570042,
1993-02-18,0.0014315896276841,0.0043758949610012,0.0042115862756527,
1993-02-19,0.000570185588614,0.0014938178178038,0.00307863479002,
1993-02-22,-0.0008166690689044,0.00376529486533,0.0165098851488203,
1993-02-23,-0.0010825177446751,0.0053385247895708,0.0042362112063882,
1993-02-24,6.938585086113968e-05,-0.0019023649269934,0.0022901700841292,
1993-02-25,0.0004354476768257,-0.0005158451427047,0.0043174588289543,
1993-02-26,0.0021377904006759,-2.3751617080362784e-05,-0.0038101683824145,
1993-03-01,0.0005293221974783,0.0040432131289323,0.0015584932778899,
1993-03-02,2.56049832912274e-05,-0.0001181393063933,-0.0031716629499852,
1993-03-03,0.000318857419711,0.0032206047738166,-0.0044386769754107,
1993-03-04,-0.0007124175492588,0.0011293711130048,0.0124625220952481,
1993-03-05,0.0010903759434138,-0.0016644553327226,-0.0031524123404544,
1993-03-08,0.0032653022599207,0.0001884885896796,-0.0019547546285908,
1993-03-09,0.0015475625942422,-0.0036947476573553,0.0073393284699128,
1993-03-10,7.13603421141982e-05,-0.0004324214158001,-0.0040782644886581,
1993-03-11,-0.0002476557811853,-0.0009072222050562,-0.0047567013812542,
1993-03-12,-0.0016229600799116,-0.0046921061517918,0.0021159850349209,
1993-03-15,0.0007815181427557,-0.0028836558835181,0.0022810558728928,
1993-03-16,-0.0012272422212307,0.003488322295896,-0.0039457540610976,
1993-03-17,0.000666645888723,0.0011298916503314,0.0086799895827431,
1993-03-18,0.001315467046301,0.0029963561230305,0.0055332322994204,
1993-03-19,3.84626486357796e-05,0.0001558143040823,-0.0024467177626575,
1993-03-22,-0.0013793950936678,-0.0015024135995423,-0.0108015445274854,
1993-03-23,-0.0003527802790399,0.0009594155282502,0.0113039257361935,
1993-03-24,0.0001979566201916,-0.0011876899875453,0.0074751879972354,
1993-03-25,0.0013217906314943,-0.0022150871860576,-0.0004389885172944,
1993-03-26,0.0012864156533542,-0.0044640809080181,-0.0047220351228014,
1993-03-29,0.0008245889440536,-0.000224663765701,0.0031042417137243,
1993-03-30,0.0002860471538499,0.0033041871087,0.0001850965203752,
1993-03-31,-0.0012942153775491,-0.0004388226265365,0.0072812661202202,
1993-04-01,0.0001339528509568,-0.0004798403652442,-2.610283528046997e-05,
1993-04-02,0.0015052602646,-0.0027472070288906,0.0012590389761974,
1993-04-05,-0.0003468781967038,0.0003914550055823,0.0022425719955977,
1993-04-06,-1.383133240103672e-05,0.0029887955095725,-0.0006650284265613,
1993-04-07,0.0003585150919439,-4.981680994489463e-05,0.0041368615456962,
1993-04-08,0.0007597247271871,0.0034925288773834,0.0033061882735799,
1993-04-09,-0.0001906133200795,0.0013212874418604,,
1993-04-12,-0.0001784805903001,0.0016693839025368,0.0102969552576733,
1993-04-13,0.0044938780884309,-0.000660779973877,0.0044301134319808,
1993-04-14,-0.0006143968553264,0.0014608372550495,0.0020663825040457,
1993-04-15,0.0001105698397841,0.0007070287869892,-0.005349483921528,
1993-04-16,-0.0017357017064935,-0.000838498498844,-0.0024096059490155,
1993-04-19,-0.0003427372501236,0.0012916920220702,-0.0002205351347525,
1993-04-20,-0.0008758059101731,0.0005398831633914,0.0024557500604056,
1993-04-21,-0.0001146721817547,0.0005420503009343,0.0071088329552543,
1993-04-22,-0.0002279586400851,0.001271552140513,0.0002415169060389,
1993-04-23,-0.0012503496927414,-0.0011814279892199,0.003346391465018,
1993-04-26,-0.0010727816410966,-0.0017400266250986,-0.0097936114605251,
1993-04-27,0.0020605955966265,-0.0036825241468396,-0.0020282699563663,
1993-04-28,0.0007871619769476,-0.003297573730084,0.0028179453617329,
1993-04-29,-0.0009106102638667,0.0008019623583623,0.0095539542319736,
1993-04-30,0.0016984315131302,-0.0010712620266261,-0.000194885895992,
1993-05-03,4.230866531520195e-06,0.0030379086712601,-0.0047708302238887,
1993-05-04,-0.000320830011193,0.0008436701141875,-0.0034781407105386,
1993-05-05,-0.0002114626466916,0.0002532433513083,-0.0045773925578211,
1993-05-06,-0.0013030795525834,0.0020773461186352,0.0002595219738951,
1993-05-07,-0.0002475570478289,-0.0008921323466622,8.089748866174043e-05,
1993-05-10,0.0010795364484311,9.35294257165396e-05,-0.0063736719023621,
1993-05-11,-0.0001197177328344,-0.0001905391339571,0.0042525584983325,
1993-05-12,0.0002897694224761,-0.0004957839771042,0.00137975296051,
1993-05-13,0.000205599793091,-0.002270437046357,-0.0059035643926554,
1993-05-14,-0.0010012500887132,-0.0012375947209128,-0.003242433754383,
1993-05-17,4.6155840518723965e-05,-0.0016772781683804,0.003336107681725,
1993-05-18,-0.0012678006588448,-0.0031157818297514,0.001824505382192,
1993-05-19,-0.0004863313399392,0.0017731351676113,-0.0058836792684947,
1993-05-20,-0.0003051883365937,0.0010209530910315,0.0060517417953091,
1993-05-21,0.0011791512378397,-0.0015606951740705,-0.0045198698380575,
1993-05-24,0.0002437862364134,-0.0010191478549952,-0.0133071874960742,
1993-05-25,0.0018119570299484,0.0008457183103524,0.008896152090933,
1993-05-26,0.0009708124329785,0.003244752724745,0.0004183452565748,
1993-05-27,0.0003311678260399,0.0003873614921009,0.0036481473224397,
1993-05-28,-0.0007335359120838,-0.0024477334517318,0.0016873995689074,
1993-05-31,-0.001350854184875,8.410311282764835e-05,,
1993-06-01,0.000596358485299,0.0038516554940368,-0.0001781627206604,
1993-06-02,0.000650926039137,0.0005738507126499,-0.0081523677501363,
1993-06-03,0.0002792268907029,0.0012481519609491,-0.0030743913962681,
1993-06-04,-0.0008502849098643,-0.0027637560329817,0.00046534975124,
1993-06-07,0.0010826767418926,0.0007101443749831,-0.0055654027342912,
1993-06-08,-0.0006744779213361,-0.0004974889449717,0.0060908949929637,
1993-06-09,0.0011307280595425,0.0018633354139763,0.003536730901354,
1993-06-10,-0.0002704900278054,0.0009954283818977,-0.007995374742181,
1993-06-11,0.0001716491364574,0.0040244007749573,-0.0064361340783361,
1993-06-14,0.0001434379679449,0.0008822576684602,0.0001765944427281,
1993-06-15,-0.0015681961213902,0.000787241743378,-0.0087489024792048,
1993-06-16,0.0001479992534857,0.0002860286530563,0.005901383079874,
1993-06-17,-0.0010669552622272,0.0014515316143042,0.006820049014102,
1993-06-18,-4.056903316624336e-05,-0.0007672930671271,0.0019351825201307,
1993-06-21,-0.001013432383845,0.0009373652786217,-0.0017828372531953,
1993-06-22,0.0012340629582695,-0.0008961413353184,-0.0081950363740778,
1993-06-23,-0.0004166095795588,-0.0002307290920656,-0.0019525146540691,
1993-06-24,0.0009601244266773,0.002557953161904,0.0054906100117791,
1993-06-25,-7.067669605856681e-05,0.0010453905201074,-0.0016798076910184,
1993-06-28,0.0019243878542082,0.0029879261998339,0.0036702394895045,
1993-06-29,-0.0014447627269924,0.0001762455680247,0.0010964072733984,
1993-06-30,-2.9046691767108023e-05,0.0007047882355124,0.0024404244733586,
1993-07-01,0.0006049480993713,0.0005255862911366,-0.0081679505948875,
1993-07-02,-0.0017500198217111,0.0010936235395853,-0.0074437703089459,
1993-07-05,-0.0006801989272602,0.000669267235333,0.0014178712963446,
1993-07-06,0.0014737034922738,-0.0005726271275305,0.0157411972434169,
1993-07-07,-0.0001001058240692,-0.0005857498697807,-0.0012230937879394,
1993-07-08,0.0019116723485341,0.0013511147683973,-0.0100621758841796,
1993-07-09,0.0003808608618417,0.0021052726687868,0.003496348360518,
1993-07-12,0.000343851330517,0.0009995187945252,-0.0012835815446863,
1993-07-13,0.0007450595654392,-0.0005741465248902,-1.887144310492645e-05,
1993-07-14,-9.876345131911868e-05,0.0022369730236848,-0.0175614755797419,
1993-07-15,-0.0004944924270719,-0.0001436696293554,0.0014165733369131,
1993-07-16,0.0010191593845844,0.0010237329098185,-0.0040994844039575,
1993-07-19,-0.0002770528034089,0.0005210418932776,0.0150269379002757,
1993-07-20,-0.0014157594672622,-0.0014885887412814,-0.0083813695921943,
1993-07-21,-0.000546038959713,-0.0035032947528119,0.0040703433909181,
1993-07-22,0.0008589058251555,-0.0028806019073627,-0.0027241675863341,
1993-07-23,-0.0006315532423234,-0.0001141891882759,0.0028158752473129,
1993-07-26,0.0012250855308059,0.0014844577904395,0.0074600701783051,
1993-07-27,0.0007216367994371,-0.000502123646907,0.0062169490589009,
1993-07-28,-0.000626434684097,0.0011360966790009,-0.0019148891587516,
1993-07-29,0.0034493494563174,0.0038588903381571,0.0007173994291779,
1993-07-30,0.001455768477245,-0.0001934769486048,-0.0012963668827588,
1993-08-02,-8.130701400939496e-05,5.067180350380278e-05,0.0044944798322396,
1993-08-03,0.0009094619927709,0.0013527584333333,-0.0039315915151334,
1993-08-04,0.0001390793487572,-0.0012999564981828,-0.0019777489513999,
1993-08-05,0.0002694121644137,0.000771097498878,-0.0084050234089613,
1993-08-06,0.0006093605470895,0.0010308252090747,-0.0057671687410369,
1993-08-09,0.0005263821195008,0.0020912809434207,0.0038078745661074,
1993-08-10,-0.000182772492119,0.0006290104696692,0.0021024692897344,
1993-08-11,0.0023111044180637,0.0012368598521324,0.0086427160902196,
1993-08-12,0.0006604485571111,-0.0001076174775315,0.0024895928198008,
1993-08-13,-0.0005977893198239,0.0012967724996015,0.001899988960622,
1993-08-16,0.0007163994351752,0.0008611100436001,0.0027227435611706,
1993-08-17,-6.36671493081173e-05,-5.136063723586676e-06,0.0029543476231207,
1993-08-18,0.001601093049875,-0.0002627433993113,-0.003823470275515,
1993-08-19,-0.0010062495980843,0.0006061409421334,-0.0002145304831674,
1993-08-20,-0.0005010358610129,-0.0006595666648587,0.006228182414447,
1993-08-23,-0.0019104720866447,0.0004816956749502,0.0008176793335244,
1993-08-24,0.0008784939521032,0.0018916414468809,-0.0037786658104365,
1993-08-25,0.0013108400245004,0.0030327980578424,-0.0017162000624139,
1993-08-26,0.0004542025619031,0.0027356739935283,0.0013238007650968,
1993-08-27,0.0011733046534965,-0.0007537914276801,0.0117405984185849,
1993-08-30,0.0011616428393413,0.0023574750366927,-0.0028914066325113,
1993-08-31,0.0001665907044259,0.0004295537832232,-0.0108987119479543,
1993-09-01,-0.0010360207293574,0.0003794640978698,-0.009101492495276,
1993-09-02,-7.280420889530913e-05,0.000472603165994,0.0027052363663614,
1993-09-03,-0.0005081823874342,0.0037255477376191,-0.004183155230874,
1993-09-06,-8.384965531109039e-05,0.0012127706939624,-8.425161948249926e-05,
1993-09-07,-0.001469702745672,0.0015741187031206,-0.0229758089959989,
1993-09-08,-0.0006761107300751,-0.0001660336315858,0.0008229382298635,
1993-09-09,-0.0010941948807814,-0.0039975494238636,5.738479653833156e-05,
1993-09-10,0.0001894062842358,0.001782359772503,-0.0125391449550152,
1993-09-13,0.0011128756137853,-0.0004561257917789,0.0043419731581914,
1993-09-14,-0.0002382117507538,-0.004657892680179,-0.0023595907925407,
1993-09-15,-0.00245629334437,-0.0008948014239106,-0.0031458669291356,
1993-09-16,-0.0008240904628672,0.0023310628445334,-0.0026090632121937,
1993-09-17,0.0002705373166525,0.0004029261508683,0.0103595447208233,
1993-09-20,0.000625787556623,-0.001836294722317,0.0144581511086797,
1993-09-21,0.0003168054602179,0.0006816619939522,7.726280910883883e-05,
1993-09-22,-0.0017675791967605,-0.0004500889768283,-0.0094911468829427,
1993-09-23,-0.000242104581387,0.0008211371173052,0.0040350256150834,
1993-09-24,0.0008815107569899,0.0011907953882099,-0.001779658557845,
1993-09-27,0.0003595230569462,0.0049086630813489,0.0015695409125346,
1993-09-28,0.0006645330445939,0.0012468656572074,0.0046153451012521,
1993-09-29,-0.0004057207495504,-0.0023754745228058,0.0138628551536649,
1993-09-30,-0.0002676679077388,-0.0009101613884439,0.0029904682576879,
1993-10-01,0.0013507474410856,0.0021866312256166,-0.0066047760262209,
1993-10-04,0.0012156358996309,0.0007482062892732,-0.0124320774873989,
1993-10-05,0.0015234732918012,0.0005988806138489,-0.0019501777104612,
1993-10-06,0.0014064751471824,-0.0001472269724573,0.0020474762598468,
1993-10-07,-0.001163603252411,0.0006450588592108,-0.0020770973198963,
1993-10-08,0.0010267189552311,0.0038875053566621,0.0021927417409437,
1993-10-11,-0.0003206388369111,-0.0002564481784068,0.0076196696749364,
1993-10-12,-0.0009919742174398,0.0004013370027345,-0.0029902385967308,
1993-10-13,-0.0006687846006485,-0.000729033263754,1.9592051327980845e-05,
1993-10-14,0.0003498081073552,0.00122679587769,-0.0060903578042394,
1993-10-15,0.0023291436652869,0.0012461057856758,-0.0034577359534901,
1993-10-18,5.513167877923282e-05,-0.003670284745115,-0.0025321186343982,
1993-10-19,-0.0001712147469114,0.000735691512712,0.001732764385995,
1993-10-20,0.0012965072517871,0.0020852917060015,0.0004910919533716,
1993-10-21,0.0012815912320187,-0.0032789390253643,0.0034330287555838,
1993-10-22,0.0015179212271693,-0.0010530455803648,-0.0042346120323852,
1993-10-25,-0.0007125519289595,-0.0027264337425364,-0.0112898688266657,
1993-10-26,-0.0020299147042232,0.0023420460540308,-0.0017660508642997,
1993-10-27,-0.0012200101252539,-0.0007346017777997,0.0072389117119528,
1993-10-28,-4.036177259541138e-05,0.0008744610997852,-0.0047947968963245,
1993-10-29,0.0005282880787154,-0.0005016689111088,-0.0077904161890936,
1993-11-01,-0.0003277358051662,-0.0027422100480283,0.0108085220455089,
1993-11-02,-0.0002840182584274,-0.0025052628432672,-0.0040521205430457,
1993-11-03,0.0001781290019387,0.0006927193705492,0.0088587311900996,
1993-11-04,-0.0027419944750469,-0.0005611290992643,-0.0005518772662105,
1993-11-05,-0.0047643160480539,-0.0035165497663731,-0.0051375428425804,
1993-11-08,0.0004376020652002,0.0028120280329,-0.0114983581018676,
1993-11-09,-0.0010580681816766,0.0020261906078001,-0.0017069553213913,
1993-11-10,-6.633527437571637e-05,-0.0010433209727523,0.0028802421074656,
1993-11-11,0.0001769756420416,-0.00233988435576,0.0066650345076982,
1993-11-12,0.0019034793525196,0.0036679566190901,-0.0069328318500952,
1993-11-15,-0.0009117365949754,-5.957957467460385e-05,0.0040199264381343,
1993-11-16,0.0015918768274537,0.0011479612571739,-0.0013276596885809,
1993-11-17,-0.0004430189877424,0.0007085364848676,0.0123651174769244,
1993-11-18,-0.0001907010680369,-0.0014584460789919,-0.0044854700590269,
1993-11-19,-0.001242849224494,-0.0029683391422695,-0.0006922247578762,
1993-11-22,-0.0046143540586275,-0.0027723877518137,0.0056619927241428,
1993-11-23,-0.0003195267787624,0.0026075577478949,-0.0132842410468958,
1993-11-24,-0.001024095055066,-0.0009163572910636,-0.0045451540302334,
1993-11-25,0.0025206351737829,0.001396359227557,-0.0077572145458945,
1993-11-26,-0.0018161144543771,0.0024289159017544,0.0008730221623575,
1993-11-29,-0.0020432368509733,0.0010193499355841,-0.023318908450894,
1993-11-30,0.00139312182691,-0.0005865407326984,-0.0027982946315938,
1993-12-01,0.0050118213862491,0.0018112940383636,-0.0018859144515276,
1993-12-02,0.0016037713543108,0.0007886801477835,-0.0167088535526623,
1993-12-03,0.0012009634285045,0.0004079922546668,0.003626948944204,
1993-12-06,-0.0017681672538108,0.0043660325053005,-0.0143289121809903,
1993-12-07,-0.0009875623620844,1.0899369824205824e-06,0.0020869223103724,
1993-12-08,-0.0003547492960762,0.0006262772863961,-0.0055183951849242,
1993-12-09,0.0030108769581392,0.0012942774921557,-0.001369197294367,
1993-12-10,0.0010331292405485,-0.0013537502879441,0.014299738129215,
1993-12-13,-3.631459969533315e-05,-0.0011917057873002,-0.0155166348818825,
1993-12-14,-0.0013969358652891,-0.0015877856855309,0.010693107734231,
1993-12-15,0.0014624393423939,-0.0004308450786899,-0.0035122794039974,
1993-12-16,0.0019577522878292,0.0002810265821944,-0.0019292865661417,
1993-12-17,0.0019926388997336,0.0013111012782662,-0.0050981301148213,
1993-12-20,-0.0003514042822347,0.0004826920512968,0.0001993169296548,
1993-12-21,-0.001466630131172,4.620788602845231e-05,-0.0099020373398252,
1993-12-22,0.0013879390582015,0.0035065543409752,0.0135930375079774,
1993-12-23,0.0011522619850287,0.0012975406623155,0.0015197284338039,
1993-12-24,-0.0008611353652786,0.0008391188433869,0.0003704758302765,
1993-12-27,7.91433100278833e-05,0.0001284420338585,0.007665999239232,
1993-12-28,0.0009909488162826,-0.0004252244018948,-0.0019781008645519,
1993-12-29,0.0010759308383171,8.331317028511487e-05,0.0004862805600453,
1993-12-30,0.0002752092824114,-0.0025154900435119,-0.009933796382761,
1993-12-31,-0.0003284665740636,-0.0005179906945486,-0.0006282084953738,
1994-01-03,0.0010768478268147,-0.0025330266735806,-0.0010943062498813,
1994-01-04,-0.0008078067494248,-0.0003646484517557,0.0100439067084232,
1994-01-05,0.0008114065307765,-0.0006763810004022,0.0234448665405013,
1994-01-06,0.000370518577292,0.0026914892954571,0.0021120060464676,
1994-01-07,0.0016295966021098,0.0069698662110906,0.0007107072805863,
1994-01-10,0.0016182369504058,0.0010943662531184,-0.0154530819242001,
1994-01-11,-0.00011203339734,-0.0004105201228371,0.0086370893169987,
1994-01-12,-0.0012944013647508,0.0015463989218797,-0.0086601407074707,
1994-01-13,-0.002269236844187,-0.0039734116052396,0.0033566166598205,
1994-01-14,0.0030521041656213,-0.0038748905645774,0.0121553025490942,
1994-01-17,-0.0018694903571109,-0.001156367059498,0.0105587899352272,
1994-01-18,0.0005799386421459,0.0002517631576844,-0.0133514947622845,
1994-01-19,0.0034701273823774,-0.0001127563188615,-0.0003530704924252,
1994-01-20,-0.0010023584826118,0.0034388168142593,-0.0053935321336107,
1994-01-21,0.000744000701046,-0.0008220240848876,0.0038874484176109,
1994-01-24,0.0009581952348031,0.0007297626809608,0.0121328538925175,
1994-01-25,-0.0032379095024789,-0.0032164416320363,-0.0018226961213148,
1994-01-26,0.0016940684647801,-0.0016009096206792,0.0151587959643166,
1994-01-27,-0.0003800125256455,0.0021110459676539,0.0014015433967629,
1994-01-28,0.0008405166925115,0.0015479891731744,0.0036960212896137,
1994-01-31,0.0035084657256243,-0.0018899860233231,0.0012466834896089,
1994-02-01,0.0018777815542235,-0.0011741018500138,0.0197200527939676,
1994-02-02,0.0019292951783478,0.0002879578640516,0.0021625838017054,
1994-02-03,-0.001875259719362,-0.0030145865316737,-0.0101480319607212,
1994-02-04,0.0001344891688349,-0.0050170292815507,-0.0099835873930137,
1994-02-07,-0.0033942653964943,-0.0010238479020544,-0.0060671537864748,
1994-02-08,0.0017308301836783,-0.0004855956504994,0.0053342932735635,
1994-02-09,-0.0014811165240924,0.0019779581309268,-0.0138278203201816,
1994-02-10,0.0001088016817625,-0.0005677636246568,0.001102386947952,
1994-02-11,-0.0008668895410325,0.0011663644896827,0.0054548032699888,
1994-02-14,-0.0034178378588451,0.0005108986871217,-0.0157467242324962,
1994-02-15,-4.578617947899116e-05,0.0008199638302589,-0.0021946694278156,
1994-02-16,0.0004238035973292,-0.0007275230534876,-0.0009236037129517,
1994-02-17,0.0008774614606168,-0.0051892937813358,1.095400232513545e-05,
1994-02-18,-0.0022216372324079,-0.0035376130103356,-5.613363681266476e-05,
1994-02-21,0.0001877857555076,-0.0022742348188098,0.0001430256748843,
1994-02-22,-0.0001413730659204,0.0030031094081723,0.0076582132943994,
1994-02-23,0.0009883379121125,-0.0033891890130292,-0.0030075598444757,
1994-02-24,-0.0016872259698923,-0.0043239834185084,0.0084984433450564,
1994-02-25,-0.0003391991943267,-0.0004521150840869,-0.0013140507975366,
1994-02-28,0.0026958925432424,0.0016222846594107,-0.0079215371659477,
1994-03-01,-0.0020488538352984,-0.006846623121204,0.001339243124946,
1994-03-02,-0.0037624182477915,-0.0026501583221587,-0.0002044636341692,
1994-03-03,0.0007493620585509,0.0005164723730321,-0.0041400731524516,
1994-03-04,0.0027976404868085,-0.000231954244972,-0.0009517061482394,
1994-03-07,0.0017194626106796,0.0011789723825144,-0.0101759536593307,
1994-03-08,-0.0002315521647412,-0.0012283134104222,-0.0016880125205644,
1994-03-09,-0.001039570641294,-0.0002344231952601,0.0018853106610464,
1994-03-10,0.000322246792431,-0.0025970975216817,-0.0029157557877606,
1994-03-11,-0.0015231061317538,0.0005245002815981,0.0049980212823516,
1994-03-14,0.0042932822631723,-4.391821814602809e-05,0.002142345549505,
1994-03-15,0.0010545544258864,0.0005808365952969,0.0092086072255581,
1994-03-16,-0.0005352577999507,0.0018116975660175,0.0081337084789305,
1994-03-17,-0.0003803036728478,4.701863659894092e-05,-0.0078255841257787,
1994-03-18,-0.0021817100122266,-0.0037963285547659,-0.0016530031269606,
1994-03-21,-0.0010815672711481,-0.0021780649556415,0.0053692217925932,
1994-03-22,-0.0002486158243141,0.0018511950730638,0.0026384214394129,
1994-03-23,-0.0011372477504793,0.0013052565233275,-0.0045201706700138,
1994-03-24,-0.0011188447381004,-0.0058856454413747,-0.001563948612382,
1994-03-25,-0.0013840855336817,-0.0014374220756068,0.003374685496993,
1994-03-28,0.0010439650022826,0.0002953990933592,-0.025250160144626,
1994-03-29,-0.0016538692159416,-0.001825088618033,0.0029024142595047,
1994-03-30,-0.0021815181046487,-0.0015576494689331,0.0021219355713398,
1994-03-31,-0.0019546216842102,0.0016319379378962,0.0074456899434336,
1994-04-01,0.0007672948851774,-0.0059007975077881,,
1994-04-04,-0.0008887577907797,-0.0049325057020378,0.0128789251318143,
1994-04-05,0.0035325460193187,0.0058096255504564,0.009708278124054,
1994-04-06,0.0013814129271202,0.0006435853660566,0.0029523627121981,
1994-04-07,0.0009846993835282,0.0006333376782094,-0.0055881234176398,
1994-04-08,0.0001036440853072,-0.0030340864226145,-0.0024602142523399,
1994-04-11,0.0010016851374554,-0.0002698118084936,0.0044049783140828,
1994-04-12,-0.000348800438635,0.0040046043935099,-0.0012265405547482,
1994-04-13,0.001207396419131,-0.0015299181561736,0.0042423449448937,
1994-04-14,-0.0011833868059131,-0.0010655547863251,0.0082476294579444,
1994-04-15,0.0020170782113615,0.0011923708892705,0.0073467858603887,
1994-04-18,-0.0008063186730638,-0.0064320610755701,0.0007432525461157,
1994-04-19,-0.001414966129579,-6.107605271427367e-05,-0.0098131558956786,
1994-04-20,-0.0021061815378729,0.0010518391877058,0.0036213443788382,
1994-04-21,-0.000319087931858,0.0063228083357987,0.0066934846033302,
1994-04-22,0.0019241743833573,9.322196565212416e-05,0.0066507246624737,
1994-04-25,-0.0014615996413877,0.0017679029253783,0.005306989458677,
1994-04-26,0.0010982136168178,0.0001230805568899,-0.0103142348461414,
1994-04-27,0.0007646450194619,0.0015637258670518,-0.0024914314462663,
1994-04-28,-0.0008645068230494,-0.005770538202305,-0.004022616403666,
1994-04-29,0.0004783175511583,-0.0004168346191442,0.00979008149441,
1994-05-02,-0.0001435684416102,-0.0007368681210205,-0.0029765484968726,
1994-05-03,-0.0011312177667969,-0.0019172708971543,-0.0051488374216736,
1994-05-04,-0.0018783548269447,-0.0016261618398564,0.0016645487603985,
1994-05-05,0.0013690889441709,0.0012611812525564,0.004624601057969,
1994-05-06,0.0007230852512178,-0.0089753918984096,0.0096446625509593,
1994-05-09,-0.0010404636642039,-0.0039112632560253,-0.003439220682913,
1994-05-10,0.0023372768294059,0.0067263749619002,-0.0027243022578215,
1994-05-11,0.0010262206932939,-0.0026578467932903,0.0005036661700795,
1994-05-12,0.0007101586950498,0.0011092212784109,0.0062159289615173,
1994-05-13,0.0003307407198011,0.0039664413284237,0.0001892872921986,
1994-05-16,-0.0002487368955524,0.0029031518161166,0.0006139251408444,
1994-05-17,0.00025716298344,0.0044913014741367,-0.0046091814549085,
1994-05-18,-7.670885628040675e-05,0.0029468773462546,0.0087845317273529,
1994-05-19,4.333257597052492e-05,0.0033046138864082,0.0048800413471243,
1994-05-20,0.0003694599344387,-0.0017340286636034,0.0019180864170171,
1994-05-23,-1.4922772599473496e-05,-0.0064571672453151,0.0040182555806153,
1994-05-24,-0.0011526699015894,0.0004747314799803,-0.0152520009775623,
1994-05-25,-0.0023890439101256,-0.0002379970754725,-0.012192235718562,
1994-05-26,-0.0001167515730994,0.0015823227295635,-0.0001433445821976,
1994-05-27,-0.0012274693936873,-0.0015082731188452,0.0057508007222234,
1994-05-30,0.0003334911184768,-0.0003770532551369,,
1994-05-31,0.0002053381251926,-0.0048182886185339,0.0180427167727546,
1994-06-01,-0.0018442481311813,-0.001850574004822,-0.0051969270980223,
1994-06-02,0.0012647441327752,0.0032624717808588,0.0075802726094098,
1994-06-03,0.0012266050683344,0.004026457433859,-0.0078201538384596,
1994-06-06,-0.0001086545367634,0.0025409426715592,-0.005495215227107,
1994-06-07,-0.0003979134080927,-0.0034047750243036,-0.0037288788620019,
1994-06-08,0.0022140069455465,0.0011161633869169,0.0119562117226631,
1994-06-09,-0.0004669712270879,-0.0001272997577237,0.0045358419252197,
1994-06-10,0.0004360743158349,-0.0001479887314657,0.0038642223395091,
1994-06-13,-0.0016938157886433,-0.0042689686652374,0.0064681185126428,
1994-06-14,0.0001275474477203,0.00212404107076,0.0021103117216885,
1994-06-15,-0.000853602186413,-0.0029707587457962,0.0223229274040442,
1994-06-16,-0.0014210854266063,0.0002832735947992,-0.0015542599248678,
1994-06-17,0.0002135816592216,-0.0059673312232741,0.0102231600822774,
1994-06-20,-0.0039359595766731,-0.0040720413146949,-0.005854524655291,
1994-06-21,-0.0023266531368769,-0.0022241693827403,-0.0086016096524827,
1994-06-22,0.0015229581225084,0.0065873025697997,-0.0095535129845574,
1994-06-23,0.0016773426570873,0.002472087419132,-0.0018329146841579,
1994-06-24,-0.0035520991597913,-0.0034836595118622,0.0052410705242982,
1994-06-27,-0.0007090655282024,0.0034223512954644,-0.0038597581993914,
1994-06-28,0.0022452497255695,-0.0050926462098749,0.0146291870190572,
1994-06-29,0.0004397293216245,0.0025443920920722,-0.0097238058237057,
1994-06-30,-0.0013026330307136,-0.0059290985122888,0.0097480821341164,
1994-07-01,4.272599662931198e-05,0.0014967570728819,0.0012706257534325,
1994-07-04,0.0014827865342024,3.611106837439672e-05,-0.0016697621765209,
1994-07-05,-5.756184009994862e-05,-0.0007585744495709,-0.0136458939961558,
1994-07-06,-0.0012978255510258,0.0005853180671404,-0.0062796574476668,
1994-07-07,0.0015950612912389,0.001194714135688,-0.0037055635518687,
1994-07-08,-0.0008301149731088,-0.0019317629519117,0.0036168038529914,
1994-07-11,0.0014433236374139,-0.0022276137843791,0.0130383642857995,
1994-07-12,-0.0009135644789305,0.0038599169626114,0.0063090472602047,
1994-07-13,0.0018976839581705,0.0003879184243457,-0.0022432385684884,
1994-07-14,0.0016314614452984,0.007026329821507,-0.000678234820493,
1994-07-15,0.001540098683137,0.0005755748589474,-0.0045360049145826,
1994-07-18,0.0009869600993881,0.0023729864203048,-0.0062888863531482,
1994-07-19,0.000888993877977,0.0028759625714276,0.0005461639268266,
1994-07-20,-0.0008440873862069,-0.0052657420998784,-0.0057550043674156,
1994-07-21,0.0004780235038806,-0.0014241425091464,-0.0005451262579086,
1994-07-22,-7.01853405866551e-05,-0.0007006354184697,0.0033949977921598,
1994-07-25,-0.0005195816837126,0.0012597481306214,-0.0099839306207696,
1994-07-26,0.0012593967938504,-0.0015832031386227,0.0015767053528854,
1994-07-27,-0.0021216069655379,-0.003257141789799,0.0006208467803371,
1994-07-28,0.0004622818988521,0.0009311897623035,0.0065942463751386,
1994-07-29,0.0015853787859077,0.0070550575051426,0.013366716833616,
1994-08-01,-7.175838123791735e-05,-0.0001300045415485,0.0068376475638592,
1994-08-02,0.0037631616886769,0.001339374634888,-0.0138852194244292,
1994-08-03,-0.0005226089200396,-0.0001314265567872,-0.0075358367712978,
1994-08-04,-0.0005392177061239,-0.0018893703214779,-0.0013024396017569,
1994-08-05,0.0002465830762293,-0.0057359811884653,-0.0120733109775106,
1994-08-08,0.0001435859213979,0.0005250378900142,-0.0036752043177955,
1994-08-09,-0.0012449465867985,-0.002464061126109,0.0023134588415215,
1994-08-10,0.0006675893193037,0.00060515380397,-1.967716063363536e-05,
1994-08-11,-0.0010501961332888,-0.0026970631378736,-0.0074399653206508,
1994-08-12,-0.0010852522994761,0.0021893417515646,-0.0106178540910666,
1994-08-15,0.0001174731178352,-5.54585472927668e-05,0.0025679941248518,
1994-08-16,0.0002572624731377,0.0045249304039121,-0.0033093882340313,
1994-08-17,0.0016447183303421,0.0013634458778487,0.0108481038773757,
1994-08-18,-0.0010348121979619,-0.0045373732058257,-0.0129238110239023,
1994-08-19,-0.0013546008830394,0.0016597856053877,-0.0104801101626462,
1994-08-22,-0.0015133610038707,-0.0018835402092127,-0.0178453288586782,
1994-08-23,0.0006233962868816,0.0019717646661203,0.0011642752218702,
1994-08-24,0.0008631575998052,0.0026360937598836,0.0095190309012333,
1994-08-25,0.001104731271471,-0.0024814280046448,-0.0038806161623849,
1994-08-26,0.0019050415298786,0.0022799997928089,-0.0055670235534702,
1994-08-29,0.0009764995646999,-0.0007013232797855,0.0096224616826379,
1994-08-30,-0.000553595449434,0.0006883679706579,-0.0045247967501557,
1994-08-31,0.0003026820266628,0.0013454869430623,0.00101453074611,
1994-09-01,-0.0016259813290223,0.0003209388203823,0.0005800557773216,
1994-09-02,0.0001198483311594,-0.0015674843835888,-0.0026428105510906,
1994-09-05,-0.0012480985983585,0.000183594694049,-0.0023839556516457,
1994-09-06,-0.001407187194419,-0.0022934025001779,0.0108725259690039,
1994-09-07,-0.000982127735325,0.0002604044521682,0.0072212875661292,
1994-09-08,-0.0001216463211189,0.000400185773525,-0.0024318793425332,
1994-09-09,-0.0017286533338292,-0.0057116833346165,-0.0012168748913869,
1994-09-12,-7.525130868719118e-05,-0.0012061849023724,0.0024802301516657,
1994-09-13,0.0007016552152433,0.0016896648723681,-0.009189435159242,
1994-09-14,-0.0019008951934071,0.0002599716050876,-0.0086057470942477,
1994-09-15,0.0014506639214687,0.002578342457972,-0.0095069065028848,
1994-09-16,-0.0029170059238214,-0.0070900935684552,0.0020400741302359,
1994-09-19,-0.0004570831078029,0.0012480176058267,0.0072877252842723,
1994-09-20,-0.0002994905766123,-0.0014500408509293,-0.002381642022875,
1994-09-21,-0.0008267086209367,-0.0010449625188673,-0.0075262822390308,
1994-09-22,0.0002171029038368,0.00173596133773,0.0070590500939817,
1994-09-23,0.0010330980128014,0.0001362878398196,0.0018071981043641,
1994-09-26,-0.0019946119227067,-0.000536996506868,-0.0038595344649906,
1994-09-27,-0.0008066265864461,-0.0008256823649125,-0.00433383562585,
1994-09-28,0.001334064993079,0.0024466681687619,-0.0010065499807307,
1994-09-29,-0.0018002035995812,-0.0029666349647035,0.0056290278278721,
1994-09-30,-0.0002286349116686,0.0001600904958543,0.003351035505312,
1994-10-03,-0.0008005755299819,-0.0025128236610589,-0.0006817197017195,
1994-10-04,0.0004875455621099,-0.000801367496647,-0.0029294562912955,
1994-10-05,-0.0020352361089712,-0.003664816065545,-0.0034488677023848,
1994-10-06,0.0004096830472704,0.0002823770214911,0.0021351483627295,
1994-10-07,0.0011694161331722,0.0022807225539471,-0.0016652816601408,
1994-10-10,0.0024827013693061,0.0012011126378101,-0.0046667751924893,
1994-10-11,0.0019411108175422,0.002443252628546,-0.0049442463310875,
1994-10-12,0.0009837106783585,-0.001047741769045,-0.0132331996500302,
1994-10-13,0.0021890986975836,0.0023172233233955,-0.0095193174657001,
1994-10-14,-0.0014728471696646,0.0024289674756311,-0.0002381598490475,
1994-10-17,-0.0002954706737284,0.0001376707820785,0.005950625899041,
1994-10-18,-0.001174147914519,-0.0010464302607931,-0.000806240410547,
1994-10-19,-0.001526904570544,-0.0016793102302035,0.0019475531193597,
1994-10-20,6.200876571285532e-05,-0.0045926767212486,0.0019907726308319,
1994-10-21,-0.0017228264803773,0.0007759826759421,-0.0009851503538012,
1994-10-24,-0.0002916123551911,-0.0029375929568533,0.0099544814327287,
1994-10-25,-0.0015833054055285,-0.0013450357255313,0.0019055588436952,
1994-10-26,9.409028241878652e-05,-0.0005182058780572,0.012835779723957,
1994-10-27,0.0018495232443713,0.0008216549499477,0.0020420916158645,
1994-10-28,0.0023953279781508,0.0035044800766436,-0.0026753180625473,
1994-10-31,0.001022056661717,-9.580208318845668e-05,-0.0073498998293457,
1994-11-01,-5.405792571315168e-05,-0.0027782870519945,0.0075347131874073,
1994-11-02,-0.0019952876766166,-0.0018359961648702,-0.0014694314370982,
1994-11-03,0.0014425506347183,4.773861492306254e-06,-0.0008232999872209,
1994-11-04,0.0005860376149975,-0.0023252695787288,-0.0005772833420366,
1994-11-07,-0.0023447322151809,-0.0009532807862896,-0.0134800252774029,
1994-11-08,0.0005564520614034,0.0016775879778819,0.0040318608772505,
1994-11-09,0.0008826234933338,0.0028437464002591,-0.0038746213065166,
1994-11-10,-0.0003559931092019,-0.0011688293456376,-0.0020662754040361,
1994-11-11,-0.001027762928275,-0.0019917327577359,-0.0015658456069461,
1994-11-14,0.0007169654736874,0.0038438129292175,-0.0103793546921385,
1994-11-15,0.0016311642760689,0.0023624991734441,0.0047227533435765,
1994-11-16,-0.0003105362299368,-0.0027028543880022,-0.0120627231454601,
1994-11-17,-0.0006531853372588,-0.0025210986788173,0.0008544730357756,
1994-11-18,-0.0004456713146998,0.0007166839425708,0.0026731502309198,
1994-11-21,-0.0004514569518728,9.015611796132033e-05,-0.0015280440668132,
1994-11-22,-0.0022849743835782,0.0015954030703318,0.0088770970434406,
1994-11-23,-0.0021303488639506,0.0075352273285603,0.0046764616931811,
1994-11-24,0.0006380010878272,0.0012589754039858,8.990877655461009e-05,
1994-11-25,-5.411931888345328e-05,0.0005146442901403,0.0009693449983754,
1994-11-28,0.0007412066309922,-0.0031827646232808,-0.0004728996740792,
1994-11-29,-0.0001009691307395,-0.0030003275127957,-0.012171409207723,
1994-11-30,0.0015016947776127,0.0023917372363356,-0.0100143180042474,
1994-12-01,-0.0011332585881217,-0.000869005315938,-0.0085993448359895,
1994-12-02,-0.0004066328188812,0.0043133769969721,-0.0169695097940786,
1994-12-05,0.0019793677004008,-0.0015748256766977,0.0037417920577737,
1994-12-06,-0.0007923050000929,0.0043021224277781,-0.0018162234093255,
1994-12-07,-0.0005005712958772,-0.0031733952278061,0.0077940464911325,
1994-12-08,-0.0002672565817937,-0.0005606081248952,0.0135091014690561,
1994-12-09,-0.0016457228011203,0.0020356768095141,0.0007015581982958,
1994-12-12,-0.0012083360962582,-0.0033730688280886,0.0010234051259901,
1994-12-13,-5.031153578778995e-05,0.0008131328948415,-0.0109972478049049,
1994-12-14,0.0016173203953653,0.0012137815063314,-0.0067878697376541,
1994-12-15,0.0009469346226488,0.0004952431856767,-0.0026504427548387,
1994-12-16,0.0008106820897707,-0.0001004422966752,-0.0013655751576653,
1994-12-19,0.0008492462503523,-0.0002182262684457,-0.0103582838227899,
1994-12-20,0.0008067816512713,-4.445082520065047e-05,0.0017336298815163,
1994-12-21,0.000347789519657,0.0016927052400441,0.0026859873611497,
1994-12-22,0.0017681509532345,-0.0017770800470982,0.0032692019200584,
1994-12-23,-0.0003403740826291,-6.770350811432519e-05,0.0010895104420926,
1994-12-26,0.000470448248454,9.617828529328592e-05,,
1994-12-27,-0.0002362939118459,0.0031224124386289,0.017049124687956,
1994-12-28,-0.0012082272591223,-0.0012353171215054,0.0078955475998997,
1994-12-29,-0.0009251752651762,-0.0022409380834845,-0.0007520529162141,
1994-12-30,-8.632549608673335e-05,-0.0006810747931358,0.0044014784506208,
1995-01-02,3.868176691626727e-05,-7.091766820172697e-05,,
1995-01-03,-0.000555719841151,-0.0024470558048663,-0.0140625953833912,
1995-01-04,8.55755123680293e-05,0.0010590484943475,-0.0060776515617056,
1995-01-05,-0.0013785020864763,-0.0026507933648532,-0.0001804013418358,
1995-01-06,0.0003082752055725,0.0009237332488837,-0.0072108555887152,
1995-01-09,-0.0009884427582421,-0.0015474200887503,-0.0117231116293466,
1995-01-10,0.0004627131844872,0.0023515560048376,-0.0019675638286177,
1995-01-11,-0.0008301445374193,0.0020963065879107,0.0048050178746387,
1995-01-12,-0.0006840012718284,-0.0001297426193475,-0.005697451527323,
1995-01-13,0.0002147098482312,0.0049275275405378,-0.0100604558990818,
1995-01-16,0.001465296615787,2.528126715630049e-05,0.0123960328556164,
1995-01-17,-0.0011523294132162,-0.0013865200190827,0.0156825199987662,
1995-01-18,0.0002356615509596,0.0004076551893285,-0.0037886000745316,
1995-01-19,-0.001879719645361,-0.0015159935087977,-0.0030735568334654,
1995-01-20,-0.0021173734881067,-0.0032883300609566,0.0058507175876625,
1995-01-23,-0.0061856406117224,-0.0007748993128643,-0.0129126842985182,
1995-01-24,0.001788630124613,0.0005770069433792,0.0051378760143036,
1995-01-25,0.0008636507888311,0.003091756887886,-0.0050444243170589,
1995-01-26,0.0012853471890348,0.002505118437198,0.0008512750602211,
1995-01-27,-0.0002200258815017,0.0052034687910914,-0.0057122415072161,
1995-01-30,0.0019360264847711,-0.0011152927263712,-0.0003825136471015,
1995-01-31,-0.0009157940111153,0.0009375216065893,0.0002747993289029,
1995-02-01,0.0017032339643578,-0.0008850330419745,0.0049390348947437,
1995-02-02,-0.0004146663985664,-0.0015071163935514,0.0079847345083041,
1995-02-03,0.0013916944832264,0.0075241059217072,0.0066045466990792,
1995-02-06,0.0015788013358815,-0.0007418641963704,0.0064581377112225,
1995-02-07,-0.0002940452506376,0.0009986510181664,-0.0126005906746002,
1995-02-08,-0.0012768624766487,-0.0003866693056202,-0.0011187732042497,
1995-02-09,0.0010807860838469,-0.0016678132724255,0.0063929890601041,
1995-02-10,0.0003154078977872,-0.0022530248484266,0.0013202431600855,
1995-02-13,-0.000745080863117,-0.0002034122430058,-0.0111078746581681,
1995-02-14,-0.000699778162867,0.0032251074115288,0.0016382078377832,
1995-02-15,-0.0001968634958705,0.0035410824229457,-0.002052808855478,
1995-02-16,-0.0018408714872325,0.0009712704674808,0.0024269430666785,
1995-02-17,0.0004423467690973,-0.0003721573694162,0.0054868132143366,
1995-02-20,-0.0015102828285958,0.0002081835455145,-0.0008903377403736,
1995-02-21,0.0011004400107903,-0.0005703397940677,-8.243869150821568e-05,
1995-02-22,-0.0008416004123879,0.0044834769273299,0.0047080581392893,
1995-02-23,0.0004688547502349,0.0018730027535594,0.001397895981842,
1995-02-24,-0.0015858527855194,-0.00015675956031,0.0049121967023513,
1995-02-27,-0.0032120285493162,0.0044039765825727,-0.0046863760966183,
1995-02-28,-5.291943092339918e-05,0.0011159955118857,0.0027829662052114,
1995-03-01,5.971244829509952e-05,0.0001647062397969,-0.0043449762688891,
1995-03-02,0.0013368189332351,-0.0026242467906608,-0.0004519267523521,
1995-03-03,-0.0005303057579559,-0.0014157624547635,0.0016501255183428,
1995-03-06,-0.001744500131264,-0.0008029492808349,0.0021565669355382,
1995-03-07,-0.0014527968734958,-0.000277394644208,0.0042433657375932,
1995-03-08,-0.0013788148110119,0.0028752313955592,-0.0047115734665736,
1995-03-09,-0.0010908532150682,0.0016818640179809,-0.0023875409927344,
1995-03-10,-0.00048914319372,0.002427028247731,-3.574701046836254e-06,
1995-03-13,-0.0004547726429451,0.0023487417982127,0.0043381608960402,
1995-03-14,0.0015672522247215,0.0037997730477158,-0.0022817979612441,
1995-03-15,0.0009923443551731,0.0003861002829905,0.0087968534720673,
1995-03-16,0.0006193288133626,0.0019192001965905,0.0081654566274453,
1995-03-17,-0.0012843410998207,-0.0015299717600178,-0.0008160637289452,
1995-03-20,0.0013252429672979,-0.0005222946900488,0.0026147607311992,
1995-03-21,9.601931092360024e-05,-0.0010013125857895,-0.0032263450495848,
1995-03-22,-0.0006719160897418,-0.0007450446717596,0.0137962359730647,
1995-03-23,-0.0024146436802142,0.0016135738044334,0.0003715672787139,
1995-03-24,0.0009197445250843,0.0038121465194381,-0.0084992957530861,
1995-03-27,0.001718302599307,0.0008889574443603,0.0077329324129341,
1995-03-28,0.0017084082790264,-0.0016112822501243,-0.0029095772022588,
1995-03-29,5.400870399390476e-05,0.0002137780113582,0.0031574374328525,
1995-03-30,0.0021063134914101,-0.0007655055653832,0.0032183486389344,
1995-03-31,-0.0037978636611675,-0.000176614205941,0.0017561562803238,
1995-04-03,-0.0024386638212548,0.0053846374136024,-3.562566702498978e-05,
1995-04-04,0.0026976568312297,0.0012249027064651,0.0044319020536745,
1995-04-05,0.0008957096845778,-0.0014006847016145,0.0064220545244308,
1995-04-06,8.205223087849625e-05,0.0021310121936706,0.0037582424644629,
1995-04-07,0.0003691560576539,-0.0002880463922541,0.0015937641783782,
1995-04-10,0.0015768562455635,-0.002277911094336,-0.0020879216129373,
1995-04-11,-0.0001909835951488,0.0008059665712505,0.0078955945553192,
1995-04-12,0.0008527271029072,0.0002992734892473,-0.0057678360039581,
1995-04-13,0.0006526209304034,0.0049427420839589,-0.0104152063171675,
1995-04-14,-0.0014359459623557,0.0022576740164288,,
1995-04-17,0.0010207825845735,-0.0002569742070042,0.00804714351586,
1995-04-18,-0.0016944095727906,0.0018173918665376,0.0088698944731028,
1995-04-19,0.000430103063839,-0.0027700913262561,0.0049462773071387,
1995-04-20,0.0014049196193578,0.0021022710477605,-0.0001238306194481,
1995-04-21,0.0028594319977261,-0.0005875874983652,-0.001528921261168,
1995-04-24,-0.0010417596813756,0.0014084791424275,-0.001032630098688,
1995-04-25,0.0010977629575347,-0.0008959255401235,0.0014759582024781,
1995-04-26,-4.4022240834251853e-07,0.000889021405654,-0.0058882421762829,
1995-04-27,9.537903882276635e-05,-0.0016178598048535,0.0038062646202126,
1995-04-28,-0.0006800296248599,-0.0014049748872442,0.0010130233378568,
1995-05-01,0.0002035462861413,-0.0014370402117445,0.0082443975957943,
1995-05-02,0.0021169788214418,0.0020210693778246,-0.0096339075012711,
1995-05-03,0.0010228966444623,0.0036586313329386,-0.003524167671473,
1995-05-04,-0.0002420490035939,0.0040422271723899,0.0046944173939952,
1995-05-05,-0.0004911978784236,0.0056270348516623,-0.0013754839584983,
1995-05-08,0.0004942221018195,0.0012833632211058,-0.0011126526071373,
1995-05-09,0.000999718502803,0.0037779998979791,-0.0079008953010139,
1995-05-10,0.000724185083664,-0.000853291329657,0.0017290814101464,
1995-05-11,-0.0004196480932592,-0.0007507500223099,-0.007181570105726,
1995-05-12,0.0001716808116286,-0.001822907342007,0.0020885501791433,
1995-05-15,0.0001439808909606,0.0016979291740145,0.0131370686422363,
1995-05-16,-0.000814399765205,0.0028432555350183,0.0034436351027483,
1995-05-17,0.0001132613393552,0.0006691164167803,-0.0019211495075953,
1995-05-18,-0.001246404614925,-0.0014212451221675,0.0103419602493655,
1995-05-19,-0.0024026491483193,0.0005752612719469,-1.9846753921683885e-05,
1995-05-22,0.0007124464136296,0.0003770936883144,0.0031476827666647,
1995-05-23,0.0003793727422246,0.0024680220753467,0.0022173159268606,
1995-05-24,0.0008261026013341,0.0052048182072182,-0.0073590202582635,
1995-05-25,-0.0016761399322261,0.0023080876980897,-0.0053358517890752,
1995-05-26,-0.001560659568471,0.0002760856275438,-0.0093928867325876,
1995-05-29,0.0001481465915377,-0.0003077731793567,,
1995-05-30,0.0006647976790441,0.004592360931514,-0.0089792989512813,
1995-05-31,-0.0004338488565165,0.0012056749454773,0.0011254949206744,
1995-06-01,0.0021253942285082,0.0034737579620853,0.0056679800320347,
1995-06-02,0.0014149459778662,0.001862516058484,-0.0001575326405998,
1995-06-05,0.0003999891541954,0.0021378495519484,0.0042381127420053,
1995-06-06,-0.000649503607018,0.0010038037804964,-0.0061312195571169,
1995-06-07,-0.0003742490359754,-0.0048974330422229,-0.0006115860860356,
1995-06-08,-0.0012020073966622,-0.0028745213069044,-0.0008114119290581,
1995-06-09,-0.0034503975523788,-0.0062690922170766,-0.0022062955016052,
1995-06-12,-0.00065226825175,-0.0005024732779621,-0.0003516121748343,
1995-06-13,-0.0008026746217306,0.0089195750965584,0.0012222802398334,
1995-06-14,1.337353868242028e-05,-0.0015848098314608,0.0026151700295114,
1995-06-15,0.0013994586887173,-0.002179361182765,-0.0054507702545773,
1995-06-16,-0.0008471367090279,-0.0009946920336611,-0.010406407974369,
1995-06-19,0.0010767438805825,0.0041975667981601,-0.0082266620984777,
1995-06-20,-0.0011393061291831,-0.0009194584012629,-0.0023490289684339,
1995-06-21,0.0012210268406349,0.0023867130825399,-0.0117553044192984,
1995-06-22,0.0010237915589666,0.0052196726546543,0.0019114821520552,
1995-06-23,-4.831739648442231e-05,-0.001572204256266,-0.0033503221741976,
1995-06-26,-0.0011433511914272,-0.0026941523789094,-0.0027565754803074,
1995-06-27,-0.0022171724023389,-0.0010539646834814,0.003481626725194,
1995-06-28,-0.0014286272193229,0.0005816645904533,0.0030651312713708,
1995-06-29,-0.0004213107959789,-0.004747570437589,-0.0095998567700502,
1995-06-30,1.21423754033859e-05,0.0005623363136959,-0.0042342225584943,
1995-07-03,0.0006454553155802,0.0009353351157685,0.0002288917292424,
1995-07-04,0.0021683679871849,0.0005066458982914,-0.001982247122629,
1995-07-05,0.0015514941289106,0.0021564891642433,-0.0078328874933605,
1995-07-06,0.0014009294179504,0.0045119846034661,0.0054728194655786,
1995-07-07,0.0074576006336213,0.0036697899979191,-0.0033049491319786,
1995-07-10,0.0003608296100525,-0.001140374086205,0.0103532058505303,
1995-07-11,0.0017788283406864,-0.0031550850302363,-0.0053339696245761,
1995-07-12,-0.0001819278935469,0.0001572027986198,0.0036365100274544,
1995-07-13,-0.0007370095934982,-0.0008926001753132,-0.0094789338266418,
1995-07-14,-0.0001327359171294,-0.0044669279698401,0.005098105669909,
1995-07-17,0.0018499965013535,-0.002595251834672,0.0015052172330057,
1995-07-18,-0.0021019478796202,-0.0021659479339658,0.0041374347819217,
1995-07-19,-0.0009842050776956,-0.0049848071211153,-0.0069067642156238,
1995-07-20,-0.0007503226696179,0.0008575235850563,-0.0074845961906945,
1995-07-21,0.0012534405858237,-0.0034043023987585,0.0008827295616448,
1995-07-24,0.0008830370969863,0.0019048548020753,-0.0038619193893039,
1995-07-25,-0.0016685821308629,0.0016333494922547,0.0043700383743292,
1995-07-26,0.0015457766786375,-0.0009820206452237,0.016947213482762,
1995-07-27,0.0006878719733105,0.0022274105068323,-0.0012572519626104,
1995-07-28,-0.0001147997005456,-0.001943881529642,0.0006811707190315,
1995-07-31,-0.0003621125211376,0.0010725222081976,0.0066311325736425,
1995-08-01,-0.0015033423770688,-0.0018722054781576,-0.0121351791005477,
1995-08-02,0.0037033864446506,0.0010455939510606,-0.0040400386439127,
1995-08-03,-0.0002447407862488,-0.0023386630782179,0.0009962258160516,
1995-08-04,-0.0002165289618647,0.0012312944004201,-0.0003275530997405,
1995-08-07,-0.0004686560126359,0.0016132415824552,0.0003034991183076,
1995-08-08,0.0006457868372205,-0.0006705971374457,0.0032387847901808,
1995-08-09,-0.0007744247117573,-0.0009210549766106,0.0047813778580847,
1995-08-10,0.0001526682348419,-0.0008165885766199,-0.0022854166086089,
1995-08-11,-8.644898474186296e-05,-0.0040089210765314,-0.0003750124950175,
1995-08-14,-0.0006456791371012,0.0001004779357034,-0.0016046588590784,
1995-08-15,0.0028295301046233,-0.0004800075776478,-4.1273117797522966e-05,
1995-08-16,0.0038203419812415,-0.0010659720088538,-0.0015642473815666,
1995-08-17,-0.0002479555780745,-0.000607251508417,0.0055794894536491,
1995-08-18,0.0002095353731093,0.0005165121910185,0.0064855657206833,
1995-08-21,0.0001750858135322,0.0034258999413298,0.0147543854376345,
1995-08-22,-0.0005229406263475,-0.0011732733730647,-0.0016121656263875,
1995-08-23,-0.0007265847075491,-0.0005422264663664,0.0004369625217015,
1995-08-24,0.0003090047563337,0.0030758724929409,-0.0010158200595001,
1995-08-25,-0.0008991560866453,0.0044271984035324,0.0009515848352518,
1995-08-28,-0.0003898499563087,0.0019923611388799,-0.002337269167842,
1995-08-29,0.000692760638821,-0.0020325392568921,0.0019920937711742,
1995-08-30,-0.0001216782459516,0.0017396511918306,0.0005282129950376,
1995-08-31,-0.0012933106825187,0.0013590301113637,0.0093126555603772,
1995-09-01,0.0012023333158204,0.00338482936269,0.0045567159536,
1995-09-04,-0.000760403460413,0.0022661577081593,0.0026091695898366,
1995-09-05,0.0008785783494307,0.0007491019115567,0.002975848382982,
1995-09-06,-0.0007736251507247,0.0001318941658954,-0.0076099236119558,
1995-09-07,-0.0002710525409665,-0.0007039429666156,-0.0017632557587476,
1995-09-08,0.0001675622539487,-0.0012594717122103,0.0044719785839002,
1995-09-11,0.0011317829381138,0.0010753532502421,0.0004274439637275,
1995-09-12,-0.0004054713419459,0.0033140550167527,0.0034819394652038,
1995-09-13,0.0023866370199822,0.0007619419217308,0.0003257049519716,
1995-09-14,-0.0001969571150829,0.0037880852706061,-0.000407229728876,
1995-09-15,-8.746634607996896e-05,-0.001296718934331,0.002508427436806,
1995-09-18,-0.0019607431899244,-0.0013075791862437,0.0021626468022265,
1995-09-19,0.000972397536407,0.0008524424376013,-0.0038891169986168,
1995-09-20,-0.0014501076533968,0.0031894248922285,-0.010160900433535,
1995-09-21,-0.0008832885248578,-0.0032458398526419,-0.005043768924976,
1995-09-22,-0.0039421662907897,-0.0015745125581176,-0.0064872126904993,
1995-09-25,0.000185939490112,0.0002009768018685,0.0025365478974982,
1995-09-26,0.0012970213554901,-0.0003328959436896,-0.0014305195228785,
1995-09-27,-8.402345603226796e-05,-0.0024211362323852,-0.0003714942934773,
1995-09-28,-0.0013731770413126,0.0007893577162714,0.0060837772354697,
1995-09-29,0.0002403208694806,0.0036345242862351,-0.0031693028134169,
1995-10-02,-0.0004127531374446,0.0017146259768525,0.0119712640457554,
1995-10-03,0.0019470296884856,0.0016339442261427,-0.0083889717566478,
1995-10-04,0.0006853786590983,0.0017971596036078,-0.0019857121631599,
1995-10-05,-0.0004162801791758,-0.0005005436593777,-0.0086713590198766,
1995-10-06,0.0007376386819683,-0.000805608499015,0.0028611536515805,
1995-10-09,-0.0018512392237656,-8.901586669513016e-05,0.008222226635247,
1995-10-10,-0.0013320926270107,-0.0003210402380944,0.0006839085108909,
1995-10-11,-0.0003764905684243,-0.0016324774783655,-0.0012364614145361,
1995-10-12,0.0014100732384462,0.0013697321351387,-0.0060553787483672,
1995-10-13,0.0012190166089474,0.0044517346086208,0.0076020504857173,
1995-10-16,4.716592155012007e-05,-0.0002822209915081,-0.0016862271796117,
1995-10-17,-0.0012890452784906,5.65918387901858e-05,-0.002680881356507,
1995-10-18,0.0008593061806529,-0.0020028649207671,-0.0001882120256083,
1995-10-19,-0.0006372980983279,0.000261800899707,-0.0037055150619983,
1995-10-20,-0.0007005258121849,-0.0020550478820838,0.0055554224723758,
1995-10-23,-0.0012476794192638,-0.0017195694948513,-0.0001959980025356,
1995-10-24,-0.0005412713064891,0.0020676272607736,0.0009490271050664,
1995-10-25,0.0013633148761146,0.0010228289197023,0.0003363467818222,
1995-10-26,-0.001705174489154,0.0013530504346428,0.0074433771726873,
1995-10-27,-0.0024881898093885,-0.0006452926548458,-0.0004821338067875,
1995-10-30,0.0024216561291943,0.0003958087617049,0.0019953805918512,
1995-10-31,0.0013688205474577,0.0018743152249358,0.0028350113187981,
1995-11-01,-0.0003939628325614,0.0029083828902637,0.0011290806971844,
1995-11-02,0.0023433867067818,0.0014522268299315,0.0055153135420253,
1995-11-03,-0.0003219265396334,-0.0003338685487833,-0.0032172611471798,
1995-11-06,-0.000308998533189,-0.0003319500728251,-0.0033370131749166,
1995-11-07,0.0007642366763847,-0.0020379918584973,-0.0012048641311054,
1995-11-08,-0.0001882011521688,0.0024367215788749,0.0054012468037987,
1995-11-09,-0.0006004760031863,-0.0005561069055552,-0.0006404915235535,
1995-11-10,-0.0003862666447393,-0.0008263982796395,0.0049169502915238,
1995-11-13,2.885308856280012e-07,0.0013628020845682,-0.0001770269526521,
1995-11-14,0.0006072716600989,-3.673919369583016e-05,-0.0036646846441322,
1995-11-15,0.0005562651451957,-0.000294143045329,0.0015509042739996,
1995-11-16,0.0019075517612855,0.0009273154374792,0.0090938745726926,
1995-11-17,0.0002259260547962,0.0016510092427711,0.0111007847192048,
1995-11-20,0.0009956775726052,-0.0006714154925243,-0.0008607434574649,
1995-11-21,-0.00039135945584,-7.09349761289931e-05,-0.0041574610153617,
1995-11-22,0.0001462149427208,0.0006040101461094,0.0044504536080359,
1995-11-23,-0.0004808483335992,0.0004328406227226,-9.240869591713671e-06,
1995-11-24,0.000708879570199,0.0022764783214991,0.0004452548478773,
1995-11-27,0.0024368963609656,0.0020144907292182,0.0053469900844222,
1995-11-28,-0.000266033347079,-0.0010187951875405,-0.0067234546861575,
1995-11-29,-0.000610531885912,0.0022121613110954,-9.861590067794935e-05,
1995-11-30,0.0007845452762304,0.0028212356379529,-0.0025561350803876,
1995-12-01,0.0008225450585792,0.0011575242088438,0.009706674307317,
1995-12-04,-0.0010779278858872,0.0029464152453922,0.0099016974816715,
1995-12-05,0.0010179784127459,-0.0012701585532278,0.009343973186277,
1995-12-06,0.0007101148107859,4.554726309840907e-06,0.0010562904473381,
1995-12-07,0.000994050307571,-0.0010221185878189,0.0018218841022329,
1995-12-08,0.0001995666110828,-0.000999363467207,0.0083977724741233,
1995-12-11,0.0001118335368846,0.0011243490299965,-0.0012851928885751,
1995-12-12,0.0002824351603958,1.9726711283710964e-05,0.0004640576331339,
1995-12-13,-0.0003867122555692,-0.0011281790703012,0.009158208821529,
1995-12-14,0.0018757322702091,0.0009538572592767,0.0036902434625931,
1995-12-15,-0.0016491407308865,-4.6162624470408905e-06,0.0032252704369176,
1995-12-18,-0.001904154804221,-0.0043144796256097,0.0103206465907906,
1995-12-19,-0.0010973961921631,0.0024549766415606,0.0056563791881387,
1995-12-20,0.0029082348850604,0.0002647743689512,0.0090257380588768,
1995-12-21,0.0007822584690729,-0.001094991074927,0.0092920847473357,
1995-12-22,0.0011726507288487,0.0012508899644797,-0.0171108123955686,
1995-12-25,0.000226090449722,-0.0006919420289854,,
1995-12-26,0.0002359693831875,0.0006215667041477,0.008482166022177,
1995-12-27,0.0008354805986873,0.0004635133232189,0.0320751031995364,
1995-12-28,-0.000624403453624,0.0015343639122593,-0.0225495142920943,
1995-12-29,-0.0001305271799065,0.0014551840822836,0.0099566438505693,
1996-01-02,0.0018676174693085,-0.000390920572289,0.0198501899932387,
1996-01-03,0.0014110747392583,0.0005947262499198,0.0098512874657589,
1996-01-04,0.0022129747246403,-0.0029734926721168,-0.000999838489182,
1996-01-05,-0.0003280924539125,-0.0008764063453073,0.0079340392967077,
1996-01-08,0.000346335991409,-0.0001863860161893,-0.0012910493930406,
1996-01-09,7.490825635265443e-05,0.0004730461473457,0.0046126975189694,
1996-01-10,-0.0010327734824346,-0.002757079288386,-0.0103181219684988,
1996-01-11,-0.0009561524619866,0.0008351563391122,-0.0226944424766925,
1996-01-12,-9.005313783541475e-05,0.0006063334595845,-0.0192794865670718,
1996-01-15,0.0006733770162042,0.0004206305383561,-0.0130812046692636,
1996-01-16,0.0020842057291421,0.0033950507181805,-0.0114275169515149,
1996-01-17,0.0002586933000847,0.0032824424806152,0.0151996478406079,
1996-01-18,-0.0002618103996628,0.0020882272130447,0.0036894291688826,
1996-01-19,0.0006593114202533,-0.0010712063905955,-0.0080571359216951,
1996-01-22,-0.0005843814202774,-0.0031308856213166,-0.0044020729015248,
1996-01-23,-0.001178200417791,-0.0010190143748406,0.0081998285056108,
1996-01-24,0.0019081667695126,0.0018418709838161,0.0045084087693349,
1996-01-25,0.0001252685095986,-0.0028637916567204,-0.0145731695066619,
1996-01-26,0.0010313552090599,0.0020076775791403,0.0097511658827916,
1996-01-29,-0.0003899412289704,-0.0013191944607482,0.0138536384456189,
1996-01-30,0.0012427629272665,0.0017449986126726,0.0151625042787992,
1996-01-31,0.00055043507013,0.0007984518300945,0.0152285712823934,
1996-02-01,0.0009404036187848,-0.0001856202087093,-0.0087761934448623,
1996-02-02,0.0003817450555,-0.0014433383642038,0.0007972779641107,
1996-02-05,-0.0026653952612854,-0.00203074577917,-0.013906751139517,
1996-02-06,0.0006228033471495,0.0008223831425343,0.0113978046473636,
1996-02-07,0.0001746166415696,0.0010279319146108,0.0025368370055397,
1996-02-08,-0.0008643884676905,0.0002315037503312,0.00635744360233,
1996-02-09,0.0003541805077342,1.0165670259425473e-05,0.0059665819472193,
1996-02-12,0.000230343070644,0.0020265108276059,0.0006821754765463,
1996-02-13,0.0002191599389882,0.0014156758391961,0.0264843680793281,
1996-02-14,1.4211998543407048e-05,-0.0020234578441246,0.0002314919570023,
1996-02-15,-7.100500589800844e-05,-0.0040115421922041,-0.0052555797780494,
1996-02-16,-4.542717204356116e-05,-0.002140646622827,-0.0071687198579056,
1996-02-19,-0.0011331862296457,-0.0019369414866179,0.0019956119852653,
1996-02-20,-0.0012181224114622,-0.0082837396483748,0.0057921110590936,
1996-02-21,-0.0002738791637289,-0.0002643754546558,0.0150798282796439,
1996-02-22,0.0006575033801516,0.0019506140092522,0.007826181132382,
1996-02-23,0.0002880383097648,-0.0013372852767673,-0.0132387058283762,
1996-02-26,-0.0002738450482954,-0.0023021614581666,0.0122668792319312,
1996-02-27,-0.0009950690418483,-0.0018896120855677,0.0023849930860409,
1996-02-28,0.0009158758511671,-0.0017912544710978,-0.0081122119551405,
1996-02-29,-7.486748911106781e-05,0.0004759089723091,-0.0013160323857936,
1996-03-01,0.0012894213633005,0.0065093169383403,-0.0107234246982353,
1996-03-04,-6.123903391682192e-05,0.0032019355799398,-0.0015979551521234,
1996-03-05,6.42977325299996e-05,-0.0021776076901972,0.0021580530385286,
1996-03-06,1.3429741383929073e-05,-0.0021317159353885,0.0077911338163555,
1996-03-07,-0.0007918996622145,-0.0016466148298584,-0.0015487409773264,
1996-03-08,-0.0017142045489992,-0.0131837252843557,-0.001567996191364,
1996-03-11,-0.0031320615450698,0.0032204140059369,0.0111154320654652,
1996-03-12,-0.0001241079072734,-0.001498332325231,0.0055847741679115,
1996-03-13,-0.0005618234317231,0.0003415373837271,0.0070674649605539,
1996-03-14,0.0018336139418384,0.0010958821493019,0.0035301898507061,
1996-03-15,0.000434132554663,-0.0042217039780947,0.0060211122651045,
1996-03-18,0.0017602749905281,0.0007150406625778,0.0235301825287025,
1996-03-19,0.001201462598064,0.000777869352012,-0.0042725714928712,
1996-03-20,6.620047248572875e-05,0.0030017069918192,0.0042001249952712,
1996-03-21,0.0012632267324606,0.0010754817936716,0.0085719500004213,
1996-03-22,-0.0002532980171578,-0.0015481917370856,0.0131052230552016,
1996-03-25,0.0013516345380888,0.0034359893654245,0.003761368218548,
1996-03-26,0.0002132725861356,-0.0005256362374233,-0.0047517686719593,
1996-03-27,0.0012904459268653,-0.0024705403782101,0.0026773813120682,
1996-03-28,-0.0004972637465982,-0.0032223575927402,-0.0099166073594764,
1996-03-29,0.0009251832703224,0.0036600822793343,0.0035359206102136,
1996-04-01,0.0014396951359987,0.0019071863340306,0.0092094959683474,
1996-04-02,0.0005553829190442,0.0027339593438171,0.0075928890816205,
1996-04-03,-0.0008047058748446,-0.002213265399169,-0.0008716866339132,
1996-04-04,0.0012638034101616,-0.0013498006591293,0.0085033840773698,
1996-04-05,0.00044244808491,-0.0070891226796969,,
1996-04-08,-0.001090458898951,-0.0027536860222462,0.0098648353995981,
1996-04-09,0.0014076633157046,0.0005764469149913,0.0029448122492029,
1996-04-10,0.000425212357622,-0.0010637976106481,0.0155496765658961,
1996-04-11,-0.0014316474436885,-0.0026054629884445,0.0105323921585411,
1996-04-12,0.000801627959175,0.0059775897670573,-0.0083829435251258,
1996-04-15,0.0011485242886563,0.0017314358840063,0.00245138347331,
1996-04-16,0.0010971541261962,-0.000352416792016,-0.0189233571053187,
1996-04-17,-0.0013234020981202,-0.0024962112330295,-0.0047162969067128,
1996-04-18,0.0002165642511738,-0.0006116803281344,-0.0032205043661909,
1996-04-19,0.0009890883950893,0.0027358886546022,0.0046031559089996,
1996-04-22,0.0015716747359283,0.0016560619201035,0.0125886979840092,
1996-04-23,-0.0002667271642527,-0.0004632226885326,0.0137987909433012,
1996-04-24,-8.864139150768736e-05,-0.001520034157207,-0.0060565116430799,
1996-04-25,-0.000225009814655,-4.731259487587494e-05,-3.0497916656430004e-05,
1996-04-26,0.0008423762219407,0.0002405718502566,-0.0029793463272669,
1996-04-29,-0.0008512773516961,-0.0014034278618371,1.909791178304017e-05,
1996-04-30,-0.0005249265003306,-0.001122920090132,-0.017396940235509,
1996-05-01,-0.000762267550483,-0.0002902024046428,0.0006990043728206,
1996-05-02,-0.0014320551258501,-0.0064251635928795,-0.005178762160277,
1996-05-03,-0.0007177518195137,-0.0026091638282485,0.0011312783858826,
1996-05-06,-0.0002901420920284,0.0009264749650942,0.0009916091898098,
1996-05-07,-0.0006336915489254,0.0001707243346989,0.0062061569427535,
1996-05-08,-0.0002280308824068,0.0020981517096486,0.0031189078591484,
1996-05-09,-0.0005088551345128,0.0002226556103412,-4.314877512065897e-05,
1996-05-10,0.0018508987404197,0.0043461266138412,0.001695730251942,
1996-05-13,-0.0012531113354935,0.0006412187774824,0.0092360929929212,
1996-05-14,0.001277834174998,0.0016148873070252,-0.0009288377807203,
1996-05-15,0.0027314206073446,0.0010625739096548,0.0004089922789528,
1996-05-16,2.628094976987272e-05,-0.0013439238451848,-0.0095865022254024,
1996-05-17,0.0002417094740803,0.0022498708568461,-0.0056744335634686,
1996-05-20,-0.0001552930665149,0.0005984021164285,0.0236385677345155,
1996-05-21,0.0008284967412469,-0.000183663317646,-0.0084249039877636,
1996-05-22,-0.0013486541607471,0.0015572689718028,0.0125237929825516,
1996-05-23,-0.0003466194998275,-0.0011444721608874,-0.0029853895756117,
1996-05-24,0.0002485036382263,0.0013532546360896,0.0022303315689998,
1996-05-27,4.347355754840068e-05,-0.0004255377385657,,
1996-05-28,0.0012541139201366,3.4167988761247445e-05,-0.0028342014140666,
1996-05-29,-0.0001641804825769,-0.003678539605656,-0.0081418667166746,
1996-05-30,-0.0011209997417345,-0.000449783514379,-0.0141307397468956,
1996-05-31,0.0001564283103797,-0.0022023530584773,-0.0010079348101179,
1996-06-03,-0.0010154711864423,0.0004238772291479,-0.0023154070422165,
1996-06-04,0.0012029229731823,0.0006614703845437,0.0038313332997363,
1996-06-05,-6.652306274769689e-05,0.0016657609889004,-0.0097244107041225,
1996-06-06,0.0006310644932626,0.0024124540548148,0.0038605661731609,
1996-06-07,-0.0015279757136931,-0.0078959801272755,0.0097816299237756,
1996-06-10,0.0002809380655496,-0.0011783594992759,0.0047239847642884,
1996-06-11,0.0011890567562242,-0.0004091881112584,-0.0049916774599769,
1996-06-12,0.0010910009611559,-6.811526084273789e-05,-0.0023813352308577,
1996-06-13,-0.0007689216088869,-0.0001925570325126,0.0024745991807348,
1996-06-14,0.0001230550792895,0.0017943943429912,0.0039493427964662,
1996-06-17,0.0003636730479388,0.0018768518659097,0.0206265504102139,
1996-06-18,0.0002880191343131,-0.0006593642012866,-0.001270746867277,
1996-06-19,-0.0006985805210242,-0.0017815537249887,-0.0087365223960274,
1996-06-20,-0.0007891803392686,-0.0005018601017475,0.0031698061285608,
1996-06-21,0.0006352212379648,0.0015500415189718,0.0007934017975483,
1996-06-24,0.0006329347801464,0.0012842091620134,-0.000820242521262,
1996-06-25,4.465437916074629e-05,0.0013277745737437,-0.0017767428997342,
1996-06-26,0.0004032198482544,0.0004728670476391,0.0105665387285812,
1996-06-27,-0.001142013349196,0.002264509997685,0.0107984279516399,
1996-06-28,0.0007431992460842,0.0059537830245634,0.0097570014382577,
1996-07-01,0.0002312705318259,-0.0002679238393247,0.0054340793650588,
1996-07-02,-0.0005551262863031,-0.002729377336965,-0.0057586866019566,
1996-07-03,9.469781522583538e-05,0.0005194234482302,0.0057114745004542,
1996-07-04,0.0010373138234327,0.0005200202534936,0.0019893076910359,
1996-07-05,-0.0011726813290609,-0.0099307316804651,-0.0004022935383612,
1996-07-08,-0.0020183907510303,-0.0003829554980969,0.0011885943704186,
1996-07-09,0.0005548296499416,0.00151227868558,0.002102262882756,
1996-07-10,-0.0001813862296865,0.0027404422137156,0.0068486710009043,
1996-07-11,-0.000200410755713,0.0013099126893443,0.0076366857320279,
1996-07-12,-0.0017830576935133,0.0019156725730328,0.0051297479565326,
1996-07-15,-0.001061497711146,-0.0019923710472956,0.0053770771096686,
1996-07-16,-0.0031375086173685,0.0018956949594158,-0.0061454736148205,
1996-07-17,0.0006055305946414,0.0003544488925253,-0.0165188978303072,
1996-07-18,0.0013541663422283,0.0043956823532026,-0.0181689649908842,
1996-07-19,-0.0002149881677817,-0.0016836250007073,-0.0122115983883116,
1996-07-22,-0.0030371344912598,-0.0013539312726433,-0.016102074376108,
1996-07-23,0.0013996588841319,0.0009115407565627,0.0191735216238847,
1996-07-24,-0.0031742103153178,-0.0010356668956426,-0.012242427418395,
1996-07-25,0.0016577042090482,0.0005230645776175,0.0003544198588211,
1996-07-26,9.709704800025752e-05,0.0009528264772679,-0.0156138120551098,
1996-07-29,-0.0003576496845211,-0.0023594316588209,-0.0051852940728101,
1996-07-30,-0.0001980811874243,0.0012006666943177,0.0061045906775187,
1996-07-31,0.0009450230555966,0.0028743057448104,0.0055837261387094,
1996-08-01,0.0019727757255816,0.0054113361819683,0.0195537447091818,
1996-08-02,0.0013121291717902,0.0053536060154501,0.0079260720440669,
1996-08-05,0.0004039915812981,1.76182342799958e-05,-0.0093877825803621,
1996-08-06,-0.00132605972633,-0.0006393651211994,-0.0045541047786482,
1996-08-07,-0.0003103078229968,0.0007835932221065,0.0023928833564059,
1996-08-08,0.0005241505037734,-0.0002092702890708,0.008079119799248,
1996-08-09,-0.0007107182723133,0.0021419052311184,0.0048434106280847,
1996-08-12,-1.3533226315903335e-06,0.0005735807266444,0.0129624432121902,
1996-08-13,0.0010122363798666,-0.002463989065026,0.0009223731684388,
1996-08-14,0.00029733825994,-0.0004783919830695,-0.0016418552147508,
1996-08-15,0.0002269070408345,-0.0009260191561262,-0.0061868719965473,
1996-08-16,0.0004329203123501,0.0027931436687482,0.0153268407720159,
1996-08-19,0.0010577483901443,-0.0001688720016166,0.0118375397773339,
1996-08-20,0.0010218272280529,-4.942723088870179e-05,-0.0144033679249215,
1996-08-21,-0.0007176195761757,-0.0010212771405973,-0.0081532336123633,
1996-08-22,0.0014154016818645,-0.000442522505903,0.0039500360370084,
1996-08-23,-0.0003044296837395,-0.0028780450205227,-0.0020211150753193,
1996-08-26,-0.0012151537377849,-0.0034551346512242,-0.0064997910042743,
1996-08-27,0.0002603520055966,0.0004132605310247,-0.0077712555482245,
1996-08-28,-0.0007374315973056,0.0018421771504478,-0.0009011350446349,
1996-08-29,-0.0015835295135123,-0.0013286622372491,0.0128654438753171,
1996-08-30,-0.002105546747477,-0.0030925911709167,-0.0033007436883674,
1996-09-02,0.0003136466864517,-1.4759685560185374e-05,0.0091339356626168,
1996-09-03,-0.0003454430807429,0.0004137054529534,0.0051832913381525,
1996-09-04,0.000264932443419,-0.0004456748452946,-0.0088835677076489,
1996-09-05,0.0009102690694508,-0.0012705064748846,0.0082882092457432,
1996-09-06,3.610137280735332e-05,0.0021051016816559,0.0130655539658881,
1996-09-09,0.0005850823864371,0.0028864500558705,0.0034939372042218,
1996-09-10,0.0016711344278713,-0.0012102831939421,0.0018849453245014,
1996-09-11,-7.611399216893827e-05,0.000392240649499,0.0067272637349075,
1996-09-12,0.00100641008301,0.0015869802046539,0.0040657391381907,
1996-09-13,0.0019434168932066,0.0055836381266507,-0.0012558573509347,
1996-09-16,0.0005965270740484,0.0001968293850058,-0.0132464966555622,
1996-09-17,0.0011617698731794,-0.0007089607133027,0.0001374671411645,
1996-09-18,-0.0008686567796737,-0.0008075122626339,0.0137746614200745,
1996-09-19,0.0008812659693169,-0.0006822413322482,-0.003585115217216,
1996-09-20,-0.0004523747548254,0.0004113640904246,-0.0037096063383333,
1996-09-23,-0.0009809662646123,0.000540376511024,-0.0035489089930019,
1996-09-24,0.0004294345678989,0.0023090159724258,0.0107592932192056,
1996-09-25,0.0015831906779436,0.0029796974324905,0.0098452423325826,
1996-09-26,0.0006716300961861,0.0013937712248769,-0.0006447373220556,
1996-09-27,0.0001113692924621,-0.0017414877173843,0.0075408349360773,
1996-09-30,0.0006342011084139,0.0003954660969109,-0.0032432894741924,
1996-10-01,0.0001952811054461,0.0025587974400335,-0.0041441611856146,
1996-10-02,0.000943679287535,0.0020946653609931,0.0003527667740446,
1996-10-03,-0.0008900518607478,0.0006761005257445,0.0209299124693134,
1996-10-04,0.0004661916209763,0.0055773692673727,0.0005114148336138,
1996-10-07,0.0003607176495371,-0.0013951808782729,0.0121314913948967,
1996-10-08,-0.000221739942617,-2.002332169133368e-05,0.0074291551369604,
1996-10-09,-0.0011673338364991,-0.0007013954704718,-0.0052764845423711,
1996-10-10,-0.0004274390972017,-0.0019621199049724,-0.0193239426461075,
1996-10-11,0.0010888913605216,0.0019526100064734,0.0015806553166607,
1996-10-14,0.0005681104652173,-0.0006727061385601,0.0091373018326255,
1996-10-15,0.0019012836815053,0.0005363355660443,0.0065654593895576,
1996-10-16,-0.0008837145446461,-0.0016231388435544,-0.006725790912068,
1996-10-17,0.0006454461767048,0.0022583467115595,0.0011531723271946,
1996-10-18,0.0013534798218303,0.0006035151002004,0.0028160377866656,
1996-10-21,-0.0008649781969015,0.000760742472115,0.0022156144105986,
1996-10-22,-0.000828573280847,0.000231728810724,0.0100632856764341,
1996-10-23,-0.001679096214651,2.1894720944021225e-05,-0.0108769462912063,
1996-10-24,-0.0001297977727891,-1.740867495448497e-05,-0.0144335595059968,
1996-10-25,-0.0004421477287663,0.0014320153351879,0.0142737296317559,
1996-10-28,0.0004475241820634,9.20562469498086e-07,0.0041702577911025,
1996-10-29,-0.0014936346843787,0.0042397925723089,-0.0042621370909209,
1996-10-30,-0.0011237096066402,0.001294231609458,-0.0002536334393214,
1996-10-31,-0.0001967919917446,0.0013399693918286,-0.0244332880736823,
1996-11-01,0.0003629038742962,-0.0007263236682865,-0.0089462577022573,
1996-11-04,-0.0001415281065632,0.0004006413047232,-0.0082165816308732,
1996-11-05,0.0008814772206588,0.0047038893300625,0.0019752896332237,
1996-11-06,0.0025950514477456,-0.001315584837019,0.0058927034240851,
1996-11-07,-0.0014699480306289,-0.0009014014574462,0.0021177056035915,
1996-11-08,0.0013815343954852,-0.00142195915699,0.0133525858863125,
1996-11-11,-0.0002198738667789,-0.000312248139668,0.0037864526162063,
1996-11-12,0.0013546377654387,0.0024081763126093,-0.0047450612969264,
1996-11-13,-0.0003086086253857,0.0004728307931896,0.0144623778210677,
1996-11-14,0.0001954669965233,0.0023322696693812,0.0141741992803662,
1996-11-15,0.0005962452671752,-8.414637954405999e-05,0.0035636173272712,
1996-11-18,-0.0010837288627589,0.0007179238585395,-0.0051724628852849,
1996-11-19,0.0012740570059617,0.0011478136823185,0.0210872973422385,
1996-11-20,0.0002818011369724,-7.71604402879758e-05,-0.004448309193084,
1996-11-21,-0.0002412062472355,-0.0010930264441451,0.0068738681667985,
1996-11-22,0.0013843183620214,0.0008277649952223,0.0058412641829982,
1996-11-25,0.0013907728465473,0.000205342009391,-0.002960851464533,
1996-11-26,0.0007709552409561,0.001477824751976,0.0052871405065495,
1996-11-27,-0.0007114936813183,0.0010146173087578,-0.0027563999598656,
1996-11-28,-5.646968628327765e-05,0.0007230462771159,-0.0014442705113133,
1996-11-29,0.0006896514827974,0.0033923634751114,0.0002038659810769,
1996-12-02,-0.0012803722394358,0.0007400199207221,7.607207235100415e-05,
1996-12-03,0.0011559418373727,0.0001122903085272,0.0068098220396486,
1996-12-04,-0.0011227103429433,-0.0026082322596616,0.0059473396447565,
1996-12-05,0.0007261010408002,-0.0043257217377068,0.0249370878073311,
1996-12-06,-0.0049358109653483,-0.0036567639592349,-0.0114372117440273,
1996-12-09,0.0028211255683314,0.0034204942594623,-0.0145415690759101,
1996-12-10,0.0009032315772273,-0.0003820863140913,-0.0044311245470492,
1996-12-11,-0.0030929753245098,-0.0058894823079519,-0.0104677006840783,
1996-12-12,6.907948851163838e-05,-0.0023595702084333,0.0069330276299126,
1996-12-13,-0.0015832715315161,0.0028213285167017,0.0237054211066644,
1996-12-16,0.0015127190002751,-0.0008519846510508,0.0396693268685856,
1996-12-17,-0.0010972469879783,-0.0011202733476613,-0.0138944909201806,
1996-12-18,0.0001972629101983,-0.0014170617781005,0.0022185611838823,
1996-12-19,-0.0002267811717164,0.0042313401623723,0.0121976309409293,
1996-12-20,0.0007478013483405,0.0008651754307264,-0.0017343736893698,
1996-12-23,0.0007211688130355,0.0005958997137073,-0.0145158045104487,
1996-12-24,-0.0013607276005701,-0.0005376765563634,0.0066074396042608,
1996-12-25,0.0009297309090909,-0.0004989171974522,,
1996-12-26,-0.0004620670845371,-0.0008606841999713,-0.0156413345385472,
1996-12-27,0.0008321032256692,0.0007815174561268,-0.0173265346785342,
1996-12-30,0.0005735681390817,-0.0004244661541958,-0.0141646465959576,
1996-12-31,-9.632122198260664e-05,-0.003808137071262,0.0088973160581883,
1997-01-02,-0.0027610798738961,-0.0051636794439422,0.0120568751370425,
1997-01-03,0.001699393908862,0.0007654100022625,0.0081687997209942,
1997-01-06,0.0017281451935878,-0.0014409008238485,0.0331468759515149,
1997-01-07,-0.0027623013443261,-0.0004866918133455,-0.0096174753543208,
1997-01-08,0.0003265272815909,0.0013575560690518,0.0113290153799856,
1997-01-09,-0.0016851506018212,0.0024862008132616,-0.0054226834286377,
1997-01-10,-0.0043267669612083,-0.0025474975902294,-0.0107215554319408,
1997-01-13,0.0054509191162063,0.0011925844098981,-0.0092321389234314,
1997-01-14,0.0009259053686398,0.0033025432269312,0.0051508847669341,
1997-01-15,-2.392743596862534e-05,0.0002913489560255,0.0171601426212113,
1997-01-16,0.001526509380811,-0.0001699745008336,-0.0171613811597215,
1997-01-17,0.0006034214316054,0.0002949633552693,-0.0099155260817666,
1997-01-20,-0.002641258746084,0.0008387425361801,-0.006208228198445,
1997-01-21,-0.0004567052248682,0.0010887005326299,-0.012459884245316,
1997-01-22,0.003576952669907,-0.000296956364793,0.0013402929388777,
1997-01-23,0.0003215606810898,-0.0020186677187386,-0.004788675940541,
1997-01-24,-0.0028361724761888,-0.0013379478424095,-0.0010893561179836,
1997-01-27,-0.0009717380244712,-0.0005180361078381,0.0025159971695177,
1997-01-28,0.0030579335169105,0.0008329739357226,-0.0050490247301033,
1997-01-29,0.0007352859475866,-0.0006516380622739,0.0028662102227252,
1997-01-30,-0.0009431886374067,0.0015828561710349,0.0073188505922695,
1997-01-31,0.0025731704608087,0.0035416506971707,-0.0181057319328448,
1997-02-03,-0.0006038521382925,0.0024009784898464,-0.0059220422720696,
1997-02-04,0.0008449383367336,0.0004164819427545,0.0096054948679087,
1997-02-05,0.0007855940604113,0.0001092034043356,-0.0043418391927813,
1997-02-06,-0.000278520952817,-0.0004192492970133,-0.0155005488530511,
1997-02-07,0.0005636223162988,0.0032554459253877,-0.0143563141987036,
1997-02-10,0.0014762402711745,-0.0003149514449272,0.0027480944025894,
1997-02-11,-0.0002016836091061,0.0003189967866302,0.0054893403180489,
1997-02-12,0.0011292570925185,-0.0002163712832383,-0.0114144482013203,
1997-02-13,0.002031796931193,0.0025899862133638,-0.0042590207240097,
1997-02-14,0.0001686823083305,0.0017103121079136,0.0009033214419239,
1997-02-17,0.0004626666978919,-0.0002216014552247,-0.0016574686101622,
1997-02-18,-0.0012857053484208,-4.847247176558929e-05,0.0046848976370465,
1997-02-19,0.0001765789159449,-0.0005605490601593,0.006265403533302,
1997-02-20,0.0013639998655592,-0.002992139703086,-0.0134700224955003,
1997-02-21,-0.0005430124483541,0.00026788001251,-0.0033611477465103,
1997-02-24,-0.0007587561374949,-0.0008129324459284,-0.0210485199697942,
1997-02-25,0.0021192868733106,-1.6548141340665085e-05,0.012516571006909,
1997-02-26,-0.0003785053828457,-0.0053996905009207,0.0013109318137562,
1997-02-27,0.0005173153527528,-0.0005638241160004,-0.0059273570287591,
1997-02-28,-0.0026134201208363,8.810987787779591e-05,-0.0092770232045376,
1997-03-03,-0.0005574718427075,-0.0006500328340286,0.0001087196955975,
1997-03-04,0.002738499797067,-0.0008686994589317,0.0206575855485268,
1997-03-05,-0.0006117673227044,-0.0005628072981422,-0.0095174279351522,
1997-03-06,0.0001519956349772,-0.0002371141676186,0.013299763408896,
1997-03-07,0.0012675957824166,0.0015330625188571,0.0137234778300742,
1997-03-10,-0.0001573860262069,0.0004873159519116,-0.0047843785591145,
1997-03-11,0.000377011778439,2.8106914889911007e-05,-0.0054423756251542,
1997-03-12,-0.0017740447971216,-0.0006122796324803,0.0038495679443399,
1997-03-13,-0.0017089332012437,-0.0032113191680432,-0.0003023947191561,
1997-03-14,0.0006913206935289,0.0016638988636303,0.0098960040636471,
1997-03-17,-0.0008969752765414,-0.0016730949504785,-0.0152387894219593,
1997-03-18,0.0003154616505238,-0.0018717133211416,0.0123492420090802,
1997-03-19,0.0001109162471453,-0.0007124505345309,0.0051466535293443,
1997-03-20,-0.0020288211776424,-0.0005704866088639,0.0002780389930239,
1997-03-21,0.0010328254728079,-0.000862247626649,-0.0113253111385203,
1997-03-24,-0.0019949416970961,0.000340460684138,-0.0111095649011575,
1997-03-25,0.0033082604195691,-0.0004551362144383,0.0067895517424961,
1997-03-26,0.0010806987030062,-3.98625585942194e-05,-0.0037360993649004,
1997-03-27,-0.0010456644269272,-0.004551004128173,0.0064012454098674,
1997-03-28,7.02792743265589e-05,0.0006670818363273,,
1997-03-31,-0.0014390575222535,6.613066788655755e-06,-0.0029730036940575,
1997-04-01,-0.0033280311976279,5.1835635955727255e-05,-0.0053643962935763,
1997-04-02,-0.0006290369878757,0.0016199097401331,-0.0131924852955467,
1997-04-03,-0.0002738715875203,4.814992145868172e-05,-0.0035735980718071,
1997-04-04,-2.9858354338147675e-05,-0.0009379188364266,-0.0075397956790339,
1997-04-07,0.001854856185902,0.0029527646883279,0.0047342098676408,
1997-04-08,0.0011553713152752,-0.0010355894325278,-0.0018676542374384,
1997-04-09,7.815155585619749e-05,0.0001586179892462,-0.000549330530027,
1997-04-10,-0.0010374842189091,-0.0002800315361717,0.0056283168050942,
1997-04-11,-0.0001890561492448,-0.0029070940370558,0.0001496381706453,
1997-04-14,-0.0010368440324294,-0.0002262586404378,0.0083568126167102,
1997-04-15,0.0033766291711115,0.0038600995458836,-0.0049078541715434,
1997-04-16,0.0001157019062943,3.2791413709367035e-05,-0.0036867483688358,
1997-04-17,0.0003809263388072,0.001458757749475,0.008127981418306,
1997-04-18,0.0003659260594705,0.0006538273287489,0.0085882444858069,
1997-04-21,0.0005530578408489,-0.0013624873407814,0.0060217385266317,
1997-04-22,0.000239389111932,0.0013133213600854,-0.0052433230369708,
1997-04-23,0.0018739855662052,-0.0016699138628619,-0.0053201912008699,
1997-04-24,8.472916274487801e-05,-0.0017921527728343,0.0080919074918054,
1997-04-25,-0.0010067632790754,-0.0024679557713466,0.0009141447278894,
1997-04-28,0.0005566829604678,0.0004470169665564,-0.0063972223895628,
1997-04-29,0.0017996553998204,0.0055568451980408,0.0144109130080433,
1997-04-30,0.0028095374246854,0.0020210360297557,0.0060483212804484,
1997-05-01,0.0003976702866158,0.0015723943100169,0.0006503892734904,
1997-05-02,0.0014117321287842,0.0011427123058086,-0.006668393666734,
1997-05-05,0.0012751583373724,0.0004199532587923,-0.0021655591930022,
1997-05-06,0.0027232866985494,-0.0004424593748116,0.0050364745874665,
1997-05-07,-0.0005640568555702,-0.0026575860988916,0.0024162137494124,
1997-05-08,0.0003051915081788,0.0008627887453025,0.0037597003651509,
1997-05-09,4.091110151379046e-05,0.0010965447984858,0.0005861881624477,
1997-05-12,0.0029412068021371,0.000775862841196,0.0110021498764061,
1997-05-13,0.0002337317413086,-0.0006616235805178,0.00015584224854,
1997-05-14,0.0013710897364686,0.0006238836603693,0.0025028189882642,
1997-05-15,-0.0008999848789094,0.0003688620917525,-0.0040444695927006,
1997-05-16,0.0011387358320226,-0.000925786613291,0.0176722133766424,
1997-05-19,0.0002185040188297,0.000309654491754,-0.002281702635129,
1997-05-20,-0.0017894790556969,0.0006836071557689,-0.0099742105701418,
1997-05-21,0.0002334126545795,-0.0033055148515933,0.0054223442811955,
1997-05-22,-0.0006267439537705,-0.000492051788632,-0.0008640426259532,
1997-05-23,0.0014816634433111,0.0005994292315948,-0.0004176630654841,
1997-05-26,-8.267598288358175e-05,-0.0001740592725364,,
1997-05-27,-0.0005989837964733,-0.0022646725514683,-0.0107228050252224,
1997-05-28,0.0001219587902129,-0.0007901890236003,0.0023097447176908,
1997-05-29,-0.0006526451690434,0.0021983741514891,0.00195176380105,
1997-05-30,-0.0013539022674046,0.0036616832716135,-0.0049306681876206,
1997-06-02,0.0009127816633762,0.0006390686009781,-0.00835245053131,
1997-06-03,0.0012907799863328,0.0012528060538123,-0.0117981686999885,
1997-06-04,0.0001288208380744,0.0005669163121299,-0.0031709649666821,
1997-06-05,0.0011508970152152,-6.568951100027095e-05,-0.0068417638154223,
1997-06-06,0.0012029378570513,0.0043096025553098,-0.0103949275313051,
1997-06-09,-0.0007642796195682,-0.001368141810378,-0.0045219745460499,
1997-06-10,0.0011583018295678,-0.0002272354322531,-0.0045266467104819,
1997-06-11,-0.0005286121992375,0.0009441150249206,-0.0048053716449726,
1997-06-12,0.0020820267733638,0.0029810161869922,-0.00159903243968,
1997-06-13,0.0010831060690594,0.0023910590779341,0.0052561658098088,
1997-06-16,0.0003130234283906,0.0011807883366326,-0.0012425347838238,
1997-06-17,-0.0020939989448611,-0.0003792725208061,0.0071697055688242,
1997-06-18,-0.0002417755380581,-0.0003502136143032,-0.0112738321938398,
1997-06-19,2.842217072574638e-05,-9.401855871438572e-05,0.0030738205547345,
1997-06-20,0.000376652024665,0.0009146207760997,-0.0022249097603478,
1997-06-23,-0.0006879478815668,-0.0009663238807485,0.004229686690732,
1997-06-24,0.0003952617346396,0.0010917051646956,0.0015893490419634,
1997-06-25,0.003289458930118,-0.0028643947813534,0.0031135079744494,
1997-06-26,0.0004211775579498,-0.0012016870321324,-0.0158704719811086,
1997-06-27,-0.0007465146633934,0.0025564975798465,0.0069938753340901,
1997-06-30,-0.0010478586862967,-0.0022993218938639,0.0029277101293455,
1997-07-01,0.0016865466233477,0.0029016289877959,-6.317346108848849e-05,
1997-07-02,0.0006506357027861,0.0013592883279228,-0.0017958686057297,
1997-07-03,0.0012273515956143,0.0039480923532414,-0.010203688074479,
1997-07-04,-0.0011274013536465,0.0007475149114078,-0.0014008504643389,
1997-07-07,0.0002717593254562,0.001258517224237,-0.006385235418646,
1997-07-08,-0.0001002033464366,-0.0003115673395325,0.0090373326692711,
1997-07-09,-0.0003781469095561,0.0006814411217667,0.0005044710646826,
1997-07-10,-0.0001647581704751,-1.5940631739427792e-05,-0.0072351076652013,
1997-07-11,0.0017428566285023,0.0008627329122417,0.0009401552335995,
1997-07-14,0.0023990930738962,-0.0009786317079978,0.0027622934870463,
1997-07-15,-0.0001248087587326,-0.0006841992044658,0.0126712280684454,
1997-07-16,0.0030618898010524,0.0025409611676484,-0.0036521055421251,
1997-07-17,-0.000466156136981,0.0007303265043562,0.004194327934238,
1997-07-18,-0.0038402576635422,-0.0015186267855444,-0.0069162413580155,
1997-07-21,-0.0003313799116199,-0.0007007154889079,-0.0096270248477389,
1997-07-22,0.0023236530782245,0.0036727645837255,0.005449429413281,
1997-07-23,0.0013797408342328,0.0014031464857713,0.0066746456130863,
1997-07-24,-0.0002041194636412,0.0003393866768973,0.0042392606299503,
1997-07-25,0.0012459894718254,-0.0005292940697208,0.0011585632486639,
1997-07-28,0.0006890534673299,0.0005510979451962,0.006993598886629,
1997-07-29,-0.0007392125231179,0.0014751667986609,0.0026368750959807,
1997-07-30,0.0010547749561623,0.0024745990121577,0.0112411580838276,
1997-07-31,4.857624439542853e-05,0.0013256530727683,0.0033526349906811,
1997-08-01,-0.0027938078341076,-0.005425925040354,0.0069839840536301,
1997-08-04,-0.0007958295542836,-0.0012636704264432,0.016999356035627,
1997-08-05,-0.0005830887303905,-0.0007531360455767,0.0001656771393888,
1997-08-06,0.0031738657565992,0.0001008782529057,-0.0045130894625387,
1997-08-07,0.0002686201326327,3.1766855212805935e-05,-0.0015088263133775,
1997-08-08,-0.0012537743563838,-0.0042198187806059,-0.0018764902345226,
1997-08-11,-0.0033741584690924,6.851530428592301e-05,0.0011294036275892,
1997-08-12,0.0021132073315887,-0.0005128023673279,-0.0006596322557906,
1997-08-13,-0.0032170381478198,0.0007468606511238,0.0052012307513945,
1997-08-14,0.0003005542869158,0.0035530633211819,-0.0032533062476785,
1997-08-15,-0.0021395553257104,-0.0001479646824356,-0.002538822388139,
1997-08-18,-0.0019176439899521,0.0021422489680273,-0.0052878627186693,
1997-08-19,0.0025045210024915,0.0003604659245804,0.0125400719757817,
1997-08-20,0.0025873679773881,-0.0005768546783682,-0.0084138272901329,
1997-08-21,-0.0011278009151681,-0.0019006620884116,-0.0094850992774886,
1997-08-22,-0.0045457351427756,-0.0024397269467532,0.0051762912176139,
1997-08-25,0.0003268022849983,-0.0004084481386787,-0.0042610086259278,
1997-08-26,-0.0009195431858623,0.0007469399574721,-0.004052436608336,
1997-08-27,-0.0008478375971581,-0.0006154405483767,0.0092211284468466,
1997-08-28,-0.0026883971818568,0.0033355796201581,0.0078695796554698,
1997-08-29,-0.0021683940825805,-0.0010360556932431,0.0051477313416537,
1997-09-01,0.0005704386174535,0.000541011257941,-0.0004945169959384,
1997-09-02,0.0053200736847708,0.0014362249222715,0.0069333848577365,
1997-09-03,0.0018179134417956,-0.0008583197487438,0.0012032353574931,
1997-09-04,-0.0004678851072763,-0.0004535449051306,-0.0096552076010601,
1997-09-05,6.458029741270522e-05,-0.0006930329637365,0.0032122251957553,
1997-09-08,0.0002266575342081,0.0013960296652705,-0.0033768885237347,
1997-09-09,-0.0003626264565659,-0.0005257824829604,0.001152863154918,
1997-09-10,-0.0157909894910805,-0.0001961395071391,-0.001651071217892,
1997-09-11,-0.0088963676564708,-0.0007694508017364,0.0049851520091741,
1997-09-12,0.0092293233100636,0.0038943705948851,-0.0032220449050796,
1997-09-15,0.0009424263626349,0.0005369892488865,-0.0014301009018631,
1997-09-16,0.0208104038387901,0.0066008129949899,0.0030712017950628,
1997-09-17,-0.0009666863678391,0.0008310531845793,-0.0047844193072078,
1997-09-18,0.0037681104278106,-6.252240952132883e-05,0.0084946807974843,
1997-09-19,0.0017982838784849,7.014470752415184e-05,-0.0031003952648706,
1997-09-22,0.0062802753341214,0.0019894360929854,0.011438768401517,
1997-09-23,-0.0037497652095343,-0.0009979556280225,0.0023570584200748,
1997-09-24,-0.0033454651536011,0.0017187303475898,0.0025551325600496,
1997-09-25,-0.006947554835742,-0.002025636473903,0.0207713910887779,
1997-09-26,0.0054176029849595,0.0023491611298865,0.0027115281854457,
1997-09-29,0.0060487330771228,0.0002225877096807,-0.0063505085014269,
1997-09-30,-0.0050278633943234,-0.0009335687865513,0.0034175758877417,
1997-10-01,0.0088662746429542,0.0043283792549524,-0.0020588850803187,
1997-10-02,0.0023760492651716,0.0010313580541619,0.0118300934853221,
1997-10-03,0.0061262817400134,-9.807075787360304e-06,0.0203136270156877,
1997-10-06,0.003513639416499,0.0018639959829746,-0.0180389446525668,
1997-10-07,0.0050663501191235,0.0013644296650062,9.887299057189758e-05,
1997-10-08,-0.0060551427658826,-0.0049615178664723,0.0062132068225771,
1997-10-09,-0.006042535264711,-0.0024187285669341,0.0002309216622276,
1997-10-10,-0.0008336488198583,-0.0023066787000108,0.0125154008010907,
1997-10-13,0.0006942246682266,0.0009041304552575,-0.0107820126884409,
1997-10-14,0.0012577940154855,0.0020741372886801,-0.0135054729713977,
1997-10-15,-0.0047869157512829,-0.0010075589949205,-0.0006430312139654,
1997-10-16,-0.0070210307338005,-0.0008932095048028,0.0140531999824869,
1997-10-17,-0.0106033768833771,-0.0014835464194615,-0.0045758572606441,
1997-10-20,0.0082490655188441,0.0009648739956043,0.0062511532387091,
1997-10-21,0.0130222044069836,-0.0003016873692103,0.0024098984580797,
1997-10-22,-0.0040852607813429,0.0002212149708803,0.01775563961618,
1997-10-23,-0.0193720843609199,0.0036081224030304,-0.0101593421833689,
1997-10-24,-0.0073415233838434,0.0013099208199912,0.0013869356749344,
1997-10-27,-0.0563475469257356,0.0035214344109343,0.0101033738816488,
1997-10-28,0.030869391814338,-0.0016299457138529,-0.0262305677883591,
1997-10-29,0.0106466904100037,0.001837622550084,0.0025277209028632,
1997-10-30,-0.0214902945721113,0.0027976993906505,0.0086127578932568,
1997-10-31,0.0172652144976107,0.0001351435141859,0.0017624195859602,
1997-11-03,0.0196244109705364,-0.0024806964661131,-0.0066157653828316,
1997-11-04,-0.0046100365046596,-0.0011096358709216,-0.0038403251553291,
1997-11-05,0.0049775612383453,0.00024578237962,-0.0016002921280757,
1997-11-06,-0.0048089134901636,0.0011411888831701,-0.0018066730713718,
1997-11-07,-0.0139864194572903,0.0004580002228508,0.0018781288862706,
1997-11-10,-0.0035851042637887,-0.0008678096365713,-0.0010762496779723,
1997-11-11,0.0005830595820223,-0.0007652066583195,0.0064967770321632,
1997-11-12,-0.0169142831603453,-0.0007932237712593,-0.0023128851118779,
1997-11-13,0.0091551194451227,0.0024835181262061,-0.0043433054760898,
1997-11-14,0.0085301171784108,0.0003502680985975,-0.0068887780199803,
1997-11-17,0.0214242120099686,-0.0004653824671044,-0.0144390589043019,
1997-11-18,-0.0025976432434034,-9.178120725516928e-05,-0.0027597943141091,
1997-11-19,0.000294718581658,0.0014452400604572,-0.0084658302125421,
1997-11-20,0.0149474959217556,-0.0006043786154873,-0.0207492327072431,
1997-11-21,0.0081661516886751,0.0006849472121093,0.007156480367723,
1997-11-24,-0.0165677835243041,-0.001126236689135,-0.0033414384485978,
1997-11-25,-0.0032171534641793,0.0016298565281365,-0.0032157256918115,
1997-11-26,0.0051680561556199,-0.0008647927414309,-0.0144638720146062,
1997-11-27,0.0026547318251111,-0.0007827714014803,0.0015563931788678,
1997-11-28,-3.72987203074039e-05,0.0003033788454607,0.0015463054825946,
1997-12-01,0.0218906342039525,0.0006922346235874,-0.0006217997473392,
1997-12-02,-0.0028212207551183,0.0002829468080954,-0.0024758197343911,
1997-12-03,0.0002272507735616,0.0012418374558172,-0.0069166712526318,
1997-12-04,0.0006929435105257,0.0006110073946344,-0.011463927062098,
1997-12-05,0.0078063207324911,-0.0028320141239176,0.0046594565245854,
1997-12-08,-0.0020536321173712,-0.0011762698367072,0.0016467283709517,
1997-12-09,-0.0016018914370294,-0.000822573809193,0.0019504492225167,
1997-12-10,-0.0090473611161891,0.0020818007350413,-0.0160732835558677,
1997-12-11,-0.0159826148077472,0.0034209195913025,-0.0061824348781828,
1997-12-12,0.0007813013121394,0.0021582583446731,-0.0027798169535514,
1997-12-15,0.0061247969994173,-0.0007378158613302,-0.0049209733336553,
1997-12-16,0.0070972216505559,-0.0002164116088876,0.0045671715128373,
1997-12-17,-0.0011000811374683,-0.0021155357799453,0.0039195611016635,
1997-12-18,-0.0094910093370905,0.0023137873293665,0.0014788489174171,
1997-12-19,-0.0126036814795162,0.0021107469712978,-0.0005739578596214,
1997-12-22,0.0025250071351059,-0.0001004537067273,-0.0141411717802134,
1997-12-23,-0.0121300610050605,0.0002413019430411,-0.0042123293736427,
1997-12-24,-0.001287366135893,-0.0002360199645574,0.0035129254783039,
1997-12-25,0.0010617774086378,-0.0001608129956116,,
1997-12-26,0.0007371168520152,0.0001448432082595,-0.0008762609812329,
1997-12-29,0.017826202578478,-0.0004886460601579,-0.0117652123548314,
1997-12-30,0.0124968259081759,-0.0024926391107532,-0.0041465142593863,
1997-12-31,-0.0001377543291917,0.0015965311154374,-0.0014004387725017,
1998-01-02,0.0059863833282049,0.0029987776346991,-0.0129005930111533,
1998-01-05,0.0015224475252132,0.0068354519761633,-0.0084417013873171,
1998-01-06,-0.0124231003054197,0.0010306565530209,-0.0057591199946879,
1998-01-07,0.0010282078016069,-0.0015123242138738,-0.0053154165229688,
1998-01-08,-0.0098730961961509,0.0020434439671238,-0.0056866006159435,
1998-01-09,-0.0245034355728994,0.0031455626109069,-0.0081083491009852,
1998-01-12,0.0075740644922187,0.0009587276936546,-0.0100732962824509,
1998-01-13,0.0121250440298534,-0.0012818463197667,0.0089883495774501,
1998-01-14,0.0051541104450006,-0.0015414071996695,0.0003275440340978,
1998-01-15,-0.0057254229670629,-0.0004930894439215,0.002855937965101,
1998-01-16,0.0161380012843466,-0.002731310089286,0.0104607576399491,
1998-01-19,0.0041537828102313,-0.0002836163333489,0.0029668079054797,
1998-01-20,0.0104318858605937,-0.0007436520716496,-0.0068184732120081,
1998-01-21,-0.0062636629824287,-0.0003426370072445,-0.0052523342653207,
1998-01-22,-0.0082734315820546,0.0006532324465733,-0.0005307802404518,
1998-01-23,-0.0010404938228826,-0.0055157935305158,-0.0052979664170959,
1998-01-26,0.0012527247667629,0.0020947273013147,0.0189164371659123,
1998-01-27,0.0095496243237409,-0.0020586636043692,0.0037458943634244,
1998-01-28,0.0069346661987981,-0.0005317303645999,0.0050485511471199,
1998-01-29,0.0048511819911004,0.0034888597196738,0.01584440001219,
1998-01-30,-0.000471195208882,0.002016717369122,-0.0038135223576639,
1998-02-02,0.0153607497441269,-0.0019464876170344,0.0014446300571567,
1998-02-03,0.0052383766652373,0.0005105865188754,-0.0153228216264529,
1998-02-04,-0.0014952155649914,0.0002029226170326,-0.0020235882161805,
1998-02-05,4.718477690533588e-05,-0.0016733048507871,0.0092952772811622,
1998-02-06,0.0078315641669957,-7.03387152827168e-05,7.274176558973427e-05,
1998-02-09,-0.0023534199614194,-0.0006257403895616,-0.0092041339261021,
1998-02-10,0.0069636002348872,0.0011534931909687,-0.0005583882125274,
1998-02-11,-0.0006090942593093,0.0023004199118347,-0.0086454555023759,
1998-02-12,0.00015095688096,-0.0005224463740301,-0.0001743960023725,
1998-02-13,-0.0042617447079301,0.0013932284750847,-0.0048943228150755,
1998-02-16,-0.001162719775228,0.0003450152303272,-0.0053103147012145,
1998-02-17,0.0079015910512814,0.0015852885385039,-0.013852068877912,
1998-02-18,0.0051733568007597,-0.0010046402898045,0.0188672279467429,
1998-02-19,-0.0035789507206717,8.076111549928845e-05,-0.0020776775663861,
1998-02-20,0.0052818867540699,-0.000949484113654,-0.006653594475988,
1998-02-23,0.0019083034935952,-0.0006737167823169,-0.0238284878027281,
1998-02-24,-0.0067103730656138,-0.0032232506191072,-0.0022375884123858,
1998-02-25,0.0109623104275701,0.0006633916669916,0.0072205082743663,
1998-02-26,0.006086685741326,-0.0008740422349935,-0.0023465524449999,
1998-02-27,0.0011513222643001,-9.458793773574948e-05,0.0074587026334113,
1998-03-02,0.0023704972233456,-0.001810356245876,-0.0026014913625279,
1998-03-03,0.0022584396918368,-0.0021165535008074,-0.0088893137781323,
1998-03-04,-0.0067616748297929,-2.1153892048162214e-05,-0.0011681080282301,
1998-03-05,-0.0077432188146041,0.0006235248311675,-0.0045925431020795,
1998-03-06,0.016484190362328,0.0009763095983919,-0.008716869828488,
1998-03-09,-0.0018459390165432,0.0027970684816069,-0.0099932594051978,
1998-03-10,0.0072870512923225,0.0005381870403517,-0.0036281241164609,
1998-03-11,0.0018200224154694,0.001958446032938,0.0019415073660061,
1998-03-12,0.0007552968028437,0.0021528031958151,-0.0025867451268198,
1998-03-13,0.0008775230433816,-0.000765930012515,-0.0064847027237724,
1998-03-16,0.006825407696316,0.0021190615921106,-0.019918840039558,
1998-03-17,0.0033209964442313,-0.0009792967071158,-0.0046934658416257,
1998-03-18,0.0005543254024212,-0.0002275412032979,0.0318759987241892,
1998-03-19,0.0044079433588681,-0.0008886546047638,0.002448476895079,
1998-03-20,0.007295678301258,0.0005795060619096,0.0042368412995139,
1998-03-23,-0.0020012469212322,0.0005671297256209,0.054910563522121,
1998-03-24,0.0054981599518441,7.357482447512233e-05,-0.015383229815698,
1998-03-25,-0.0013498346148288,-0.0015350238953129,0.0135289534369283,
1998-03-26,-0.0017963248442759,-0.0019891975134946,0.007037378244052,
1998-03-27,-0.001352317758633,-0.0015374290141329,-0.002678381013426,
1998-03-30,-0.0043974826310667,-0.0009421394597004,-0.0082516518912409,
1998-03-31,0.0045210501563778,0.0022342005044461,-0.0082304601203358,
1998-04-01,0.0054117229605602,0.0014053089715713,-0.0097893644347461,
1998-04-02,0.0072698925406226,0.0016283834997997,0.0091279436728915,
1998-04-03,0.0017714795327649,0.0023650123163626,0.0036897743108112,
1998-04-06,-0.0025478115898988,-0.0008829807713836,-0.0134679815128772,
1998-04-07,-0.0049843207034971,-0.0003198780942957,0.0029533038223573,
1998-04-08,-0.0033939889564578,-0.001385108113429,0.0087367846954927,
1998-04-09,0.0061457578175377,-0.0002149856246901,0.0021356297882966,
1998-04-10,-0.000617202172601,0.0009523158952167,4.482554479418933e-05,
1998-04-13,-0.0016899947638927,-0.0017435164003235,-0.0131658588922217,
1998-04-14,0.0048425320888157,0.0010954785362367,-0.0043230875579769,
1998-04-15,0.0017921932377999,0.0010861849638781,0.0123962949337572,
1998-04-16,-0.0113900643588528,4.1841257543319104e-05,0.0067883636901294,
1998-04-17,0.0089355085526482,0.0003485209796163,-0.0066139511572443,
1998-04-20,9.036669739839764e-05,-0.0011001222056714,-0.0020820666984874,
1998-04-21,0.0037809406090728,-0.0017474792319548,0.0129241549830868,
1998-04-22,-0.0006823886647455,-0.0004070166537157,-0.0218537203059092,
1998-04-23,-0.007329429734522,-0.0001585980257352,-0.0120107411281334,
1998-04-24,-0.0081081959262289,0.00061717607898,-0.0008979338725703,
1998-04-27,-0.0171920278309121,-0.0044346459503071,-0.0006698917824155,
1998-04-28,0.0002420549328867,0.0004793050392871,0.0103083258271241,
1998-04-29,0.0028132610063302,-0.0002921598360777,-0.009725223929489,
1998-04-30,0.0176836028821606,0.0042416676930603,-0.0057597142836855,
1998-05-01,0.0082101367558175,0.0010969539184716,0.0156762156410361,
1998-05-04,2.4858041065549996e-05,-6.403897761368967e-05,0.0030067046047913,
1998-05-05,-0.0067304375267462,-0.001106808234967,-0.0095246813225412,
1998-05-06,-0.0098131980731346,0.0017389385075749,-0.0090984892288218,
1998-05-07,-0.0068103454039879,0.0001510793117974,-0.0029763017239941,
1998-05-08,0.0125327827104274,-0.0002751285619811,-0.0040309898366332,
1998-05-11,0.0003691211662964,-0.0023029862469251,-0.0028850475554408,
1998-05-12,0.004334183729128,0.00274174094625,0.0023986802969295,
1998-05-13,0.0018076140485721,0.0004031933792673,-0.0096465660898895,
1998-05-14,-0.0034096795915006,-0.0012539113824156,0.0021908584042722,
1998-05-15,-0.0044262722727419,6.670840241043124e-05,-0.0116930013083519,
1998-05-18,-0.0037662197898191,0.001655093274258,-0.0100526343914236,
1998-05-19,0.0075584705427904,-8.951301130297293e-05,-0.0017014909832328,
1998-05-20,0.006040019453038,0.001562795547588,-0.013592393658857,
1998-05-21,-0.0018430851354915,-0.0013591011885137,-0.0021537581713126,
1998-05-22,-0.0031936107949464,0.0012235892133641,0.0057723334244479,
1998-05-25,0.002948319678789,0.0005980153440926,,
1998-05-26,-0.0130995525799658,0.0014938082722185,-0.008901371154713,
1998-05-27,-0.0021522226214614,0.0010267794288149,-0.0028345901328758,
1998-05-28,0.0029696989867425,3.369660427992441e-05,0.000962232171951,
1998-05-29,-0.0056080942816142,0.0010118802060488,0.0135165069933504,
1998-06-01,0.0005299916336722,0.0018163174054219,-0.0054747397866898,
1998-06-02,0.0010526650595392,-0.0002371689236397,-0.0027277196224078,
1998-06-03,-0.0098408544305085,-0.0007094473066219,-0.0065654477175928,
1998-06-04,0.0115472109640318,-0.0010523286143801,0.0014196562495718,
1998-06-05,0.014129090605206,-1.6654356949440092e-06,0.0012176445840508,
1998-06-08,0.000869727055939,0.0004404269982134,-0.0139093896316279,
1998-06-09,0.0015216524812781,-0.0012586563217586,-0.0169556773474815,
1998-06-10,-0.0051411347353986,0.002393942948935,-0.0042886029410092,
1998-06-11,-0.0159561190347661,0.0021289709127952,-0.0092286863565258,
1998-06-12,0.0025319496411406,0.0009985247284982,0.0053424411321619,
1998-06-15,-0.0191487073822587,0.0014083147004473,-0.0183575721026902,
1998-06-16,0.0094111441480983,-0.0029526043277868,-0.0021282224862019,
1998-06-17,0.017481352232374,-0.0034964738414524,0.0289873597719444,
1998-06-18,-0.0001147696782452,0.0002928324726592,-0.0132123585716793,
1998-06-19,-0.0058139249385231,0.0005670177050071,0.0200320182603444,
1998-06-22,0.0025288185100034,0.0008949662826189,0.0147529971185427,
1998-06-23,0.0092263095343607,0.0007122369722667,0.0250384966010598,
1998-06-24,0.0104263515549525,0.0005163484011771,-0.0042372339943484,
1998-06-25,0.0016911068618262,-0.0003966820989668,-0.0141863672856219,
1998-06-26,0.0030515472870109,-7.620641706057058e-05,-0.0002768112728521,
1998-06-29,0.0038129232291646,-0.0011334160135253,-0.0108913570018514,
1998-06-30,-0.0050957826253874,0.0003188960214711,0.0120446425632554,
1998-07-01,0.013125637250789,-0.0006150598886443,-0.0040650921731528,
1998-07-02,0.0019354784395428,0.0021771904601472,-0.0010604837903353,
1998-07-03,0.0010095053673977,-0.0006162099329035,-0.000404692944642,
1998-07-06,0.0064041087720185,0.0014943885930277,-0.0182808976870558,
1998-07-07,-0.0004541807758774,-0.0007681175917194,-0.0027014073126684,
1998-07-08,0.0052274377333874,-0.0011787856000308,0.005084426101945,
1998-07-09,-0.0054768146892355,0.0012594792702764,-0.0067415258523081,
1998-07-10,0.0002753368378027,-0.0001665805038844,-0.0115065589914425,
1998-07-13,0.0023942598696343,-0.0024250758809421,-0.0056592620439278,
1998-07-14,0.0094887047944051,-0.0013848381261397,0.0108284414992217,
1998-07-15,0.0004930448610582,0.0005992834259787,0.0006763723582968,
1998-07-16,0.0045275838598313,-0.0009738768285757,-0.011843882258705,
1998-07-17,0.0034880257859651,0.0001360443224944,-0.0002431231819344,
1998-07-20,-0.0006973608891081,0.0009126232062674,-0.0235414466776483,
1998-07-21,-0.0131221703586996,0.0005511978400672,-0.0031760171441748,
1998-07-22,-0.0046740147701368,-0.0001219439537695,-0.0013243282664224,
1998-07-23,-0.0153126677675545,0.0011272786520993,-0.0056610382168081,
1998-07-24,-0.0001435096392337,-0.0009632124519272,0.0087911977291988,
1998-07-27,-0.0008835512740524,0.0005912858257824,0.0005228173187569,
1998-07-28,-0.0101799525633936,-8.02709588930519e-05,-0.0011527912780815,
1998-07-29,-0.0034079327839732,-3.260800725525907e-05,-0.005802376295236,
1998-07-30,0.0120305152553104,0.0009518042467933,-0.0006284055514145,
1998-07-31,-0.0144789120822087,6.04579481474098e-05,-0.0101563715503618,
1998-08-03,-0.0067396061465161,0.001904949512,-0.0150217813613674,
1998-08-04,-0.0281621938889166,0.0012033272082306,0.0049211489916827,
1998-08-05,0.0068663836203442,0.0002070333079412,-0.0028498559530842,
1998-08-06,-0.0002252296509549,-0.0001564466870308,-0.0031643875243477,
1998-08-07,0.003470641587078,0.002062019181749,0.0013872619427645,
1998-08-10,-0.0079911919350467,0.0002433802321444,-0.0128498444634471,
1998-08-11,-0.015902148074895,0.0011865885513251,-0.0198585245205867,
1998-08-12,0.0151251607957661,-0.0003529527139518,-0.0001784627242207,
1998-08-13,-0.01078399781567,-0.0013948110708986,0.013530269307249,
1998-08-14,-0.0064233324203764,0.0012219510679296,0.0038226708146148,
1998-08-17,0.0118613387172704,0.0004144505972577,0.0079404188140412,
1998-08-18,0.0197088021656832,-0.0001454281990913,-0.0105713194645714,
1998-08-19,0.0007546145416909,-0.000548222154939,-0.0018574351147917,
1998-08-20,-0.0064975333568864,0.0017814478699991,0.0135367029979593,
1998-08-21,-0.0116526521802231,0.0027943141920413,-0.0151311899965768,
1998-08-24,0.004493591938125,0.0012373354966762,0.0058071847476771,
1998-08-25,0.00484172882005,0.0017998500452694,-0.004541755292449,
1998-08-26,-0.0095413278259722,0.0005533110820107,-0.0123144021489354,
1998-08-27,-0.0400623948823271,0.0029788405907531,-0.0175067038159525,
1998-08-28,-0.0083964108018367,0.0015254224467238,-0.0006668551482112,
1998-08-31,-0.0519263318301912,0.0020924763226819,0.0035137637424654,
1998-09-01,0.0333691049347631,-0.000785597655929,0.0161063549251736,
1998-09-02,-0.0035297887262659,-0.0007486244789728,-0.0130505117292655,
1998-09-03,-0.0077426954719233,0.0011706401405443,0.0335978236746495,
1998-09-04,-0.0049865944186163,0.0007515367867044,0.0046972380558085,
1998-09-07,0.0184310704204324,0.0007830174069731,-0.0021471317766537,
1998-09-08,0.0263919111942761,-0.000737060437266,0.0067471413147454,
1998-09-09,-0.0194853298951023,0.0040546795963451,-0.0074333912693259,
1998-09-10,-0.0297480101028002,0.0100990834945334,0.0245367783053552,
1998-09-11,0.027322179497107,-0.0019351546981565,-0.009289461146399,
1998-09-14,0.0180128231037705,-0.0007590925025403,0.0027170020698368,
1998-09-15,0.0035953085824376,-0.0001073994557163,0.0172445951720838,
1998-09-16,0.0078704625755647,0.0012249414695344,0.0014954570492354,
1998-09-17,-0.0263454729455469,0.0040442505893641,0.0001626751892394,
1998-09-18,-0.0002439160891711,0.002884377309635,0.0219884895106329,
1998-09-21,-0.0074425021678534,-0.0001326493982168,-0.001576896346538,
1998-09-22,0.0109406259901474,-0.0023449202670939,0.0036452628740892,
1998-09-23,0.0292162982422218,0.0016550898713617,-0.0025053082787209,
1998-09-24,-0.014523356418366,0.0020819988961583,0.0090713543182891,
1998-09-25,-0.0059884999151775,0.0017044431412664,-0.0057793505626019,
1998-09-28,0.0106958367772654,-6.625786070979314e-05,-0.0081595098182593,
1998-09-29,-0.005145168225484,2.3450562294480245e-05,0.0078214895684048,
1998-09-30,-0.0264460758261085,0.0054744076161504,0.0049829605873751,
1998-10-01,-0.0289170739805403,0.0052212317923633,-0.0171889604243623,
1998-10-02,0.0095663021758084,0.0006564472262324,0.0044492624172569,
1998-10-05,-0.0164658503719965,0.0035381061251672,-0.0065723497511458,
1998-10-06,0.0073897453294484,-0.002545300572284,0.0025384268115593,
1998-10-07,-0.0076407118944849,-0.004424037806739,0.0032659576713098,
1998-10-08,-0.0162795278934816,-0.008845584009521,-0.0226127586869816,
1998-10-09,0.0204049877647559,-0.0086772800215942,0.0019509772697411,
1998-10-12,0.0209407376094402,-0.0019968440530187,-0.0096326413226221,
1998-10-13,-0.0019020918136103,0.0037608308845228,-0.0017278394790769,
1998-10-14,0.007221861418258,0.0048672201687359,-0.0110744743670427,
1998-10-15,0.0360568256504225,-0.0002539651956542,0.0004750737055482,
1998-10-16,0.0061081064234704,0.0056181586583375,0.0065423405199704,
1998-10-19,0.0023768201736034,0.0004512428682415,-0.016201158180708,
1998-10-20,0.0095743301687481,-0.0019414321380027,-5.227008046200586e-05,
1998-10-21,-0.0013556785667713,-0.0015664899456841,0.0129859903186532,
1998-10-22,0.0081267031081391,-0.0010049487423125,-0.0042423611159009,
1998-10-23,-0.0085819444311284,-0.0033810280495895,0.0006999945655863,
1998-10-26,0.0042745988116417,0.0004351962089921,0.0140910783652805,
1998-10-27,-7.934690545212831e-05,0.0032887209878905,-0.0157634379068183,
1998-10-28,-0.0060044500299576,0.0016044284362716,0.0001367349120693,
1998-10-29,0.0173345251666041,0.0018507760035892,-0.0009550662923451,
1998-10-30,0.0075162417961559,-0.0032013660957011,0.0009609416751504,
1998-11-02,0.014613061264482,-0.0042089456494159,0.0053125206695924,
1998-11-03,-0.0047186041792381,0.0008443625909851,-0.0003395414422635,
1998-11-04,0.0127099346015653,-0.004865984203622,-0.0036200664447891,
1998-11-05,0.0056025549823819,-0.0001618210007199,0.0037979853359195,
1998-11-06,0.0046528006303747,-0.0038929095877925,-0.0009331033784258,
1998-11-09,-0.0082049337210399,0.0028484637779696,-0.0178017978000633,
1998-11-10,-0.0066181007347271,0.0024631358284421,0.0042085404901319,
1998-11-11,0.0013022179932415,-0.0010124338185667,0.0006257566923463,
1998-11-12,-0.0038167935538685,0.0023468287296674,0.0069630750974206,
1998-11-13,0.0070310942595108,-0.0002711442260149,-0.0078279827928595,
1998-11-16,0.0083685640824243,-0.0009717574541345,-0.0292267994573247,
1998-11-17,-0.0005008896510072,-6.263784313285702e-05,-0.0124179271765013,
1998-11-18,0.0043143143187147,0.0011415246898421,-0.0045097615651767,
1998-11-19,0.0082785649886031,-0.0007772568596332,-0.0011675409563613,
1998-11-20,0.010383855978064,0.0001767977484096,-0.0006894971008044,
1998-11-23,0.0189220178208808,-0.0005528750381669,-0.0195910995415699,
1998-11-24,-0.0038998291941719,-0.0008198667754053,-0.004761767700799,
1998-11-25,-0.0012259217357435,-0.0006942269992913,-0.0110683016671795,
1998-11-26,0.0075791613083888,-0.0010293923130595,-0.0011777862650253,
1998-11-27,0.0013492485458361,0.0003787304707955,0.0052994550063677,
1998-11-30,-0.0225523161937113,0.0035883644997935,-0.0381517093874366,
1998-12-01,-0.0001885135594133,0.0017839192740972,-0.0078459633681933,
1998-12-02,-0.0018885755127599,0.0027930147233002,-0.003119647060688,
1998-12-03,-0.0099979173892296,0.000871724649164,4.517899199263148e-05,
1998-12-04,0.0161165341113878,-0.0014411281564496,-0.002437462467571,
1998-12-07,0.0057970044890546,-0.0030310014990778,0.0138165465508339,
1998-12-08,-0.0032385220887036,0.0032515464423406,-0.0202092807790396,
1998-12-09,0.0033196655826425,0.0011103784603207,-0.0105953777183736,
1998-12-10,-0.0120736905975517,0.0006316414420824,-0.0129878217077049,
1998-12-11,-0.0069146654877729,-0.0017576291817555,0.0008212998137976,
1998-12-14,-0.0169467130466267,-0.0009928700551344,0.0198190127579309,
1998-12-15,0.0159034849113418,-0.0010458909260873,0.0060657224149791,
1998-12-16,0.0025404297372357,0.0003399333134488,0.0285064378541605,
1998-12-17,0.0117516198814705,0.0004557065097493,-0.0364004962710329,
1998-12-18,0.0028967817756866,-0.0003630097135193,-0.0049776883598176,
1998-12-21,0.013325387792169,-0.0047122798847774,-0.021906248537594,
1998-12-22,-0.000496912674859,-0.005957585544175,0.0040583779047743,
1998-12-23,0.0170114826948639,-0.0025638778477018,0.0054541942951197,
1998-12-24,-0.0014019917701752,-0.0037549398295647,-0.0048711772590225,
1998-12-25,0.0006503386627906,0.0016298578491965,,
1998-12-28,-0.0038321380312994,0.0021828743451894,-0.0040490685455842,
1998-12-29,0.0131509147367957,-0.0003656114865371,0.0137893981794804,
1998-12-30,-0.0083931985347462,-0.000577942029203,0.0070888712785907,
1998-12-31,0.001895071301392,-5.095971082175207e-05,0.0062882847787446,
1999-01-04,0.0015668222553276,0.0004011883972671,0.0244927921499809,
1999-01-05,0.0067178481134473,-0.0008588231315066,-0.0174112074819672,
1999-01-06,0.0211209335603756,0.0023298512757388,0.0214879338902552,
1999-01-07,-0.0030018001563417,0.0016300762988225,-0.0016380223921452,
1999-01-08,0.0048294626803799,-0.0056910657891697,0.0084284387125461,
1999-01-11,-0.0093683521135795,-0.0007315375362291,0.0084154309618126,
1999-01-12,-0.014497727672512,0.0015840276091378,-0.0146504299253455,
1999-01-13,-0.0123014955610552,0.0034638698347991,-0.025407323963029,
1999-01-14,-0.0100758109493053,0.0037381701075668,-0.0032510225907577,
1999-01-15,0.0198667875387788,-0.0023454508116115,-0.002683103492504,
1999-01-18,0.0089490504752237,-0.0009895616670702,-0.0031181991086579,
1999-01-19,-0.0014550600783037,-0.0016275933321173,-0.0017546064969887,
1999-01-20,0.0099619204250349,-0.0002789131733138,-0.0074934205352198,
1999-01-21,-0.0200458363736211,0.0018434613264799,0.0209932538842204,
1999-01-22,-0.0061457263424557,0.0030436942218221,-0.0025045908263281,
1999-01-25,0.0065128739551918,-0.000606500709227,-0.0144337960695241,
1999-01-26,0.01357469200687,0.0001869958838495,-0.0081744541736484,
1999-01-27,-0.0078004389816601,-0.0006742669546603,0.0120836566232459,
1999-01-28,0.0099646690378717,-0.0002684917607813,0.0065330919147626,
1999-01-29,0.0113308869365523,-0.0009088798410919,0.0018114982250431,
1999-02-01,-0.0022150605760066,-0.003562893513205,-0.012539858955675,
1999-02-02,-0.0076912849506639,-0.0050728493934792,0.0060294456658451,
1999-02-03,0.0050145008115714,-0.0016711449541914,-0.0004353224176076,
1999-02-04,-0.0107022815138597,-0.0018145276378703,-0.0035162386656339,
1999-02-05,-0.0109815240622976,-0.0026410772326081,-0.004513805907939,
1999-02-08,0.0022905363207073,0.0029578352194192,-0.0024425151628076,
1999-02-09,-0.019551745168524,0.0040295795549421,-0.0037442457437656,
1999-02-10,0.0034843609918951,-0.0004849259375023,-0.0048172280347335,
1999-02-11,0.0229282313741532,-0.0003208734786037,0.0048225445085682,
1999-02-12,-0.0124481323145252,-0.0067757217845033,-0.0033052428105877,
1999-02-15,0.0013804578277026,-0.0010329562041771,-0.002473541332324,
1999-02-16,0.0032306591866879,0.0019861961081871,-0.0194797479144174,
1999-02-17,-0.0090836103896552,0.0023769735498706,0.0027613500096269,
1999-02-18,0.0051542362581102,-0.0006934095436363,0.0119839566816071,
1999-02-19,0.0032711994804594,0.0012301203342735,-0.005190842678943,
1999-02-22,0.020436800737698,0.0020651222755402,-0.0045120267475396,
1999-02-23,0.0033370675730264,-0.003305609320633,0.0160959226154623,
1999-02-24,-0.0105668933284242,-0.0029600172464784,-0.0020772106254133,
1999-02-25,-0.0088045645006539,-0.0057748388944509,0.0008049205350322,
1999-02-26,-0.0039507025215292,0.0006426593882233,-0.0164599044649482,
1999-03-01,-0.0007250159294592,-0.0031834595701576,0.0044563617424977,
1999-03-02,-0.0068494393192132,0.0018414353632881,0.010132557518759,
1999-03-03,0.0018256671237707,0.0002376200634134,0.0117918933997951,
1999-03-04,0.0108608729182899,-0.0009146626221811,0.0165327168610671,
1999-03-05,0.0228261376165029,0.0042265114517086,0.0059426157302789,
1999-03-08,0.0006891573992127,-0.0001807023343426,0.0119662932203926,
1999-03-09,4.829907134833892e-05,0.0012330701262304,0.0067304320063219,
1999-03-10,0.0060389362476137,0.0001195201040538,0.0281219839209297,
1999-03-11,0.0103859537736632,-0.0009352651932773,-0.0172913230475528,
1999-03-12,-0.0058428282529901,0.0019774001419053,-0.0015070135910518,
1999-03-15,0.0091495172021053,-0.0001983676313118,-0.0054690617150155,
1999-03-16,0.0006858256865573,0.0017073764324738,0.0011859008681236,
1999-03-17,-0.0037075492169718,0.000910149654862,0.021592891977282,
1999-03-18,0.0078158978539829,0.0009263732733653,-0.0038297044874232,
1999-03-19,-0.0063793083346355,-0.0016154249974495,0.0077484110937115,
1999-03-22,-0.0001532658971552,-0.0011152691946159,0.0210885496030225,
1999-03-23,-0.0258947674613315,-0.0002433288033863,-0.0045948658048981,
1999-03-24,-7.919430020060872e-05,0.0002205059644642,-0.0056184513677803,
1999-03-25,0.0190678846433919,-0.0001831798179746,0.0195302353683416,
1999-03-26,-0.0048744300780915,0.0004888091567412,0.0142971786749822,
1999-03-29,0.012438624811075,-0.0018912342720375,0.0036780549729282,
1999-03-30,-0.0009517736898525,0.0029983057522573,0.0125924588681813,
1999-03-31,-0.0111362413780814,-0.0010083217416324,0.0017884572897741,
1999-04-01,0.0085578692614039,-0.000566243964258,-0.0059299510637156,
1999-04-02,0.0002694048404121,0.0026966494593236,0.0002944131091853,
1999-04-05,0.016412752006843,-1.0894683861455372e-05,0.0019342178672986,
1999-04-06,0.0014300433958854,0.0027019986507998,0.0010544840480075,
1999-04-07,0.0052594198763661,0.0008223344244802,-0.0140390739619673,
1999-04-08,0.0104564302807549,0.004913637604652,-0.003446679761444,
1999-04-09,0.0031760203086227,4.296680788853568e-05,0.0198025505260164,
1999-04-12,0.0051505627198548,0.0010072306070184,-0.002023342220126,
1999-04-13,-0.002852157111249,-0.0026852075080712,0.0115821769220275,
1999-04-14,-0.0121231493990747,-0.0008520670775333,-0.0084777379396195,
1999-04-15,-0.0050531590661851,-0.0001018300138298,0.0126804707435737,
1999-04-16,-0.0042666367155182,-0.0022834583671473,0.0104975389489802,
1999-04-19,-0.0091440833463522,0.001819864036542,0.0109176369696146,
1999-04-20,0.0030540264839605,0.0018608122150297,-0.0051532949442055,
1999-04-21,0.019034021422403,8.942481894291476e-06,0.0078076221714537,
1999-04-22,0.0114492440556911,-0.002661542994154,0.0046675254394461,
1999-04-23,-0.0012217977496872,-0.0006663585673988,-0.0029482672585409,
1999-04-26,0.0054796752423489,0.000852779677237,-0.0025803093248013,
1999-04-27,0.0054740426290277,0.0019097931536124,0.0043072360089058,
1999-04-28,-0.0094264111319951,-0.0021526355596796,0.0150063329508422,
1999-04-29,-0.0066902667490921,0.0022447717281247,0.0025764113567292,
1999-04-30,-0.0045590958431243,-0.0048104607164439,-0.0020980400652689,
1999-05-03,0.0116983295130113,-0.0003442930204881,0.0065017666598312,
1999-05-04,-0.008700883280656,-0.0020440860677624,0.0061960891845339,
1999-05-05,0.0023166620671645,0.0005636964103173,0.0016628985252103,
1999-05-06,-0.003545244939732,-0.0026855122876835,-0.0123164977689049,
1999-05-07,0.0031567578503258,-0.0010625637743812,-0.0085430342943004,
1999-05-10,-0.0025691595262981,0.0003306771318605,0.0078251474232183,
1999-05-11,0.0052565165496438,-0.001672535905494,-0.0103730190812526,
1999-05-12,0.0055313725672468,0.0012150140607727,-0.0120455310931627,
1999-05-13,0.0040901928996403,0.0045937947925525,0.0131555831881548,
1999-05-14,-0.0207649193661474,-0.0065831125157161,-0.0002953962141053,
1999-05-17,-0.0043813490587896,-0.0014341579455743,-0.0013172009017088,
1999-05-18,0.0018405611950347,-0.0011670320831345,-0.0199395546517964,
1999-05-19,0.0045038264716621,0.0014620500626876,-0.0044627244502677,
1999-05-20,-0.0012089658173516,0.0004669323532031,-0.0032163054042287,
1999-05-21,-0.0040170973536002,0.0011159703356602,0.0036335087251126,
1999-05-24,-0.0110067417862257,0.0006278310847125,-0.0146731454996196,
1999-05-25,-0.0176940411249401,4.7001170676074944e-05,0.0039601401587859,
1999-05-26,0.0105478350686032,-0.0025618298507476,0.0031607815847547,
1999-05-27,-0.0126617059137448,-0.0040380834831598,-0.0021810802492689,
1999-05-28,0.0054707500480239,0.0003463480593558,2.2047155104657715e-05,
1999-05-31,0.0033520440379107,0.000118684825371,,
1999-06-01,-0.001381413219246,-0.007269799256629,-0.0152927375121187,
1999-06-02,0.00119863898837,-0.0014799879357436,0.0112472950530237,
1999-06-03,0.0053973123557023,0.0019159773575558,0.0036949370974853,
1999-06-04,0.0143747215500514,-0.0005256285023826,0.0158246082594625,
1999-06-07,0.00437876888648,0.0002541070241713,0.0157228294811367,
1999-06-08,-0.0054776059189868,0.0001594913020145,-0.0070471069662213,
1999-06-09,-0.0005358911315086,-0.0022018323280939,0.0099630547265514,
1999-06-10,-0.0059938901448239,-0.0021028563050486,-0.0059068095116636,
1999-06-11,-0.0049537143599474,-0.0060896805281912,0.0139675391782355,
1999-06-14,0.0004594126779116,0.0033359314822321,0.0016587012570295,
1999-06-15,0.0059483458789715,0.002418406339686,-0.0006600876412405,
1999-06-16,0.0140537010950444,0.0010162968796862,-0.0128443902472308,
1999-06-17,0.0084389169351341,0.0033787179191556,0.0016553892798495,
1999-06-18,0.0013267665320267,-0.0015065491016564,0.0011939531003978,
1999-06-21,0.0047731371045437,-0.0022679771272526,-0.0096204148552589,
1999-06-22,-0.0063992495323183,-0.0012980307435253,-0.0030128661706775,
1999-06-23,-0.0060809288682047,-0.0038609967728442,0.0140639551936368,
1999-06-24,-0.0065022088824852,-0.0020002550184333,-0.0014394382016899,
1999-06-25,-0.0027196684846861,9.29587415990483e-05,-0.0022988788447752,
1999-06-28,0.0083556645738221,0.0018439037491072,-0.0014849803080407,
1999-06-29,0.0074601433432998,0.0009110661241637,0.0102931973540894,
1999-06-30,0.0110120281576607,0.0031286737868312,0.0189616878153439,
1999-07-01,0.0103017179110532,6.766230362351895e-05,-0.0066097392586746,
1999-07-02,0.0085586451737974,0.0017863123885917,-0.0035650528223189,
1999-07-05,0.0048510703904427,0.0009771775144053,0.004404449312438,
1999-07-06,-0.0034481709658519,-0.0030614245152346,-0.0136157007480995,
1999-07-07,-0.0007156011422653,-0.0008393352608778,0.0022401458529033,
1999-07-08,-0.0005303535536574,0.0019023017755501,0.0034061479212204,
1999-07-09,0.0047448780799009,-0.0001832275709049,0.001918433593235,
1999-07-12,-0.0010657057531518,0.00483620633275,0.0007390511783701,
1999-07-13,-0.005576307449561,0.0021973693451114,0.0078989346852597,
1999-07-14,0.0038183741418099,-0.0017304558760584,-0.0028855871530449,
1999-07-15,0.0069997068117229,-0.0009705180813456,0.0087485653853542,
1999-07-16,0.0026526276031133,0.000324860023925,0.0023018737429208,
1999-07-19,-0.0044441700857775,6.616840078286997e-05,0.002210123159503,
1999-07-20,-0.0175171446983932,0.0006637359510559,-0.0138752796070638,
1999-07-21,-0.0038053498728396,0.0008850417090147,0.0067914074211332,
1999-07-22,-0.0117878980683416,-0.0025321417055242,0.0163481522385224,
1999-07-23,-0.0061480517233691,-0.00194265187193,0.0299735806604995,
1999-07-26,-0.0059067862007135,-0.0011358258303154,-0.0056334027828669,
1999-07-27,0.0059108031381434,0.0026142190548575,-0.0072791747738685,
1999-07-28,0.0035974171136314,-0.001145136159928,0.0018431875539889,
1999-07-29,-0.0127435217218987,-0.0056815559595754,0.0075316278943073,
1999-07-30,-0.007150269398598,-0.000683850770047,-0.0067809438273719,
1999-08-02,0.0042697341196176,-0.0015543202667311,0.0111359614037683,
1999-08-03,-0.0048329607831392,-0.0017244879235456,0.0033027792511542,
1999-08-04,-0.0116230446240816,0.0003643841016643,0.0126559161062799,
1999-08-05,0.0008613430892383,0.0025468198797698,0.0010030164440636,
1999-08-06,-0.0081695686977503,-0.0052755795471578,0.0100764462050685,
1999-08-09,0.0008583960524145,-0.0036462913093576,0.0099875613633995,
1999-08-10,-0.0104464148710673,-0.0015219836637645,0.0040900645932271,
1999-08-11,0.0084770885315097,0.0031699735236284,0.0004054679759445,
1999-08-12,0.0053008937480921,0.0003920371352102,-0.0092861646953467,
1999-08-13,0.0175949012560858,0.0034845654757422,0.006433199138101,
1999-08-16,0.0054030280187061,-0.0006544444050372,-0.0037829651552899,
1999-08-17,0.0037770398646366,0.0028402198201051,0.0091418118519031,
1999-08-18,-0.005724723614133,0.0011447225840738,0.000601552174569,
1999-08-19,-0.0052887565824764,0.0011384783567395,0.0110561754731816,
1999-08-20,0.0099665749546095,0.0008063164080158,0.0014153332902994,
1999-08-23,0.0161463711780894,-0.0007491924091233,0.00521686512493,
1999-08-24,0.001577645777688,0.0016899929540239,-0.0068983681365426,
1999-08-25,0.0072337521839488,0.0034792414500257,-0.0152845117271613,
1999-08-26,-0.0079832628612202,-0.0005063323498706,0.0014096926388781,
1999-08-27,-0.0081047563392777,-0.0029765900597749,0.0029366238086864,
1999-08-30,-0.0120213498512941,-0.0042926902663782,0.0084314816207133,
1999-08-31,-0.0078451969677421,0.0003168481668389,0.0042209137101463,
1999-09-01,0.009426925018167,-0.0003612850512362,-0.0037554695514299,
1999-09-02,-0.0104224814255539,-0.0018283010467744,-0.0209775041386427,
1999-09-03,0.0257363394783991,0.0048272696095857,0.011210105633286,
1999-09-06,0.0027243075128346,0.0010365636146131,0.0030029742310063,
1999-09-07,-0.0072861560068191,-0.0006414323025218,0.0227682326902879,
1999-09-08,-0.0037996344434273,-0.0011396907160148,-0.0026616895845218,
1999-09-09,0.0018121889518636,-0.0018678395145398,0.0199316879883816,
1999-09-10,0.0040809860652051,0.0037777384029461,0.0031830790037364,
1999-09-13,-0.0036638816713599,-0.0004638618595309,0.0020182411525898,
1999-09-14,-0.0071150378254226,-0.0004149673531563,-0.0129908653633015,
1999-09-15,-0.0120815517469761,0.0008134665956223,-0.0050573016864968,
1999-09-16,-0.0026140567852218,0.0015951462925308,-0.000341285965978,
1999-09-17,0.0108869697755896,0.0017814530683317,0.0061209850789571,
1999-09-20,0.0001026332525848,0.0002897770448277,-0.0094409399296814,
1999-09-21,-0.0163308624355721,-0.0008644957438288,-0.0039543875603889,
1999-09-22,-0.0029966111704576,0.0003471542827094,0.0029274491255537,
1999-09-23,-0.0151007877496687,0.0029386782358267,0.0259838852433759,
1999-09-24,-0.005801180475116,0.0035446578623974,0.0006356782823977,
1999-09-27,0.0072459459667385,-0.002854304887037,0.0058854436512311,
1999-09-28,-0.001308457496534,-0.0032720558707213,0.0007699575285019,
1999-09-29,-0.0082059080705342,-0.0027313460821097,0.0007949330314306,
1999-09-30,0.0119273844629193,0.0024293384052398,-0.0105336316706154,
1999-10-01,-0.0036635760964753,-0.0038750546398009,0.0015169223994252,
1999-10-04,0.0176599355458073,0.0027891236370645,-0.0185079993867518,
1999-10-05,-0.0004073003837404,-0.0031966627410498,-0.006025728948102,
1999-10-06,0.0112806131083361,-0.001411464290155,-0.0007831381300744,
1999-10-07,-0.0003175860041183,-0.0018781422241877,-0.0093912855228639,
1999-10-08,0.0096748396971569,0.0001474450719816,-0.0267137483081201,
1999-10-11,0.0003172943294553,2.4234794659068863e-05,0.0135344121426375,
1999-10-12,-0.0126909034541419,-0.0030905083889639,0.0320249699063006,
1999-10-13,-0.022787979300139,-0.0015551866061395,0.0174470852222922,
1999-10-14,-0.0006212860272982,-0.0025334036527491,-0.0174550826570969,
1999-10-15,-0.0226535861129984,0.0024908252123232,0.0122787818380944,
1999-10-18,0.0026609060970126,-0.0006845240845739,-0.0042278902885648,
1999-10-19,0.0082956706821518,-0.0009749588305175,-0.0001068699408988,
1999-10-20,0.0115805655987811,-0.0006596614055442,-0.0055202269466974,
1999-10-21,8.05444987388395e-05,0.0002174096164951,0.0028797152057661,
1999-10-22,0.0102704085467919,-0.0005015862062034,0.0137317569177635,
1999-10-25,-0.0037280413620753,-0.0032329405823988,-0.0024625716746308,
1999-10-26,-0.0063982519010043,-0.0001965733407719,-0.0055548289414266,
1999-10-27,0.0082171551849247,0.0029210680562176,-0.0003766462780326,
1999-10-28,0.028687223569455,0.0036719897882473,-0.029286299702506,
1999-10-29,0.0184274742382232,0.0047965973274357,0.0026865309149434,
1999-11-01,-0.0063510504644977,0.0035596380993179,0.0068598446403335,
1999-11-02,-0.005157286551774,0.0016587251088476,-0.0056460637196897,
1999-11-03,0.0050557982903025,0.0002035272946353,0.0064159761540124,
1999-11-04,0.0073535592934226,0.0019317433952361,0.0041892889396375,
1999-11-05,0.00873868150492,0.0017011750807001,0.0008167763205889,
1999-11-08,-0.000967005458691,-0.0006420487285177,-0.0045699261260809,
1999-11-09,-0.0044424514074169,-0.0006143263462476,0.0126632615041244,
1999-11-10,0.0063319921094525,-0.0008997217308563,0.007153250165518,
1999-11-11,0.0061983560694828,1.1365062527180764e-05,-0.0077179374101219,
1999-11-12,0.007059961963624,0.0032416079530919,0.0134085414932637,
1999-11-15,0.0019469441809421,-0.0002505292698424,0.0035762161406622,
1999-11-16,0.0142565857281329,-0.0005469941980921,0.0004930457699058,
1999-11-17,-0.0063448375018412,-0.0030336184446914,0.0047756536340663,
1999-11-18,0.007621207294561,-0.0011862157038396,-0.0121996922257042,
1999-11-19,-3.7857989681027045e-05,-0.0002029287732619,0.0077800886091282,
1999-11-22,-0.0023378265110934,-0.0010923962853317,-0.0002346255816996,
1999-11-23,-0.0062522566348942,0.0001910436524,-0.0061556458835322,
1999-11-24,0.0050306810564119,-0.0001128546284125,0.0019406821517644,
1999-11-25,0.0063222528225256,-0.0003494301542759,-0.0012227446110238,
1999-11-26,-0.0045056378115089,-0.0010906050217176,-0.0017213325795904,
1999-11-29,-0.0034596073103273,-0.0029243441732931,-0.008132589641519,
1999-11-30,-0.0120807684738518,0.0003756298735323,-0.0165278004955917,
1999-12-01,0.0066876995854478,0.0009168730882616,0.0070654442517733,
1999-12-02,0.0051528009626249,-0.0015628150786868,0.0161855080870802,
1999-12-03,0.0158646567892378,0.0020173814724282,-0.0048429018694125,
1999-12-06,-0.0051233086547125,0.0026979699307246,0.0044401053811681,
1999-12-07,-0.0044589664870413,0.0018609489428123,-0.0010454337788342,
1999-12-08,-0.0068900493890193,-0.0002547082617345,0.0040800526727142,
1999-12-09,0.002948965541035,0.0017482216134127,-0.0099036830802015,
1999-12-10,0.0029724445211488,0.0023948357280326,0.0017212491283773,
1999-12-13,0.0003572756376511,-0.0004887661313381,0.0022053603022446,
1999-12-14,-0.0051559806769321,-0.0056813791299064,0.0133459206761579,
1999-12-15,0.000222125335402,-0.0009395586543082,0.0053496931525582,
1999-12-16,0.0056443747199602,-0.0047652582562033,0.0170008770774035,
1999-12-17,0.0053783802580153,-0.0001764325187683,0.0017803702180763,
1999-12-20,-0.0039591152112841,-0.0011275412122968,0.0006929759015251,
1999-12-21,0.0096507149046613,-0.0004205775689347,-0.00910216402713,
1999-12-22,0.0041141101752604,-0.0006689855366221,-0.0105559817123531,
1999-12-23,0.0141876723428066,-0.0005133364543279,0.0045591945514824,
1999-12-24,0.0019065113108122,-0.0005742998335825,-0.0003089790238115,
1999-12-27,-0.0013566103740961,0.0008736402595864,-0.0046714852673439,
1999-12-28,0.001098599287156,-0.0002365198690045,0.0078948297727088,
1999-12-29,0.0022080913276182,0.0006573175698246,0.0026741822347414,
1999-12-30,0.0021430727711873,0.0001354158598191,-0.0088347243622574,
1999-12-31,0.0014839075147336,-0.0022912966717641,0.0001322502656444,
2000-01-03,-0.0094694120407512,-0.0043794258129103,-0.002616317479704,
2000-01-04,-0.0323803344973735,-6.598580585048268e-05,-0.0164710802597479,
2000-01-05,-0.0061256791323993,-0.0035231882049395,-0.0062257388301887,
2000-01-06,-0.0076144972571574,0.0018954652431842,0.0013911044576767,
2000-01-07,0.0338571232741158,0.0020469328845583,-0.004805213514871,
2000-01-10,0.0105191389447626,-0.0009574288927712,0.0058682157160941,
2000-01-11,-0.0093431216921619,-0.0048108211094781,0.0162401095952977,
2000-01-12,-0.007398478317026,-0.0016016453539457,0.0100637108434618,
2000-01-13,0.0098592236991803,0.0039424606737969,0.0080233091481955,
2000-01-14,0.0125867177474791,-0.0020304139459186,0.0199008664946916,
2000-01-17,0.0025886626322162,-0.0002122400494754,0.0041119760512791,
2000-01-18,-0.008016688842758,-0.0027046270454645,0.0142028430211302,
2000-01-19,-0.0003133649696671,0.0015527564391505,0.004354957274045,
2000-01-20,-0.0074039679682718,-0.0019083896428144,0.0111413452379424,
2000-01-21,-0.0037935590234469,9.04835799832654e-05,-0.0019710864405385,
2000-01-24,-0.019554108925855,0.0047460395135104,-0.0038004096197967,
2000-01-25,0.0006382907262666,0.0005492661139793,0.0108944790271624,
2000-01-26,0.0017015541200167,0.0006942992209883,-0.0127805758002048,
2000-01-27,0.0001806267899277,-0.0009367096946547,0.000182536708236,
2000-01-28,-0.0226680668129386,0.0023705092806172,-0.0041871600300775,
2000-01-31,0.0142836069541808,-0.0013436288195136,0.0101299108451513,
2000-02-01,0.010607837876944,0.0022234270580503,0.0102346992546825,
2000-02-02,0.0035621090562822,-0.00089263451997,-0.0052125356729683,
2000-02-03,0.014612184912801,0.004149387154328,0.0013842090783923,
2000-02-04,-0.0004247223722612,-0.0023701195675868,0.0166031125497454,
2000-02-07,-0.003834598995827,-0.0045884091242499,-0.0117227423422956,
2000-02-08,0.0128945266272069,0.0009787922984504,-0.0115723009014731,
2000-02-09,-0.0124623082220566,-0.0023223885074983,0.0120887481763349,
2000-02-10,-0.0008778690751406,-0.0023279505875136,0.0161571516963929,
2000-02-11,-0.010708620964624,0.0012975946706724,-0.000692029756512,
2000-02-14,-0.0009069496688474,0.0042721555721987,0.0046232129264017,
2000-02-15,0.0014427553659965,-0.0008124109775356,0.0027748194023886,
2000-02-16,-0.0045595460492049,-0.0005675524367865,0.0003617173676164,
2000-02-17,-0.0013737911368099,-0.0017094036202633,-0.0031847020121218,
2000-02-18,-0.0180639778306142,0.004122583068054,-0.004038389128561,
2000-02-21,-0.0037286725881016,0.0012166643593743,-0.0034068661604862,
2000-02-22,-0.0025482294361912,0.0056359028028686,0.0004875319404076,
2000-02-23,0.011168043393061,-0.0030788061167024,0.00071588314651,
2000-02-24,-0.0055435252830481,0.0034848546384646,0.0069027109385963,
2000-02-25,-0.0062126679201383,4.810774990985107e-05,0.0033994424344099,
2000-02-28,0.001987291424916,-0.0021017338072272,-0.00037665230567,
2000-02-29,0.0152403219485218,-0.0004474609197665,0.0108807734430247,
2000-03-01,0.008731147721355,0.0016651096146085,0.0224578690283986,
2000-03-02,0.0041302696280846,-0.0006128023244587,-0.0010889519380844,
2000-03-03,0.0136540989976325,0.0014995143152094,0.0026434366125985,
2000-03-06,-0.0063526742926987,-0.0006395226370109,0.0107865722591102,
2000-03-07,-0.0228050024888514,0.0009041841058561,0.0208256469911503,
2000-03-08,0.0047089955515422,0.0006282632251471,-0.0350173009787211,
2000-03-09,0.0198916402673747,0.0014227646760157,0.0066217285110847,
2000-03-10,8.112097725210661e-05,-0.0023924182372272,-0.0058433987010536,
2000-03-13,-0.0150451425921127,0.0013284634288717,0.0081140353495817,
2000-03-14,-0.0103082769245846,0.0025486112685097,-0.0026513731729347,
2000-03-15,0.0134516127733512,0.0010456483285268,-0.0078987294621437,
2000-03-16,0.0363521282394107,0.0014372485950439,0.0032131738978772,
2000-03-17,0.0075043914343945,0.0024610793508206,-0.0004639543562516,
2000-03-20,-0.0033463816303696,-0.0001187114250875,-0.025236949663275,
2000-03-21,0.0143348859903852,0.000787083187204,0.0064262655728188,
2000-03-22,0.0057977112025071,0.0004026720655574,-0.0002285383696286,
2000-03-23,0.0120757718668323,0.0011146062931776,-0.00164581659816,
2000-03-24,0.0090884658867462,-0.0043470617301763,0.0080619269493966,
2000-03-27,-0.0063265007067744,-0.0009718217290215,-0.0001520250747436,
2000-03-28,-0.002297727175168,0.001226021860923,-0.0044252713801529,
2000-03-29,-0.0006416978601713,0.000802753061791,-0.0144191402519774,
2000-03-30,-0.0177328573870864,0.0055565292766172,0.0032913914642588,
2000-03-31,0.0054817278886707,0.0021721806756566,0.0097690812253481,
2000-04-03,0.0038647213461135,0.0009386406849837,-0.0086156528003301,
2000-04-04,-0.0039667039921796,0.0048209073385801,-0.0199045959416038,
2000-04-05,-0.0106519243029702,-0.0010917808504382,0.0070479917514505,
2000-04-06,0.0085419279390492,-0.0010977491759881,-0.0048447735506748,
2000-04-07,0.008726526907349,0.0023214572239616,-0.0064453223004614,
2000-04-10,-0.0029577810163732,0.0012338269399008,-0.0189489804461896,
2000-04-11,-0.0044841861382261,-0.003379975139585,0.0008870045992504,
2000-04-12,-0.0188905497143179,-0.0038931911679522,0.0253313543524832,
2000-04-13,-0.0106674791291431,0.0012503290732593,0.0027988402807751,
2000-04-14,-0.0481168192406019,0.0014905845893152,-0.0103089617016824,
2000-04-17,0.0152580439640506,-0.0021869480288681,0.0072682354716692,
2000-04-18,0.0225890765621796,-0.0007217332187208,0.00456438106222,
2000-04-19,-0.0040542760480453,0.0027738537215852,0.0140539280463721,
2000-04-20,0.0046824589320954,-0.0009666016950562,0.0007883946812971,
2000-04-21,-0.0013010652400835,-1.5797912569935954e-05,0.0001569321538677,
2000-04-24,-0.0063342642128224,3.745164636180611e-05,0.0049321804227467,
2000-04-25,0.0266059781656776,-0.0038814737072504,-0.0078249658090023,
2000-04-26,-0.0049146374399183,0.0005863442031354,-0.0100809538416389,
2000-04-27,-0.0068147824560944,-0.0037133190869248,0.0048808287616577,
2000-04-28,0.0010288716634779,0.0007798641399804,0.0065844994123901,
2000-05-01,0.0101290650488664,-0.0009017875779121,0.0133383155421248,
2000-05-02,-0.0095770728206191,-0.0018271887435282,0.0162884827975638,
2000-05-03,-0.0177644971355933,-0.0029543454063289,-0.0078644345601125,
2000-05-04,0.0006500564464952,-0.002839528778036,0.0024562619051177,
2000-05-05,0.0100555441372166,-0.0016358599723953,-0.0012353455961891,
2000-05-08,-0.0079838659388029,-0.0013088842083736,0.0140964056518914,
2000-05-09,-0.0087062223538379,0.002305512162515,0.0116289398297393,
2000-05-10,-0.0187136580133762,0.0027425844067826,0.0090587127545036,
2000-05-11,0.0130495256473854,0.0006276573375023,0.0136778375779118,
2000-05-12,0.0116854864903398,-0.0038153847115833,0.0055370645895814,
2000-05-15,0.0117570884162858,0.0017804954261365,0.0011586861924788,
2000-05-16,0.0124243108334061,0.001334546705573,0.003931207601787,
2000-05-17,-0.0110545732946352,-0.0028044913781788,0.0067776526680023,
2000-05-18,-0.0082197468695743,-0.0022418685530054,0.0119747771908791,
2000-05-19,-0.019342488647288,0.001926616181681,0.0033417760298019,
2000-05-22,-0.0094490598504638,0.0042089863311291,-0.0154983609137716,
2000-05-23,-0.0102661549128964,-0.000963391870643,0.0016932861784536,
2000-05-24,0.0078887919266814,0.0003601082017661,0.0218245575206324,
2000-05-25,-0.0029020757322309,0.0035381480687432,0.0077324289414167,
2000-05-26,-0.0054774929392792,0.0036666560061241,-0.000859958223773,
2000-05-29,0.0052217434961795,0.0003001413439647,0.0003117331196991,
2000-05-30,0.0233552237956622,-0.0022224041613579,-0.0046176041254274,
2000-05-31,-0.0009311347083781,0.0040054479128816,-0.0141576134424787,
2000-06-01,0.0193925213048701,0.0032810826389914,0.0030728635546568,
2000-06-02,0.0164961719845998,0.0018390862523832,0.0047342146841744,
2000-06-05,-0.0020738504766065,-0.0001730645204216,0.0053418299328663,
2000-06-06,-0.0052009409980145,-0.0006898283332274,-0.0010972880646742,
2000-06-07,0.0028423885677129,0.0007823497956044,-0.0140838083405728,
2000-06-08,-0.0030659990410922,-4.818391583083213e-06,0.0060196062379823,
2000-06-09,-0.0015547470233947,0.0005521689468534,0.0035817258156525,
2000-06-12,-0.0062904738237628,0.0011691169963975,0.0117816811480486,
2000-06-13,0.0116580287719348,-0.0003576756038254,0.0065407848436923,
2000-06-14,0.0034820252223928,0.0021618097106519,-0.0011210404019269,
2000-06-15,-0.0015290983877988,-1.972811398053581e-05,0.0045996331405365,
2000-06-16,-0.0053348515703454,0.003279726052835,-0.0093454717756237,
2000-06-19,0.0084598753423132,-0.0007767621315359,-0.0213033427655552,
2000-06-20,-0.0004488487871892,-0.0012113054829612,0.0135175088308524,
2000-06-21,-0.0007687378381623,-0.0042602576868331,0.0191782923693307,
2000-06-22,-0.0119142642718803,-0.0006315178120271,0.0150994887475585,
2000-06-23,-0.0063736939356617,-0.001830997135598,-0.0041361226804435,
2000-06-26,0.0086504086030859,0.0028507602867585,-0.0022404174225189,
2000-06-27,-0.0028916745634154,-0.0001313039428686,0.0088814188030627,
2000-06-28,0.0006453438785767,-0.000443965505697,-0.0068478476916504,
2000-06-29,-0.0089690687577629,0.0030207641189815,0.0105684169307898,
2000-06-30,0.0066027288531751,0.0003748094063521,-0.0052249364114131,
2000-07-03,0.0125285884764746,0.0013768153934341,-0.0005460445452427,
2000-07-04,-0.001355652176134,0.0006812880845748,-0.0083980569320128,
2000-07-05,-0.0111100442452946,0.00046911023816,-0.0249605766460016,
2000-07-06,0.0039643609632986,-0.0021523350685193,-0.0094870435510202,
2000-07-07,0.0125941981563026,0.0017786545041786,0.0089490788159984,
2000-07-10,-0.0012251580951381,-0.0012190012154876,-0.0034090212694493,
2000-07-11,0.001639480068933,-0.0005937540916764,0.0037732339129216,
2000-07-12,0.005861747425611,-0.0014029059335656,-0.0018345707338434,
2000-07-13,0.0016749935789903,0.0038917717273944,0.0159285817314217,
2000-07-14,0.0079771423290046,-0.0043617671973738,-0.0039026990970485,
2000-07-17,0.0009658638412764,-0.0017155438294443,-0.0125480868163911,
2000-07-18,-0.008172222233408,0.0003805723405015,0.0155014874385288,
2000-07-19,-0.00529205609137,-8.142488569736083e-05,-0.0098387175183882,
2000-07-20,0.0085954777551978,0.0056977573934166,-0.0065342861802756,
2000-07-21,-0.0141407189616051,0.0009133686474029,-0.0112834908964292,
2000-07-24,-0.0047782896125818,-0.0016996851156117,-0.0158075490627932,
2000-07-25,0.0014910298365348,0.0002961665164371,-0.0049578822645118,
2000-07-26,-0.0073579574577088,0.0005796958748714,0.0039381568396943,
2000-07-27,-0.006160935104335,0.0016129047108216,0.0058432288717749,
2000-07-28,-0.0190071817530595,-0.0011064455026866,0.0009527548612558,
2000-07-31,0.0051423639756721,0.0002091797777473,-0.012604926290113,
2000-08-01,0.0047890369777831,0.0017640980832775,0.0107230956507857,
2000-08-02,0.0037211278691395,0.0009130507596359,0.0167001320538972,
2000-08-03,-6.487965404144709e-05,0.000786173975664,0.0022642071553365,
2000-08-04,0.0066742430618293,0.0016604235049119,0.013765747000867,
2000-08-07,0.0096706260710791,-0.00135550334486,-0.006214360504797,
2000-08-08,0.0030249140548878,0.001069540612516,0.004076488692158,
2000-08-09,-0.0029790245154672,-0.0001613195438932,0.0119262692329604,
2000-08-10,-0.0038217595630724,0.0005691683434719,0.0122187935673082,
2000-08-11,0.0028423848565331,-0.0015856167337977,0.0015767824733759,
2000-08-14,0.0105850719945151,0.000408863074826,-4.3911352767888896e-05,
2000-08-15,-0.0001217005986614,-0.0017219116998201,-0.0024892926703623,
2000-08-16,0.0004805993624411,-0.0007918494166764,0.0084751962638165,
2000-08-17,0.0038969647728441,0.0004728104214423,0.0057712041591714,
2000-08-18,-0.0010224848998578,0.0010644214848583,0.004415436179685,
2000-08-21,0.0014744617975188,-0.0009357818227457,0.0154658990098716,
2000-08-22,0.002952127449502,-2.3994986796228607e-05,-0.0151797771640638,
2000-08-23,0.000133079851365,0.0014961540058985,0.0148287794981565,
2000-08-24,0.0031359620847898,0.0005055525403798,-0.0036661680809218,
2000-08-25,0.0012527622585895,-0.0008848693568226,0.0068553664333441,
2000-08-28,0.0034331865774247,-0.0019722419341917,0.0094241732904802,
2000-08-29,-0.0009468843209513,-0.0018222687251305,0.0069057209999631,
2000-08-30,-0.0084457171688311,0.0005888965426275,0.0103060296114693,
2000-08-31,0.0083815646304362,0.0029980610901845,0.0010718938314722,
2000-09-01,0.0044081365272256,0.0018121995103848,0.0021456256153135,
2000-09-04,0.0030744280823668,0.0005616304339194,0.0065907406069699,
2000-09-05,-0.009524721361307,-0.0005213483097759,0.007250060087626,
2000-09-06,-0.0100189142952903,-0.0018958486448846,0.0104063673948009,
2000-09-07,0.0057392218197931,-0.0003017384078438,0.0053952240472163,
2000-09-08,-0.0080591690961604,0.0017341636074246,-0.0149929833884931,
2000-09-11,-0.0045811370090017,-0.0008898900224098,0.0229458486153068,
2000-09-12,-0.0058459669118553,-0.0002123742780274,-0.008109066282912,
2000-09-13,0.0007301810641444,0.0015132790557278,-0.0091131613332827,
2000-09-14,3.1122488150480505e-05,-0.0015709619400443,0.0042026857794131,
2000-09-15,-0.0099055209893779,-0.0014420197961217,0.0148252036278313,
2000-09-18,-0.0117153191491132,-0.0004771963277239,0.0107961681132178,
2000-09-19,0.0054398421887658,0.0010379552729596,-0.0075919805884466,
2000-09-20,-0.0063954832377208,-0.0015679223708583,-0.00071122640583,
2000-09-21,-0.0037812704030287,0.0008126575373623,-0.0100718666423369,
2000-09-22,-0.00249623408432,0.0022276929574855,-0.0145829149312061,
2000-09-25,0.0002748075959538,-0.0002376210061485,-0.0067106075503944,
2000-09-26,-0.0105153190321416,0.0010336423888076,0.0008270410862123,
2000-09-27,0.0006613290084688,-8.440522442984307e-05,0.0026261977835095,
2000-09-28,0.0149470972246751,0.0003800807581188,-0.0233551441429469,
2000-09-29,-0.0108438657921386,0.001428435616756,0.008034848269714,
2000-10-02,0.0035665413034043,0.0001005992574546,0.0186655854684403,
2000-10-03,-0.0054350277073057,-0.0013837272756041,6.835475358836295e-05,
2000-10-04,0.0045284877799392,-0.000761901207337,-0.008687100258217,
2000-10-05,0.0039752630115667,0.0014012329651715,-0.0119282978119037,
2000-10-06,-0.0170861583521284,0.0014800135014215,-0.0023907311354232,
2000-10-09,-0.0084477984897119,0.0005847190485074,0.0128053791061741,
2000-10-10,-0.0126135039453648,0.0005411482283762,0.0191205420128891,
2000-10-11,-0.0129089683462841,0.0011000700960376,0.0118049356190627,
2000-10-12,-0.0173305723456676,0.0019013006558331,0.0306875927120971,
2000-10-13,0.0221261110697898,0.0001480682396609,-0.023890695433783,
2000-10-16,0.0060514394294098,-0.0007927222771374,-0.0237606357888407,
2000-10-17,-0.0189812164215433,0.002362966525865,-0.0003526183771826,
2000-10-18,-0.0092455803007832,0.0006203135020625,-0.0069804277813913,
2000-10-19,0.0290095745197464,0.0001130234571336,-0.0133744749673755,
2000-10-20,0.0096279402865751,0.0010801428171831,0.0075232206170491,
2000-10-23,0.0031495710298315,0.0012438552350498,0.0084272656179318,
2000-10-24,-0.0039695617745471,-0.0012467817967616,-0.0089581148642856,
2000-10-25,-0.0180674788628969,-0.0017678521520365,-0.0130509170942907,
2000-10-26,-0.0051770362066638,-0.0002692118377734,0.0007070968877305,
2000-10-27,0.0156623389903347,-0.0014338493274959,-0.0141136464546147,
2000-10-30,0.0045883083860416,3.4249318291366554e-05,-0.0054622733691008,
2000-10-31,0.0177537531542267,-0.0012014047745568,-0.0006670115502407,
2000-11-01,-0.001763730802907,0.0005271084904788,0.0125174889768259,
2000-11-02,0.0011064772834184,0.0008807055294747,-0.0009450382439481,
2000-11-03,0.001659246610095,-0.0029965570517893,0.0088469157933253,
2000-11-06,0.0072215945480994,-0.0009479884756649,8.742659637350628e-05,
2000-11-07,-0.0013629353058597,-0.0001641530996667,0.0148284616909664,
2000-11-08,-0.0152606769745378,0.000292292812272,0.0090916933845291,
2000-11-09,-0.0087133432914933,0.0022721612744044,0.0111857145298157,
2000-11-10,-0.0178095473022985,0.0009186898422145,-0.0015212482391306,
2000-11-13,-0.0120353910974231,0.0020845889325965,0.0074247810840409,
2000-11-14,0.0239745802010455,0.0001839128029183,0.0158617193219586,
2000-11-15,0.0020184015413277,0.0014644126192443,0.0164486699714475,
2000-11-16,-0.0113239357930037,0.0014325815972055,-0.0172987489228158,
2000-11-17,-0.0056826440227866,-0.0009184694960121,0.015431860122096,
2000-11-20,-0.014790564383945,0.001393075259914,0.0095447053826016,
2000-11-21,0.0050818314249586,0.000425938514002,0.0037264131313741,
2000-11-22,-0.021981677115805,0.0022622214558758,0.0055991714939931,
2000-11-23,0.0049837500008424,0.0001816063769505,0.0002729740718704,
2000-11-24,0.0116787192070045,-0.0002532697663244,0.00205376927842,
2000-11-27,0.0096596553745498,-7.539420405086501e-05,-0.0036795615474859,
2000-11-28,-0.0138971696407973,0.0019922616791345,-0.0201963283557801,
2000-11-29,-0.0036988032871319,0.0018215025812296,0.0017377068683102,
2000-11-30,-0.0091258171785644,0.0046458973340831,0.0078780871516364,
2000-12-01,0.0028501719577402,-0.00229352897115,-0.0156998215328105,
2000-12-04,0.0029448862146228,-8.652991088499438e-05,0.0116934651877152,
2000-12-05,0.0278706656188245,0.003409744849013,-0.0172715723214436,
2000-12-06,-0.0096902242895768,0.0028803287566601,0.0243218976295974,
2000-12-07,-0.0105240453661091,0.0009717728271217,-0.0037985458923027,
2000-12-08,0.0020432326226215,-0.0021726484680748,-0.0046839720931884,
2000-12-11,0.0276455474830344,-0.0011737978043505,0.0275222585023103,
2000-12-12,-0.0034128443088192,0.0003656141967859,-0.0233207908127293,
2000-12-13,-0.011946081990317,0.0018844045251639,-0.0227657952450747,
2000-12-14,-0.0145087949993846,0.0022536267731982,-0.0195952924951925,
2000-12-15,-0.0211576672702226,0.0013503266063761,0.0290213855578292,
2000-12-18,0.0122602881588445,0.000622578469602,0.0119413967054306,
2000-12-19,-0.0145815233116444,-0.0009384616766494,-0.0024790781779875,
2000-12-20,-0.0275376011929389,0.0037799911771576,-0.0280077946238129,
2000-12-21,0.0001718550289409,0.0019801337839058,0.0108624017781187,
2000-12-22,0.0238661576466495,0.0006191104968794,-0.0037636301960899,
2000-12-26,0.0074952851772543,-0.0002160240051723,0.0066198770250898,
2000-12-27,0.0090294337292406,-0.00235279802302,0.0056291488599991,
2000-12-28,0.0023417274970201,-0.0022273983812021,-0.0070339167902996,
2000-12-29,-0.0092715993689777,0.0012250578487965,0.0182096064925483,
2001-01-02,-0.0208355908072159,0.0072521612926024,-0.0261198487845254,
2001-01-03,0.0305254792810361,-0.0064353123610057,0.0021762709477933,
2001-01-04,-0.0019590364368922,0.003650875904823,0.017660118191625,
2001-01-05,-0.023806462099997,0.0029715103003284,0.0015422254085891,
2001-01-08,0.0021322910866871,0.001209179300316,-0.0003412320226246,
2001-01-09,-0.0029534290501912,-0.0014971061092482,0.0045425792094005,
2001-01-10,0.0077215207708846,-0.0035557000951871,0.0058260724423403,
2001-01-11,0.0045064630305877,-8.133285873724806e-05,-0.0064498491551177,
2001-01-12,0.000324747473852,-0.003749792926788,0.0003285104923406,
2001-01-15,0.0012554735724713,-8.071199495122942e-05,0.0023841672074534,
2001-01-16,0.0009214396224157,0.0001270822378904,-0.0121203739421491,
2001-01-17,0.0074762685133355,0.0021119804239274,-0.0324116437726086,
2001-01-18,0.0081364449953439,0.0034062665264599,0.0172543869526375,
2001-01-19,-0.0020609629047325,-0.0023031218535047,0.0213959485105347,
2001-01-22,0.0050401149220794,-0.0011735340554515,-0.0011984221040104,
2001-01-23,0.003958489652747,-0.0020086066413004,-0.0140110910150262,
2001-01-24,0.0030100011122943,-0.0008871304590446,-0.0067011008230155,
2001-01-25,-0.0032332984412709,0.0021527385833724,0.0054995235867423,
2001-01-26,-0.0008076240940108,0.0003905768365245,0.00335550475981,
2001-01-29,0.0047416955141602,-0.0007985914682703,-0.0266267139474946,
2001-01-30,0.0057341884538511,0.0018371687994808,-0.0003952823864722,
2001-01-31,-0.0041211859894687,0.0029859322887553,-0.0158300202248923,
2001-02-01,0.0029965536408833,0.0025621679274986,0.0347203181897724,
2001-02-02,-0.0156804037599519,-0.0032449594906139,0.0277378897245236,
2001-02-05,0.002961385174403,0.0009706849249365,-0.0230754209245417,
2001-02-06,-0.0025275292391811,-0.0017658219325808,0.0042234120533648,
2001-02-07,-0.0058763809030275,0.0015341114354266,0.0258452671777139,
2001-02-08,-0.0085727775733652,-0.0005322685052195,-0.0004053793816135,
2001-02-09,-0.0077594835621453,0.0030028962678809,-0.0045042459225182,
2001-02-12,0.0081888398403027,-0.001205744644311,-0.0151854609860759,
2001-02-13,-0.0053204760611594,-0.0003021753968812,0.0047295700928359,
2001-02-14,-0.0057882958865773,-0.0023246152094871,-0.0168725408332408,
2001-02-15,0.0079514394955817,-0.0024470273919815,-0.0096810818066712,
2001-02-16,-0.0196996581241684,0.003080284759957,0.0030476482416927,
2001-02-19,-0.0003673849383394,0.0006106816846524,0.0023677870072714,
2001-02-20,-0.0127145973566117,-0.0004003835976944,-0.0113192169196248,
2001-02-21,-0.0180219888129086,-0.0011188847559947,-0.0080193358037979,
2001-02-22,-0.000464628114928,-0.0008493428827189,0.0005766325976393,
2001-02-23,-0.0078910098866352,0.0022947130010388,0.0029869142569637,
2001-02-26,0.0165334132253996,0.001935594798109,-0.0073593015852565,
2001-02-27,-0.0065835480911353,0.0029278993906525,0.0041443235109521,
2001-02-28,-0.012423623209863,0.0026039347038876,-0.0046795893890478,
2001-03-01,-0.0016687825517608,0.0027332524669939,0.0025003333388957,
2001-03-02,-0.0079286255608314,-0.0035812009204863,0.0054019621219513,
2001-03-05,0.0069316923877212,-0.000112698712479,0.0128159021842973,
2001-03-06,0.0126924295894005,0.0003205846807814,-0.001658586262486,
2001-03-07,0.0047398977154705,0.0021994768319368,0.0087939580745181,
2001-03-08,-0.0012085299826938,0.0007493460630993,-0.0077997022461318,
2001-03-09,-0.0213066479687944,-0.0020684078471969,-0.0108224732342725,
2001-03-12,-0.0361398037730784,0.001248415194129,0.0003288234632261,
2001-03-13,0.0066448115565328,-0.0007856094703892,-0.0117291394106093,
2001-03-14,-0.0205210475940721,0.0039248428240318,-0.0220884129891,
2001-03-15,0.0060942673128383,0.0017182218577385,-0.0033460346464182,
2001-03-16,-0.0166678396039247,0.0019364306894246,0.0027582590602732,
2001-03-19,0.009247958992503,-0.0019768515875457,-0.0050938936507648,
2001-03-20,-0.014590213449455,0.0014529326115402,0.0060346840778424,
2001-03-21,-0.0108991260639856,0.0015594170849056,-0.0013530162698735,
2001-03-22,-0.0177744045842408,0.0021340006104762,-0.0026023832767643,
2001-03-23,0.0279761637652453,-0.0037601581944836,0.0143363765458676,
2001-03-26,0.0168547056366687,-0.0016892822005366,0.0041690671345372,
2001-03-27,0.015776300316709,-0.0054048322209853,0.0176605550968081,
2001-03-28,-0.0203633389769039,-0.00065676861559,-0.0232815978065039,
2001-03-29,-0.001595352159992,-9.67295879323058e-05,-0.0115664133093056,
2001-03-30,0.0045895705874239,0.0026627254895776,-0.0123161777295358,
2001-04-02,-0.0099781894486509,-0.0026700272099513,-0.0060209342925595,
2001-04-03,-0.0297402235979747,0.0012625877148249,0.0087035162954146,
2001-04-04,0.0027332226356118,0.0008821282805746,0.0178074984369958,
2001-04-05,0.031970995268392,-0.0015486839274899,0.0110221125762945,
2001-04-06,-0.010215339873797,0.0041543304594765,-0.0050470437328653,
2001-04-09,0.0049340010813342,-0.0012771058959485,0.0078631095696101,
2001-04-10,0.0160661050691331,-0.0060122977508843,0.0184896102809665,
2001-04-11,0.0057759834353871,-0.0020270296222592,-0.0049844915111924,
2001-04-12,0.0128569941188965,-0.0036058192499495,0.003405004143881,
2001-04-13,9.583058470764514e-05,0.0002429543471939,,
2001-04-16,-0.0068667933135618,-0.004022872750104,0.0092243013800919,
2001-04-17,0.0050049160981646,0.0028627816100414,-0.0103465439982633,
2001-04-18,0.0385352362295759,0.001240349880813,-0.005774821624772,
2001-04-19,0.0087058231755148,-0.0045247518579657,-0.0076928340016356,
2001-04-20,-0.0061985778617881,0.0001365712915793,-0.005127159040866,
2001-04-23,-0.0160870036954023,0.0042115706335079,-0.0023637493180158,
2001-04-24,-0.0036482760699537,6.0887029594301885e-05,-0.0087355618344156,
2001-04-25,0.0079095543505943,-0.0021063749351595,0.0015924285055109,
2001-04-26,0.0066331697493722,0.003178476310307,0.0130991255164452,
2001-04-27,0.012189255629388,-0.0048727561973881,-0.0047170744354324,
2001-04-30,-0.0006963759424038,-0.0004225703070166,-0.0004618192175381,
2001-05-01,0.0114007967918322,0.0011389514575516,0.0046593960078082,
2001-05-02,-0.0011453184811687,-1.7341968738279462e-06,-0.0159639210427497,
2001-05-03,-0.0126760195022476,0.0037103412035651,0.009560933949546,
2001-05-04,0.0116947956576148,0.0010138006652487,-0.0002493892547773,
2001-05-07,-0.0031455664132901,0.0005595679728283,-0.0124678680701502,
2001-05-08,-0.0009433948040823,-0.0001579532556077,-0.003109088955217,
2001-05-09,-0.0042883789368695,0.0023926101141355,0.0023646190086369,
2001-05-10,0.0046983802384905,-0.0038189398728672,0.006688358639131,
2001-05-11,-0.006323121774925,-0.0074976082271333,-0.0040773185663331,
2001-05-14,-0.0031538095414967,0.0013786719523625,0.0039235368009016,
2001-05-15,0.0050548740621851,-0.0024536009355341,0.0129807825196065,
2001-05-16,0.0160364495111296,0.001123684170583,-0.0108306249798367,
2001-05-17,0.0052155238521427,0.0005788932093253,0.0021283074489675,
2001-05-18,0.0025155523046259,0.0010151204811534,0.0171674205130712,
2001-05-21,0.0124602156624592,-0.0001794613540436,-0.0086808500050574,
2001-05-22,-0.000174675461985,-0.0003075764763154,-0.0055942919479263,
2001-05-23,-0.0132458128666388,-7.184081549394095e-05,-0.0022860112181245,
2001-05-24,0.0017309640670162,-0.0027729572574345,-0.0134337243796532,
2001-05-25,-0.0100152745233991,-0.0002201958693614,-0.0076859691689245,
2001-05-28,0.0016777949676291,0.0003855838808237,,
2001-05-29,-0.0087265971224605,-0.0003846680540967,-0.0061829940386704,
2001-05-30,-0.0147757704918477,0.0002913703425798,0.0038558018240957,
2001-05-31,0.0034301237540299,0.0047254236254902,-0.0034992506657436,
2001-06-01,0.004046856927769,0.0019034941944707,-0.0004217521879845,
2001-06-04,0.0040585699052615,0.0016969514222511,0.0061473918488543,
2001-06-05,0.009470763861505,0.0030365400557405,-0.0028615180682658,
2001-06-06,-0.0065011415465506,-0.0005897721515604,-0.008960241675816,
2001-06-07,0.0021563244973112,-0.0016119577818398,-0.0017772672826083,
2001-06-08,-0.0058083194789341,-0.0019977236474744,0.0131450183019772,
2001-06-11,-0.0082604574684423,0.0026121661627742,0.0165555931779123,
2001-06-12,-0.0057697631225354,0.0014233183130205,0.0074761852023478,
2001-06-13,-0.0047810357672626,-0.0002469725956783,-0.0093983182564332,
2001-06-14,-0.0196435477258142,0.0024020260909566,-0.0015236879657182,
2001-06-15,-0.0006243178267854,-0.0005858287239087,-0.0118217431803617,
2001-06-18,-0.0058082037107233,0.0006218340479151,-0.0128800349345838,
2001-06-19,0.001768249255722,0.0002107719192912,0.0006419098050404,
2001-06-20,0.0026128226129389,0.0010671557161091,-0.0285146318001909,
2001-06-21,0.0095959138426232,0.0003886181043732,0.0003043939993425,
2001-06-22,-0.0038929088979598,0.0030436978022517,-0.0008715533638273,
2001-06-25,-0.0069015921908022,-0.0001257819104245,-0.0076461731201922,
2001-06-26,-0.0047540624056377,-0.0028607875729861,-0.0013891623313669,
2001-06-27,-0.0020864784554015,-0.0007554558859983,-0.0252531389876643,
2001-06-28,0.0061055221250515,-0.0041658840628696,-0.0042171057360779,
2001-06-29,0.0064175708594705,-0.0038653785330258,0.0045892868453068,
2001-07-02,0.0094220778900401,0.0011866635208715,-0.0027039414584753,
2001-07-03,-0.0018456496440537,-0.0019105681791616,0.0048925198483044,
2001-07-04,-0.0067509779224172,0.0005827269035852,0.0023558466477662,
2001-07-05,-0.0108080259590047,-0.00073071549123,0.000347944668732,
2001-07-06,-0.0217420324520076,0.0028563019888406,0.0165465597923016,
2001-07-09,0.0037968869613898,-0.0006436073749184,-0.0067487174698543,
2001-07-10,-0.0092511038523499,0.0021549072771961,0.0062176649676721,
2001-07-11,-0.0038865284909006,0.0012129161438086,0.0016864472586294,
2001-07-12,0.0215553451575767,0.0016889711412082,0.0069886319445591,
2001-07-13,0.0076498812068472,-0.0005410924871192,-0.0136496286527064,
2001-07-16,-0.0098315018979439,0.0016680015640005,-0.017119833945935,
2001-07-17,0.0036833972117279,-0.0001593691304485,0.0080369095271406,
2001-07-18,-0.0090856553255174,0.0044266376640761,-0.0165471682652389,
2001-07-19,0.008482946968991,-0.0012375106750987,-0.0123029747782157,
2001-07-20,-0.0058732441017928,0.0001144414154507,0.0078137119265988,
2001-07-23,-0.0142753185856488,0.0009699024471331,0.0044346380720967,
2001-07-24,-0.0091384711776907,0.0002207538840923,0.0007797574844043,
2001-07-25,0.0049546085652337,-0.0024372870055854,0.0225180058147602,
2001-07-26,0.0083967656955692,0.0015333756965245,-0.0063497028484867,
2001-07-27,0.006552259692107,0.0027185501396287,0.0042306589454347,
2001-07-30,0.0001858033461401,0.0006777609766679,0.0003681209312328,
2001-07-31,0.0072416367892007,0.0018501368999902,-0.004357637426162,
2001-08-01,0.005502436396165,-0.0012451556878489,-0.0085194794037132,
2001-08-02,0.0047137633835641,-0.0025277905830084,0.0184695553272681,
2001-08-03,-0.0058688875911201,-0.0009590659077921,-0.0151525899841005,
2001-08-06,-0.0091650144886049,-0.0001097592856078,0.004312504932904,
2001-08-07,0.0030384551395549,-0.0008292359177135,0.0035138949237398,
2001-08-08,-0.0161720979004539,0.0052045700406777,-0.0018069124930338,
2001-08-09,-0.0038545252338792,-0.0004533892743215,-0.0017342056604093,
2001-08-10,0.0004841961783781,0.0026153137129683,0.0096921082907076,
2001-08-13,0.0005560499616376,0.0015376431478041,-0.0012835081263937,
2001-08-14,0.0044592872211004,-0.0004010883683664,0.0053216227105909,
2001-08-15,-0.0096244979894526,-0.0011100726411209,0.0133455499408527,
2001-08-16,-0.0008791773473264,0.0018063760051396,-0.0084001203829003,
2001-08-17,-0.014795712180757,0.0030547742148124,-0.0119728272312882,
2001-08-20,0.0044267291844557,-0.0019863244621844,-0.0070481175671591,
2001-08-21,-0.0090015208439887,-0.0001073697681456,0.0044852859507344,
2001-08-22,0.0066318718710733,9.23182321292798e-05,-0.0172836480984796,
2001-08-23,-0.0035528944779023,9.864239507914358e-05,0.002145180127156,
2001-08-24,0.0183375295600934,-0.0009297736496419,-0.0016011683102017,
2001-08-27,-0.0031211508532425,-0.0006043718345313,-0.0094989958933291,
2001-08-28,-0.0127928196836169,0.0039668117686817,-0.0037871950260453,
2001-08-29,-0.0089221748439542,0.0019104032123738,-0.0010729999664434,
2001-08-30,-0.0178962690291549,3.961846290698458e-05,-0.0094358763819595,
2001-08-31,0.0017689266276677,-0.0014527908120831,0.0073388086794393,
2001-09-03,-0.0044037368943107,-0.0006600011607812,-0.0010201629112539,
2001-09-04,0.0027276903494314,-0.0064423293525826,-0.006708741108865,
2001-09-05,-0.0025120934231786,0.000780856130025,0.0037389952605139,
2001-09-06,-0.0224484661280162,0.0041737080699005,0.0038629899995947,
2001-09-07,-0.0181606637721848,0.0030767716124994,0.0094532142918117,
2001-09-10,0.0048950282585721,-0.0013214251015965,-0.0088194550962669,
2001-09-11,-0.0269340784715861,0.0049754666927443,0.0138201146745266,
2001-09-12,-0.0040535744982641,-9.308114653092612e-05,-0.0065025389231938,
2001-09-13,0.0040994578090002,0.0037730033817589,0.0040560665461091,
2001-09-14,-0.0074894022890501,0.0036819861230541,0.0321699318407284,
2001-09-17,-0.0217434777526895,-0.0012957855252744,-0.01883465550111,
2001-09-18,-0.0023984453923314,-0.0034852958603311,-0.0267077396930352,
2001-09-19,-0.0172236238638312,3.594373674274459e-07,-0.0287222256006834,
2001-09-20,-0.0325759048357041,-0.0026882472645969,-0.001784401193125,
2001-09-21,-0.0146628276020429,0.0017249734073768,-0.0083149777685352,
2001-09-24,0.0353758867563235,-0.0012431673046688,-0.068987914728707,
2001-09-25,0.0109294938503871,0.0013709261137702,-0.0003791827599005,
2001-09-26,-0.0010246142564761,0.0024346667301859,0.0083105435905938,
2001-09-27,0.008773800829524,0.0026206662221078,0.0035673764145155,
2001-09-28,0.0200106687426301,-0.0009325801337951,0.0043577664422656,
2001-10-01,-0.0010188076383443,0.0015958631433491,-0.0082135568093936,
2001-10-02,0.0106602567245232,0.0024182045140309,-0.0056702961920172,
2001-10-03,0.0120538298164449,0.0010357283261627,-0.0074257050623485,
2001-10-04,0.0081766989301671,-0.000405457557136,0.0141083897752593,
2001-10-05,-0.0038686621725647,0.000609599378857,-0.0114562258859919,
2001-10-08,-0.0043111248485294,9.673648728914917e-05,0.0018613182050013,
2001-10-09,-0.0045462548616227,-0.0029417373554549,0.0047939958643759,
2001-10-10,0.0200889350313084,9.759540822969812e-05,0.0032465086707853,
2001-10-11,0.015567525839037,-0.0027661950350417,0.0106751608924674,
2001-10-12,-0.0031205338533855,0.0001655691570881,-0.0229423530546531,
2001-10-15,-0.0056528688890239,0.0029195280693224,-0.0134986580680507,
2001-10-16,0.0066406102432772,0.0017676224814004,0.0095210110427154,
2001-10-17,-0.0098675870544801,-2.5760983304271643e-05,-0.0118350671889657,
2001-10-18,-0.0072864448479065,0.0008583304004438,-0.0050701384549513,
2001-10-19,-0.0025756700694957,-0.002198735803297,0.0189537552571126,
2001-10-22,0.0167546206769107,0.0003838074144782,0.0004560099757473,
2001-10-23,0.0029308708192243,-0.0005467197362584,-0.0094965680945052,
2001-10-24,-0.0017940919969028,0.0026681188290545,0.0189161583976898,
2001-10-25,0.0090772114259606,0.0025588612189943,-0.0053826408958391,
2001-10-26,0.0030177749868333,0.0004421799267529,0.0031201832557952,
2001-10-29,-0.0227822289226484,0.0020870696137064,0.0094036411835249,
2001-10-30,-0.0146833282608556,0.0031737270814109,-0.0095419636026077,
2001-10-31,0.0022575296643174,0.0045498107124924,-0.006326226804272,
2001-11-01,0.0154767559739044,0.001164357660858,-0.011933253638576,
2001-11-02,0.0055444714764398,-0.0040291036129074,-0.0083976985875004,
2001-11-05,0.0141148370933405,0.0023587862000658,-0.0159679870417144,
2001-11-06,0.0125506454952916,0.0009034776856938,-0.0070912613588288,
2001-11-07,-0.0021669980241492,0.003427841712215,0.0026656949264839,
2001-11-08,0.0065961630555484,-0.0038948370721838,0.023621271268635,
2001-11-09,-0.0021418581551263,-0.0008640529437415,0.0214593445508895,
2001-11-12,-0.0088191116520038,0.0001220627421574,-0.0230069710488813,
2001-11-13,0.0216743705121502,-0.0034733889303365,0.0149730020628784,
2001-11-14,0.0020162634876037,-0.0057654956902192,-0.0364128684259961,
2001-11-15,0.0044697833078792,-0.0089706861058741,-0.0453741803998339,
2001-11-16,-0.001854603850198,-0.0057532729015998,0.0166671611863971,
2001-11-19,0.0122899693130717,0.0053266710655903,0.0068409190766982,
2001-11-20,-0.0088093549455748,-0.0036523956172668,0.0186964852141989,
2001-11-21,-0.005137181194885,-0.0040369226851914,-0.0055425834331402,
2001-11-22,0.0039324852396619,-1.1325050448445205e-05,0.011855229645247,
2001-11-23,0.0068653321293574,-0.0013985196691228,-0.0047868333843227,
2001-11-26,0.0038292515739152,-0.0001050905237586,-0.0168309535794553,
2001-11-27,-0.0059593177405887,0.0012315327621422,0.0156025483311217,
2001-11-28,-0.0171566565303337,0.0011055163540867,-0.0201857897308333,
2001-11-29,0.0090013651758851,0.0066014872621634,-0.0164158189601767,
2001-11-30,-0.0019796071931086,0.0014466991486134,0.0275216867860291,
2001-12-03,-0.0086452316366972,0.0009569386792716,0.0071441224912882,
2001-12-04,0.0143569836656584,0.0022949987480722,-0.0149425349422137,
2001-12-05,0.0204907485782824,-0.0098377434498383,-0.0068862376279959,
2001-12-06,0.000978646254706,-0.0048613072204241,-0.0165055905382346,
2001-12-07,-0.0063087277148416,-0.0056992990174612,0.0080192244758171,
2001-12-10,-0.0176552376598554,0.0021686430119592,-0.0058978665485134,
2001-12-11,-0.0024619406402489,0.0027800307238079,-0.0032818315151315,
2001-12-12,0.0010552413903985,0.0045285771438479,-0.0014820762912011,
2001-12-13,-0.0189226792101275,-0.0045121962138028,-0.0023092538373194,
2001-12-14,0.004069322301091,-0.0028293864686844,0.0274525078803108,
2001-12-17,0.0111825851751089,-0.0025933534145836,-0.007707013505785,
2001-12-18,0.0051268791106027,0.0042517957308361,0.0007255744541787,
2001-12-19,0.0030608628206556,0.0035050602436582,0.0015577668737062,
2001-12-20,-0.0074055186894209,-0.0002604041933039,-0.0057063216904761,
2001-12-21,0.0053259958426386,-0.0018033453995115,0.0151402722827557,
2001-12-24,-0.0003579172390026,-0.0016854685341191,0.0009520018957232,
2001-12-26,0.0024512128520253,-0.001666203766138,0.0170693539379988,
2001-12-27,0.0093072059906724,0.0016936503825186,-0.010979320274767,
2001-12-28,0.0005789772603275,-0.001061471974135,0.0023823330546857,
2001-12-31,-0.0064619691402343,0.0029173471241372,-0.0210641318584372,
2002-01-02,0.0019696647389786,-0.0034999441706711,0.0117593158437803,
2002-01-03,0.0110462415124472,0.0017687382221702,-0.0186118349704632,
2002-01-04,0.0078131888711953,-0.0013672220969515,0.0231548471946027,
2002-01-07,-0.0059477714313883,0.0049006234772186,0.0028982200078307,
2002-01-08,-0.0048843049121644,-0.0001816167552226,-0.0001592474887275,
2002-01-09,-0.005223752809646,7.412243758107284e-05,-0.0168158479822694,
2002-01-10,-1.8807256246096686e-05,0.0038702477229968,-0.0006304834781286,
2002-01-11,-0.0066470314484414,0.003280226467637,-0.0041168820720284,
2002-01-14,-0.0082986880355675,0.000986922107424,-0.0147541516270394,
2002-01-15,0.0051724925349625,0.0009653278523503,0.0031951134349658,
2002-01-16,-0.0163763595784746,6.851616808776241e-05,0.0107771093716999,
2002-01-17,0.006742717620192,-0.0041323235626767,-0.0242774859831245,
2002-01-18,-0.003474346791251,0.0011214027462502,-0.0046637328000423,
2002-01-21,-0.0008146718811416,-0.0004576095623855,0.0006289424190781,
2002-01-22,-0.0056301802519448,-0.0005608802749963,-0.0073506395257255,
2002-01-23,0.0061721759226991,-0.0027696299532915,0.0068270990476991,
2002-01-24,0.0044676533826532,-0.0022681134851689,0.0049401493665565,
2002-01-25,0.0008772355876744,-0.0026859799199852,0.0019916592919123,
2002-01-28,0.0028504327861285,0.000899215315402,-0.0082519896459949,
2002-01-29,-0.0249870055266832,0.0038582578098655,-0.0014020309109576,
2002-01-30,0.0058984259281065,0.0001612228943917,-0.0088124963029777,
2002-01-31,0.0116227961423172,-0.0020220718840674,0.0152515672103675,
2002-02-01,-0.0047035119482033,0.0013310164196977,0.0188912147574266,
2002-02-04,-0.0201979609352244,0.004241628878803,-0.0051878291477125,
2002-02-05,-0.0086646961997654,0.0001228036127869,-0.001571140441647,
2002-02-06,-0.0055556108850957,-0.0009467276337661,-0.0043235017264648,
2002-02-07,-0.0020960874913178,-0.0017019589734052,0.0008411888280234,
2002-02-08,0.0139443003551088,0.0030477032024706,0.0147241582109964,
2002-02-11,0.0112608831114975,-0.0005885516390301,0.022064897500729,
2002-02-12,-0.0020257815961906,-0.002706224563375,-0.0037798875893998,
2002-02-13,0.0092445854086229,-0.0014636764033902,0.0027659339246674,
2002-02-14,0.0010117704679018,0.0012383975852748,-0.0058710076169996,
2002-02-15,-0.0089801545792418,0.0044201400400262,0.0006440470159587,
2002-02-18,-0.0004452710280274,2.3888638417516205e-05,-0.0061009041260779,
2002-02-19,-0.0188425898166552,-0.0011268072269312,0.0065018556503987,
2002-02-20,0.0100279012231021,0.0003322331533327,-0.0107936323851295,
2002-02-21,-0.009363951402187,0.0007690389635117,0.0135727615713165,
2002-02-22,0.0063190936744135,0.0018912390245231,-7.263671226131899e-05,
2002-02-25,0.0142306713736492,-0.0009926763442898,-0.0206080814699112,
2002-02-26,-0.0001775783468816,-0.0030545780394231,0.0178822366368538,
2002-02-27,0.0069086227343079,0.0037705133334444,0.0071556511388584,
2002-02-28,-0.0020840770746995,-0.001035988022988,0.0019787023696188,
2002-03-01,0.0190925601589257,-0.0037298554586007,0.0175844985154551,
2002-03-04,0.019074558597853,-0.0008808523909648,0.0096406499255984,
2002-03-05,-0.0016690113575254,-0.0003916539167536,0.0128195942429893,
2002-03-06,0.0092460714813636,-0.0011403408386777,0.0062641314363548,
2002-03-07,0.0010257311561735,-0.0061242370703795,0.0253357892469264,
2002-03-08,0.0033782559916423,-0.0040898186500009,0.0051847497710145,
2002-03-11,0.0009535290462322,-0.0001755059401235,0.0234185778609221,
2002-03-12,-0.0028410371168566,0.0011463941418649,-0.0021829226459888,
2002-03-13,-0.009465438926031,0.001909461909556,-0.0070658143027048,
2002-03-14,0.0006162587094829,-0.0049639362168548,0.00855979912501,
2002-03-15,0.0085523445693927,0.0015838556479298,0.007097865085546,
2002-03-18,0.0012597312903667,0.0023618547023271,0.0170903496578495,
2002-03-19,0.0064432842991875,-0.0009471922597526,-0.0022997567272531,
2002-03-20,-0.016139563909834,-0.0027614484151792,-0.008679054274606,
2002-03-21,-0.0008887508660291,0.000753235316438,0.0210923649417277,
2002-03-22,-0.0027450070095862,-0.0004881557677366,-0.0078777232988192,
2002-03-25,-0.01018422673172,-0.0010422043399243,-0.0017342084773737,
2002-03-26,0.00410643075468,0.0029893868971235,0.0039432625173235,
2002-03-27,0.0030129111317192,0.0010933482519078,0.0052237902609003,
2002-03-28,0.0040177322789566,-0.0022245326034849,0.0041011346643485,
2002-03-29,-0.001186824933687,-0.0001512965377372,,
2002-04-01,-0.002904905133,3.369224297534235e-05,0.017867084533803,
2002-04-02,-0.0044238837702106,0.003240768119883,0.0272508883916564,
2002-04-03,-0.0036764551893041,0.0034255144810571,-0.0150210225743023,
2002-04-04,-0.0045643601017739,0.0008772537631448,-0.0173411074389727,
2002-04-05,-0.0009330169744485,0.0027752623001927,-0.0156838225713214,
2002-04-08,-0.0016473282523563,-0.0011893444275379,0.0061877352216719,
2002-04-09,-0.0049819336519077,0.0006830609462723,-0.0151696953927449,
2002-04-10,0.0097987958489346,-0.000331365970802,-0.0005249255132096,
2002-04-11,-0.0206522326749918,0.0013277125276004,-0.0213450536692252,
2002-04-12,0.0049218573269519,0.0016216129308175,-0.0223540437934488,
2002-04-15,-0.0024490202846995,0.001796613045367,0.0294379479797208,
2002-04-16,0.0204134709596731,-0.0022354457563873,0.0027897137697223,
2002-04-17,0.0005392716394134,-0.0017662875285045,0.0254313567958189,
2002-04-18,-0.0038821583362727,0.0002205609965822,0.0034366301265506,
2002-04-19,0.0026712892380142,0.0006219435217271,0.0020578334767317,
2002-04-22,-0.0117548212534594,0.0012859314193723,0.0042263909050588,
2002-04-23,-0.0033129761773919,-0.0003962439178175,0.0025674683714494,
2002-04-24,-0.0081672036276521,0.0025694408928299,-0.0118439232944846,
2002-04-25,-0.0021025844395603,0.0009522769696084,-0.0026774343087043,
2002-04-26,-0.0146909640425029,0.0021490253157404,0.0068150352111295,
2002-04-29,-0.0052123280566729,-0.0012547859736975,0.0128345582557217,
2002-04-30,0.0085650736969347,0.0012950888829403,0.0089973050605428,
2002-05-01,0.0075634526931887,0.0015487717593887,-0.0129107527286518,
2002-05-02,-0.0028733444393501,-0.0023574037210592,-0.0116475035935456,
2002-05-03,-0.0083943023757383,0.0026385366352093,0.0082098656554789,
2002-05-06,-0.0141207533678861,-0.0005422065614245,-0.0090884220552055,
2002-05-07,-0.006281840810436,0.0009780330412471,0.0077427207130538,
2002-05-08,0.0311905038304293,-0.0055662323385148,0.0153967163514159,
2002-05-09,-0.008469003457625,0.0012339745448126,-0.0016445608395842,
2002-05-10,-0.015683655189279,0.0025208594809663,0.0079171966531672,
2002-05-13,0.0150381694530595,-0.0030862365865163,0.0067309465568035,
2002-05-14,0.0170093487087946,-0.0033456348490859,0.0131544607404442,
2002-05-15,0.0005416411679426,0.0013592989479038,-0.01910115678467,
2002-05-16,0.002820746211013,0.0026883011697393,-0.0051883172960057,
2002-05-17,0.0040866900592268,-0.0021068966486839,-0.0021678666218515,
2002-05-20,-0.0079575041572149,0.0022707627867753,-0.0020101546303311,
2002-05-21,-0.0080092168888551,0.0016523364507033,-0.0156199226145133,
2002-05-22,0.0009644660573519,0.0018993957062151,0.0014547373417724,
2002-05-23,0.007084804033343,-0.0015013554068869,-0.0010334232312592,
2002-05-24,-0.0085695689847855,0.0011578086287509,-0.0074648551872003,
2002-05-27,0.0020133133314537,-0.0004076786395278,-0.0021993539259031,
2002-05-28,-0.0072946650717544,0.0009787420377308,-0.0053359551995846,
2002-05-29,-0.0066755359412861,0.0023667340028439,0.012375770958839,
2002-05-30,-0.0042937649247757,0.0024357270507169,-0.0275771756152677,
2002-05-31,0.0023804740254179,-0.000907704458353,0.0115826438808803,
2002-06-03,-0.0189206979947105,0.0004788334909182,-0.0002405046600802,
2002-06-04,-0.0035676587996867,0.0009184401378462,0.0060855644084108,
2002-06-05,0.0050577176486903,-0.0008268977896591,-0.0062555835249092,
2002-06-06,-0.0145807579104601,0.0014787031010784,-0.0042385251406222,
2002-06-07,-0.0043955178079637,-0.0007328171094244,-0.0017800029522722,
2002-06-10,0.0024433375599914,0.0009143874634209,-0.0103870708642319,
2002-06-11,-0.0098093840959126,0.001664690645077,-0.0043537987630202,
2002-06-12,-0.000681863436233,0.0014237242280952,0.003931429047953,
2002-06-13,-0.0101375574351135,0.0023117681005065,0.0242444305114234,
2002-06-14,-0.0078295458464721,0.0047860042076587,0.0091458889426349,
2002-06-17,0.0238939922736662,-0.0020815608218148,0.0053999070272368,
2002-06-18,0.0050164056691527,0.0007003969534662,-0.0116520353818468,
2002-06-19,-0.0222438252984721,0.0041689884387582,-0.0011056660026041,
2002-06-20,-0.0119463243572392,-0.003651602723476,-0.0001374152570686,
2002-06-21,-0.0135809380473006,0.0033425453198466,-0.0027340392950133,
2002-06-24,4.270473806086732e-05,-0.002105553330204,0.0220418473007721,
2002-06-25,-0.0119187865331787,-0.0001299268006625,0.0005887511548296,
2002-06-26,-0.0062793235367102,0.0052849845730989,-0.0042059182859424,
2002-06-27,0.016029173950002,-0.0041421769362608,-7.04832293619965e-05,
2002-06-28,0.0071409206298325,-0.0004875546864047,0.0036255589573393,
2002-07-01,-0.0138862539673359,-0.0004210888336004,0.0033512557021922,
2002-07-02,-0.0214254284440953,0.0034768477547583,-0.0039191656005571,
2002-07-03,0.000400124599178,-0.0004353124260582,-0.0027728032129265,
2002-07-04,0.0029188865654686,-1.376564441819841e-05,-0.0021095705700223,
2002-07-05,0.0365717404643327,-0.0042706140453307,0.0049691446768501,
2002-07-08,-0.010189292033595,0.0017789059153697,-0.020306537951595,
2002-07-09,-0.0180657165063448,0.0025326378674389,0.0057416083666854,
2002-07-10,-0.0332885618211772,0.0043944911539356,0.0049219270770976,
2002-07-11,-0.0014039822845142,0.001681051996152,0.0002050833085983,
2002-07-12,-0.0073516599925488,0.0010099314157667,0.0038813504271318,
2002-07-15,-0.0078274246501419,0.0003057208997926,-0.0010472566918597,
2002-07-16,-0.0155175683877859,-0.0031285754357157,0.0125316556020535,
2002-07-17,0.0076737857640945,0.0019910659681196,-0.0015764134004075,
2002-07-18,-0.0192900645061947,0.0018896549657863,0.0023595039751151,
2002-07-19,-0.035220929054299,0.001866578269477,0.0005991409661365,
2002-07-22,-0.0300588533746148,0.0035870819519609,-0.011325491354888,
2002-07-23,-0.0242931279718511,0.0008629900788018,-0.0161846130840809,
2002-07-24,0.0377849906506983,0.0011551050791129,0.0146174966617717,
2002-07-25,-0.0008950703826672,0.0007480344894879,-0.011649443815276,
2002-07-26,0.0146713290937915,0.0008371234206785,-0.0060070454490738,
2002-07-29,0.0451123735359421,-0.0059962690209049,-0.0034347318476527,
2002-07-30,0.0095651074816904,-0.0008195136054311,0.0137440362103404,
2002-07-31,0.004400621211927,0.0049556403934307,0.0025760639337092,
2002-08-01,-0.0281902736335273,0.0026564360085453,-0.0122063436742694,
2002-08-02,-0.017505893097431,0.0058889490707143,0.004552465906737,
2002-08-05,-0.0300986903737496,0.0022193402371699,-0.0164400900235276,
2002-08-06,0.0283840465046499,-0.0049523404938401,0.011408050022144,
2002-08-07,0.0129638255598776,0.0038947709282491,-0.0090665364011996,
2002-08-08,0.0315764954653672,-0.0031191754757146,0.0052476375853439,
2002-08-09,0.0060460743972951,0.0050159604038405,0.0060763498941788,
2002-08-12,-0.0096793891379974,0.0014884603508517,0.024155290292895,
2002-08-13,-0.0116858806201512,0.0026597685842606,0.0047479104958366,
2002-08-14,0.0207713022606308,0.0006560452153693,0.0007818421863893,
2002-08-15,0.0162650624737731,-0.0041049568411796,0.0259505694700528,
2002-08-16,-0.00080094487159,-0.0049229219384913,0.0007344510688713,
2002-08-19,0.0199146325401093,0.0007890356481887,0.0053975765646863,
2002-08-20,-0.0092647665071782,0.0049924712163187,-0.0089792576267343,
2002-08-21,0.0109101190428207,-0.0010060945719784,0.0125401095102909,
2002-08-22,0.0111115170590976,-0.0031238296658828,0.0095288793539504,
2002-08-23,-0.0169107725760272,0.0028476895643052,-0.0033801202202493,
2002-08-26,0.0052555472762442,0.001146430592972,0.009442914868968,
2002-08-27,-0.0064020621418059,-0.0020459813366317,-0.0047308896327605,
2002-08-28,-0.0226635328287429,0.0021679765101873,-0.0106136172391101,
2002-08-29,-0.0044402839359686,0.0028267507124881,-0.0029070218005663,
2002-08-30,0.0012177269547099,0.0007337914305163,0.004394689497351,
2002-09-02,-0.0100814898638601,0.0006914768093465,-0.000223150999818,
2002-09-03,-0.0328803815948999,0.0064259309197988,-0.0209133971020158,
2002-09-04,0.009157391701669,0.0009859792908467,0.0149344533772383,
2002-09-05,-0.0058829401708498,0.0018533541120156,0.0164931505319791,
2002-09-06,0.0131881439700505,-0.0029979265676528,0.0101371454795963,
2002-09-09,0.0042136726373723,-0.0004238608055962,0.0129380000894457,
2002-09-10,0.0123052206723772,0.0018392416958615,0.0036840487555521,
2002-09-11,0.0013184567236956,-0.0027897014615637,-0.0018661591040749,
2002-09-12,-0.0196573343431669,0.0036061194146809,-0.0102950613789516,
2002-09-13,-0.0037350427194178,0.0020117679631039,0.0125167824363546,
2002-09-16,0.0011107067494776,0.0016907054190456,0.0003312090787895,
2002-09-17,-0.0147269734518584,0.0002287275435976,-0.0030200841012225,
2002-09-18,-0.01435440083603,-0.0022914770549931,0.0086377772166323,
2002-09-19,-0.0216451949747119,0.0038749605788461,-0.0016656925110923,
2002-09-20,-0.0002968942964002,-0.0008684668491108,-0.0041005548046567,
2002-09-23,-0.0135746737417441,0.0031848101514786,0.0118574945252412,
2002-09-24,-0.0148307255110921,0.0010986016447896,-0.0060710779025312,
2002-09-25,0.0192892973817819,-0.003113476222013,-0.0072029207503576,
2002-09-26,0.0195478814553263,-0.0005581957696352,0.0036758848359105,
2002-09-27,-0.0232997189862952,0.002721822886608,0.0051791494425805,
2002-09-30,-0.0183443470154081,0.0037918836286673,-0.0003629246761559,
2002-10-01,0.0356170025410652,-0.002989499652725,0.002768187680115,
2002-10-02,-0.0147933942420187,-0.0003757329668581,0.0014526813167838,
2002-10-03,-0.0132183466839874,0.0005662027097644,-0.0221002046047609,
2002-10-04,-0.0170834016245512,7.079683460771569e-05,-0.0026371385261103,
2002-10-07,-0.0191038085845865,0.0015899436557163,0.0022849199998875,
2002-10-08,0.0086978009172513,-0.0004920461747851,0.0031244162989662,
2002-10-09,-0.0240452058531099,0.0027704299765943,-0.0012783298263097,
2002-10-10,0.0266999744627294,-0.0019484897158187,-0.0101996784096975,
2002-10-11,0.0419638463022988,-0.0043148212287776,0.0160513456984463,
2002-10-14,0.0008567779693337,-0.000160321661164,0.0138705469930384,
2002-10-15,0.0482309805705363,-0.007257921868002,0.0051106367555583,
2002-10-16,-0.0181068936321091,-0.0011378597903448,-0.0029579881864124,
2002-10-17,0.0204095233767954,-0.0027409601737645,0.0056590311189147,
2002-10-18,0.0036486917823281,0.0002633732136973,-0.0046458218372567,
2002-10-21,0.0119385121896786,-0.0023836562919682,-0.0175513169256495,
2002-10-22,-0.0100329517592476,-0.0013744938014666,-0.0077710257210739,
2002-10-23,0.0009949957989144,0.0013367713323169,0.0067364999675328,
2002-10-24,-0.0111038832107156,0.0025675063523782,-0.0014424770700415,
2002-10-25,0.0146840351168527,0.0022275991060149,-0.0173869810892842,
2002-10-28,-0.0021254618684132,0.0016105023042618,0.0051787621928403,
2002-10-29,-0.0161740169364187,0.0052119130942168,-0.0073171645535242,
2002-10-30,0.011615791958765,-0.0008185910830135,0.0047403115183124,
2002-10-31,-0.002737982018387,0.003401643327702,0.0033417619910229,
2002-11-01,0.0098244473166258,-0.0021510016332901,-0.0049887612663708,
2002-11-04,0.0141453680923697,-0.0023353104977094,-0.0124006545881489,
2002-11-05,0.007721998568038,-0.0012910590188343,-0.0118278206443331,
2002-11-06,0.0078744082759091,0.0006799358386812,-0.0055135689261284,
2002-11-07,-0.0229500476425802,0.0050374098007429,-0.0062265540869355,
2002-11-08,-0.0129923295432752,0.0020079707631001,0.0002718810732948,
2002-11-11,-0.0137364971304083,0.00072313444019,0.0001851984825651,
2002-11-12,0.0076927099486572,0.0004108621963792,0.0002942717455289,
2002-11-13,-0.001502979355832,0.0006843089894435,-0.0129816061748919,
2002-11-14,0.0169437393759313,-0.0069638377084185,0.0031667047355875,
2002-11-15,0.0083922529568225,-0.0010443643476213,0.0101297556183828,
2002-11-18,-0.0061270050010512,0.0006342534551523,0.0266171889893849,
2002-11-19,-0.0027019205894019,0.0016554305769438,7.097312655539523e-05,
2002-11-20,0.0169359364597863,-0.0035657849626058,0.0105413710354516,
2002-11-21,0.0198070488934785,-0.0037992409155166,0.0050293160595404,
2002-11-22,-0.0034841637241357,-0.0005096785275952,0.00432841269174,
2002-11-25,0.0006767253941642,0.0004299976357224,-0.009167570686013,
2002-11-26,-0.0183086167066915,0.0045125408799949,-0.0020428476585415,
2002-11-27,0.0256318893221236,-0.0065256682845473,0.0077897553725386,
2002-11-28,0.0051165803375208,1.019976675396505e-05,-0.0020510674437217,
2002-11-29,-0.0045708681684452,0.0015308472854763,0.0013619111227074,
2002-12-02,0.0007341585984751,-0.0010890908832669,0.01051804299526,
2002-12-03,-0.0125148703367181,-0.0002343175873946,-0.0065608701938123,
2002-12-04,-0.0062071908892709,0.0025243333992623,-0.0055519881351726,
2002-12-05,-0.0111935307143751,0.0021169263034501,0.0097088855525604,
2002-12-06,0.0042329895322086,0.0020825120506673,-0.0054315119210967,
2002-12-09,-0.0235964376854828,0.00214548013255,0.0007543620053238,
2002-12-10,0.0112447343254857,0.0002741229555718,0.0179999796420577,
2002-12-11,0.000700756623057,0.0022833622220436,-6.216633912998972e-05,
2002-12-12,-0.002025169723513,0.0001752206101586,0.0210018421831535,
2002-12-13,-0.0152886244635634,-0.0014253263170913,0.0120895136922814,
2002-12-16,0.0215338391696298,-0.0018828978893408,0.0207495007214004,
2002-12-17,-0.0065044884235623,0.0012252733403362,-0.003955381913706,
2002-12-18,-0.0135769816085513,0.0029331164285291,0.0086117362717727,
2002-12-19,-0.0066047765527033,0.003669556486014,-0.0064523840408715,
2002-12-20,0.0127669714978019,-7.629748608081753e-05,0.0025734318028512,
2002-12-23,4.072045286754512e-05,-0.0002788248239228,0.0172327785144502,
2002-12-24,-0.003242079742939,0.0019927206135674,0.0034813317654758,
2002-12-25,-0.0002245398126463,4.413890258507031e-05,,
2002-12-26,0.0005821471373623,0.0003270177434317,-0.005178194577763,
2002-12-27,-0.0203436882022384,0.0045471166291143,0.0045050935243149,
2002-12-30,0.0049795974901482,0.0011785153621788,-0.0224339008467215,
2002-12-31,0.0021086205992953,-0.0008199594016735,-0.0070655062398758,
2003-01-02,0.0289470320450362,-0.0080899400458218,0.0283219988946854,
2003-01-03,0.0041392638938617,-0.0003391386501845,0.0191083343301426,
2003-01-06,0.0153098817162947,-0.0009299614647478,-0.0187000934479483,
2003-01-07,-0.0045712918017116,0.0016992860411283,-0.0027556154023506,
2003-01-08,-0.0138222210101124,0.002032269481039,-0.0002214319345249,
2003-01-09,0.0120355202729523,-0.0057661840968895,0.0182184536619627,
2003-01-10,0.0020181424189922,-0.0006293552705541,-0.0125304295880971,
2003-01-13,0.0009723898457311,0.0008357550953994,0.007826847202118,
2003-01-14,0.0040698997987075,0.0017281948078409,0.001190433787443,
2003-01-15,-0.0088469675254717,0.0013592747113069,0.0159116845508711,
2003-01-16,-0.0038427380549789,0.0001462622855685,0.0121761075725508,
2003-01-17,-0.0143012442319206,0.0030900979516502,-0.0017984763873643,
2003-01-20,-0.0020514830138617,0.000425004895883,0.0024961202755198,
2003-01-21,-0.0124107255433411,0.0012200877264193,-0.0010089969725706,
2003-01-22,-0.0131102936822378,0.0022606348834772,0.005420494165347,
2003-01-23,0.0052818817031569,-0.0005617272232849,-0.0101284161606115,
2003-01-24,-0.0208355258110158,0.0023466362083611,0.0135834885789023,
2003-01-27,-0.0176263686650854,-0.0016083327880054,-0.0159719816371957,
2003-01-28,0.0050387947629527,-0.000772442738851,0.0076262482537241,
2003-01-29,0.0041750407811427,-0.0019538233315188,0.0175111976307371,
2003-01-30,-0.0140239142298177,0.0011260896120177,0.0062687171339203,
2003-01-31,0.0135248272447653,0.0003000508751286,-0.000524269652189,
2003-02-03,0.0066973546314676,-0.0009748101876536,-0.0018560857273483,
2003-02-04,-0.0129193122208364,0.0022850328411584,0.0096720666335206,
2003-02-05,-0.0003719701618927,-0.0026994266558193,0.0010201887063939,
2003-02-06,-0.0089800707025139,0.0023549700204535,0.0049935363880664,
2003-02-07,-0.0097261372911207,0.0013722796149966,0.0168946963538364,
2003-02-10,0.0033943765115906,-0.0019700276496862,-0.0068783355114789,
2003-02-11,-0.0010442847631505,0.0011271872960217,0.0099477792072964,
2003-02-12,-0.0127068197024799,0.0020428669599129,-0.0094023930253147,
2003-02-13,0.0004261175614146,0.0028005454826466,0.0038797073608096,
2003-02-14,0.019605608166084,-0.0027940278948559,0.0044628702256058,
2003-02-17,0.008695644870684,-0.0007445951445661,-0.0038138294307024,
2003-02-18,0.0094158041203922,0.0004335183642259,0.0040117406560204,
2003-02-19,-0.0089032759825693,0.0028143569804399,0.0078385251745799,
2003-02-20,-0.0080772244308643,0.0018475663565189,-0.0050209734792318,
2003-02-21,0.0077681902946028,-0.0016416376192454,0.0193333657209159,
2003-02-24,-0.0140295713258418,0.002179820048549,0.0448404711582647,
2003-02-25,-0.0015362354893527,0.0013666462536603,-0.0290931278405445,
2003-02-26,-0.0104403003502226,0.0009966861874615,0.0325013602054139,
2003-02-27,0.0101830322416371,0.0001391671210776,-0.0031860387063891,
2003-02-28,0.0050408943732886,0.0024262165944147,0.0092949817196417,
2003-03-03,-0.0025007771847179,0.0011051412565436,-0.0238476099200454,
2003-03-04,-0.0156250510925458,0.0012430587111358,0.0049379336925993,
2003-03-05,0.0041336361468624,0.0014864015348724,-0.0036416938303962,
2003-03-06,-0.0101030566545651,-0.0007208732336255,0.0083787589355195,
2003-03-07,0.0003567857704155,0.0016171597019022,0.0150535695489605,
2003-03-10,-0.0225663817986792,0.0019025119415578,-0.004724044147648,
2003-03-11,-0.0084952030283058,-0.0007262857391387,-0.0152009628282098,
2003-03-12,-0.0011465241750369,-0.0005938828191102,0.0030336021914442,
2003-03-13,0.0329264090658516,-0.0067936201304462,-0.0284170537768313,
2003-03-14,0.0108494243922298,0.000605691857692,-0.0172319845160279,
2003-03-17,0.0279163668630115,-0.0040892788321264,-0.0119937716503838,
2003-03-18,0.0070081815746454,-0.0024449608537938,-0.0293101514147744,
2003-03-19,0.0094221779738158,-0.0028448319457706,-0.0069801317636863,
2003-03-20,0.0023200535783464,-0.0016330194510696,-0.0155925780805746,
2003-03-21,0.0207333690693796,-0.0037052862131899,-0.0247676633292412,
2003-03-24,-0.0308001371186585,0.0044669377865292,0.0222287123673144,
2003-03-25,0.0087503672795097,0.0007883412140326,-0.0156926499450644,
2003-03-26,-0.0025795726219048,0.0007473663112441,0.0024255995792984,
2003-03-27,-0.0030773105969615,0.0008653309636848,0.0242433889782577,
2003-03-28,-0.0043565566951847,0.0022023862736191,-0.0041348589379139,
2003-03-31,-0.0228925383949856,0.0036727424716757,0.0080511019628293,
2003-04-01,0.0111312163851883,-0.0002414917109317,-0.0121998085171687,
2003-04-02,0.0241566945231663,-0.0043780926676471,-0.0159415872807755,
2003-04-03,-0.0031093667010069,0.0006855318969848,-0.0033536624335649,
2003-04-04,0.0085269300620462,-0.0010014787867763,-0.0049110291416463,
2003-04-07,0.0080749927664516,-0.0029513033559542,0.0076162968109771,
2003-04-08,-0.0034536154805678,0.0031438197231387,0.0020768782462428,
2003-04-09,-0.0105046312468051,0.0022828278213816,0.0162648578229715,
2003-04-10,0.0004054327744263,-0.0004700681985878,-0.0062575562730111,
2003-04-11,-0.0020866915137574,-0.0014808945905765,0.0045521680102398,
2003-04-14,0.0156207909659496,-0.0016944903889058,0.0039112047596233,
2003-04-15,0.0101056656232055,0.0018843585342247,0.0129666059747544,
2003-04-16,-0.0130748185589794,0.0014020762874643,-0.0012245787144711,
2003-04-17,0.010941781140458,-0.0003495774791305,0.0163334494180517,
2003-04-18,0.000326533844189,0.0001458150087259,,
2003-04-21,0.0023707664480115,-0.0007882985198412,0.0031091148683768,
2003-04-22,0.0129803291587994,0.0003720770337917,-0.011791537438709,
2003-04-23,0.008049998754113,-0.0007797831320349,-0.0206709050216174,
2003-04-24,-0.0091542239926623,0.0037803675349715,-0.0038379474998961,
2003-04-25,-0.0118144800227668,0.0011408878949103,-0.0037922641399498,
2003-04-28,0.015321074348936,-0.0001206480027296,-0.0209538689371583,
2003-04-29,0.00095484981901,-0.0012105035713215,-0.0001966625423666,
2003-04-30,0.0012340660002561,0.0029924857496017,0.0156047390693519,
2003-05-01,-0.0006416280747104,0.0008873489459769,0.0007952429638053,
2003-05-02,0.0114517586190096,-0.002262813139783,-0.0075606524158719,
2003-05-05,0.0013575303539985,0.001097702407967,0.0194049442701697,
2003-05-06,0.0101999705728355,0.0031189379667559,-0.0045774784834081,
2003-05-07,-0.0055610054886577,0.0042025973565875,0.011439127605929,
2003-05-08,-0.0118336394255919,0.0013781424874675,0.0127522541242865,
2003-05-09,0.0118159573347601,0.0001991354263228,0.0141337061981504,
2003-05-12,0.0102327105981024,0.0013899370679874,0.0032513014956369,
2003-05-13,-0.0012410642198505,0.0005180016714657,0.0217680274075719,
2003-05-14,-0.0013906343368808,0.002061036629989,0.0093690873107994,
2003-05-15,0.0052164017873219,-0.000171719352248,-0.0067699376451132,
2003-05-16,-0.0006385238683386,0.0032619329114328,0.0020623116469059,
2003-05-19,-0.0225690303314985,0.0010129160383553,-0.0105868861413919,
2003-05-20,-0.0014402351268517,0.0027868487362325,0.0013209702648421,
2003-05-21,-0.0006194922143438,-0.000795950347848,0.0140853159431427,
2003-05-22,0.0107345457839616,0.0017745695414096,-0.0095899611609016,
2003-05-23,0.0018194645110551,0.0006852674105882,0.0038959375412059,
2003-05-26,0.0016317072356191,0.0005271070524648,,
2003-05-27,0.0116759490190604,-0.0013967616400248,-0.0041963136043972,
2003-05-28,0.0059713341848694,-0.0012748269670209,-0.0111194045161959,
2003-05-29,-0.0007344460527791,0.0036059481240219,0.0102393272319681,
2003-05-30,0.0117900320459648,-0.0003031217228387,0.0075381205273537,
2003-06-02,0.0093557487980272,-0.0030777464265714,0.0193743347136488,
2003-06-03,0.0011895692838624,0.0044991325207387,-0.0038158945236024,
2003-06-04,0.0118051451225351,0.0011433231826051,-0.0073798285162196,
2003-06-05,0.0026226187072992,-0.0011426812131195,0.013801609067457,
2003-06-06,0.0025235932350381,-0.0009385037248919,0.0086012535187614,
2003-06-09,-0.009092547081743,0.0034382881042223,-0.0035957314915714,
2003-06-10,0.0082849054251522,0.0036976148366781,0.0025828575450578,
2003-06-11,0.0101766429085476,-0.0002100706442884,0.0017023187717795,
2003-06-12,0.0040957824151745,0.0010729790922417,-0.0245324929794821,
2003-06-13,-0.0096183590890117,0.0025979455488506,-0.01672936462899,
2003-06-16,0.0170949827539261,-0.0030689074181791,0.0040579958063898,
2003-06-17,0.0031354815296385,-0.0045071208053819,0.0037906332775227,
2003-06-18,0.000371420474804,-0.0046597036252108,-0.0090990695564283,
2003-06-19,-0.0123064754307701,-0.0011051670215252,0.0073829570120391,
2003-06-20,-0.0010104954370471,-0.0004159778547288,0.0055183053439897,
2003-06-23,-0.0109299993077857,0.0028867902765137,-0.0040741182105012,
2003-06-24,-0.0015861798880979,0.0017807678605118,-0.0092825286355924,
2003-06-25,-0.0064663284943078,-0.0030952150325775,0.0182715765992946,
2003-06-26,0.0077278479976712,-0.0070022862222795,-0.0266746566762358,
2003-06-27,-0.0060452169403328,-0.0023466814586187,0.0041790061769766,
2003-06-30,-0.0013193509567525,0.0010936513100974,0.0120042300521654,
2003-07-01,0.0039342728873514,-0.0006804360334492,0.0008836133548743,
2003-07-02,0.0137775165462429,-0.0004351867398478,-0.0041569836153069,
2003-07-03,-0.0072255512601489,-0.0061079384341478,0.0007818783712043,
2003-07-04,-1.1498348079962844e-05,0.0010154295593804,-0.0034954086648534,
2003-07-07,0.0206901847444394,-0.0026446264793381,0.0037044468027851,
2003-07-08,0.0036826383250331,-0.001682263241879,0.006975228835969,
2003-07-09,-0.0045487821981531,0.0022556534118646,0.0113482871898642,
2003-07-10,-0.0110621587251703,0.0026496505404013,-0.0078484957731923,
2003-07-11,0.005952594616024,0.002104914210908,-0.0006663038363939,
2003-07-14,0.0082856661695538,-0.0027850956644941,-0.0019506822289678,
2003-07-15,-0.0015530374943221,-0.0076454521575578,-0.0051175577605339,
2003-07-16,-0.0053963078518253,-0.0018812746657626,-0.011000404989008,
2003-07-17,-0.0131798205495545,0.0010151061524331,0.0067265422705269,
2003-07-18,0.0081943431364805,-0.0001864912445579,0.0027020344388882,
2003-07-21,-0.010884273578708,-0.0066800349543196,-0.0006446855363624,
2003-07-22,0.0067337333436284,0.0013270359553651,-0.0242531493433486,
2003-07-23,0.0018243497978577,0.0021505187047704,0.004287797718896,
2003-07-24,-0.0022638573065205,-0.0028199372481248,0.0042492863348864,
2003-07-25,0.0108575555452114,0.0007641781835537,0.002690532528019,
2003-07-28,0.0019173352211719,-0.0041018970543761,0.0014075335457141,
2003-07-29,-0.0046092273925418,-0.003531704181974,3.43237401695236e-05,
2003-07-30,-0.0027506054304934,0.0016087734794861,0.003668498411496,
2003-07-31,0.0037402362981927,-0.006349415769056,0.0020994553868487,
2003-08-01,-0.0083823991636145,-0.0010789999667396,0.0283483716739563,
2003-08-04,-0.0020169302271703,0.0054384983230526,-0.012701101623193,
2003-08-05,-0.0134831042754902,-0.0033101623675389,0.0041019178624515,
2003-08-06,0.0006529069695968,0.0063738018459552,-0.0011922930162668,
2003-08-07,0.0065516151508694,0.0016697159697083,0.0224933166323739,
2003-08-08,0.0044674995076751,0.0015331883995226,-0.0052903448663933,
2003-08-11,0.0050147430919268,-0.0031200466327991,0.0019316489628024,
2003-08-12,0.0081171154341634,0.0008108590920257,0.005250848823922,
2003-08-13,-0.0023247267625035,-0.0094386157591499,-0.0120105250433518,
2003-08-14,0.0058513275830955,-0.0027710172658082,-0.0065092819691086,
2003-08-15,0.0023976489676578,0.0021276325815974,-0.0025385923166262,
2003-08-18,0.0087309279325864,0.0006215666182967,0.0058370790419445,
2003-08-19,0.0045960153738258,0.0024691874257661,-0.0012450916246363,
2003-08-20,-0.0032311754047183,-0.0036721960942369,0.0120711198314616,
2003-08-21,0.0039684862795096,-0.0020838849058863,0.0151768445440173,
2003-08-22,-0.0063515608893162,0.0021285113639736,0.0032716642807464,
2003-08-25,-0.0008071328477219,-0.0025843367667061,-0.0085495119481778,
2003-08-26,-1.6922827835470853e-05,0.0008506116669468,-0.0013124576210368,
2003-08-27,0.0010868560356034,-0.00188719583914,-0.0119533341085899,
2003-08-28,0.0044813578766876,0.0044894946680901,0.0059756774298939,
2003-08-29,0.004279495258385,-0.0008485419664005,-0.0004938014889715,
2003-09-01,0.0074721285002911,-0.002213447866283,-0.0021022415513821,
2003-09-02,0.0074008882334354,-0.0092796593679707,-0.0289363787829873,
2003-09-03,0.0060814168982645,0.0013092496846593,0.0066530187466437,
2003-09-04,0.0006288734494137,0.0056964134605129,-0.0030166728240767,
2003-09-05,-0.0049196738797343,0.0084361180542722,-0.0012397647169651,
2003-09-08,0.0072940300931736,9.391376920498009e-05,-0.0010346734825335,
2003-09-09,-0.0049376141164183,-0.0017532984617044,0.005406499957544,
2003-09-10,-0.0094153792015122,0.0050829826506116,0.0086628625679945,
2003-09-11,0.0007409033470788,-0.000823615053296,-0.0074259947548813,
2003-09-12,0.0005765593111891,0.0030695666143876,-0.0089212759250278,
2003-09-15,-0.0011935960376612,0.0009634168598397,-0.004478846528534,
2003-09-16,0.0132465728919013,-0.0007655779449729,-0.0122429180644358,
2003-09-17,-0.0009501715608877,0.0029834274342084,-0.0060616430718112,
2003-09-18,0.0098274663484081,0.0007761139762055,-0.003707805589928,
2003-09-19,-0.0055689756727273,0.0007706792387012,-0.0006770589533884,
2003-09-22,-0.014804885856063,0.0007497981083462,0.0067267284682928,
2003-09-23,0.0022413151151103,0.0010127331350591,-0.0020555192387692,
2003-09-24,-0.0129023103551398,0.0023217918792329,0.0207883521012142,
2003-09-25,-0.0091552724935172,-0.0002083909869049,-0.0010695096673231,
2003-09-26,-0.0037190107531335,0.0032997003491331,-0.0074427753397675,
2003-09-29,0.0051258526974885,-0.0021087667573097,0.0168414797870328,
2003-09-30,-0.0090983921754038,0.005552701769172,0.0080186384601036,
2003-10-01,0.0192126233098728,0.0001284700801272,0.0005191909091939,
2003-10-02,0.0050327341211214,-0.0030435382394463,0.0078658300917295,
2003-10-03,0.0109780895674757,-0.007541310407438,0.0041809156394505,
2003-10-06,0.0032632222775713,0.0021682331561276,0.0075118360465493,
2003-10-07,0.0018217358819889,-0.003086153112034,0.0120197394658068,
2003-10-08,-0.0028508417363541,0.0011416259837114,-0.0049664358312782,
2003-10-09,0.0057118127533184,-0.0023125494631318,0.0297568512241157,
2003-10-10,0.0026232114330973,0.00185959072453,0.0227810299057349,
2003-10-13,0.0052414186811881,-0.0006271015904214,0.0034191923581942,
2003-10-14,0.003076124430074,-0.0052447068849092,-0.0058322411272766,
2003-10-15,-0.0010634047861289,-0.0018807945674984,-0.0026812777203415,
2003-10-16,0.0032670472915473,-0.0029847824814205,-0.0039932766262842,
2003-10-17,-0.0086146575694022,0.0026607795355669,-0.0217812831790993,
2003-10-20,0.0066618536030766,-0.0001877051289649,-0.0101610955759493,
2003-10-21,-0.0012172231905463,0.001198856937278,0.0034354979863237,
2003-10-22,-0.0131398856295714,0.0044430068657695,0.0010828187147426,
2003-10-23,-0.0070076706053036,9.924327564109948e-05,0.0073131500031295,
2003-10-24,0.0009585783548671,0.0039549520388718,-0.0054132246333206,
2003-10-27,0.0026547615439143,-0.0023607139667764,-0.0094320579463055,
2003-10-28,0.0121353282846581,0.0026356419692964,-0.001478676743796,
2003-10-29,0.0029011111284069,-0.0031078620729205,-0.0012153348075085,
2003-10-30,0.0024065830728378,-0.0034877358242279,-0.0129257393041702,
2003-10-31,2.718757557516568e-05,0.0016479319674171,0.0150100890348967,
2003-11-03,0.0067865069520956,-0.0031067798731531,-0.013324638897894,
2003-11-04,1.96358711388128e-05,0.0020447291295434,-0.0024888686324185,
2003-11-05,-0.0006461412807612,-0.0020307647617755,0.0270717531597268,
2003-11-06,0.0020490567863516,-0.0029038263221725,-0.0100145616682464,
2003-11-07,-0.0026553816951344,-0.0019417416445268,0.0093306117188342,
2003-11-10,-0.0052191490294661,0.0003471707873799,0.0012700237317603,
2003-11-11,-0.0032795064308369,0.0019863526791828,0.0101426233335055,
2003-11-12,0.0084459729012085,0.0024152157521617,-0.0010910898114198,
2003-11-13,0.0017130375422652,0.0054643148086875,0.0075651354696274,
2003-11-14,-0.0059090275492808,0.0033291652360531,0.0174290852426224,
2003-11-17,-0.010316764482221,0.0031179819420501,-0.0203964141097795,
2003-11-18,-0.0069586947559169,4.04236541896634e-05,0.0195949967821307,
2003-11-19,0.0037253006197282,-0.0022993310985449,-0.016455633780458,
2003-11-20,-0.0045154244548244,0.0018716162739657,-0.0057733063547536,
2003-11-21,0.0027982891726702,0.0011100430504178,-0.0015951329456322,
2003-11-24,0.0123318656460934,-0.0034329394762267,-0.022053973941902,
2003-11-25,0.0037716153584458,0.0010728445478562,0.0044934776288635,
2003-11-26,0.0030845433239437,-0.0018840696771099,0.0062034513075719,
2003-11-27,0.0017423546876561,-0.0004755761684292,0.0024365365785064,
2003-11-28,-0.0012618011044402,-0.0027887222033626,0.0030960653850705,
2003-12-01,0.0121629522471095,-0.0032113906953335,0.0108707572221911,
2003-12-02,-0.0019083618485095,-0.0004862461482818,0.0228149523693007,
2003-12-03,0.0002071481808753,-0.0006797657977719,0.0089838941428691,
2003-12-04,0.0031817356679677,0.0022918858279952,0.0154464154098749,
2003-12-05,-0.006243051024364,0.0078785431710716,-0.0103432861405559,
2003-12-08,0.0018896769690748,-0.0014078405669028,0.0394192586754543,
2003-12-09,-0.0042033076296506,-0.0029100729241678,-0.0071277759804027,
2003-12-10,-0.0028509335658174,0.0025746865410513,-0.0009558551474125,
2003-12-11,0.0099209673067718,0.0031540768221404,-0.0053250875889605,
2003-12-12,0.0018676846739965,0.0008248658824451,0.0278989859114961,
2003-12-15,-0.0009500626586534,-0.0019995954002389,-0.001137445805771,
2003-12-16,0.0022992102711609,0.0027613528937365,-0.007642088748671,
2003-12-17,0.0004918629818319,0.0021520384236241,0.0129103468214541,
2003-12-18,0.0099421938920648,0.0007563059981811,0.0069119938349817,
2003-12-19,-0.0002353316510251,0.0003755020946086,-0.0085583227057919,
2003-12-22,0.00470500870098,-0.0003275236555923,-0.0310482369611478,
2003-12-23,0.0010589735291474,-0.0034231918681492,-0.0048826723548551,
2003-12-24,0.0002014881962462,0.0031511939335513,0.0089821912884377,
2003-12-25,0.0002470299516908,0.00034712716763,,
2003-12-26,0.0006248203644009,0.0011528492493092,0.0042972514868373,
2003-12-29,0.0108831642838728,-0.0033678122242147,-0.0042897803875694,
2003-12-30,0.0017846053622896,-0.0015468135722073,0.0131449851913964,
2003-12-31,0.0022413130599565,0.0007829212423446,-0.0079368046152276,
2004-01-02,0.0013312712414598,-0.0048103687587529,0.0018026896011685,
2004-01-05,0.0089593694645469,-0.000913606323953,0.0393699727215393,
2004-01-06,0.0011828432905761,0.0052136786489852,0.0029719886323842,
2004-01-07,0.0008819132343332,0.0014497312981197,-0.0083721428039146,
2004-01-08,0.0043617984358433,6.409160464244929e-05,0.0134924179343581,
2004-01-09,-0.0067075166247556,0.0075128568530188,0.0093077251226304,
2004-01-12,0.0044985095746576,0.0006657515783594,0.0002208830234401,
2004-01-13,-0.0046820461243776,0.0030236548733386,-0.0152268178234959,
2004-01-14,0.0080363061266591,0.0011288595639427,-0.0017591310737479,
2004-01-15,0.0005450568858239,-3.1979447030800045e-05,-0.0290239793825921,
2004-01-16,0.0057566251867031,-0.0014908088255954,0.0198756645907379,
2004-01-19,0.0011522075309825,-0.0002701085499491,0.0017574089302757,
2004-01-20,0.0006335481341162,-0.0016594948068332,0.0217679328145451,
2004-01-21,0.005562295091316,0.0007883659179602,-0.0039324712417594,
2004-01-22,-0.0008129883110702,0.0030069612027268,-0.0074999071544873,
2004-01-23,-0.0018892296210751,-0.0034224422648581,0.0037736074853028,
2004-01-26,0.0072690901866408,-0.002117365820014,-0.015275429562543,
2004-01-27,-0.0072566173628568,0.0021863515575653,-0.0053240683079898,
2004-01-28,-0.0080897092126496,-0.0049039382803399,-0.0078804954437483,
2004-01-29,-0.00276619019445,-0.0009456454008645,-0.0151088244922598,
2004-01-30,-0.0004507164563292,0.0027049382485903,-0.0001340660246479,
2004-02-02,0.0041359878368582,-0.0001244731194059,0.0162452283021759,
2004-02-03,-0.003138481926983,0.0022338905396097,-0.0034424392007026,
2004-02-04,-0.0078127138708293,1.791115825652682e-06,-0.0108378152760043,
2004-02-05,0.0020118476324043,-0.0015589301794892,0.0026705352357108,
2004-02-06,0.0085335313602326,0.0040045381103646,-0.000812999750773,
2004-02-09,0.0028382890783694,0.0012203600509955,0.0069539114225853,
2004-02-10,0.0020281196265182,-0.0010753238952924,0.0109561651342864,
2004-02-11,0.0073949520351323,0.0035123020971655,0.001546918875346,
2004-02-12,-0.002187982358166,-0.0007696282247668,0.0078930392171981,
2004-02-13,-0.0032471083397777,0.0013210476827446,0.0088478208112268,
2004-02-16,0.0020304441438095,-7.86588939285493e-05,-0.0005744868514399,
2004-02-17,0.0075138519752204,-0.0004993946443395,0.0064466320085653,
2004-02-18,-0.0032776119200149,0.0005567859934738,-0.0030471878091949,
2004-02-19,-0.0002405260276952,-8.878460474543798e-05,0.0018162061166861,
2004-02-20,-0.0037616162907362,-0.0013249528595686,-0.0079279643128108,
2004-02-23,-0.0014406610892979,0.0014442533063756,0.0027014721627498,
2004-02-24,-0.0042875899274006,0.0014179419205998,0.0069161370643632,
2004-02-25,0.003387666607675,0.0010840124153317,0.0151272400994218,
2004-02-26,0.0018332940489981,-0.0011123524368832,0.0071257909551824,
2004-02-27,0.0028393601127055,0.0020497764059046,0.0098696843840536,
2004-03-01,0.0096226877764716,-0.0008491321636169,0.0161256464478574,
2004-03-02,-0.0028833593644793,-0.0030834827597346,-0.0071880328488855,
2004-03-03,7.902061101606608e-05,-0.0015331629196484,-0.0196309327006059,
2004-03-04,0.0037204634855371,0.0016965753746692,0.009813200130974,
2004-03-05,0.002943268807134,0.007565424439514,0.0076021555118246,
2004-03-08,-0.0082480385617096,0.0034163228275031,-0.0126323721427457,
2004-03-09,-0.0047012676661682,0.0021699441696799,-0.0009151053885688,
2004-03-10,-0.0130109809731352,-5.927608866480128e-05,-0.0041413004370359,
2004-03-11,-0.0143049845147624,0.0003967406000559,0.0201518942521214,
2004-03-12,0.0078659830001681,0.000293786705319,-0.0093028262432488,
2004-03-15,-0.011030218280546,-0.0008915408515937,0.0225894069496494,
2004-03-16,0.0038626262903796,0.0024983216746611,0.0030414504877392,
2004-03-17,0.0118420083088942,-7.316912620241746e-05,0.0123118707997518,
2004-03-18,-0.0027632298266458,-0.0023949792233863,-0.0010608804466401,
2004-03-19,-0.0092403186234118,-0.0020728076465017,-0.0004502167891951,
2004-03-22,-0.0141024706106307,0.0027763545568079,-0.0025819992890559,
2004-03-23,-0.0009434749537961,0.0006499002521208,0.003176323783135,
2004-03-24,-0.0001765831101179,0.0007432923078488,-0.0096534822005725,
2004-03-25,0.013482836554231,-0.0004482587560154,-0.0199498195340405,
2004-03-26,0.0017274459419647,-0.0054773177513343,0.0051151254032474,
2004-03-29,0.0121198559557661,-0.0038292309010281,-0.0033903563885317,
2004-03-30,0.0023633633348965,0.0004632337117616,0.0200135687666957,
2004-03-31,-0.0006596739215048,0.0028127472700098,-0.0012222259148629,
2004-04-01,0.0071994784955058,-0.0020372921135163,-0.0083761772584177,
2004-04-02,0.0098721340200091,-0.0097907235156357,-0.0055514202551966,
2004-04-05,0.0059371077480289,-0.0040677729068379,-0.0030632445162448,
2004-04-06,-0.002621648374083,0.0015906663786516,0.0091848435464346,
2004-04-07,-0.0023260470198285,0.001094162023854,0.0167680639971046,
2004-04-08,-0.0003903017546063,-0.0009667103245746,0.0083380386300286,
2004-04-09,-0.0012129843234323,0.0002739409836065,,
2004-04-12,0.004011274977422,-0.0016387433491656,0.002540221407961,
2004-04-13,-0.0085627724560937,-0.0040456920005438,-0.0146507765300825,
2004-04-14,-0.0014264626041972,-0.0024403078737739,0.0034573350256551,
2004-04-15,-0.0050171296225594,0.0007524075083135,-0.0004110285063502,
2004-04-16,0.0072414267759356,0.0024309763930515,-0.0014446353988262,
2004-04-19,-0.0009477896565166,-0.0007980190973619,-0.0039949575459545,
2004-04-20,-0.00956291333779,-0.0022928220658673,-0.0052097212047809,
2004-04-21,0.0036256444828055,-0.001386839520585,-0.0176554852187731,
2004-04-22,0.0105825557624461,0.0028982603676198,0.0110820600407284,
2004-04-23,0.0031024427077344,-0.0029664930387651,-0.002731191885706,
2004-04-26,-0.0006923814192137,0.000125291819928,0.0124938767090461,
2004-04-27,-0.0006643414388171,0.0015583867959342,0.0146726639441515,
2004-04-28,-0.012617786126912,-0.0025282501562581,-0.0074925944029154,
2004-04-29,-0.0081265419310834,-0.0020630458093945,0.00217449471113,
2004-04-30,-0.0073303103061766,0.0018946728729218,0.0027008921332745,
2004-05-03,0.0074692209526549,0.0001873938344553,0.0171241894885606,
2004-05-04,0.001210057434521,-0.0008240868676809,0.0168292020586966,
2004-05-05,0.0056017332388131,-0.00115499398998,0.0079553003580867,
2004-05-06,-0.009852636300773,-0.0006656146615262,-0.0067032504000953,
2004-05-07,-0.012666786520184,-0.0065504198539951,0.0049860333738577,
2004-05-10,-0.0166690448194032,-8.987129766642067e-06,-0.0187911110276349,
2004-05-11,0.0086632216962876,0.0002003921056131,0.016693797978107,
2004-05-12,0.0032245582014861,-0.0009133096641758,0.0041260512737592,
2004-05-13,-0.0029881686973645,-0.0013508478567153,0.0037591175859668,
2004-05-14,0.0001031970370865,0.0029716126260924,-0.0036511245248791,
2004-05-17,-0.0109415091922213,0.0049417894425589,-0.0032113828903807,
2004-05-18,0.0052508975342623,-0.002414840840087,-0.0165040093994596,
2004-05-19,0.0032588251198783,-0.0026925041645025,0.0264990587455236,
2004-05-20,-4.2380232888773056e-05,0.002972282638111,-0.0155276755788839,
2004-05-21,0.0030545088925929,-0.0013378291158865,-0.0055878990016224,
2004-05-24,0.0040985645130182,0.0005065391575522,0.0311117726268627,
2004-05-25,0.0095420537326004,0.001128682023136,-0.0050352778240199,
2004-05-26,0.0041932356833869,0.0028539560766851,-0.003375631683608,
2004-05-27,0.0055033127004735,0.0032133274183221,-0.0169058941619664,
2004-05-28,-0.0009824033122131,-0.0038556738455014,0.0030862502884998,
2004-05-31,0.0006775543864026,-0.0003583860082216,,
2004-06-01,-0.0014203287994042,-0.0019346233809328,0.0410876324678568,
2004-06-02,0.003619328541134,-0.0011110780699285,-0.0286532638522374,
2004-06-03,-0.0078500476315418,0.0009003927269426,-0.0153870031241295,
2004-06-04,0.0076403837432941,-0.0030644561918244,-0.0083989394051186,
2004-06-07,0.0141669576371988,-0.0002696222158126,0.001034862552881,
2004-06-08,0.0014591254891586,-0.0002533198329978,-0.0147584064199452,
2004-06-09,-0.007847388368492,-0.0026040511408045,-0.0005603825928385,
2004-06-10,0.0040858418119662,0.000724903502059,0.00616163862276,
2004-06-11,-0.0001649606396084,-0.000223959382156,-0.0027774431633383,
2004-06-14,-0.0099879346359577,-0.0037391632923375,-0.0014825587744315,
2004-06-15,0.0075681922561106,0.0085687210554065,-0.0060114487743225,
2004-06-16,0.0015364817529217,-0.0026969786162109,0.0074082101841661,
2004-06-17,-0.0005274371233084,0.0005055041472564,0.018471492759011,
2004-06-18,0.0008120942422039,0.0002314343548932,0.0003338739077554,
2004-06-21,-0.0017102426301966,0.0013713143549666,-0.0143053531987923,
2004-06-22,0.0017213639163065,-0.0005966117202949,0.0011439038711774,
2004-06-23,0.0063290519104129,0.0004534217919672,-0.000523386620215,
2004-06-24,0.0004040287794551,0.0023521620660611,0.0105107283973774,
2004-06-25,-0.0036357192117364,0.0010253692980064,-0.0065890845825336,
2004-06-28,-0.0004831151369469,-0.0039057713323284,-0.023184212508368,
2004-06-29,0.0019287701724548,0.001996581833137,-0.0091337093071577,
2004-06-30,0.0022564921312345,0.0046554942596816,0.0137118936257218,
2004-07-01,-0.0095250232682251,0.0006696643416711,0.0202334271684557,
2004-07-02,-0.0020507481073931,0.0056904981654382,-0.0058799666577903,
2004-07-05,-0.0023227269526426,-5.462502050345392e-05,0.0036367131459545,
2004-07-06,-0.0074729012109799,-0.0001844881380726,0.0148721139233163,
2004-07-07,0.0011867726926263,0.0001558214995571,-0.0039831640053109,
2004-07-08,-0.0050526638793287,0.0007692050584532,0.0022741869383906,
2004-07-09,0.0024057575974646,-0.0003915140138258,-0.00572002724808,
2004-07-12,0.0001444012495487,0.0011459024450826,-0.0110657422653578,
2004-07-13,0.0007193829100249,-0.0014391915702556,-0.0045327910864248,
2004-07-14,-0.0034902577362784,-0.0003472055379427,0.0216193690591621,
2004-07-15,-0.0064123955164602,-0.0004990446609446,-0.0087592334291214,
2004-07-16,-0.000811163226978,0.0055956502390968,0.0049909837642982,
2004-07-19,-0.0031385967435197,7.386813212084748e-05,-0.0012240779247369,
2004-07-20,0.0082722194011259,-0.0031280890346957,-0.0089732482967583,
2004-07-21,-0.0105681693933886,-0.0024269965160499,-0.0049419493446832,
2004-07-22,-0.0015590126567667,0.0011945057459835,0.0134194400426158,
2004-07-23,-0.0061764268141912,0.0004522655869118,0.0019682604891453,
2004-07-26,-0.0038828197735514,-0.0013423830601454,-0.0093785854301523,
2004-07-27,0.0075770506082258,-0.0046866279595178,0.0021294779699057,
2004-07-28,0.0032834347401989,0.0006120880757794,0.0105516411929443,
2004-07-29,0.0055073839378635,0.0013285487002303,-9.247172085846548e-05,
2004-07-30,0.0019156819131954,0.0036551503031418,0.0036462086401661,
2004-08-02,0.0016516477727649,0.0004435026708204,-0.0067202062467251,
2004-08-03,-0.0048286847890311,0.001400248051849,0.0043075487374262,
2004-08-04,-0.0024152424927034,0.0008810254623805,-0.014159626930328,
2004-08-05,-0.0117263861642122,0.0021361356917876,0.0167905523388486,
2004-08-06,-0.0144314185635217,0.0081896304429472,-0.0068342523830586,
2004-08-09,-0.0014021222983512,-0.0005171199874415,0.0115244018790451,
2004-08-10,0.0093817385034856,-0.0015544269875082,-0.0029583053625673,
2004-08-11,-0.0012926879849534,-0.0001539513836762,-0.0072015495113364,
2004-08-12,-0.0084189193379448,0.0015819571637106,0.0052264492908439,
2004-08-13,-0.000397488089902,0.0025623193191934,0.0148131277815821,
2004-08-16,0.0085488913317212,-0.0013218029667008,-0.0059498077863454,
2004-08-17,0.0046331311224292,0.0013297310191084,0.0075536517633101,
2004-08-18,0.0073712893400713,-0.0004421242933936,-3.106140523647001e-05,
2004-08-19,-0.0004756951672999,0.0003283282143132,0.0169575766564113,
2004-08-20,0.0054490893324037,-0.0002642320551436,-0.0046491959694924,
2004-08-23,0.0002619706188861,-0.0024495647279024,-0.0081678755656437,
2004-08-24,0.001697785366482,0.0001839533580471,-0.0100353329276634,
2004-08-25,0.0050249355469575,0.0004532705006232,-0.0158665734543119,
2004-08-26,0.0016235109883944,0.001594714199372,-0.0095967302596516,
2004-08-27,0.0042249516947661,0.0006968066867228,-0.0065462961988061,
2004-08-30,-0.006389655200711,0.0013104940171511,0.0039343854923174,
2004-08-31,0.0017135997665948,0.0027990766450376,-0.0068399844889867,
2004-09-01,0.0035532431164912,0.0008155790955191,0.0172714285030314,
2004-09-02,0.0083641921479657,-0.0020610588902847,-0.0085427796628764,
2004-09-03,-0.002642218940078,-0.0041235038237692,-0.0092519245732664,
2004-09-06,0.0049199711230074,-0.0006007483395747,-0.0017275066330695,
2004-09-07,0.0032588705173073,0.0007589807115188,-0.0032929002447274,
2004-09-08,-0.0029541645747568,0.0035802833310032,-0.0061712288308451,
2004-09-09,-0.0022139347012643,0.0007502052638414,0.0202624699208048,
2004-09-10,0.0038667562629476,0.0015273118974428,-0.0157368778704412,
2004-09-13,0.0061861664962592,0.001037591158908,0.0143490928005585,
2004-09-14,0.0008229968221434,0.0007670614638312,0.0038577335095669,
2004-09-15,-0.0067477305528513,-0.0010867473588349,-0.0101887445855789,
2004-09-16,0.0022886021018943,0.0030072477022467,-0.0019308361517526,
2004-09-17,0.0039852833201099,-0.001017694217772,0.0209452942326118,
2004-09-20,-0.0048037529170668,0.0025376008946559,0.0065504124835328,
2004-09-21,0.0048168493656606,0.00073134862419,0.0215584163605982,
2004-09-22,-0.0109607235341591,0.0019672840181452,0.0149383687892811,
2004-09-23,-0.0051285439569433,-0.0014329705919646,0.0009010186660263,
2004-09-24,0.0023127543507579,0.0002850687170771,-0.0061225106830997,
2004-09-27,-0.0054990037220232,0.0011877399828521,0.005499004891287,
2004-09-28,0.0035006721147801,-7.956511952692035e-05,0.0114620110327447,
2004-09-29,0.0045783187720577,-0.0031350264916496,0.0156134717267374,
2004-09-30,-0.0006548879592132,-0.0012356214801364,0.0014714992564964,
2004-10-01,0.0153089448836462,-0.0029003562963632,0.0017819166325219,
2004-10-04,0.0058675766661227,-0.0003829507600643,-0.0066790010846537,
2004-10-05,0.0006618803472525,0.0001575064477498,0.0197152582067762,
2004-10-06,0.0046594218729888,-0.0014527121911298,0.0078046376142676,
2004-10-07,-0.0074735923454913,-0.0009444900552817,0.0107271097790605,
2004-10-08,-0.0067080627423768,0.0043568418295873,0.0080948837663851,
2004-10-11,0.0021850766769363,5.900037061196356e-05,0.0031210712653999,
2004-10-12,-0.0043460093201548,0.0029735304270095,-0.0179357192269549,
2004-10-13,-0.0069383349412549,0.0008670867194934,-0.0018619477838344,
2004-10-14,-0.0075989326498901,0.0028773596063966,0.007371947224879,
2004-10-15,0.0032357342178318,-0.0015152068298101,0.0029685857097693,
2004-10-18,0.0025562647208665,-4.7020922981929066e-05,-0.0099427885488741,
2004-10-19,-0.0042669128223128,-4.97978989713726e-05,0.0081834278258512,
2004-10-20,-0.0036445730697525,0.0025278486953306,0.0178591021249901,
2004-10-21,0.0040022138674944,0.0001050704585154,0.0044424804383356,
2004-10-22,-0.0072148459007681,-8.952128259011986e-05,0.0081210932569859,
2004-10-25,-0.0045403627835779,0.0019944843372597,-0.0041846615660462,
2004-10-26,0.0112613534121537,-0.0006232574630871,0.0154622684900607,
2004-10-27,0.010524648994408,-0.0034958608385355,-0.0269608849751146,
2004-10-28,0.0042383111186523,-0.0003866030358852,-0.0121571059292571,
2004-10-29,0.0009968347383785,0.001809471401869,0.0050883591699948,
2004-11-01,0.0015441159602167,-0.0021895970709895,-0.017886515182935,
2004-11-02,0.0028307636055933,-0.0005360742956418,-0.0074755344217358,
2004-11-03,0.0091885736067013,0.0004498479338509,0.0117245250426259,
2004-11-04,0.0100073216921944,0.0006972714074065,-0.0189577677565603,
2004-11-05,0.0054728298771293,-0.0044116585882217,-0.0019246050301249,
2004-11-08,-0.0013846515174554,-0.0009728621489959,-0.0095018123341212,
2004-11-09,-0.0015076616520891,0.0008157181818521,-0.0122625405491184,
2004-11-10,0.0013454447175192,-0.0009473803899862,0.0182285983594144,
2004-11-11,0.0061481352456823,0.0007940463698802,-0.0167617871916173,
2004-11-12,0.0070414271331044,0.0019070936099904,0.0001509712948826,
2004-11-15,0.003035826282432,0.0001690802093142,0.0030565927592814,
2004-11-16,-0.006456136309069,-0.0002221618330574,-0.0103751463423527,
2004-11-17,0.0058805637831436,0.0021477799092348,0.0184884873929348,
2004-11-18,-0.0002575356383911,0.0005779740181526,-0.009068052928975,
2004-11-19,-0.0091051977482882,-0.0022465138441116,0.0196337952895573,
2004-11-22,0.0011386966438253,0.0011136261940388,-0.0089076450644981,
2004-11-23,0.0006776027806549,-0.0001377524413756,0.0072169533374339,
2004-11-24,0.0016356020991348,-0.0002044635888483,0.0245311875531598,
2004-11-25,0.0041186757974378,0.0003882760123299,-0.0004092099989394,
2004-11-26,-0.0037729257983253,-0.0009993199387305,-0.0025583824944673,
2004-11-29,-0.0015524499550925,-0.0037098354100039,-0.0095209515134023,
2004-11-30,-0.0036714527130025,0.0001605300089975,-0.0104994633226754,
2004-12-01,0.0109126160207133,-0.0002588467589508,-0.0311701728239123,
2004-12-02,0.0027657683368089,-0.0006730512709387,-0.0406258506648792,
2004-12-03,-0.0011122450872076,0.0050121999030733,-0.0048487106192543,
2004-12-06,-0.0008469873910038,0.0012536352516161,0.0089145511693781,
2004-12-07,-0.0070187021797018,0.0004613074537904,-0.0217456126361141,
2004-12-08,0.0034538671524802,0.0036014748626466,0.0028268558408833,
2004-12-09,0.0008476100880455,-7.498606315262659e-05,0.0111425492837925,
2004-12-10,0.0009062109396377,0.0008977641344403,-0.0162636550743516,
2004-12-13,0.0080439015287424,0.0006340790310174,0.0183291112894,
2004-12-14,0.0038984708537031,0.000744348703293,0.0091218536978731,
2004-12-15,3.214033139259304e-05,0.0016908235467029,0.0239874416834505,
2004-12-16,7.65492634900308e-05,-0.0034224522022274,-0.0092874535000744,
2004-12-17,-0.0057719430953952,-0.0013698592110005,0.0316370690046365,
2004-12-20,0.0020700276862372,0.0003436596690887,-0.0144081105753605,
2004-12-21,0.0059873881372953,0.0010397183065325,-0.001729885637515,
2004-12-22,0.0035473764637511,-0.0007162428907058,-0.0163922626565577,
2004-12-23,0.0010162893047931,0.0001066862668681,-0.0016835814191794,
2004-12-24,0.0009980412336151,-0.0001621151055865,-0.0025634187696385,
2004-12-27,-0.0018946845687405,-0.0027477490611175,-0.0242068783935476,
2004-12-28,0.0046072572952559,-0.0007526624999723,0.0035852553066038,
2004-12-29,0.0010829443627309,-0.0018766367192353,0.0021330653393797,
2004-12-30,-0.0014822938366902,0.0020224619433131,-0.000466437394721,
2004-12-31,-0.000797635147527,0.0014851690338493,-0.0008836722743612,
2005-01-03,-0.0028772444728119,-0.000116363225606,-0.0201586900308682,
2005-01-04,-0.0083748077408775,-0.001674164079181,0.0040166492896545,
2005-01-05,-0.0067955155429286,-0.0001195803908837,-0.005457178488402,
2005-01-06,0.0040261498049506,0.0005074401530278,0.0271637493994302,
2005-01-07,-0.0009365283301132,-0.0003552963809915,0.0023440997748419,
2005-01-10,0.0031901055258657,0.0001572656391109,0.0055120934186195,
2005-01-11,-0.0054328241509504,0.0012360697086794,0.0006814755588952,
2005-01-12,0.0003136944029395,0.0006849442786195,-0.0020137169742813,
2005-01-13,-0.0054857410809638,0.0019796862417383,0.029574531833219,
2005-01-14,0.0047078217703494,-0.0008667133408838,-0.005061033016882,
2005-01-17,0.002459955201163,-3.3701456387412964e-05,0.0008632991885756,
2005-01-18,0.0051952354810732,0.0004422415789592,-0.006494136505601,
2005-01-19,-0.0075535511002114,0.000218719884969,0.0013776074436442,
2005-01-20,-0.0059567762298187,0.0003922849853391,-0.0035499329986321,
2005-01-21,-0.0046442327649763,0.0011776707917134,0.0106806706479356,
2005-01-24,-0.0012228277328702,0.0004081539147163,0.0093114903044897,
2005-01-25,0.0035317619985064,-0.0016656004382853,0.0052472103156729,
2005-01-26,0.0027393303380945,-0.0004293978710004,-0.0040208273453406,
2005-01-27,0.0013547553268003,-0.0007147204027051,-0.0053283741458092,
2005-01-28,-0.0011663414596889,0.0027976680551912,-0.0157278770407815,
2005-01-31,0.0062334598026493,-0.0002504411787674,0.009203175311193,
2005-02-01,0.0057523121682417,0.0004659386666626,-0.0085396987922987,
2005-02-02,0.0032371994455842,3.633193463776135e-05,-0.0059004387124459,
2005-02-03,-0.0025284647821107,-0.0014912831695629,-0.0087580675305646,
2005-02-04,0.0085673371569265,0.0032835236158491,-0.0018486989753659,
2005-02-07,0.0014589480239179,0.0006971903561812,-0.0078582731996436,
2005-02-08,0.0011765341516821,0.0003787589700457,0.0057950164879895,
2005-02-09,-0.0055357189515666,0.0018145563048134,0.0020750146263042,
2005-02-10,0.0027224559186738,-0.0030401541294323,0.0181203715076954,
2005-02-11,0.0078308000632473,-0.0012174404006581,0.0012140054432572,
2005-02-14,0.0001784744396441,-0.000182424065806,0.0044667293572364,
2005-02-15,0.0030137472455279,-0.0008653094025069,0.0036624938806757,
2005-02-16,-0.0007995570435525,-0.0018097303389005,0.0040305864781239,
2005-02-17,-0.0053864474083571,-0.0005712361521113,-0.0020307613746633,
2005-02-18,0.0015393169041697,-0.0031274711260867,0.0066821533045308,
2005-02-21,4.546697131098759e-05,-0.0007267897981396,0.002629224450698,
2005-02-22,-0.0119792601583635,-0.0003468558125659,0.0343587018256592,
2005-02-23,0.0031138602235989,0.0005835791566625,0.0058986187008514,
2005-02-24,0.0046493700987311,-0.000870033241016,0.0010251882190594,
2005-02-25,0.0095554260606604,0.0001368904663476,0.0132154562476068,
2005-02-28,-0.0049874331119799,-0.003181301101997,0.0094995575577341,
2005-03-01,0.0051983319826685,-0.0008718612652298,-0.0036472936878091,
2005-03-02,0.0001798667857639,-0.0004792171847851,0.0122477498046719,
2005-03-03,0.0009561536591591,-0.0003942887445989,0.0061057852569335,
2005-03-04,0.009841399248812,0.0026195550624391,0.0022256165304647,
2005-03-07,0.0006691836334209,0.0006702348349658,0.0005790700333164,
2005-03-08,-0.0034107814861678,-0.0024100167075254,0.0146039528965996,
2005-03-09,-0.0083514409754009,-0.0041787410906402,0.004687089302655,
2005-03-10,-0.0004666685361897,0.0014669317877582,-0.007173142662548,
2005-03-11,-0.0042533853143156,-0.0024812671263748,0.0097845317093187,
2005-03-14,0.0038231378356846,0.0002830473610386,0.0064285224360926,
2005-03-15,-0.0048081088531287,0.0005778660904598,0.0096585893953727,
2005-03-16,-0.0080041901775928,0.001211531570742,0.0098470559508261,
2005-03-17,0.0009846181535244,0.0021343523613772,-0.0014458230233459,
2005-03-18,-0.0012442390910826,-0.0010940077263324,-0.0012376713837217,
2005-03-21,-0.0027236581184212,-0.0004551399229665,-0.0046555184845135,
2005-03-22,-0.0068651260991848,-0.0025281981416764,-0.0072167344522086,
2005-03-23,-0.0018974799814465,-0.000555013924979,-0.0194386412764204,
2005-03-24,0.0014242134374188,0.0011177716947836,0.0041879820245499,
2005-03-25,0.0001643161953727,0.0002258324924318,,
2005-03-28,0.0015982027679981,-0.0010139024145985,-0.0034352664645293,
2005-03-29,-0.0062514550649195,0.0019403404992142,0.0046431572313017,
2005-03-30,0.0087512755169643,0.00145731272251,0.003583084957551,
2005-03-31,0.0002074623596667,0.0033246067410491,0.0187929906440275,
2005-04-01,-0.0026826568287979,0.0011805985468602,0.0102963388529103,
2005-04-04,0.0003197015813875,0.0005771611293289,-0.0047077177853023,
2005-04-05,0.0048237445882451,-0.0010556096618639,-0.0073812762347541,
2005-04-06,0.0035785894000855,0.0011230994203382,-0.0013960101386267,
2005-04-07,0.0041310033856352,-0.0004023089468811,-0.0123559017247605,
2005-04-08,-0.0061973632754198,-0.0007232883061255,-0.0144278836910989,
2005-04-11,-0.0008071400231417,0.0015317581140538,0.0046125495716775,
2005-04-12,0.002174473448993,0.0030500900168185,-0.0135719897868895,
2005-04-13,-0.0077913606216021,0.000197946510776,-0.0156919033427183,
2005-04-14,-0.0104416217583562,0.0009019529719296,0.0048659865828484,
2005-04-15,-0.0151118772800097,0.0034458572012524,-0.0057966002275013,
2005-04-18,-0.0037417757785211,0.0014345551714568,-0.0082948191614595,
2005-04-19,0.007753240068126,0.0014847419851074,0.0260025820304662,
2005-04-20,-0.0109009077890015,0.0002800309271547,0.0082110183746932,
2005-04-21,0.0133609879913566,-0.0033562634278125,-0.0001542314397156,
2005-04-22,-0.0008598295871344,0.001049993778709,0.0113170769333817,
2005-04-25,0.0046563854737547,0.0003514209740402,-0.0033919782877973,
2005-04-26,-0.00666473495595,-2.118127322865373e-05,-0.0038269190699654,
2005-04-27,-0.000146220043645,0.0012221798659786,-0.0268425152714338,
2005-04-28,-0.0092873725705821,0.002599001771405,-0.0025247306091944,
2005-04-29,0.0096089596353275,-0.0011789771780942,-0.0139081144762139,
2005-05-02,0.0046952585536201,0.0005714666108376,0.004602635238933,
2005-05-03,0.0022801404932296,-0.0003770854030447,-0.0154607972367831,
2005-05-04,0.0069437818378169,0.0007255275391589,0.0066066576270851,
2005-05-05,0.0006178241914684,0.0012505581442221,0.0034423146213679,
2005-05-06,-2.5881339067215147e-05,-0.0040198005769166,-0.0008747544892104,
2005-05-09,0.0042583638932525,-0.0011257109735376,0.004268030064083,
2005-05-10,-0.0089229156708753,0.0025274909966559,0.004980956761796,
2005-05-11,0.0027917215239184,0.0014920801212295,-0.0120875961360544,
2005-05-12,-0.0070598469487162,0.0008858749079844,-0.0197881455228032,
2005-05-13,-0.001911947724849,0.0017786405388402,-0.0046185991796103,
2005-05-16,0.0053542941572485,-0.0003793983935242,-0.0053738335543772,
2005-05-17,0.0040722717211976,0.0005064843569318,0.0057286187123917,
2005-05-18,0.0098186459370053,0.0019438035917529,-0.0071757089216321,
2005-05-19,0.0053635882291398,-0.0015714617669527,-0.0041890081284523,
2005-05-20,-0.0002399616408578,-0.0006149026681893,0.0002430956374432,
2005-05-23,0.0049087107806171,0.0020890771699037,0.0097399373239018,
2005-05-24,-0.0013956694451137,0.0030734038361224,0.0022420356188915,
2005-05-25,-0.0017001175865868,-0.0007389538856419,0.0140015423893169,
2005-05-26,0.0050222651863612,-0.0009901830644535,0.0001832978884397,
2005-05-27,0.0022818037096552,0.0004650731520402,0.0054146890766775,
2005-05-30,0.0022091201390662,0.000124829189384,,
2005-05-31,-0.0062749571567871,0.0026115642137404,0.0006524294853758,
2005-06-01,0.0079146553346772,0.0039735133852605,0.0319552861207153,
2005-06-02,0.0026058807676878,0.0004826851182535,-0.00332467093219,
2005-06-03,-0.0045262412154015,-0.0029005771358407,0.0149628561326511,
2005-06-06,-0.0009200781028044,0.0007457622241272,0.0072106005707355,
2005-06-07,0.0016629314343883,0.0025628256692857,-0.0055927892612244,
2005-06-08,-0.0010123750480888,-0.0007855279945583,-0.0131010352394635,
2005-06-09,0.0025298568047586,-0.0005990728318236,0.0118250298361079,
2005-06-10,0.0004153074703712,-0.0030122080431139,-0.0092772015676086,
2005-06-13,0.0029634565994074,-0.0017874891934035,0.0221881034922079,
2005-06-14,0.0016814315682322,-0.0017253181841479,-0.0036743647176524,
2005-06-15,0.0006875396881385,-0.0009658979151265,0.0111595179311701,
2005-06-16,0.0034328687955434,0.0006154405638427,0.0087721404599447,
2005-06-17,0.0043177984785147,-0.0005857227183406,0.0167119257372922,
2005-06-20,-0.0007975439337319,-0.000615293202786,0.0077763421356013,
2005-06-21,0.0013261955827448,0.0022617972921412,-0.0119941550175991,
2005-06-22,0.0010105080161871,0.0048237710741651,-0.007094017106711,
2005-06-23,-0.0094021049967826,0.000337922470081,0.0069219658623882,
2005-06-24,-0.0065545462072941,0.0020178741813684,0.002473223085682,
2005-06-27,-0.0019779694384935,0.0011281222244958,-0.00667603157759,
2005-06-28,0.008486266849746,-0.00292505900079,-0.021435306958321,
2005-06-29,-0.0011502873761304,-0.0003986452615681,-0.005735908718558,
2005-06-30,-0.0042922591058128,0.0014030511596452,-0.0092741114354438,
2005-07-01,0.0043702167438894,-0.0033290642599006,0.0184978863212039,
2005-07-04,-0.0003276026860077,-0.0011119676989127,0.0014352391592259,
2005-07-05,0.0061891293728282,-0.0031254894306688,0.0217203582323597,
2005-07-06,-0.0051444390702523,0.0007998605307212,0.0134697701396545,
2005-07-07,-0.0004702605240702,0.0016986696549994,-0.0103660894016083,
2005-07-08,0.0105367423799636,-0.0020720509109934,-0.006455576684036,
2005-07-11,0.0062919489818191,-0.0007968342663765,-0.0048321049849456,
2005-07-12,0.0008216580098619,-0.0014027251796661,0.0187781920967148,
2005-07-13,0.002365019985201,-0.0010043901264092,-0.0018376979008553,
2005-07-14,0.0033444919614126,-0.0006444117353212,-0.0125670306889688,
2005-07-15,-0.0002664486290738,7.234375223685757e-05,0.0040995564248294,
2005-07-18,-0.0027393125517623,-0.0006929862851193,-0.010174583705683,
2005-07-19,0.0050788701391447,0.0009341850188423,-0.0065694947666669,
2005-07-20,0.0025547555754979,0.0005536517248088,-0.0039176235403918,
2005-07-21,-0.0032814233668343,-0.0033918940405039,-0.0153774915210643,
2005-07-22,0.0040558716525131,0.0025738984916854,0.013208653323287,
2005-07-25,-0.000987473063391,-0.0006225367727051,-0.0001376878392315,
2005-07-26,0.0006275822628235,-0.0002546298738565,0.0061425366368338,
2005-07-27,0.0040339962813675,-0.0012613822069084,0.0036464626104356,
2005-07-28,0.0050017200112557,0.0022027660156021,0.0108803893666713,
2005-07-29,-0.0059109510634728,-0.0030180678215632,0.0069239242348984,
2005-08-01,0.0011084750028112,-0.0024597508058493,0.0145029414760041,
2005-08-02,0.0061623304919915,-0.0012948840484562,0.0082920933892658,
2005-08-03,0.001238083185023,0.0011695854201883,-0.0100335487017116,
2005-08-04,-0.0071179046255559,-0.0010061211502345,0.0041441463493034,
2005-08-05,-0.0063119585465625,-0.0030584695754737,0.0063855368667342,
2005-08-08,-0.0001977078392334,-0.0010646833371956,0.0090880544808731,
2005-08-09,0.0061709213291972,0.001031800958068,-0.0084420399783212,
2005-08-10,0.00287070868443,-0.0003616011316977,0.020625764699048,
2005-08-11,0.002769945411169,0.001366751002293,0.0125480694539938,
2005-08-12,-0.004880218625169,0.0037681903026234,0.0061702759841069,
2005-08-15,0.0035787973780271,-0.0010528056583203,-0.0089920290703372,
2005-08-16,-0.0099159962079408,0.0018947938413784,0.0030681181016641,
2005-08-17,-0.000623733413892,-0.0008537892584703,-0.0219211142979246,
2005-08-18,-0.0017311472027954,0.0032050945470508,-0.0096524557181955,
2005-08-19,0.0035873418643261,0.0001675877969586,0.0143718843147772,
2005-08-22,0.0016142485450337,-0.0007241525689077,0.0120089407693659,
2005-08-23,-0.0032245546366759,0.0009340092657753,0.0012607445818562,
2005-08-24,-0.0071101813436109,0.0009265832173086,0.0105251497843166,
2005-08-25,0.0004275494297638,0.0006977960173234,-0.0039233468348624,
2005-08-26,-0.0060363028089122,-0.0010262030172418,-0.0068343354363685,
2005-08-29,0.0049381920604875,0.0015816207188695,0.0264542792591445,
2005-08-30,-0.0020922103525953,0.0030192712031509,0.0249572834223813,
2005-08-31,0.0089855591845348,0.003045436530373,-0.0067925822218655,
2005-09-01,0.0022421915549227,0.0016547653924848,0.0155117429740262,
2005-09-02,-0.0012739727082028,5.088222766517992e-05,-0.0132481334737301,
2005-09-05,0.0038992914968143,-0.000342704727688,-0.0032120965559415,
2005-09-06,0.0070488911114607,-0.0017997214521822,-0.000687598266898,
2005-09-07,0.0014741844388346,-0.0020309736102975,-0.0181299168362632,
2005-09-08,-0.0031104087025251,0.0002212301008799,0.0006873598503971,
2005-09-09,0.006821871244838,0.0002531272458278,-0.0020890765074248,
2005-09-12,5.9913727389788695e-05,-0.0026619947620579,-0.0119154040654835,
2005-09-13,-0.0057968672112484,0.0015785143921962,-0.0046235692512214,
2005-09-14,-0.0018120948512904,-0.0010751977786556,0.0169968083682082,
2005-09-15,0.0003989459701013,-0.0015171507186994,-0.0030943895469075,
2005-09-16,0.0064415234968813,-0.0020130659279848,-0.0133448426871064,
2005-09-19,-0.0021555789053498,0.001028905455404,0.049870291253844,
2005-09-20,-0.0044886961253926,-0.0004399362225313,-0.0102123154112732,
2005-09-21,-0.0083919290794532,0.0019323341554026,0.0073369429242707,
2005-09-22,0.0015609654878655,0.0009855722601564,0.0026034415262042,
2005-09-23,0.0015365687661652,-0.0029755604981592,-0.0211097516157315,
2005-09-26,0.0047297564929426,-0.0028694482579378,0.0162186587974505,
2005-09-27,9.648104638743603e-05,-0.0007081835429167,-0.0048204745336461,
2005-09-28,0.0026183249634149,-8.38037603345602e-05,0.022396050014111,
2005-09-29,0.0058665180312437,-0.0013747960686378,0.0024428639515979,
2005-09-30,0.0009240645945262,-0.0014548464398345,-0.0035502588975032,
2005-10-03,0.0003491318351833,-0.0021734908958783,-0.0005742853802387,
2005-10-04,-0.0073336925761545,-0.0007319462064204,-0.0100514217120311,
2005-10-05,-0.0124533258862686,0.0012765939870583,-0.0036687477742416,
2005-10-06,-0.007866755269558,0.0005950524122307,-0.02017348514259,
2005-10-07,0.0019130755497817,-0.0001264952707794,0.0022910688805726,
2005-10-10,-0.0049728037884028,8.096586589294505e-05,-0.0033436821203957,
2005-10-11,0.0005857784221516,-0.0013105866300054,0.0172370989293344,
2005-10-12,-0.0083512684319283,-0.0021786971164881,0.0056810507773851,
2005-10-13,-0.0022858911758561,-0.0019486665641612,-0.0115443507318786,
2005-10-14,0.0075655222800257,-0.0006628987566434,-0.0071876012925713,
2005-10-17,0.0023068019988253,-0.0003564244123083,0.0192911093694171,
2005-10-18,-0.0084345688202068,0.0007986213384709,-0.0155892594389127,
2005-10-19,0.0072094422044408,0.001641999802584,-0.0060248405337588,
2005-10-20,-0.0125421530059315,-0.0003760384841347,-0.0152949952407239,
2005-10-21,0.0023232851887815,0.0024438908742906,-0.0031200928207469,
2005-10-24,0.0126410966055678,-0.0015357778449653,-0.0023001180477518,
2005-10-25,-0.0019028832679061,-0.0027433291104748,0.0329788140272207,
2005-10-26,-0.0001260048988141,-0.0030928545760284,-0.0141105404575732,
2005-10-27,-0.0102239075968243,0.0013695473868119,-0.0037968784611169,
2005-10-28,0.0095751328693055,0.0001798971307438,-0.0086315752544626,
2005-10-31,0.0116864496518824,-0.0002466178349368,-0.0213231506685162,
2005-11-01,-0.0004020976853626,-0.0010948960116121,-0.0048726323795396,
2005-11-02,0.0082131493113468,-0.001523211459618,-0.0035868169190564,
2005-11-03,0.0058029810523648,-0.0019132150943782,0.0168680622180015,
2005-11-04,-0.0004602986041021,-0.0014812911602881,-0.0097009667619072,
2005-11-07,0.0011764371798436,0.0007791042770572,0.0011969038586281,
2005-11-08,-5.75540099513821e-05,0.003137745727153,0.0012599138162448,
2005-11-09,0.0008494898080931,-0.0019627530574016,-0.0055788182494789,
2005-11-10,0.0054963146555909,0.0018864112863383,-0.0132218809828994,
2005-11-11,0.0052884462204437,0.0002571379256337,0.0051293175238666,
2005-11-14,-0.0005855513828277,-0.0005070049647872,-0.0006129921227142,
2005-11-15,-0.0029317853996917,0.0026779552921242,-0.0067910523639614,
2005-11-16,0.0011595034361438,0.0027433450876725,0.0128930679405485,
2005-11-17,0.00790145277185,0.0014636714758111,-0.0100165102027202,
2005-11-18,0.0055145538423837,-0.0016040220269048,-0.0090401075476204,
2005-11-21,0.0048020176163936,0.0013870538010344,0.0024235513364547,
2005-11-22,0.003020731040904,0.0013550366589776,0.0083150439643496,
2005-11-23,0.0044461494672416,-0.0013622089130295,-0.0055954030239502,
2005-11-24,-0.0002268326640489,0.0011062396082169,-0.0010708608469493,
2005-11-25,0.0017300579474253,0.0012405113826736,-0.0019145414297706,
2005-11-28,-0.005015721867775,0.0005978891757615,-0.0087509038167329,
2005-11-29,-0.0011541726985763,-0.0029905662245463,-0.0028869706783636,
2005-11-30,-0.0060698777558062,-0.0002997378609979,0.0168419518436003,
2005-12-01,0.011591870163392,-0.0007122913347512,0.0172004571884958,
2005-12-02,0.003146250772586,-0.0009626352649443,0.0177039338292395,
2005-12-05,-0.0012333282374154,-0.0028276847092337,0.0072454853090482,
2005-12-06,0.0017897690533398,0.0030988673678857,-0.0058131635773399,
2005-12-07,-0.0045199385284266,-0.0006830307058416,-0.0017241958654639,
2005-12-08,-0.0019209810310131,0.0027318687177518,0.0263564462765065,
2005-12-09,0.0010931797942747,-0.0038159555613279,-0.012949030846105,
2005-12-12,0.0026093896755617,-0.000971710077787,0.018686420908522,
2005-12-13,0.0050601246081282,0.0009893667347981,0.0109228570232614,
2005-12-14,0.0006699109352875,0.0035076551067285,-0.0123112540231836,
2005-12-15,-0.0040635892331221,0.0003711698773185,-0.0155854505995934,
2005-12-16,-0.0002621734939707,0.0007996348756146,-0.0129006198678969,
2005-12-19,-0.0023446624627764,-7.711785214546956e-06,0.0002713220163076,
2005-12-20,0.0016034887423741,-0.0004977679505579,-0.000205124771349,
2005-12-21,0.0043337637846599,-0.0013541068592488,0.0060424862814285,
2005-12-22,0.0029005192133717,0.0018284184803847,-0.012344884372042,
2005-12-23,0.0008901440659536,0.0023396130599817,-0.0080028510702636,
2005-12-26,0.0006816957340025,0.0001988604906627,,
2005-12-27,-0.0065702130043577,0.0017264652642993,-0.0175316929349076,
2005-12-28,0.0017521452381361,-0.0009424711631538,0.0170823839817411,
2005-12-29,-0.0017294972179664,-2.650893637303591e-05,-0.0059362995825208,
2005-12-30,-0.0059876893199396,-0.0001320495378632,0.0074951647866546,
2006-01-02,0.0009021156220368,-0.0001295510505581,,
2006-01-03,0.0129090838566056,0.0010760341682201,0.0129452142832002,
2006-01-04,0.0064475034557338,0.0017738607178314,-0.003073503909612,
2006-01-05,9.493414550744582e-05,0.000439997370194,-0.0167861253129028,
2006-01-06,0.007080960366833,-0.0010339102926538,0.0104385207840145,
2006-01-09,0.0021180336141291,-0.000171569314933,-0.0089173000970099,
2006-01-10,-0.0017557628382508,-0.0017115218117811,-0.0039529091165855,
2006-01-11,0.0041851167691944,-0.0016854024820906,-0.0037272694467498,
2006-01-12,-0.0028167855967687,0.0021508810798402,-0.003964233803755,
2006-01-13,-0.0018342033225266,0.0021339105454478,0.0003072604677025,
2006-01-16,0.0004224755762631,-0.000118331237991,0.0029285330986123,
2006-01-17,-0.0050633452345442,0.001386164578009,0.0186485904006792,
2006-01-18,-0.0075939548345619,-0.0003533170188281,-0.0151906065376062,
2006-01-19,0.0058561546212766,-0.0025852968672134,0.0108631695458605,
2006-01-20,-0.0141805879309949,0.0001830141480908,0.0146171087184984,
2006-01-23,0.0008240946755979,0.0007305065457861,-0.0096259741697019,
2006-01-24,0.0013527043977151,-0.0009627778896395,-0.0028857989061513,
2006-01-25,0.0022250915632929,-0.0037810022805918,-0.0093970106934788,
2006-01-26,0.0071145752138789,-0.002613228848883,-0.0008422661050831,
2006-01-27,0.0115279026187459,-0.0001982851476891,0.0136924282995179,
2006-01-30,0.0001553228990619,-0.0008874828847475,0.0223158065592716,
2006-01-31,-0.0020380766131885,-0.0002232664302331,-0.0045233800982757,
2006-02-01,0.0024964231080843,-0.0013303647104059,-0.0192935727259838,
2006-02-02,-0.0095394463411178,-0.0004965510753589,-0.0164271364064086,
2006-02-03,-0.0033567351222811,0.0004390199927576,0.0108994770386509,
2006-02-06,0.0028790547566106,1.026757849993978e-05,-0.011804479514504,
2006-02-07,-0.0070561848297914,-0.0009313498353004,-0.0203880402224035,
2006-02-08,0.0029400120039345,-0.000787325834806,-0.0055040203498216,
2006-02-09,0.0018806311602445,0.0009050147676173,-0.0004164163251016,
2006-02-10,-0.00070860126753,-0.0019755347658799,-0.0171273164515913,
2006-02-13,-0.0020504256988271,0.0003862732695828,-0.0086988290688861,
2006-02-14,0.0080906676166094,-0.0011505467669533,-0.0094815210966129,
2006-02-15,0.0005445094881873,5.869747577296361e-05,-0.0135868278475046,
2006-02-16,0.0070784301874642,0.0009849398818071,0.0081202902360666,
2006-02-17,-0.0017614869988623,0.0023200575420659,0.013914451274365,
2006-02-20,-0.00054937427999,0.0004351859649695,0.007503491622683,
2006-02-21,0.0004669782267519,-0.0005835845281017,0.0152585854333966,
2006-02-22,0.0043492028399742,0.00092579048498,-0.0229322473704271,
2006-02-23,-0.0002898181129147,-0.0023807442372303,0.0009580110926833,
2006-02-24,0.0021512050529632,-0.0014455363845409,0.0127285868240142,
2006-02-27,0.0016464116883263,-0.0007925438346744,-0.0260841459342736,
2006-02-28,-0.0091126602845459,0.0022754958795746,0.007377432473367,
2006-03-01,0.0057870108741691,-0.0011030355801543,0.0038798729345909,
2006-03-02,-0.001094458085663,-0.0022475838704879,0.0173324814095522,
2006-03-03,-0.0037132376148396,-0.0013090007239234,0.0051675917497381,
2006-03-06,-0.0022394681685474,-0.0018732262149056,-0.019842568987413,
2006-03-07,-0.0029732718626948,-6.1431957244988e-05,-0.0102947056524511,
2006-03-08,-0.0007780513452612,0.000640204511898,-0.0132597897266835,
2006-03-09,-0.0010530863466179,0.0002207678963902,0.0065811370002142,
2006-03-10,0.0083058777894226,-0.0015663881503086,-0.0024593373632521,
2006-03-13,0.0044667574313902,-0.0014952355725715,0.0161797339336186,
2006-03-14,0.0065848129791914,0.0032680838064111,0.0172353880937621,
2006-03-15,0.0042020673069845,-0.0013807163443393,-0.0054964178466993,
2006-03-16,0.0010881298950578,0.003488910848893,0.005071494497448,-0.0022887225992669
2006-03-17,0.000785527702261,-0.0009311483829817,-0.0047369387074236,0.0019198966081796
2006-03-20,0.0004093691176882,0.000362533943817,-0.02035033034703,-0.0009742736006713
2006-03-21,-0.0040843543712536,-0.0022439647030832,0.0040399768626199,-0.0018726266642664
2006-03-22,0.0041344308320183,0.0002045865762175,-0.0012404478774703,-0.000617988020681
2006-03-23,-0.0013457253909362,-0.0011027364509131,0.021059143317397,0.0040762163038158
2006-03-24,0.0017590657567072,0.0023023322115481,0.0025789967723252,-0.0022393801486828
2006-03-27,-0.0022484945007463,-0.0002406906666576,-0.0031456164070369,-0.0003895887162652
2006-03-28,-0.0048199836216431,-0.003309143760716,0.0150285253955594,0.000892898453807
2006-03-29,0.0060431103326174,-0.0023384256821168,0.005009255916709,0.0009533659790962
2006-03-30,0.0013174890430647,-0.001298259977287,0.0122674997588703,0.0008854945122887
2006-03-31,-0.0038107435348582,0.0006220842093403,-0.0125007996457958,-0.0022402355800594
2006-04-03,0.0050487428841389,-0.0022373589043753,0.0087798129234837,0.0015756329817025
2006-04-04,0.0032161280299946,0.0002873556948617,-0.0135161044024895,-0.0012002792791984
2006-04-05,0.0035988494009061,0.0015424106396261,0.0096267001636353,-0.0012274465920767
2006-04-06,0.0004941109592822,-0.0024871388840643,0.0067960226237048,0.0042787895113563
2006-04-07,-0.0083645861037384,-0.0022058984345703,-0.0085275876991989,0.0030713183966196
2006-04-10,0.001477034331075,2.4692045191810465e-05,0.0158230572591724,0.0008019451655914
2006-04-11,-0.0088463414856017,0.0010373911417761,0.0051001724971326,-0.0006910229137516
2006-04-12,-0.0010623867473618,-0.0015163038978012,0.001187681291895,0.0018177477820018
2006-04-13,0.0002257714279682,-0.0026452558757179,0.0105489903082607,0.0002722609219378
2006-04-14,0.0001114866279069,-0.0005208977556109,,0.0018728582913173
2006-04-17,-0.0012407987056389,0.0012499297234645,0.0187805612068405,-0.0007205713809447
2006-04-18,0.0122257876434296,0.0013574175417465,0.0227428416640906,0.0017708433990927
2006-04-19,0.0039195629391891,-0.0002786712506258,0.0111080352097021,0.001352506306391
2006-04-20,0.0013590009651877,-0.0005319029601311,-0.0103813570101427,-0.0001390784586571
2006-04-21,0.0018495447343947,0.0004577620669094,0.0139241426705055,-0.0025460325554736
2006-04-24,-0.0045847424592489,0.0011086581885072,-0.0203023463611164,0.0008881938048984
2006-04-25,-0.0023858180105086,-0.0032548440984403,-0.0029559905903388,-0.0002892434978432
2006-04-26,0.0010937322889005,-0.0019427261146367,-0.0067604847230293,-0.0006863468675252
2006-04-27,0.0021601779364946,0.0008718232318369,-0.0240141917647958,0.0018244174637984
2006-04-28,-0.0016906301860465,0.0021043713168628,0.0044510590495224,0.0012088878523282
2006-05-01,-0.003915412724173,-0.0012445668698217,0.0168889975695466,-0.001946721379239
2006-05-02,0.0074317764023219,-0.0002070504124128,0.0079932599347515,0.0038357862936212
2006-05-03,-0.0050902808576476,-0.0013148110515309,-0.0163063328896362,-0.00041297154024
2006-05-04,0.0030141729500006,-0.0004453784244083,-0.0038138615801089,-0.0010391385787928
2006-05-05,0.0089161756137748,0.0016326661489483,0.0037988067726807,0.0005744887850496
2006-05-08,0.0003749057072254,-0.0011063487976427,-0.0067418471496326,0.0005580126094117
2006-05-09,0.0012552337986502,-0.0003885208365633,0.0117986739512415,0.0016167109558618
2006-05-10,-0.0021519047126969,-0.0009634398380087,0.0196516642649584,-0.0010231256801297
2006-05-11,-0.0099724628011423,-0.0008163147615141,0.0105960337282779,0.0038448482262718
2006-05-12,-0.0145169911342371,-0.0013514300936758,-0.0169671160152563,0.0018202580427996
2006-05-15,-0.0027060264750112,0.001696607642239,-0.0290346049439207,-0.0071011811324871
2006-05-16,-0.0019237245792762,0.0026739764391465,0.004072706941753,0.000370296068538
2006-05-17,-0.0198038333332635,-0.0011725127191643,-0.0093713077298613,0.0048769372353316
2006-05-18,-0.0050863041920062,0.0028021731495209,-0.0026651069939645,-0.0029524801774329
2006-05-19,0.004934887993308,0.0009089973946758,-0.0150820458133212,-0.0024443563208561
2006-05-22,-0.0112728557323741,0.00224739721581,0.0124333639968504,-0.0006045373861545
2006-05-23,-0.0019566242553552,-0.0004872066936218,0.0208633086508864,-1.906121535296552e-05
2006-05-24,0.0038339928011421,0.0010262457260551,-0.0285897374319558,0.0010836682412875
2006-05-25,0.0097099336623102,-0.0013976246195645,0.0097683243437449,-0.0002659697588975
2006-05-26,0.0092240319008397,0.000723432275567,0.0072129358797563,-0.000537411836268
2006-05-29,-0.0004411604919952,-0.0001753184090922,,-0.0006931440034986
2006-05-30,-0.0170846590429884,-0.001367163114974,0.0015361619904118,0.0056990996652955
2006-05-31,0.007055644762018,-0.0013776113565702,-0.0034698948720838,-0.0041564782433059
2006-06-01,0.008536577860318,-0.0013170405790554,-0.0041895804208158,-0.0018899088545358
2006-06-02,0.0029173658201138,0.0051270401447292,0.0222900883453112,-0.0014012908808641
2006-06-05,-0.0114518488670011,-0.0002945232709742,-0.003623100446354,0.0003281678339352
2006-06-06,-0.007136217981904,-0.0009987985672498,-0.0106234729549053,-0.0028191413116009
2006-06-07,-0.0061276882983741,0.0002645296977655,-0.0132182720796703,-0.0023618425471574
2006-06-08,-0.0082658295588644,0.0017546506768073,-0.0060015916536365,0.0010489810109013
2006-06-09,0.0004327160286473,0.0008209778475968,0.0056509450875498,0.0009850798253176
2006-06-12,-0.0102175086931722,0.0001026050006155,-0.005685689889294,0.0018969312549821
2006-06-13,-0.0157846387759205,0.0020991109538963,-0.025361416273665,-0.0028774855163622
2006-06-14,0.0054995202255147,-0.0029728031988918,0.010369783564201,0.0051775982095443
2006-06-15,0.0203308851450369,-0.002222907398992,0.0217535745356835,0.0011935072189928
2006-06-16,-0.0026189546798818,-0.0015723555186321,0.0019756411527957,0.000726839015046
2006-06-19,-0.006012891670508,-0.0011222772757358,-0.0172223330737147,0.000946595587268
2006-06-20,0.002241819596931,-0.0015256538520879,-0.0077914794333952,-0.000854458596573
2006-06-21,0.0062489484564998,-3.5265483586697496e-05,0.0103262625538088,-0.0001807084728679
2006-06-22,0.000279681366419,-0.0019367625213976,-0.0007618530050595,-0.0018655563413375
2006-06-23,-0.0001333784237756,-0.0015642229308024,-0.005703780388998,0.0042554139122943
2006-06-26,0.0027899332632333,-0.0005707813225285,0.0010840585492921,-0.000825875517187
2006-06-27,-0.007351507583626,0.0008635062072395,0.0047184255098887,-0.0025165798980585
2006-06-28,0.0037684077597211,-0.0011606546563678,-0.0019603505416826,0.0014809713651596
2006-06-29,0.0189418509341667,0.0015709025649789,0.0133523892825699,0.0015513738832361
2006-06-30,0.0035569207459437,0.0024041707110689,0.0098128937189807,0.0032139433497654
2006-07-03,0.0060878664857992,-0.0014330476029785,0.0025559461721697,-0.0048162921529556
2006-07-04,0.0011739666703875,0.0003755532904194,-0.0006979449942514,-0.003942685317957
2006-07-05,-0.0076844166174787,-0.0032473072507393,-0.0022960147600848,0.0025120479643773
2006-07-06,0.0026040385724119,0.0012520263247994,0.0046798315741418,0.0013927012127406
2006-07-07,-0.0044005386918039,0.0027260366603529,-0.0115718575745126,-9.730369101458929e-05
2006-07-10,0.0029902396302037,-0.0001162841637197,-0.0024214779173805,-0.0009905133129587
2006-07-11,0.0007757124445764,0.0015551888756194,0.0097851584545025,5.837343845653231e-05
2006-07-12,-0.007954185114268,0.0002316606981258,0.0074312654053614,-0.001105498101871
2006-07-13,-0.0160444778669224,0.0014954869419849,0.0174067548527677,8.905596489424352e-05
2006-07-14,-0.0072544499589056,0.0020628754025303,0.0093755671819005,0.0015689274575202
2006-07-17,-0.0020566052303294,-0.0004742679309919,-0.0307684547708,0.0007446949884459
2006-07-18,0.000443609587,-0.0021972534945961,-0.019062897636925,-0.0006169085707082
2006-07-19,0.0144061553855257,0.0025162485981941,0.0042224663848398,-0.0011100302421032
2006-07-20,-0.0019050473296965,0.0014898782186334,-0.0002815840997997,0.0011919510033053
2006-07-21,-0.0079064043304007,0.0001328534162014,-0.001496801112924,-0.0004891117620669
2006-07-24,0.0165718475372792,-0.000514364433339,0.0153501134648483,-0.0051592146191137
2006-07-25,0.0043019414741288,-0.0009827916569558,-0.0082012545614386,0.0044767712939688
2006-07-26,0.001030531263804,0.0009671973149164,0.0119209269853126,0.0029169029106656
2006-07-27,0.0029100599613713,0.0003192409556181,0.0089334865235893,8.010171814804198e-05
2006-07-28,0.0084836978427598,0.0013127946180553,-0.0033118389864388,-0.0021730365451909
2006-07-31,-0.0019295277213427,0.000342554934929,0.0331813549035621,0.0004670015073068
2006-08-01,-0.004129222117462,-0.0001080815357288,-0.0078596656146391,0.0009803824729849
2006-08-02,0.0061024351418477,0.0009285247919479,0.0155846518164369,0.0005915752430443
2006-08-03,0.0002178625604965,-0.0002085657173248,-0.0167372025002096,-0.0006036552716754
2006-08-04,0.0009353990647255,0.0020839630470804,0.0002831394871968,-0.0004908999743637
2006-08-07,-0.0055535218756816,7.325221509908512e-05,0.0024709470500777,5.775108365193591e-05
2006-08-08,-0.0015600280610477,8.98845632940268e-05,-0.000914322814707,-1.6352768544224092e-05
2006-08-09,0.0001098523327091,-0.0006322724366813,0.0127595010460337,0.0040611576227551
2006-08-10,-4.199343593286591e-05,-0.0009275893054839,-0.0191139722379465,-0.0001511554925843
2006-08-11,-0.0016147149362069,-0.0009607702566289,-0.0086439453616347,-0.0025031651932286
2006-08-14,0.0034249197273408,-0.0020361426970804,-0.0172303753489981,-0.0012321053626373
2006-08-15,0.0101547554043173,0.0027396922058738,-0.0016117813879038,-0.000905574963157
2006-08-16,0.007967510769423,0.0029260408621803,-0.0050885599213911,-0.001990661994643
2006-08-17,0.0020592897302377,0.0002750366058672,-0.0183112069186241,-0.0019329430323658
2006-08-18,0.0031371049528061,0.0009630901152236,0.0048658715057324,-0.0004198332389696
2006-08-21,-0.0033237229310209,0.0014260903400923,0.0080410130238223,0.0003563475610703
2006-08-22,0.0015237947527162,0.0007843175269148,0.0106394500867946,-0.0004244861710679
2006-08-23,-0.0037500365914153,-0.0005555069691792,-0.0109604771514419,0.0023937261802688
2006-08-24,-0.0018503971648783,0.0003686283432975,0.0082732044783385,-0.0043714457671663
2006-08-25,0.0012351651420301,0.0021875479069344,0.004181462993084,0.0020893197099211
2006-08-28,0.0033689354924217,-1.6229059175265013e-05,-0.0265553783376881,-0.0022108138902079
2006-08-29,0.0015114124003597,-0.0003517966733393,-0.0044640527370273,-0.0014708508136857
2006-08-30,0.0010651430929692,0.0015838694516135,-0.00803183072719,-0.0028607605407869
2006-08-31,0.0006615763338892,0.0019518346667603,9.65951282724752e-05,0.00256354515931
2006-09-01,0.0044712098820451,0.0003414852486357,-0.0130886045909376,-3.506407966287225e-05
2006-09-04,0.0023811463347492,-0.0005636024167617,-0.0041070172114556,-0.0010725746269039
2006-09-05,0.0007339868567771,-0.0019630505707669,0.0065413853017194,-0.000385358977319
2006-09-06,-0.0091288906217116,-0.0008565096402947,-0.0073086482856497,0.0001810706220477
2006-09-07,-0.006626175599149,0.0002865265848168,-0.0119696843622464,-0.0016058089723101
2006-09-08,0.0022904271257402,0.0006562154971405,-0.0113374326189614,-0.0026574385131599
2006-09-11,-0.001746536214056,-0.0001198706474628,-0.0223939697563664,-0.0016751209228321
2006-09-12,0.0083968002349237,0.0003422721512335,-0.0099731203071535,-0.0008213923877716
2006-09-13,0.0036542515597897,0.0008666817929273,-0.0066852734298911,-0.0003990741870262
2006-09-14,0.0004145504447085,-0.0010236610139705,-0.0213752679810595,0.0018991978354486
2006-09-15,0.0015056142666385,-0.0001171807582058,-0.0055930458951957,-0.0004318853845834
2006-09-18,0.0021673663481265,-0.0011480090737053,0.00684057711653,0.0001171938631577
2006-09-19,-0.0038058697265406,0.0023298657276288,-0.0147087822006103,-0.0040623732275713
2006-09-20,0.0045229556908243,0.0008970256203346,-0.0158803164459681,-0.0070198939889138
2006-09-21,-0.0021789105461322,0.002570425970275,0.0113984048575052,0.0029595406228676
2006-09-22,-0.0054007372149911,0.0032946477911397,-0.0113825034807455,-0.0005473640676012
2006-09-25,0.0050136045223811,0.0016022050882839,-0.0020925720165172,-0.0014740373699688
2006-09-26,0.0079897567077426,-0.0004134883025451,0.0030242347250597,0.0039258249601938
2006-09-27,0.0042105531389082,-0.0008590707455253,0.0073075852752057,-0.0005807857589841
2006-09-28,0.0007735151739521,-0.0010193384108597,-0.0008860551096946,0.0029599220558333
2006-09-29,-0.0004707852936508,-0.0009412391389739,0.0061404996457903,-0.0027490463489386
2006-10-02,-0.0018007513635335,-0.0002115768914764,-0.011516738978206,0.0009129430310457
2006-10-03,-1.926081863049053e-05,0.000355494823569,-0.0166000270336585,-0.0014269939123265
2006-10-04,0.0087037509594368,0.0019158128942272,0.009016986998364,-0.004452093349038
2006-10-05,0.0045727950744793,-0.001765690953254,0.0165742270472614,0.0022956500526096
2006-10-06,-0.0010197247901732,-0.0030371209330482,-0.001112611907135,0.0011590284793872
2006-10-09,0.0003236588173857,-0.00015901825483,0.0134438521113754,0.0084002975324012
2006-10-10,0.0023513102594882,-0.0023695945403271,-0.0127280024563195,-0.0069575839607128
2006-10-11,-0.001315992957404,-0.001767831023521,-0.0058106016031308,-0.0015403003162907
2006-10-12,0.0074259150044739,0.0001606710978643,0.000184058407074,-0.0007071388419417
2006-10-13,0.0029744810810427,-0.0015326118635596,0.0114508146153715,0.0047146961860144
2006-10-16,0.0024888290736657,3.756931530894842e-05,0.0213318780135595,-0.0018159526201558
2006-10-17,-0.0051623413048204,0.0007892985717811,-0.0072354650668853,-0.0021632891385391
2006-10-18,0.0022432924733063,-9.492378696842596e-05,-0.0069055286051656,2.137456467695301e-06
2006-10-19,0.0006045575335326,-0.0008504078793127,0.0124896863469576,-0.0016716300793185
2006-10-20,0.0012905984535208,-6.719094326985105e-05,-0.0060648084626091,0.0006975519194655
2006-10-23,0.0045846193580099,-0.0018985607910381,-0.0071240493782537,-0.000498862363006
2006-10-24,0.0020199274739895,0.0002503445764993,0.0089129368404132,0.0012199910426024
2006-10-25,0.0029897643051472,0.0018133571615509,0.0235939582319046,0.0031059952148673
2006-10-26,0.0025472729613043,0.0029669598005859,-0.0100881786334398,-0.0008601039955596
2006-10-27,-0.005505035401815,0.0018945336857328,-0.000652301761352,-0.0036066605007509
2006-10-30,-0.0026216102992929,0.0004888629953615,-0.0263192579198721,-0.000891800251682
2006-10-31,-0.0002299086026188,0.0029269257545999,0.0013290547820155,-0.0028187451978422
2006-11-01,-0.0045261754690481,0.0016882848408134,0.0056081281257525,0.000444338349669
2006-11-02,-0.0013460824268118,-0.0012677969811988,0.000920076419239,0.0032733297513169
2006-11-03,-0.0005356794885774,-0.0042866311286214,0.0114036005482398,0.0036831240453625
2006-11-06,0.0105437198633384,-0.0009186313885527,0.001040785876473,0.0001229540020729
2006-11-07,0.0038853029383715,0.0022021301448085,-0.0018789777401108,-0.0032784331720375
2006-11-08,0.000187748634736,0.0013194519430234,0.0066055064552884,0.0011733832309147
2006-11-09,-0.0037017348225961,0.0006842590096526,0.0157890528521844,0.0001672757711399
2006-11-10,-0.0009594006822778,0.0015673840154018,-0.020046105621113,-0.00156714219131
2006-11-13,0.0020505448957791,-0.0003012533861199,-0.008905762802539,-0.0042956033672999
2006-11-14,0.0055316616963398,0.0002676699667424,0.0020509687488307,-0.0001243493710132
2006-11-15,0.0033586613439588,-0.0015776697384912,0.0086738477818147,0.001929446080045
2006-11-16,0.0013731058939589,-0.0014968963333378,-0.0208852430899044,-0.0044625956702012
2006-11-17,-0.0018258594699849,0.0019083976397257,0.0069367397226741,-0.0028526233865066
2006-11-20,-0.0011547493051304,0.0011207778948714,0.0004475448896882,0.000895866761674
2006-11-21,0.0012698586745917,0.0005587394212165,0.0145923197014141,-0.0011466324449221
2006-11-22,0.0017867534901691,0.0004843635849923,-0.0140559205909777,0.0005610412317325
2006-11-23,-2.347460777000048e-06,-0.0002223959827826,0.0014607617896837,0.0047295312209706
2006-11-24,-0.0050953082854677,0.0008388721179187,0.0067526593504391,-0.0019985611316118
2006-11-27,-0.0119505513821881,8.987068985223529e-05,0.0108970253258662,-0.0005445132520328
2006-11-28,0.001213031019863,0.0014192220096947,0.0072909542108029,-0.0019278863879546
2006-11-29,0.010812248914119,-0.0012435552029289,0.0162126678222888,0.0013242602495937
2006-11-30,2.657232314426749e-05,0.0026195765630713,0.0098069831503066,-0.0009641410994712
2006-12-01,-0.0030074221612423,0.002359360299661,-0.0069467272800773,0.0018651936745287
2006-12-04,0.0060405558952438,-0.0003912931237253,-0.0230194935189331,-0.0023453063400626
2006-12-05,0.0050473089460551,-0.0002327702584758,-0.0006986949900262,-0.0001602969193302
2006-12-06,-0.0004302051976668,-0.0017001442017372,-0.008669153815579,-0.0008428969171646
2006-12-07,-0.0017061933546704,-0.0009248755125864,-0.002226538808007,-0.0024106300408037
2006-12-08,3.314919340542597e-05,-0.0028709136637851,-0.0047656054421095,0.0046831675228229
2006-12-11,0.0042338934901838,0.0013388377671527,-0.0054903727497656,-0.0009176479334368
2006-12-12,9.243683254161752e-05,0.0013966634800819,-0.0040452183985184,-0.0025844071359193
2006-12-13,0.0020488133020425,-0.00249799325021,0.0046181266227784,0.0015458262671653
2006-12-14,0.0079746684950676,-0.0013347537630376,0.008009509024183,3.2633425967360383e-06
2006-12-15,0.0008116861615692,-0.0009803752754174,-0.0040745658318619,-0.0049678653106928
2006-12-18,-0.0017069848810008,-0.0004770607466412,-0.0183252392791295,-0.0049268508206801
2006-12-19,-0.0014935878293842,0.000218318714895,0.0057915691842643,0.0033253645128761
2006-12-20,0.0011090843245351,0.0005031589757434,-0.0039517891766246,-0.0019228521084788
2006-12-21,-0.0028802903466649,0.0014844224357542,-0.00706586166789,0.000170253440774
2006-12-22,-0.0055298887076706,-0.0022374466926299,-0.0022110610089344,0.0015528036836406
2006-12-25,-3.7357685564000746e-05,1.548521017125447e-05,,-0.0025042997849491
2006-12-26,0.0043974355221976,0.000646844956691,-0.0194329515671066,0.002035077257114
2006-12-27,0.0075020286058474,-0.0033445844748218,-0.0059915237991966,-0.0042401850906452
2006-12-28,-0.0014421540090785,-0.0017300858552032,0.0041960565286432,0.0027264924314878
2006-12-29,-0.0029003259013609,-0.0005790529681635,0.0035664542567186,-0.0029030995232251
2007-01-02,0.0024263922956339,0.0006699435847863,-0.0033450562584981,0.0016358133288466
2007-01-03,-0.0018230705717419,0.0005766654382312,-0.0296968110127487,-0.0009735967670628
2007-01-04,9.908265816683468e-05,0.0011080506384366,-0.0204493946515035,-0.0032367735814921
2007-01-05,-0.0082775626323863,-0.0011255046032069,0.0003574458361775,-0.0004812457663993
2007-01-08,0.0023904798130532,-0.0003013124147444,0.0016361181896264,9.768628629684098e-05
2007-01-09,4.261705516197236e-05,-0.0003061816880113,-0.003146022666377,-0.0003337214304426
2007-01-10,-0.0009427528247576,-0.0008631548644678,-0.0034535748203849,0.0004979002218514
2007-01-11,0.006120166561651,-0.0017158559671628,-0.0195482144556707,0.0029376103430767
2007-01-12,0.0066589921895248,-0.0015773036049389,0.0194350392879935,-0.0019342530704279
2007-01-15,0.0021296459039283,0.0001451386941925,-2.5055350505327897e-05,0.0044801747046812
2007-01-16,-0.002140987373646,0.0008386036800154,-0.0141961280904792,-0.0020706562234112
2007-01-17,-0.0004613508881053,-0.0002114931644072,0.0019153160057593,-0.0002441362841825
2007-01-18,-0.0023825238445301,0.0003322652947669,-0.0094765750455358,0.001158314686801
2007-01-19,0.0031148293667169,0.0001262749954703,0.0279318597287302,-0.0005314652091609
2007-01-22,-0.0030215165580909,0.0008219029359832,0.0059574758605859,0.0019655311162927
2007-01-23,0.0026075506383416,-0.0012280261337814,0.026431340000152,0.0008433351363902
2007-01-24,0.007753245179312,-0.0001335945196253,-0.0034972684312762,0.003302611001721
2007-01-25,-0.0091739385057031,-0.0021092133144819,-0.0150228806682342,0.0011003576515069
2007-01-26,-0.0024173910812198,-0.0005300554413687,0.0127422251044855,-0.0015624603849735
2007-01-29,0.0003232603917037,-0.0011305840866179,-0.0196564551637674,0.0045965049642519
2007-01-30,0.0051913312817439,0.0005915692738406,0.0394533028847603,-0.002232565037589
2007-01-31,0.0027053131263288,0.0016871154050487,0.0111398122453147,0.0014270109399181
2007-02-01,0.0066760727567349,-0.0005645116733034,-0.0091644638996296,0.0029854133793758
2007-02-02,0.0019928565069601,-7.220580970623268e-05,0.008054780042334,-0.0022272356020314
2007-02-05,-0.0004925280192435,0.0010173563973173,0.0013742376325582,0.0004940784680275
2007-02-06,0.0007429831522111,0.0011436341457163,-0.0008425880979693,-0.0041435424431729
2007-02-07,0.001300957369716,0.0009840910877925,-0.0068205348526759,-0.0031807567131482
2007-02-08,-0.0016604957280428,0.0004680576085216,0.0171411803478774,0.0014070888128225
2007-02-09,-0.0035941759503246,-0.0014282686080934,0.005298592349013,0.0006955368425331
2007-02-12,-0.0038465669910213,-0.0008494784004751,-0.0278642134833592,0.0016597630977931
2007-02-13,0.006641774310901,-0.0011532545890553,0.0181975037816493,-0.0017847663779382
2007-02-14,0.0064659244327689,0.0029078408499888,-0.0121029389822852,-0.0009883405877082
2007-02-15,0.0015374462454452,0.0010941515708919,0.0031133062502594,-0.003518597749858
2007-02-16,-0.0006256133250159,0.0010083693302262,0.0156777498366468,0.0024813363499488
2007-02-19,0.0009005012638058,-0.000182040525104,-0.0019529105343173,0.0021666894136558
2007-02-20,0.0007689812246639,0.0004682207616482,-0.0053612665923132,-0.0044559638756113
2007-02-21,-0.0019032438605119,-3.372438958040021e-05,0.0180191347681725,0.0066335670894055
2007-02-22,0.0005993219175299,-0.001204442508198,0.0156460614540605,0.0023543844856921
2007-02-23,-0.0015680074004019,0.0017207947616994,0.0066357204628401,-0.0025728934253593
2007-02-26,0.000593964143032,0.0022200766030057,0.0007442869758878,0.0016470660381483
2007-02-27,-0.0342450195075327,0.0047027064200405,-0.0065476758363609,-0.0016707751661707
2007-02-28,0.000930620427842,-0.0010043902962017,-0.0045889990355709,-0.0031500291143901
2007-03-01,-0.0043388553030276,-0.0001876739042741,-0.0027441904433383,0.005465854343923
2007-03-02,-0.0112769055644423,0.0014218308030895,-0.0078254133850346,0.0012526160135037
2007-03-05,-0.0117491155362671,0.000797031512536,-0.0138147064271759,-0.0030906389804802
2007-03-06,0.0152146907208063,-0.0006742259017657,0.0106400148274733,0.0006799617801751
2007-03-07,6.00931433546915e-05,0.0010958492517281,0.0108903863056716,-0.0012422161832723
2007-03-08,0.0095405590087081,-0.0001963377301137,6.434954249206039e-05,-0.0015717467000633
2007-03-09,0.0009177590931296,-0.0028727190296398,-0.0142963565442007,0.0018827948659196
2007-03-12,0.0015958786184645,0.0011477315490248,-0.007719808873527,-0.0034485643852236
2007-03-13,-0.0169937372567771,0.0027108799310123,-0.0042817937722213,0.0063094838471609
2007-03-14,-0.0027773659428366,0.0002241217083488,0.0027596882874594,-0.0044686677385987
2007-03-15,0.0054666164563304,-0.0010774464652861,-0.0035086116472858,0.0025878745916342
2007-03-16,-0.0024574452859418,-0.0002403326949409,-0.0007883155150736,0.0016879126272115
2007-03-19,0.0128410309192001,-0.0012094985071271,-0.0005517929980784,3.380508386180736e-05
2007-03-20,0.0054162719170861,0.0006629693133608,-0.0008565157540442,0.0033032190494964
2007-03-21,0.0115599510229538,0.001159579436137,0.006909674911355,0.0035901822242112
2007-03-22,0.0041470252522056,-0.0022568010303394,0.0193321389104044,-0.0008389634501374
2007-03-23,0.0024128336603115,-0.0018506801070654,0.000347829412146,-0.0027048064419742
2007-03-26,-0.0022013256779595,0.0002266072636642,0.0070787070772543,5.668634359241696e-05
2007-03-27,-0.0024574181096244,-0.0006246800554094,0.0037351230435947,0.0023738628109786
2007-03-28,-0.007583387656547,-0.0005564643624031,0.0106881668459893,1.5801946582010715e-05
2007-03-29,0.003735244244073,-0.0004828068494719,0.0122136073600859,-0.000573444629787
2007-03-30,-0.000229601717819,-0.000776810257823,-0.000127405764075,-0.0017516592122345
2007-04-02,0.0002422173625241,0.0002078591069411,-0.0013656692003635,-0.0010602387941061
2007-04-03,0.0103219955115137,-0.0011994645040952,-0.0102030667781099,-0.001673299001987
2007-04-04,0.0028554334848778,0.0002470993451426,0.0111868911506895,-0.0003335358719642
2007-04-05,0.0023054994679624,-0.0007866811481222,0.004080694537389,0.0032203227309231
2007-04-09,0.0018521539158306,-0.0001492075954811,-0.0110265200926404,0.0002375072060736
2007-04-10,0.0016903294453699,0.0004631977547899,0.0133653044280205,0.0031435292390313
2007-04-11,-0.003855404331821,0.0001193475000603,9.128165180757864e-05,0.0001317778892781
2007-04-12,0.0025838039209961,-0.0006375524694956,0.0061996980207348,0.0006937635480269
2007-04-13,0.0037664385535439,-0.0011619811937666,9.685380994178208e-05,-0.0001245171630258
2007-04-16,0.010501347013033,0.000176081788171,-0.0139748746313484,-0.0012143812611807
2007-04-17,0.0012290060499699,0.0017805834532902,-0.0097595534223941,-0.0019257314550433
2007-04-18,0.0001408020432157,0.0010760031264792,-0.0001701766657831,0.0040114824807951
2007-04-19,-0.0023536307750407,0.0001096444218077,-0.0028917973201178,-0.0061539249227341
2007-04-20,0.009090782156432,-0.0004241745239638,0.0046947145037163,-0.0002918348068936
2007-04-23,-0.0021238529077785,0.0009025004654676,0.0142182690368209,0.0017162462524721
2007-04-24,-0.001453836375573,0.0015041289724193,-0.0091470109128729,-0.0001191983646822
2007-04-25,0.0063608732014399,-0.0004705520814471,0.0136431243258934,0.0009876248534999
2007-04-26,0.0020420166667721,-0.0017265024427053,-0.0116262290586201,0.0004299506947612
2007-04-27,-0.0015936872855628,-9.998129193649113e-05,0.0131253000819249,0.0011838433748958
2007-04-30,-0.0061901751679313,0.0029707402012974,-0.0033204747796712,0.0014763589199435
2007-05-01,0.0010549571463724,-0.0002038181262873,-0.0047405646695943,-0.0020446737937852
2007-05-02,0.0061417086652472,-0.0008802802821679,-0.0063495976472239,0.000208218612757
2007-05-03,0.004147710437014,-0.0012147366128217,0.0054307958704988,5.819535731273936e-05
2007-05-04,0.0048908472690471,0.0014337739696813,-0.0006056459553572,-0.0017187482850826
2007-05-07,0.0013028254576411,-0.0002211913222893,-0.0105991114458266,-0.0034299237203444
2007-05-08,-0.0025289653115826,0.0001565092157037,-0.0021313606256294,0.002111555074274
2007-05-09,0.0021012996143081,-0.0017300468877917,-0.0017118414718758,-0.0002844251696761
2007-05-10,-0.0083648158857943,0.0004775202419653,0.0014506945289919,-3.38308283596125e-05
2007-05-11,0.0064291584169685,-9.503377935608462e-05,0.0146994839261741,0.0014772214325293
2007-05-14,-0.0010206828006051,-0.001390965283182,-0.0031179158215266,-0.0014643026854337
2007-05-15,-0.0001935212059595,-0.0011301730966448,0.0058326252293422,0.001680740276237
2007-05-16,0.0040361786149069,0.0003447872394107,-0.0020092881338146,-0.0040705222366258
2007-05-17,-0.0003707741644496,-0.001320109547307,0.0135029100335769,0.0002340106035047
2007-05-18,0.0071497482253954,-0.0017137003658327,-0.0038433974359368,0.0017910418259924
2007-05-21,0.0007889119674801,8.570433113494461e-05,0.0090116352580688,0.0007449250167048
2007-05-22,-0.0011124654057227,-0.0011049936580762,-0.014936337959116,-0.0007139980568654
2007-05-23,0.001485405174365,-0.0019295918545303,0.0017976770402336,0.0012843355159846
2007-05-24,-0.0088217540335196,-0.0002601966644287,-0.0040551187951765,-0.0010026390001488
2007-05-25,0.0021487395136796,-0.0007173666361041,0.0066298348347667,0.0053509669835598
2007-05-28,0.0008415341780644,-9.377241127568856e-05,-0.0027586890767114,-0.0010080845343363
2007-05-29,0.0029671907628493,-0.0013403292811553,-0.0158890671698682,0.00050595840046
2007-05-30,0.0045619480580448,8.02636486540432e-05,0.0066381444537523,0.0001068628536024
2007-05-31,0.0022499892202042,-0.0006763040611325,0.0051875184315905,-0.0010113143824618
2007-06-01,0.0053134378269447,-0.0030117985238269,0.0090644567559261,-0.0006676173822992
2007-06-04,3.638806003913739e-05,0.0005377348498193,0.0143161836351768,6.214136383030563e-06
2007-06-05,-0.003474003790684,-0.002328529432602,-0.0044805271424025,0.0013537746479556
2007-06-06,-0.0116780573692987,0.0008710386108908,-0.0022832468201014,0.0002615570608998
2007-06-07,-0.0151198614596,-0.0048649775136356,-0.0012780154301797,0.0007146917732647
2007-06-08,0.0072195725376015,-0.0018336671087726,-0.0224451651255402,0.0053538994636768
2007-06-11,0.0032776739511472,-0.0005231616588999,0.011959454257594,0.0027363118231661
2007-06-12,-0.0092540823231122,-0.0038179793380216,-0.00436417675282,-0.0033032200585928
2007-06-13,0.0107999177784906,0.0001019043645833,0.007032706640917,0.0037328435468995
2007-06-14,0.0085816679234068,-0.0003232515795078,0.0171951781080499,-0.0003601216316977
2007-06-15,0.0069915426601462,0.0020240258034682,0.0085698410284911,0.0022495235854128
2007-06-18,-3.200935475597264e-05,0.0012620466953463,0.0007782963682746,-0.0037690545084778
2007-06-19,0.0006651471535592,0.0018015888636357,-0.0126464412483763,-0.000700189501287
2007-06-20,-0.0093697733235952,-0.0009316427851126,-0.0051516469596783,-0.0006624010252094
2007-06-21,0.0024775000885468,-0.0014660635722897,-0.0040700489883038,-0.0004242833400436
2007-06-22,-0.0080471463681302,0.0011660397605741,-0.0055282799434061,0.00410652928179
2007-06-25,-0.0041833649266263,0.002521562892632,-0.0043533829073014,0.001161323299155
2007-06-26,-0.0093259337636129,-0.0004262689031059,-0.012015892220457,-0.0011962782520918
2007-06-27,0.0077910492715049,0.0017959297646798,0.0051524304789676,0.0012973072584996
2007-06-28,0.0017164128847309,-0.0021005561778038,-0.006057157727156,-0.0022698134505725
2007-06-29,0.0017275092555825,0.0030088238442809,0.0091930747291415,9.16192323467112e-05
2007-07-02,0.0067227710136353,0.0014395700525921,0.0058739096511368,-0.0017025831819308
2007-07-03,0.0043441249667595,-0.0018241832556715,6.887619503009103e-05,-0.0001583978982396
2007-07-04,0.000566993149512,-0.0004727914639834,0.0011363937199668,-0.0005980229522162
2007-07-05,-0.0016775437685266,-0.0039804393255877,0.0023716224704399,1.9998633274226448e-05
2007-07-06,0.004591942269398,-0.0022546101142971,0.0030150248170234,0.0022543250837253
2007-07-09,0.001672413969395,0.0009242641851152,0.0008160757279046,0.0008927112038549
2007-07-10,-0.01232002588127,0.0045658453914122,0.0126659253778269,-0.00063088384192
2007-07-11,0.0033022694966158,0.0003511373858775,-0.0037631606158064,-0.0004418305058591
2007-07-12,0.0139104799694855,-0.0021101006457469,0.0013836444356858,-0.0015021240556152
2007-07-13,0.0040141334382679,-0.0004971341285094,0.0072851346667621,0.0008394848836533
2007-07-16,-0.000299335774985,0.0025791643183952,-0.019054729528341,-0.0011945599341451
2007-07-17,-0.0015788832080946,-0.0012766568015268,-0.0096760258004943,-0.0009337624887016
2007-07-18,-0.0047772570071304,0.0033170545293462,0.0181577315545348,0.0007537644557337
2007-07-19,0.0048416340834439,-0.0005208516737131,0.0105032232872074,-0.00044727446231
2007-07-20,-0.0084530777946651,0.003632302077538,-0.0061907321788819,0.0004121143126671
2007-07-23,0.0018628257969253,0.0003658270168038,-0.0213814472878952,-0.0013174704080721
2007-07-24,-0.0150750715201424,0.0005720711011381,-0.0103053007252504,-0.0010606837191672
2007-07-25,-0.0018465289092007,0.001604612239661,0.0068850283386198,0.0034646394563841
2007-07-26,-0.0231315891208909,0.0050017055347714,-0.0042025027052094,-0.0002783058652028
2007-07-27,-0.0177439707832399,0.0009180406173523,0.0094623817011781,0.0018013226201959
2007-07-30,0.0115838183107515,-0.0009635043258663,0.0067835690127653,0.0009200158088126
2007-07-31,-0.0051459861938424,0.0006469703901336,0.0049553708671502,0.0012610957382958
2007-08-01,-0.0019570283109747,0.0009367537204847,-0.0083439430008621,-0.0029084166424541
2007-08-02,0.0076103916358921,-0.0006207729582817,-0.0040309093748704,-9.873561946544214e-05
2007-08-03,-0.0208277354747011,0.0026778118237674,-0.0061438101903654,-0.0025453760962859
2007-08-06,0.0095179048776001,-0.0003383820996531,-0.018632636638119,-0.0044591862791532
2007-08-07,0.0100501647381624,-0.0005426562838028,0.0039782778625928,0.0009747419268953
2007-08-08,0.0153907808256382,-0.0046497290833454,0.0006138165058257,0.0012280499801372
2007-08-09,-0.0246788760247791,0.0024036225194657,0.001931546703877,-0.0026167038426437
2007-08-10,-0.0114066503368242,0.0024469851864843,0.0034599459918896,-0.0009903864286563
2007-08-13,0.0062722137559256,0.0002581704314562,0.001767011101503,0.0001235132852484
2007-08-14,-0.012554815945994,0.0019363387298067,0.0009296911134673,0.0017515515055105
2007-08-15,-0.012451854292596,0.002760343037427,0.0028418445963502,-0.0006563880099201
2007-08-16,-0.0034379837844963,0.0038168323853367,-0.0296582919055693,-0.0014907840559161
2007-08-17,0.0130643584223456,0.0006859949246293,0.0164686253971862,-0.0078123305365193
2007-08-20,0.0041721067860865,0.0002674518979504,-0.0263097256393654,0.0079720449706628
2007-08-21,0.0020031814429773,0.0022206642684038,-0.0108081168492022,0.0025358761380946
2007-08-22,0.0128952263316918,-0.0021207229094714,-0.0012326123571586,2.128372131026117e-05
2007-08-23,0.0018915030647951,-0.0007279013644883,0.0095871246982454,-0.0032623111718075
2007-08-24,0.0079726330690984,-0.0005226211055271,0.0065621233404165,0.0008146335367056
2007-08-27,-0.0055559226796463,0.00078290158747,-0.0020506249445894,0.0072079532916405
2007-08-28,-0.0188087808960758,0.0033165992591169,0.0013615379090822,-0.0092169813397822
2007-08-29,0.0133677575597327,-0.0004518573043623,0.0053661292758999,-0.0037103337756223
2007-08-30,0.000997868894415,0.002156605623981,0.0025281380352268,0.0006165554184209
2007-08-31,0.0120894391839798,-0.0027179786145337,0.0005789813243555,-0.0003139094543528
2007-09-03,0.0001274270346721,-0.000543962043663,0.0002426505459951,-0.0006697820825498
2007-09-04,0.0067373510296842,0.0001444049075818,0.0135558273693657,0.0033894634917543
2007-09-05,-0.0101072115550169,0.0041139212016734,0.0036923294812087,-0.0004740833396776
2007-09-06,0.0023154001686604,-0.0006463281796995,0.0016357982652641,-0.0001012011514627
2007-09-07,-0.0141172652936955,0.0055850299553671,0.0004181266143495,-0.0018227988858433
2007-09-10,-0.0051164850170906,0.0028553235324381,0.0105256007481411,0.0004808214499948
2007-09-11,0.0119669439630058,-0.0021169603636123,0.0086233545048784,-0.0013111228202166
2007-09-12,0.0025377548297238,-0.0009450477267388,0.0208744096162691,0.0032802714426451
2007-09-13,0.006185554568537,-0.0027057758269088,-0.0058058087025074,0.0019489141884768
2007-09-14,-4.6672484933931975e-05,0.0006116232233934,0.0034097171689008,0.001039393088088
2007-09-17,-0.0063488509772516,-0.0001593360251701,0.0139329195474369,-0.0006219959109412
2007-09-18,0.0219339638816236,0.0001095622245456,0.0035190860676173,-0.0008018195844827
2007-09-19,0.0123329437147061,-0.0027201045889035,0.0025671836007146,0.0027118700649286
2007-09-20,-0.0057813397432229,-0.0054407311214087,0.0086480016010083,0.0017823091035746
2007-09-21,0.0014779841067395,-2.1853314510946823e-05,0.0005706898516889,-0.0008661839995835
2007-09-24,-0.0007316106502256,9.86489447454484e-05,0.0036523549408385,-0.0019426365204326
2007-09-25,-0.001905153921335,0.0007102579712269,-0.0103460145728918,-0.0054284948270866
2007-09-26,0.0047952597907892,-6.885532415559786e-05,0.0007699921672743,0.0016882678285533
2007-09-27,0.0068649090100928,0.0008854020939659,0.0145863489363597,0.0005775524868491
2007-09-28,-0.0032435040322726,0.0009314982641559,-0.0085694307447965,0.00103117778776
2007-10-01,0.0099440429930701,0.0006873731342989,-0.0039163953085708,-0.000198609038908
2007-10-02,0.0011597162984912,0.0009100267412233,-0.0024733279089969,-0.00027778285901
2007-10-03,-0.0015991287831079,-0.0007528374548316,-0.0007955075401637,0.0006861006910829
2007-10-04,0.0002790232253509,0.0005270433393831,0.0090252641335714,-0.0013333643815637
2007-10-05,0.0098342434654693,-0.004174648286517,-0.0036146425329965,0.0023109572474348
2007-10-08,-0.0038229116321747,-0.0001295786746362,-0.0217825733866697,0.0015644479052126
2007-10-09,0.0076220386194883,-0.0004515632324841,0.0086256055387699,-0.0024103684471012
2007-10-10,-0.0008623790871589,-0.0006026949518785,0.0109574077277133,0.0003372364693703
2007-10-11,-0.0008871641402902,-0.0005445363513358,0.0108466144140128,0.0010662546957537
2007-10-12,0.0033653820864328,-0.0007231279862875,0.001669699545496,-0.0003989613272915
2007-10-15,-0.0075633592864089,0.0002176170272091,0.0193276480595266,0.0001993956553943
2007-10-16,-0.0085541283394483,0.0012793163691922,0.0026068901047679,-0.0006146682266716
2007-10-17,0.0028388381388155,0.0049349837727789,-0.0002806009027909,-0.0001500101121664
2007-10-18,-0.0027578107710391,0.0021199537282152,0.010319712769387,-0.0017199185266859
2007-10-19,-0.021639349250423,0.0044226823432514,-0.0103786721919057,-0.0006695021406487
2007-10-22,-0.0007702328695303,0.000606560791969,-0.0111713806783673,-0.0009536548438457
2007-10-23,0.0074932505914294,-0.0002683809929723,-0.0046420275141372,-0.0008991343671224
2007-10-24,-0.0030013397848013,0.0031432628403537,0.0077316366177039,-0.0012688869205798
2007-10-25,0.0031301679182651,-0.0007833689748023,0.02176570708106,0.0041463293221848
2007-10-26,0.0110555630560631,-0.0016973649446318,0.0088654029929248,0.0011822489649553
2007-10-29,0.0050528852938891,0.0004306835778753,0.0139663318357047,-0.0011856108684417
2007-10-30,-0.0065186665566059,-9.17704785006928e-05,-0.0151202559035471,-0.0005444062894788
2007-10-31,0.0105596424545841,-0.0035108726888169,0.0247853758869966,0.0015128659881505
2007-11-01,-0.0199794704109572,0.0024532544910991,-0.003081077084741,-0.000259864058823
2007-11-02,-0.0026032630760297,0.0041033370652623,0.0108461247036714,0.0034559291012948
2007-11-05,-0.0083988926492834,-0.0009861676469727,-0.0133323419954063,0.0012268682943666
2007-11-06,0.0099008387655848,-0.0010286063560024,0.0149025182523156,0.0042064420859367
2007-11-07,-0.0211867112801434,0.0019287951095827,-0.0062241276574737,0.0002817197676371
2007-11-08,-0.0066912616328075,0.003008009125669,0.0004062632198148,-6.915024659363553e-06
2007-11-09,-0.0137457297515612,0.0022191087727165,0.0055219292817465,-0.002891364728073
2007-11-12,-0.0092824005656345,-7.566952402394424e-05,-0.0121290881381046,0.0017163099647164
2007-11-13,0.0204703121661434,-0.0009226695269634,-0.0151790621227438,0.0020982417124709
2007-11-14,0.0020993130688607,-0.0013050556103356,0.0151953519247382,-0.0023835380375443
2007-11-15,-0.0125807397844607,0.0045164566931997,-0.0112248758590978,-0.0032056274023781
2007-11-16,-0.0018786775044458,0.0010071722375989,0.0115434464961519,0.0002215736033462
2007-11-19,-0.0153190179321762,0.002916684392426,-0.0068009525738733,0.0006391497117973
2007-11-20,0.0072406565880626,0.0003714963612054,0.0135571512011136,0.0029362316677712
2007-11-21,-0.0196148626999764,0.0020850269322793,-0.0030322810165979,-0.0007120297233672
2007-11-22,0.0007666629053068,0.0003544910536101,-0.0010719673512381,-0.0068167503656388
2007-11-23,0.0146180800421956,-2.7471866882661603e-05,0.0130803415580778,0.0063995718216752
2007-11-26,-0.0150625602094676,0.0043744368594776,-0.0011835311443417,0.0022890552766553
2007-11-27,0.0084940869101516,-0.0029585296776898,-0.0191845804805364,-0.0024795312223812
2007-11-28,0.0259693906615137,-0.0030354271865669,-0.0185699407125136,-0.0046736420947723
2007-11-29,0.0038627466464545,0.002926078738886,0.0002322809301905,-0.002346088632181
2007-11-30,0.0093135148241703,-0.0007344560818027,-0.0153214524016552,0.0011508085945161
2007-12-03,-0.0054570066555708,0.0040090231057993,-0.0012290133597117,-0.0018230260402285
2007-12-04,-0.0087222823044662,0.0012198593496172,-0.0013028864154461,-0.0036882369455854
2007-12-05,0.0160252097882688,-0.0007712383431042,-0.0021761656744388,-0.0020687570020965
2007-12-06,0.0109796583177792,-0.004010871724616,0.0126451992837014,-0.0026226765402925
2007-12-07,0.001307248704574,-0.0046964864415217,-0.0043406400628994,0.0036566293889035
2007-12-10,0.0063731441874602,-0.0014651719374721,-0.0033290730928827,0.0001682333753432
2007-12-11,-0.0184710503170711,0.0054117824295981,0.0105388574718362,0.001567644438392
2007-12-12,0.0053123847656056,-0.0027170630081333,0.0291950549591811,0.0012093288934872
2007-12-13,-0.0075055890106717,-0.0023869693183371,-0.0143764650937037,0.0022133830113801
2007-12-14,-0.0092365697346743,-0.0026768956965707,-0.0043973301742989,0.0018378448729311
2007-12-17,-0.0162291708756625,0.001951984011774,-0.0035494336940417,-0.0005874027650096
2007-12-18,0.0036758795213785,0.0026954093104628,-0.0027558189106464,-0.0010747803712296
2007-12-19,-0.0014173060076958,0.0023839357493445,0.0091288372222118,0.0001069616083066
2007-12-20,0.0047878954231472,0.0018446074215106,-0.0026429709045066,-0.0035827939090074
2007-12-21,0.0159086860762631,-0.0058922855215438,0.0130201060951569,0.0020604832959353
2007-12-24,0.0047666144550587,-0.0014660925559814,-0.0007947480278066,0.0010712772888116
2007-12-25,0.0013351227154047,-0.0006733621510733,,0.0026826187266199
2007-12-26,0.0017999316949382,-0.0017863272024308,0.0124720287951865,-0.0027400776405438
2007-12-27,-0.0092120770940722,0.0023754672593804,0.0045967159799513,-0.0004836673227561
2007-12-28,-0.0034458212181552,0.0045136684506051,-0.0024600980092193,-0.0032813106013942
2007-12-31,-0.004095432673222,0.0023921210568061,0.001184062326071,0.0054548924200514
2008-01-02,-0.0103560652552189,0.0052199105093816,0.030084993515444,-0.0004043642935799
2008-01-03,-0.0004075234909437,9.645376524359392e-05,0.0021182030478804,0.001334497442051
2008-01-04,-0.0229091598420163,0.0040754822438673,-0.0057277833294915,-0.0044010080070222
2008-01-07,-0.0027427450420034,0.000866947187349,-0.0133378581864432,0.0011640677161171
2008-01-08,-0.0106589055732189,-0.0003644337997807,0.0161364479099022,-0.0011387750617175
2008-01-09,0.0058184155880344,0.0020578829598911,-0.0044769067004956,-0.0057360563120793
2008-01-10,0.0024475495768195,-0.0023000173617279,-0.0097044380444529,0.0006386372745218
2008-01-11,-0.0088305802036186,0.0031056987424766,-0.0001785750847842,0.0016195045305553
2008-01-14,0.0068057788348072,0.0004709685247214,0.0134471431737184,0.0021725999018008
2008-01-15,-0.0228859494783094,0.0026722477915709,-0.0137995319372375,-0.0022575977467703
2008-01-16,-0.0117405794790478,0.0004479568711939,-0.0130859427764363,-0.002226717708209
2008-01-17,-0.0191720500915179,0.001914287820294,-0.0023644716364143,-0.0025193987324583
2008-01-18,-0.0094479382235589,0.0005216284078785,0.0022784971765803,0.0007661929319836
2008-01-21,-0.0158299504967036,0.0011280864178792,-0.0070894001160002,-0.0003192584225917
2008-01-22,-0.0091554273203939,0.0045018251716717,-0.0082207590859455,0.0006662440393228
2008-01-23,0.0137249730746664,0.0021355162236201,-0.0200983979385632,-0.0043571517887225
2008-01-24,0.0174287376313524,-0.0083552715826063,0.0231419986676167,0.0063774185792936
2008-01-25,-0.0052961047495765,0.0003037889009813,0.0156186043471518,0.0017440195711499
2008-01-28,0.0062423333175096,0.0012345399602076,0.0072362262273528,0.0006232120237497
2008-01-29,0.0080196844746357,-0.0034120240227099,0.0059006073153123,0.0041233558597398
2008-01-30,-0.0082543660623876,-0.0018672334022028,0.0035451144484126,0.0019047028933816
2008-01-31,0.0163137245700755,0.0037137816219439,0.0011993797846139,0.0006338075671609
2008-02-01,0.0129632976502465,0.0017178836372433,-0.0182637111734116,0.0075750563741649
2008-02-04,-0.0064898954158314,-0.0020200070377468,0.0112571426524256,-0.0086719552090891
2008-02-05,-0.0254879284295916,0.0032793146384443,-0.0093699679191725,-0.0041883218596441
2008-02-06,-0.0096807764531887,0.0004385360015,-0.000997842050762,0.004355727674268
2008-02-07,0.0020578702600099,-0.0035210370726909,0.0098941416507897,0.000619612126623
2008-02-08,-0.0052474490994262,0.0023927065741524,0.0271116857419541,0.0019943962589173
2008-02-11,0.0021122865198085,0.0009775455175993,0.0122852100531489,0.0005929872169837
2008-02-12,0.0117847310447642,-0.0026952715963396,-0.0078022405664639,0.0034819608799262
2008-02-13,0.0082734732770862,0.0001359171738637,0.0004984398655332,-0.0034174273237536
2008-02-14,-0.0033760852053975,-0.0043150381716009,0.0223483372085755,-0.0014475260121656
2008-02-15,-0.0030432315304171,0.0013161285208378,-0.0028759968191876,0.0021112733529123
2008-02-18,0.0034154638749236,-0.0005135049677287,0.0019878810219789,6.896404225839069e-05
2008-02-19,0.0042665656531604,-0.0037412558585951,0.0306664325134732,0.0043811495739335
2008-02-20,-0.0033661315224716,-0.0010064095158321,0.0005718346153029,0.0050140521930346
2008-02-21,-0.0022192087544606,0.0040712403834803,-0.0022377789043077,-0.0021651650111298
2008-02-22,0.0014857628854067,0.0007940497203814,0.0074850224632872,-0.0030130767905399
2008-02-25,0.0140768158190131,-0.0047363144602494,0.0062364924326388,0.0043380770634197
2008-02-26,0.0089904694262078,0.001643927776541,0.0117986139235479,0.0040332882620296
2008-02-27,6.84894539882314e-05,0.0003237313663908,-0.003864471990677,-0.0014492297409858
2008-02-28,-0.0112474473948627,0.0063536087285771,0.022482000900096,0.0051990973182656
2008-02-29,-0.0230854124848779,0.0090391713443116,-0.0047988482735396,-0.0045872812722449
2008-03-03,-0.0054968143875479,0.0004290517005681,0.0081931318519458,0.0069105075240558
2008-03-04,-0.005611918826043,-0.0007763592791927,-0.0203019832361659,0.001957452057194
2008-03-05,0.0079903365166941,-0.0027469969531547,0.0305155858741944,0.0075656555227318
2008-03-06,-0.0159474921702305,0.002385538682844,-0.0032571122883421,-0.0080402505707001
2008-03-07,-0.0137790893408751,0.0039478924573853,-0.0067066003067741,0.014652452938946
2008-03-10,-0.0130150409779085,0.0043117542070783,0.0089213403995869,0.0016612168095418
2008-03-11,0.0295884038732872,-0.0064485837622032,0.0054236640099733,0.0009440768855581
2008-03-12,-0.0032094840041895,0.0042441124359353,0.0068275466298157,-0.0008417555544076
2008-03-13,-0.0028019032493585,0.00055599899832,0.0086612552009367,-0.0065113341083297
2008-03-14,-0.0143197636253044,0.0062464906347292,-0.0110210321283882,-0.0105194230101826
2008-03-17,-0.0179326806819244,0.0058453906323921,-0.0466922712171551,-0.0116401684130311
2008-03-18,0.036736221747083,-0.0054923979655437,0.0266176631847888,0.0041965819691033
2008-03-19,-0.0170028051597597,0.003290707592325,-0.0418549506183098,-0.001160230303166
2008-03-20,0.0111364999255036,0.0010087788579712,-0.0135161765227659,-0.0070770156214553
2008-03-21,0.0006251246943765,-0.000502826394789,,-0.0018665029859492
2008-03-24,0.0147868751847699,-0.0070133252873413,0.0089814648070764,0.0080496097148331
2008-03-25,0.0102443442327864,-0.0003023730281135,0.014411054427127,-0.0115672727814381
2008-03-26,-0.0083839585626688,0.0003085509827947,0.022196813834507,0.0038821758371506
2008-03-27,-0.0012831092398554,-0.0009545044322355,0.0074941635976258,0.0049221969261865
2008-03-28,-0.0055395380593186,0.0014853358986865,-0.011036619024146,0.0001563026345928
2008-03-31,0.0005579072370746,0.0013873545130284,-0.0174888936141126,-0.0013273169448499
2008-04-01,0.0316338763565499,-0.0071595569563954,-0.0106123425499169,0.0012143482250444
2008-04-02,0.0057156691673464,-0.001975207135083,0.0212152350485155,-0.0018794389135209
2008-04-03,0.0021045984806245,-1.61676505342571e-05,-0.0053244119048315,-0.001758993812052
2008-04-04,-0.0001132329970174,0.0041873793575054,0.0115162443786788,-0.0035344036845001
2008-04-07,0.0031310042086997,-0.0043054007817882,0.0188624567260819,0.0049828747938842
2008-04-08,-0.00307764608565,0.0003539572257633,-0.0066634380748186,-0.0010303373232342
2008-04-09,-0.0076295541485791,0.0030306210163974,0.0246442759747896,-0.0030226814191307
2008-04-10,-0.0004833516525612,-0.0018779192934204,0.0005317358826645,0.0012203601101926
2008-04-11,-0.0144193192165616,0.0022090381916609,-0.00620996122887,0.0011582412953706
2008-04-14,-0.0062722358015604,-0.0001765828639026,0.0086143849753438,0.0009366294064717
2008-04-15,0.0042650794502499,-0.0028795072245687,0.0137709689587384,0.0020972784031055
2008-04-16,0.0235004050050299,-0.0046029284782803,0.0105760229747016,0.0003782725958565
2008-04-17,0.0011736621683514,-0.0025731170230742,-0.0022278995971021,0.0066525325919021
2008-04-18,0.0120096453337338,-0.0020964030298906,0.0055792012883272,-0.0036624796807545
2008-04-21,0.0013851066641366,0.0004905710836246,-0.0042013549862189,-0.0020110617211304
2008-04-22,-0.0059987392243593,-0.0011131257315232,0.0122533346473046,-0.0018756655753639
2008-04-23,0.0005195046800177,-0.0005153883640641,0.0006440655762181,-0.0005892379910947
2008-04-24,0.0033613761697765,-0.0051608086692663,-0.0130620053363565,0.0006337024228869
2008-04-25,0.0090713285845385,-0.0034521236618627,0.0094207756128867,0.0005733334028715
2008-04-28,0.0014749500919973,0.0013538425314193,0.0042079185164685,-0.0014044256366018
2008-04-29,-0.0051694940046413,0.00070250530056,-0.0231601673248131,-0.0022837997969723
2008-04-30,-0.0018279423035771,0.0029431784336723,-0.0067544833616125,0.0011895023253007
2008-05-01,0.0129180304316702,0.0004910208286176,-0.0182975170693017,-0.0040042756335179
2008-05-02,0.0077755050480594,-0.0051313213342557,0.0238777974088626,0.0031862652820508
2008-05-05,-0.0037227259276462,0.0003821029564467,0.0179441090402119,0.0082208225412844
2008-05-06,0.0056919775952892,-0.0007521276989084,0.0110055189083697,-0.0024044882339735
2008-05-07,-0.0112284985989132,0.0003356692505991,0.0085689970064415,-0.0037238605820586
2008-05-08,-0.0021144064579405,0.00444157356826,0.0041762018581178,9.563452549971408e-05
2008-05-09,-0.0050569407184134,0.0030824632091195,0.0158430708097875,0.0032473776878709
2008-05-12,0.0094623403349542,-0.000673310032553,-0.0084107797510498,-0.0002452854194155
2008-05-13,0.0017207123650751,-0.005759328492535,0.0096283796185312,0.0016871027673496
2008-05-14,0.0034098626530128,-0.0040408337172254,-0.0059711725457897,0.0048479869693258
2008-05-15,0.0098453933568261,0.0029478652760445,-0.0030969396133734,0.000231260849954
2008-05-16,0.0021773978716201,-0.0004785337729398,0.0076425735570276,0.0023434502549552
2008-05-19,0.0043779149926435,0.0010764387952087,-0.0061322697023025,0.0002778178249559
2008-05-20,-0.0097722040912338,0.0032583095638761,0.0162294109050987,0.0013181590008155
2008-05-21,-0.0150623640198853,-0.0014897928366274,0.0204199446387443,0.0031569746270228
2008-05-22,0.0004621585159061,-0.0053473453430219,-0.0121215997209473,-0.0005578128572182
2008-05-23,-0.0128473737610787,0.0019395143462166,0.008975200753557,-0.0019182829911433
2008-05-26,-0.0021756055986646,0.0001294344497424,0.0006336842666453,0.001394058365775
2008-05-27,0.0055359549930389,-0.0033317512548031,-0.0146763464567202,0.0003555448790273
2008-05-28,0.0042011807265299,-0.0031701619321504,0.006491300080878,-0.0024581462147839
2008-05-29,0.0054249218957306,-0.0037392026255159,-0.0295677072929919,0.0039447209010669
2008-05-30,0.0029802105601059,0.0020650417211136,0.0093210481812735,0.0016757415553145
2008-06-02,-0.0082302033279554,0.0034944852977827,0.0087725658393834,-0.005383611230428
2008-06-03,-0.0042540013949908,0.0052721388399548,-0.0114003143001339,-0.0013066329057513
2008-06-04,-0.0017383326833744,-0.0015262524395877,-0.0071647265177853,-0.006393860756271
2008-06-05,0.0142787437930326,-0.0029196231841572,0.0244810457586953,0.005524605485146
2008-06-06,-0.0249383199957419,0.0021861737928473,0.0412456303099663,0.0014987979833481
2008-06-09,-6.695843812562583e-05,-0.0028681771041187,-0.0132607460930779,0.0034972634495098
2008-06-10,-0.0074647254709996,-0.0064450316500238,-0.0085792573036785,0.0033516736260916
2008-06-11,-0.0126084670846194,0.0003467498361756,0.0270210740972494,0.0020416684752041
2008-06-12,0.0017839927306179,-0.0045207523123348,0.0028278262743398,-0.0015775340956783
2008-06-13,0.0097804061710628,-0.0036636470255157,-0.0032747777536877,0.001006662767964
2008-06-16,0.001656464090506,0.001404055396066,0.0067840446552916,0.0020831527571225
2008-06-17,-0.0011193374106994,0.0032188630606672,0.0008466898158322,-0.0034974475769533
2008-06-18,-0.0098422118965397,0.0038313130609858,0.0113872592794366,0.0005423509257273
2008-06-19,-0.0021684146626468,-0.0036116220611889,-0.0201987941655329,-0.002043357776544
2008-06-20,-0.0158791940711391,0.0037592719915863,0.0124270447513833,-0.001736542943644
2008-06-23,-0.0007809589459276,9.651658097199048e-05,0.0034109846660951,-0.0017968651532796
2008-06-24,-0.0028573980230742,0.0033381403031884,-0.0035886627319796,0.0018163212442515
2008-06-25,0.0052066582531001,-1.2437695457738969e-05,-0.0085832668593014,0.0002553551738368
2008-06-26,-0.0245933420366851,0.0052335045624677,0.0298715628118477,0.0033482632873652
2008-06-27,-0.0052754369186897,0.0013479898854362,0.001646955273955,0.0031463313930919
2008-06-30,0.0017610673847427,-9.588230480411028e-05,-0.0028817632270723,-6.66423289430968e-05
2008-07-01,-0.0013278983933001,-0.0015708798181061,0.0084584891713418,-0.0018050934936949
2008-07-02,-0.0154968199282981,0.001321968124265,0.0111443724297558,0.0010998445287391
2008-07-03,0.0019238752911472,0.0017012779451065,0.0044874640513132,0.0017208546834306
2008-07-04,-0.0023162155403784,0.0012555294554975,-0.0033691504480735,0.0017211331755986
2008-07-07,-0.0045223156915772,0.0017195997326097,-0.024433303130161,-0.0073535439616106
2008-07-08,0.0078229246662857,0.0033635565785013,-0.0296202780221849,-0.0009206033787908
2008-07-09,-0.0105116352200111,0.001541471266372,0.0011083439816528,0.0010790441822292
2008-07-10,-0.0005516414133553,0.0014958277139227,0.0255731667578536,-0.0004512178525649
2008-07-11,-0.012439589419433,-0.0057560951243449,0.0077035313930723,0.0016672051376821
2008-07-14,-0.0051669994890145,0.0026501177034804,-0.0053771417377917,0.0037885520051847
2008-07-15,-0.0165933445883137,0.0029003601492344,-0.0296361996860799,-0.0022385152577977
2008-07-16,0.0180197749705196,-0.0025837122544495,-0.0123754102645056,0.0005990632421249
2008-07-17,0.0128804547607372,-0.004543548347267,-0.0310750767099883,0.0008578491178648
2008-07-18,0.0065143978091931,-0.0020871906943135,-0.0103405588345215,-0.0008910718366509
2008-07-21,0.0028842333727352,0.0002237824583839,0.0031945035039427,-0.0028857058919564
2008-07-22,0.0082568439715499,-0.0025425536526038,-0.0188578697835592,-0.0005934826949634
2008-07-23,0.0090222849311611,-0.0026434949881745,-0.0211983408470616,-0.0027789826593642
2008-07-24,-0.0173830106459793,0.005374556244711,-0.0072963978528853,-0.0046562053129856
2008-07-25,-0.0017873801637383,-0.0019164308318171,-0.0088203974435797,0.0012275595296702
2008-07-28,-0.0126110246586733,0.0041013997052812,0.0073624465495612,0.0004794270632105
2008-07-29,0.0138428000908469,0.0002303978577053,-0.0117060878115804,-0.004794861889471
2008-07-30,0.0181851391104693,0.0006952905727529,0.017755674812498,4.756050041914568e-05
2008-07-31,-0.0096193631738505,0.0037895806396149,-0.0098857055151583,-0.0016090792133505
2008-08-01,-0.008243493046861,0.0014605211166006,0.001540930192115,-0.0015155279177797
2008-08-04,-0.0085617831276181,2.446031294179161e-05,-0.0357984402639824,0.0014248253538093
2008-08-05,0.0227882125830469,-0.0008470233915311,-0.0127790694871804,-0.0016186842153431
2008-08-06,0.0066732763576189,-0.0002332474497486,-0.0064923489592583,-0.0021725865429897
2008-08-07,-0.0115647376034865,0.0053998159940154,0.0048303575439312,-0.002830244530348
2008-08-08,0.0135776290942646,-0.000141934836517,-0.0345942832758342,0.0034085652666089
2008-08-11,0.010161030601418,-0.0020788306128653,-0.0014848478564832,-0.0031282070555399
2008-08-12,-0.0084509192227761,0.0042318997864081,-0.0070191655891573,-0.0010538434880758
2008-08-13,-0.0086214201575667,-0.0010628063397444,0.0254609715763622,0.0009558504162312
2008-08-14,0.0052307106350099,0.0017827893983389,-0.0113614067963834,0.0008282798692485
2008-08-15,0.0027703660578555,0.0013584398112065,-0.0161522520851235,-0.0021135723008678
2008-08-18,-0.008388927251684,0.001628432749832,0.0018889379626198,0.0001150800624318
2008-08-19,-0.0143278559446258,-0.0004219415832201,0.0109424999831516,0.0006507905960333
2008-08-20,0.0050365817272885,0.0015358148532116,0.0089927925214432,0.00102364320933
2008-08-21,-0.0012854860667518,-0.0012175920390858,0.0394525804505582,0.0033422545040393
2008-08-22,0.0123525057922235,-0.0021757906067999,-0.0360308720180997,-0.0026000738160858
2008-08-25,-0.0138566498026215,0.0044270344165681,-0.0004284339629737,-0.0035199082855037
2008-08-26,0.0030680372986228,0.0011646083959792,0.0118664883247499,-0.0005126931027424
2008-08-27,0.0066517647805756,0.0001278205216678,0.0103722191108876,0.0015991712503439
2008-08-28,0.0120800809406619,-8.817126857211372e-05,-0.0237715881291264,-0.0001636162289167
2008-08-29,-0.0056039047255824,-0.0006392366332007,-0.0047330753563155,-0.0011201106504536
2008-09-01,-0.0016843794504502,-0.0008707018034978,-0.0106477015601329,-0.0018559965861313
2008-09-02,-0.0032140048942554,0.0036007883184938,-0.0317445216984886,-0.0101321819105955
2008-09-03,-0.0040485659407981,0.0021676002398361,-0.0047251213235061,-0.0061983669314798
2008-09-04,-0.0278063765263058,0.0004699807210232,-0.0060234065940496,-0.0035542666730855
2008-09-05,-0.0045381257674739,0.0013250971898425,-0.0155765975525575,0.0012484636160826
2008-09-08,0.0240238107810621,-0.0035874933528717,0.0009718928293822,0.0051723840610969
2008-09-09,-0.0263418909272301,0.0032958846968351,-0.0181353932667775,0.0013415327451056
2008-09-10,0.0022944291979356,-0.0025074093914654,-0.0119599537855636,-0.0065762315617693
2008-09-11,0.0074888008287871,0.0003959435840244,-0.0077135422186253,-0.0007758820217485
2008-09-12,0.0078436639074946,-0.0042671047008473,0.0118737838241819,0.0023334209657745
2008-09-15,-0.0427452624328086,0.0100755351058396,-0.0267551331271879,-0.0153593703693021
2008-09-16,0.0027079543935137,0.0024917175183371,-0.0338251183030984,-0.0063385903757877
2008-09-17,-0.0347142666550341,0.0024421644850626,0.0432984067354889,-0.0088843194373586
2008-09-18,0.0218441531394623,-0.0009912215997405,-0.0057580121595349,-0.0050432326961863
2008-09-19,0.0447501772139555,-0.0159240661486698,0.024767897010195,0.0348084554909073
2008-09-22,-0.0189600042569917,-0.0029494352221933,0.0420879593216059,0.0046250658771001
2008-09-23,-0.0190894944257607,-0.0010936186174082,-0.0116982916322032,-0.0023673038106909
2008-09-24,0.0027558535075231,0.0024563698831039,-0.0057489888414564,-0.0093388329256807
2008-09-25,0.0156157536536429,-0.0037513488977986,0.0073388265165456,0.009850439727328
2008-09-26,-0.0045088686367929,0.0023359572455594,-0.0150714504544808,-0.0120058650025806
2008-09-29,-0.0680874266586667,0.0091947080848597,-0.0622837724061995,-0.0065981162463016
2008-09-30,0.0319860586776188,-0.0082198092578248,0.0135801229518724,7.70058369259641e-05
2008-10-01,0.0018741652272952,0.0014781056088711,-0.0045965443797943,-0.0105757148288281
2008-10-02,-0.0330877579495547,0.002812324000646,-0.0435390711989215,0.004679927915627
2008-10-03,-0.0068669009867507,0.0028414815819394,-0.0064341658386253,0.0019121760640532
2008-10-06,-0.0544166332458776,0.0117597824863057,-0.0582338221162152,-0.0138795791369924
2008-10-07,-0.0334437407183413,-0.0041638598584764,0.0066126082868249,-0.010564469738677
2008-10-08,-0.0366170022302603,-0.0076701557769156,-0.0042832233517981,-0.0100427925871164
2008-10-09,-0.0523002172077894,-0.0086533475501988,-0.002286545414904,0.0289324356085309
2008-10-10,-0.0434823360535211,-0.0030118746105283,-0.0696486364278322,-0.0365004569184642
2008-10-13,0.1173378387396034,-0.0073248797208855,0.0324108382653993,0.0009256473061598
2008-10-14,0.0145691379182505,-0.0027946290495516,-0.014516024353821,0.006624542441464
2008-10-15,-0.0841463862070495,-0.0008430456666838,-0.0436446874044247,0.018094502429128
2008-10-16,0.0081528684786953,0.002141794008951,-0.0325999049454297,-0.0126749793740658
2008-10-17,0.0065627048746434,-0.0016694273547713,0.0203332542006267,0.0034891295653174
2008-10-20,0.0558986703718593,0.0050421956490069,0.0130389953706749,0.0029770694227626
2008-10-21,-0.0224441656146197,0.0067057172945345,-0.0155626903010283,-0.028376952083588
2008-10-22,-0.0566293270542133,0.0062509962863238,-0.0499224695145986,0.0201651972895039
2008-10-23,0.0071830541939682,0.0034096718786664,-0.0029382992114787,-0.0039290407620063
2008-10-24,-0.0545400247922913,-0.0014204103090812,-0.0349217836467394,-0.0134159487656855
2008-10-27,-0.0368319671141498,0.000486953784064,0.0034067215852808,0.0002133143739914
2008-10-28,0.0991128667153194,-0.005011020158796,-0.001368732704829,0.006785296337853
2008-10-29,0.010212586140935,-0.0004795521040965,0.0660440938326118,0.0182369298423841
2008-10-30,0.037070456265407,-0.001953271304728,-0.0327924037755716,0.0048104172720169
2008-10-31,0.0045187790999658,-0.0031805636264825,0.0162505064296159,-0.0131539093584889
2008-11-03,0.0050694495203132,0.0032434251830335,-0.0190479215077825,0.0127257548066934
2008-11-04,0.0389155993860322,0.0058044823153998,0.06361479538413,0.0172189449680204
2008-11-05,-0.0315624920789937,0.0008503942091479,-0.0401805823639662,0.0048185598172984
2008-11-06,-0.0567440542724772,0.0021446654275171,-0.0451002527593021,0.0023153708208072
2008-11-07,0.027711430820736,-0.0018607705156449,-0.0034383446079479,-0.0024549960298576
2008-11-10,-0.0052887289486851,0.0017048878349037,0.0249179086301823,-0.0032009298924523
2008-11-11,-0.0335283348096692,0.0034787002153592,-0.042730230297981,0.0015896441230251
2008-11-12,-0.0380241073242557,0.0035781739483587,-0.032382937496031,-0.0030535888173661
2008-11-13,0.0416356233391235,-0.0008625629326287,0.0116938703928691,-0.0118472872148776
2008-11-14,-0.0321626389777096,0.0027723591771604,-0.0067899187531448,0.00458669217401
2008-11-17,-0.0149536564528525,0.0026186373208093,-0.0143249590758123,-0.0037485990872982
2008-11-18,0.0115922797685201,0.0044511007453671,-0.0083415241906959,-0.0079294560157567
2008-11-19,-0.0521484003247488,0.004267172448088,-0.0046291114353409,-0.0188780871717959
2008-11-20,-0.0692566693158882,0.0082075747876979,-0.0499561576160271,-0.0269346820698909
2008-11-21,0.0398202073866182,-0.0008500294526152,0.0075054830808963,-0.0273965677234018
2008-11-24,0.0671647795797784,-0.0049012893411008,0.0623545971129088,0.0031734866962834
2008-11-25,0.0089788065718441,0.0092270113362715,-0.0367563446105209,-0.0006731540447687
2008-11-26,0.0266385764143373,0.0058675174618409,0.0421039512973969,-0.0010398237707564
2008-11-27,0.0067265224626542,-0.0001144983268793,-0.0044455184862423,0.0021698912236611
2008-11-28,0.012228477201015,0.0027617880955867,-0.0109750878888651,0.0033087141735074
2008-12-01,-0.0755941830871726,0.0077640683746289,-0.0485752391884991,0.0010728237065094
2008-12-02,0.0268642175018739,0.0028103649187961,-0.0268113052896837,0.0115961214744723
2008-12-03,0.0183099471755015,0.0029687094679855,-0.009593995399853,0.0045089255863664
2008-12-04,-0.0186905826499707,0.0033102181657074,-0.0419454841164873,0.0141665456890177
2008-12-05,0.0134678412845536,-0.0052023775507581,-0.0465906469663981,-0.0115265074954363
2008-12-08,0.0455054490452017,-0.0020326468180914,0.0436638704594686,-0.0240550050054666
2008-12-09,-0.0090088266289005,0.0018147544915806,-0.0156528500363374,-0.0022494221051236
2008-12-10,0.0081291920622795,-0.0034558819601215,0.0204762335752561,0.0052375916011711
2008-12-11,-0.017555855653795,0.005144021715288,0.0473272984578015,-0.003483191632298
2008-12-12,0.0011374633800782,0.0021751853429307,-0.0168710418652122,0.0038527546400223
2008-12-15,-0.0079846670208993,0.0020093545759322,-0.0050736939716624,-0.0082509737287537
2008-12-16,0.0342323700796448,0.00839083453072,0.0009697136812514,0.0026932138934275
2008-12-17,-0.0064025539673238,0.0060227017495416,-0.0110626106610671,0.0216879929907911
2008-12-18,-0.0082840536690887,0.0019324087361146,-0.0255041853174688,0.0115564443487497
2008-12-19,-0.0101454237821695,-0.0035102298921667,-0.004504434547277,-0.0124211911445659
2008-12-22,-0.0111520378844135,0.0002080770362918,-0.0201515864849739,-0.000766608026121
2008-12-23,-0.009985301616053,0.0009005747016719,0.001095579838573,4.565379386505811e-05
2008-12-24,0.0027629689581797,-0.001269433340939,-0.0295878421622145,-0.0024696117171407
2008-12-25,0.0008223497076023,-8.96737263880872e-05,,
2008-12-26,0.0036898549662052,0.0020256320657177,0.0233283196957161,
2008-12-29,0.0045678740344475,0.0021229239475336,0.0261179123822921,0.0015682443194635
2008-12-30,0.0190562127642772,-0.001006980123019,-0.004356758544427,0.000694092922292
2008-12-31,0.0103910606225119,-0.0056418022763594,0.0582414211437156,-0.0098819771228677
2009-01-02,0.0261095057702016,-0.0059228599293952,0.0307782628468191,0.0095009280324444
2009-01-05,0.0059378324533559,-0.0021541100427033,0.0287189680458425,-0.0014061454341857
2009-01-06,0.0051582041926976,-0.0015071792277464,0.0197877514969422,-0.0040842617608312
2009-01-07,-0.0214960896456234,0.0003372220067029,-0.0494906278696057,0.0098600335674278
2009-01-08,-0.0025201689788081,0.0033481462770512,-0.0216744751259066,-0.0083193054051517
2009-01-09,-0.0186637700523327,0.0023958887104144,0.0032512614765279,0.0113423771233178
2009-01-12,-0.0178619263773706,0.0033973486473992,-0.0359375221363817,-0.0117585888488671
2009-01-13,-0.0057379995427622,0.0006390291698399,0.007720183916118,-1.4455696931661803e-05
2009-01-14,-0.0313282672646605,0.0039205009056733,-0.0145118096460777,-0.0152372326787064
2009-01-15,-0.0061097299452089,0.0010307003165379,-0.0029211539151823,0.0034855111002498
2009-01-16,0.0118312063831169,-0.0035974407315758,0.0012633420443991,0.0003139831629341
2009-01-19,-0.0020249172553608,-0.0012970735977739,-0.0095162443473522,-0.004940741944922
2009-01-20,-0.0423973203113312,-0.0007540625183648,-0.0232995680922035,0.0031473546495217
2009-01-21,0.0255674492786473,-0.0059441167400287,0.0158845864404818,-0.0043694484291361
2009-01-22,-0.0100866479856886,-0.0033232737096961,-0.0081311333553058,0.0077456729062749
2009-01-23,-0.0054278861911239,-0.001962798668997,0.0270030981824702,0.0046344071949027
2009-01-26,0.0113463455181028,-0.0017936100125084,0.0040278669101606,0.0082861707012353
2009-01-27,0.0116340428877847,0.0033806170470098,-0.0403764871624327,-0.000284457478423
2009-01-28,0.0340771416635314,-0.0031790705190383,0.0127093002077762,0.0012459260174585
2009-01-29,-0.0264651211500293,-0.0044231936596555,0.0018823416262648,0.0038036890377327
2009-01-30,-0.0207054370525494,-0.0010920752334852,-0.0014528284803902,0.0109825306861633
2009-02-02,-0.0054341435186893,0.004614740739645,-0.0185385699514541,0.0072594118178206
2009-02-03,0.0110621963035714,-0.0056933413171279,0.0011634233782103,0.0025341628691563
2009-02-04,0.0042725201361702,-0.0028015112374484,0.007553449310898,0.0056764861332421
2009-02-05,0.0080480042740877,0.0017022715933795,0.0196524848696573,-0.0054565713788194
2009-02-06,0.0282597026231811,-0.0024824025615767,0.0109660934048036,0.0042215131451426
2009-02-09,-0.0017286409941901,-0.0010342579484618,0.0024736558211263,0.0162134033717445
2009-02-10,-0.0348804422099284,0.0068262207413562,-0.0280091925127642,-0.0040861807460225
2009-02-11,0.0028289165627112,0.0042549168174566,-0.0102679665454199,-0.0087482369218584
2009-02-12,-0.0009452563372556,0.0046120026225657,-0.0048193925751667,-0.0067993451552149
2009-02-13,-0.0121071375179182,-0.0062268408216321,-0.010823597176666,0.0050607814264893
2009-02-16,-0.0028952878024947,-0.0001062541491911,-0.0090699456593379,0.0050733275988305
2009-02-17,-0.0368826422113982,0.008510584129829,-0.0493539149798872,-0.010765567855441
2009-02-18,-0.0074374387767593,-0.002354045443034,-0.0173271895998148,-0.0039758665679061
2009-02-19,0.0011929525895805,-0.0057562809930636,0.0233084293675541,0.0023249229035213
2009-02-20,-0.0189257608196842,0.0038144679013954,-0.011734635990745,0.0003160412650833
2009-02-23,-0.0252125600685657,-0.0004504058494611,-0.0050512029965775,-0.0029967526036217
2009-02-24,0.019978956661466,-0.0009573936286576,0.0192336230370347,-0.0039059310605545
2009-02-25,-0.005070506227255,-0.0063667247377311,0.017924907121102,0.0003864920669146
2009-02-26,-0.0042966415757563,0.0005455435554639,0.0273342793398643,-0.0004904267499284
2009-02-27,-0.0185991124709384,-0.0003624835472443,-0.0037150139022102,0.002134104716661
2009-03-02,-0.0409271883124646,0.0059027377177406,-0.0501072496489595,0.0004668577273326
2009-03-03,-0.0200791030401601,-0.001247921227508,0.0191009768799601,0.0003652871615073
2009-03-04,0.0275938736607758,-0.0041880712272636,0.0396695655970606,0.0021522103908069
2009-03-05,-0.0281909540328329,0.0076864221477261,-0.0293275625825451,-0.0053176796438478
2009-03-06,-0.0031471274402975,0.0023379050284642,0.0098517742692511,-0.0006225416704467
2009-03-09,-0.0133716165465605,-0.0014501943810281,-0.005779642308176,-0.0005367834757025
2009-03-10,0.0525040423359794,-0.0039432636903525,-0.0020791087235175,0.0022054924743868
2009-03-11,0.0096654439511042,0.0020750720300457,-0.0304411072441299,0.0019388086178492
2009-03-12,0.0304484410931035,0.0030334681489575,0.0465484664081434,0.0072483195262845
2009-03-13,0.0121983526186456,7.527304135493225e-05,-0.0023202237555102,0.0041216480255822
2009-03-16,0.006569600645209,-0.0022696355370532,0.009224281013977,0.0061613874385182
2009-03-17,0.0212821710476798,-0.0035035044414535,0.0173542901832957,0.0025422801048721
2009-03-18,0.0140505073373551,0.0182864871041638,-0.0159857645809618,0.0025980943406231
2009-03-19,-0.0083113638982698,-0.0006188507389835,0.0634961428990115,0.0209339849186226
2009-03-20,-0.0147951533577598,0.0003567456041199,0.0070737062459804,-0.0095708495065322
2009-03-23,0.0593303270187301,-0.0023669986195059,0.0237180350757327,-0.0011734645383112
2009-03-24,-0.0103275948097147,-0.0019117249868825,-0.0004762573670104,0.0091483439345073
2009-03-25,0.0054686712716987,-0.0047453053949592,-0.0144535617416877,0.0055341150561577
2009-03-26,0.0200958640633161,0.0011021648253354,-0.0005877021472848,0.0074972797097007
2009-03-27,-0.0131444975291002,-0.0014897077119942,-0.030438076782209,-0.0083095628925776
2009-03-30,-0.0391285530554851,0.0030325462893049,-0.0346909508919635,-0.0071420783698959
2009-03-31,0.0154510004174291,0.0014452663814077,0.0184801376135319,-0.0054574816267011
2009-04-01,0.017943691914717,0.0010188868390546,-0.0144987130517013,-0.0023433184639255
2009-04-02,0.0359351442582977,-0.0058645661836578,0.0487009607300995,0.001515613346425
2009-04-03,0.0024037717143296,-0.0069285997776042,0.008932346505383,0.0022518936794385
2009-04-06,-0.0086652636774523,-0.0015891054175496,-0.014924377032145,0.0017209569929316
2009-04-07,-0.0161746683549961,0.0015838045994681,-0.0149107649295363,-0.0087644449504533
2009-04-08,0.005885895026975,0.0025762005394662,0.0068769662017018,-0.0022309602696021
2009-04-09,0.0325277491204606,-0.002267348901472,0.0169703647515625,0.0031223348500556
2009-04-10,0.0002863113101903,0.0002294880246099,,-0.0005524532639675
2009-04-13,0.0012128779288102,0.0031808506044588,-0.0103932029594377,
2009-04-14,-0.0087536327765134,0.0022389449438518,0.0062249747879541,-0.0027346317620331
2009-04-15,0.0048299106213048,0.0015535257340421,-0.0019464606692063,-0.0039445881140069
2009-04-16,0.0148440048494242,-0.0026419352804644,0.0001902812513855,-0.0051489933549861
2009-04-17,0.0082084101841057,-0.0045470646949645,0.0073801449284981,-0.0009545510257444
2009-04-20,-0.0341676796507965,0.004134155013744,-0.0463952095364619,-0.0058820886162786
2009-04-21,0.0112008436793459,-0.0018442061094776,0.0007946831081696,-0.0113252339639157
2009-04-22,-0.006289007640041,-0.0030405991256459,0.0016754779705442,0.0084089521652097
2009-04-23,0.0105307891732465,0.0001278970925056,-0.0033580077097501,0.0004503146867835
2009-04-24,0.019011646150851,-0.0020534702259231,0.0120372363294733,0.0068594134847439
2009-04-27,-0.0078706535603294,0.0025423065575406,-0.0227813048167675,-0.0017005067008971
2009-04-28,-0.0097179832993082,-0.0013960070930011,-0.0036817283016944,0.00157557212674
2009-04-29,0.0189188475082453,-0.0023441663317815,0.0172134482281024,-0.0047431427509619
2009-04-30,0.006240490290039,-0.0017705975785714,0.003091549729025,-0.0074198050937676
2009-05-01,0.0064264243618772,-0.0002860633440611,0.0363343151427172,-0.0072794784768938
2009-05-04,0.0269385281631414,0.0003958838892388,0.0214230830026453,-0.0009836479533144
2009-05-05,0.0016334444661393,0.0003246582805568,-0.0071217032302786,0.0015373208578118
2009-05-06,0.0142771093776004,0.0001090259842017,0.0327556420335777,0.0017302816404696
2009-05-07,-0.0062720725105498,-0.0048226335315207,0.0130289356800482,0.0100998092788449
2009-05-08,0.0183445850307883,-0.0009949684875243,0.0208356175030432,-0.0021429286644578
2009-05-11,-0.0146964089592821,0.004257992243719,-0.0042479303466386,-0.0016760389289048
2009-05-12,-0.0032488471340149,2.5110819733162102e-05,0.0098710300636312,0.0005891037100737
2009-05-13,-0.0216557969512142,0.0024773101145533,-0.0113397180771397,-0.0060211537107955
2009-05-14,0.0019729483373427,0.000846050062411,0.0025587581224138,0.0005187159997901
2009-05-15,-0.0033745889200459,-0.0010107421257942,-0.0281979885400833,0.0015482812291529
2009-05-18,0.0215151525813991,-0.0019533379700047,0.0224132045322278,0.0040882165051524
2009-05-19,0.0056848062415086,-0.0015540258567757,-0.0032606185242689,0.00188995097175
2009-05-20,-0.0028456721822291,0.0007015692058361,0.0168322472990929,0.0045405495110078
2009-05-21,-0.0138667149542213,-0.0048016754542499,-0.022075701746871,0.002917850496853
2009-05-22,-0.003353270694444,-0.0040194056175999,0.0059862898460022,0.0031223238239618
2009-05-25,0.0014403363105412,-0.0006086797962927,-0.0013271556403344,-0.0023537922141186
2009-05-26,0.0207937225800874,-0.0016662888352334,0.007549753340862,0.0060354943341803
2009-05-27,-0.0107201989153492,-0.0067738882149879,0.0057932958815581,0.0043661366823859
2009-05-28,0.0083790250087605,-0.0004910765462927,0.0269888592791384,0.0030375266031166
2009-05-29,0.0109591566181253,0.0053083894461527,0.0099979237157462,0.0012789247219333
2009-06-01,0.0231498856115334,-0.0073041025101295,0.0420693352360991,0.0042529957639248
2009-06-02,0.0035455633092493,0.0001076754650614,-0.0043409835901806,0.0057074755243028
2009-06-03,-0.0116550117736854,0.0035629852701639,-0.0363727097130102,0.0011511708786103
2009-06-04,0.0066789495652504,-0.0045801386487733,0.027852219437286,-0.0018378750214856
2009-06-05,0.0020347854636533,-0.0079543785490695,-0.0045420274612838,0.0092280303295607
2009-06-08,-0.0032447610608376,-0.0009631764255005,-0.0104961949627083,-0.000342756219788
2009-06-09,6.387611349107527e-05,0.0023300201723806,0.0168758541690059,0.0057038051645966
2009-06-10,0.0048034005663288,-0.0025455909834908,0.0039007191182783,0.0083861083696232
2009-06-11,0.003539032288601,0.0023741316059285,0.0252824294872108,-0.0054478765199189
2009-06-12,0.0018624608436765,0.0027407756605572,-0.014270810875338,-0.0069944624607693
2009-06-15,-0.0221944661999697,0.0031780492274295,-0.0096246619519928,-0.0049281269271544
2009-06-16,-0.0115555713223536,0.0017770417828768,-0.0009388982570916,-0.0073003253685582
2009-06-17,-0.0059004763558654,0.0019871721431894,0.0079087166671263,-0.0033014422226778
2009-06-18,0.0070448374274792,-0.0062126758161211,-0.0043606157641204,0.0094273630844851
2009-06-19,0.0045317663181445,0.0017913600129796,-0.0161438424064435,0.0041677700209856
2009-06-22,-0.0262836608435524,0.0043272739611363,-0.0308802066034976,-0.0080800426332131
2009-06-23,-0.0017270835787422,0.002373197060667,0.0120110813411933,0.0038250009369722
2009-06-24,0.0114359433507414,-0.0007256905078189,-0.0023657889187851,-0.0041472727857122
2009-06-25,0.0158271919079492,0.0043630737843039,0.0139155507295189,0.0008251778263369
2009-06-26,-0.0011322376920571,0.0012543360922211,-0.0051745994852854,-0.0095511935235096
2009-06-29,0.0082000184582315,0.001000572511292,0.0079701306034744,0.0019785179015974
2009-06-30,-0.0058467736090355,-0.0007227315290897,-0.0209590355714135,0.0085935908783562
2009-07-01,0.0061363718215947,-0.0002734180123028,0.0014919394795008,-0.0016484971521086
2009-07-02,-0.0253444677926223,0.0030104032693658,-0.0277317107776887,-0.0100531912893409
2009-07-03,-0.0006998996521,0.0003546587720662,-0.004547257167747,0.0003371205543614
2009-07-06,-0.0017917811225423,0.0008433212541178,-0.0255998095477151,-0.0056065518771401
2009-07-07,-0.0150568536623122,0.0013779529043356,-0.0179823917458771,-0.0011535413577088
2009-07-08,-0.0088880279463665,0.0069448093282488,-0.0282858615305771,-0.0025933846257836
2009-07-09,0.0052943368011249,-0.0040997432301102,0.0105359085531923,-0.0018641021829477
2009-07-10,-0.0059235081418546,0.004107626769348,-0.0079090407815077,-0.0031293095660609
2009-07-13,0.018986560367039,-0.0012244167468026,-0.0041398810366375,0.0005398434717141
2009-07-14,0.0094041214938333,-0.0036272882559145,0.0139272901199826,0.008302542932935
2009-07-15,0.026220804908214,-0.0052188192876298,0.0136719505321943,0.0093783227659125
2009-07-16,0.0091932774878357,0.0015322429612589,0.0193300884675348,0.0004281783533528
2009-07-17,0.0031481891092947,-0.0030479130454939,0.0176709296371524,0.0089224995045302
2009-07-20,0.0118699911492764,0.0023532328928483,0.0110907901801116,0.0037427740547144
2009-07-21,0.0064231868101219,0.0031291153931612,-0.0007531453478707,-0.0095906037850854
2009-07-22,-0.002510169186046,-0.0027872394888912,0.0049374913161066,-0.0005100562183368
2009-07-23,0.0194225640420084,-0.0060015440573261,0.0108814590269995,0.0057610080930192
2009-07-24,0.0076775871519292,0.0015833251034658,0.0075527102056296,-0.004769907659015
2009-07-27,0.0034292596311538,-0.0015121757478227,0.0005713052545894,0.0012153525767132
2009-07-28,-0.004827531019721,0.0004525481282173,-0.0118481206173481,-0.0045821170023744
2009-07-29,0.0005654551785173,-5.9549774038698746e-05,-0.0319547332900841,-0.0008962401665287
2009-07-30,0.0106347657538136,0.000687694348017,0.0443557712971443,0.0062200082288238
2009-07-31,0.0026482962237539,0.0057275818047165,0.0147156853358221,-0.0032863116532415
2009-08-03,0.0139638413169161,-0.0055999615152732,0.0426217210736983,0.0022106370820458
2009-08-04,0.003395843863089,-0.0008637671048849,0.0015021934389637,0.0036886032809863
2009-08-05,-0.0051278643467826,-0.0021822965544816,0.0105662811419983,0.0005889190193018
2009-08-06,-0.0020892557948235,0.0011759816850483,-0.0215665571162055,0.0010848242392025
2009-08-07,0.0098897519714544,-0.0042635829675444,-0.0082369907817131,0.0075357501450507
2009-08-10,0.0008936248859077,0.0025477841559693,-0.003051376422277,0.0004009967581002
2009-08-11,-0.0124153963999551,0.0019713685864584,-0.0111329080609074,-0.0052943588648946
2009-08-12,0.0072746669132559,0.001171575298167,0.0047557522566678,-0.0063171711824261
2009-08-13,0.0109223926956966,0.0035500044831787,-0.0006633836221939,-0.0060321493186141
2009-08-14,-0.0064295934569955,0.0029004278076834,-0.0263262574954304,-0.0106820669065185
2009-08-17,-0.0261575628012621,0.0038288416644112,-0.0178334258704129,-0.0026285031876025
2009-08-18,0.010254779250287,-0.0010895181782931,0.0093052092425459,0.0049321865544477
2009-08-19,0.0048091647993535,0.0027635710630116,0.0149511362780099,0.0026590662149435
2009-08-20,0.0090669252571398,0.0002327815186924,-0.0139696987905996,0.0055290578752603
2009-08-21,0.0179399115484742,-0.0036978968278834,0.0042785777043604,0.0051782147846191
2009-08-24,0.003972996798664,0.0012202098094414,0.0138907308246809,-0.0023505514810077
2009-08-25,0.0022701179247356,0.0021991851893855,-0.0176522332678558,-0.0089646044317437
2009-08-26,0.0004539862260174,0.0007121333194041,-0.0050503052206232,-0.0011600140188192
2009-08-27,0.000259553198005,-0.0002405216077768,0.000328973214274,-4.8489333995443305e-05
2009-08-28,0.0008655770223781,0.0006449245737881,-0.0005991339523445,-0.0009269893246209
2009-08-31,-0.0073040736952784,0.0023329069471281,-0.0234563486073474,-0.0046315663090919
2009-09-01,-0.0194759946991218,0.0015436186744726,-0.0252988558938834,-0.0013733515686642
2009-09-02,-0.0039490740207062,0.0027177269820033,-0.0064964604172656,-0.0056633170445189
2009-09-03,0.0048666463780693,-0.0016400765345969,-0.0098146202722168,0.0034213998959954
2009-09-04,0.0112389532405635,-0.0035529497755877,-0.002730046928635,0.0075155791913462
2009-09-07,0.003891845437131,-0.0007873838917588,0.0006969558879218,0.0019003563597144
2009-09-08,0.0094099016062383,0.000221210841141,0.0266760585959259,0.0061128347277784
2009-09-09,0.0062051562339589,-0.0007858446438912,0.0021285219299838,0.0013304870756216
2009-09-10,0.0076809242426209,0.0048276627370324,0.0138901974952098,-0.0062600988708511
2009-09-11,0.0009554865717305,0.0014392802930575,-0.0234212441547121,-0.0046257374120005
2009-09-14,0.0024695017599196,-0.0019635594792805,0.0091357773987077,0.0034343453543399
2009-09-15,0.0026235018832943,-0.002172143691025,0.0199112302977024,0.0064474678883853
2009-09-16,0.0151356565169982,-0.0019659124270953,0.0285592062302695,0.0019305926589264
2009-09-17,0.0022033851699382,0.0013716466154428,-0.0069408062198323,-0.0027400349753682
2009-09-18,-0.0021155633688004,-0.002420642353917,-0.0023833755879682,0.00110669295703
2009-09-21,-0.0015872347672972,-0.0003947987723648,-0.0279486369992515,-0.0029002989879743
2009-09-22,0.0058827086036685,0.0006551258638065,0.0198286568853332,0.0015879085667558
2009-09-23,-0.0053053945638366,0.0018077065589075,-0.007994881925651,-0.0029525180986015
2009-09-24,-0.0125953535655476,0.0025325290179217,-0.0180199032169964,-0.0047783508696393
2009-09-25,-0.0036993620095575,0.0023686090476131,-0.0006397890017399,-0.0039763802526043
2009-09-28,0.0133569950686461,0.0013735887477875,0.0019852330849016,-0.0027963096041645
2009-09-29,-0.0018743631617205,0.0007177976981782,0.0010302223609681,-0.0021030821363082
2009-09-30,-0.002020437414985,0.0001574154296511,0.029433289216589,0.0023867206356793
2009-10-01,-0.021652087968869,0.0045757811976804,-0.0165967591757604,-0.0070322991133023
2009-10-02,-0.009686244599858,0.0011367516911599,-0.0044303841004943,-0.0015967309418315
2009-10-05,0.0112092648303101,1.5200353375390382e-05,0.0076348609819161,-0.0022746302475057
2009-10-06,0.0129613258053007,-0.000390830871438,0.0130239148011488,0.0090349904007859
2009-10-07,0.0045296452785744,0.0026406177498016,-0.0041630626889041,-0.0019546765492579
2009-10-08,0.0097820117961175,-0.0024669659659831,0.0245796245900078,0.0003799160719594
2009-10-09,0.0033307731599468,-0.0053147718271883,-0.004890675411341,0.0054610055740469
2009-10-12,0.0044052645539142,0.0014000781542101,0.0223025880627447,-0.0009810839266336
2009-10-13,-0.0028432168273684,0.001555656262193,-0.0021666669572968,0.0025568898019212
2009-10-14,0.016449988821277,-0.0040258856567413,0.0040875425733898,0.0052879680453534
2009-10-15,0.0021068982153037,-0.002951284040412,0.0145114517978782,0.0031199940483758
2009-10-16,-0.0064378554245374,0.0013688274951361,0.0135407804510251,0.0002608113851732
2009-10-19,0.0082730386896427,0.000224707739871,0.0135778075313631,0.0063631970966913
2009-10-20,-0.0009225798019143,0.0024680898413806,-0.0008727612638862,-0.003242405504037
2009-10-21,-0.0075235925510598,-0.0037627214403114,0.0190090001990244,-0.0004894978110252
2009-10-22,0.0061897391384105,-0.0007402542003569,-0.0062369120899734,-0.0034672409110871
2009-10-23,-0.0089686658641092,-0.0019258524821348,-0.008879011142003,0.0038883144155581
2009-10-26,-0.0093906838661838,-0.0028296806901115,-0.0217700545579371,-0.0002525680309608
2009-10-27,-0.005401297300057,0.0045734092533722,0.0023011675463273,-0.0020855755475997
2009-10-28,-0.0202166619295708,0.0014053314495823,-0.024400661835651,-0.0031801631832822
2009-10-29,0.0166017038696494,-0.0024118319541015,0.0213982452463968,0.004962809982237
2009-10-30,-0.0219258635280568,0.0047194279255118,-0.0225516094848559,-0.0013280403006905
2009-11-02,0.0032984078247938,-0.0001903908769916,0.0074693373183728,0.0018537033110051
2009-11-03,-0.0002703820299371,-0.0016736099270954,0.0122489574828444,0.0003801569675285
2009-11-04,0.0068759213908509,-0.0026674671475089,0.0003685897507399,0.004796398141728
2009-11-05,0.0114352343110871,-9.376961109522526e-05,-0.0073216353133755,0.0024071920431015
2009-11-06,0.0032916690839097,0.0011150158047788,-0.0237435994786315,-0.0006045111068313
2009-11-09,0.0215654092755826,0.0008513443712309,0.0205078298163376,0.005723250711866
2009-11-10,0.0007340954684278,0.0011488691887813,-0.0089558233562171,-0.0024868113416543
2009-11-11,0.0043298800302965,0.0025298800485445,0.0048938075539278,0.0014695371982813
2009-11-12,-0.0067172279594012,0.0003353659652087,-0.0182167042083037,-0.0050751932107759
2009-11-13,0.0028483024310264,0.0003904821671622,-0.0009036478069715,-0.000893695550036
2009-11-16,0.0130368803985217,0.0037307766644431,0.0323978234263322,-0.0002817779487252
2009-11-17,-0.000395881320781,0.0017790370116663,0.0019283438038673,-0.0014332264361122
2009-11-18,0.0002604135149886,-0.0013816630427967,-0.0054810451243419,0.0021907871182359
2009-11-19,-0.0125738102356225,0.0011658752415619,-0.0107310403578108,0.0006731468443256
2009-11-20,-0.0045530285311018,-0.0002349319972823,-0.0009573917079211,0.001594248335443
2009-11-23,0.012961563920837,0.0001834325978948,0.0042584826285965,0.0030815163356358
2009-11-24,-0.0025665738626911,0.0026897482568149,-0.0128002332845873,-0.00343694592489
2009-11-25,0.0058148784538272,0.0016694953813473,0.0307530142642087,-0.001577349978109
2009-11-26,-0.0070801139519086,0.0014004939380826,-0.0049168929585795,0.0007338712738163
2009-11-27,-0.0130727160396765,0.0031980657068211,-0.0058022002435006,-0.0068206425023358
2009-11-30,0.003638544071362,0.0004896553968365,0.0017948783468136,0.0003629980623098
2009-12-01,0.0154836628168875,-0.0005035573618187,0.0061239371821734,0.0047816618108105
2009-12-02,0.0012361312377352,-0.0025023466070649,-0.0178075473985303,0.0006813025377583
2009-12-03,-0.0039977553351095,-0.0019564721722521,-0.0020876951049988,0.001825456414522
2009-12-04,0.0073122939480492,-0.0048242008092024,-0.0046074410640503,0.0012140064557646
2009-12-07,-0.0024704356978509,0.002011486352241,0.0056648577311027,-0.0012748633773335
2009-12-08,-0.0117794208850144,0.0027486995459392,-0.0056761933153595,-0.0024046934765801
2009-12-09,0.0009766016247365,-0.0002577572524661,-0.0229202024622839,-0.0007359159485941
2009-12-10,0.0045901654628069,-0.0030375133995601,0.0092060543304753,0.0010729018629974
2009-12-11,0.0063895812132898,-0.0029679176473267,-0.0005812575344198,0.0044443846189835
2009-12-14,0.0051567616470339,-0.0003969414671152,0.0104446214398512,0.0027925107728304
2009-12-15,-0.003282264667958,-0.0019332824200582,0.0074426344896902,0.0043228872821647
2009-12-16,0.0040729816302363,0.0012233394936099,0.0126924764151196,0.0010364230364572
2009-12-17,-0.0097304169857761,0.003893126702373,-0.0053241094297553,-0.0036068276431542
2009-12-18,0.0006611678641082,-0.0010289370408762,0.0033398862594048,0.001650704687687
2009-12-21,0.0097748024765803,-0.0048066449851767,-0.0067529401037849,0.0033232470615964
2009-12-22,0.006439605592344,-0.0030032385186444,0.0012972088586597,0.0041981497343823
2009-12-23,0.0019900873986961,-0.0010150986504035,0.0216838612150118,-0.0009572911046956
2009-12-24,0.0059585718990467,-0.0020047375643537,9.364347154519202e-05,0.0006800410270629
2009-12-28,0.0024093333264699,-0.0017528016223802,0.0203512177671434,0.0014130886627576
2009-12-29,-8.985695300451555e-05,8.352899632885352e-05,-0.0017317930081863,0.0012696052333607
2009-12-30,-0.0016831412502826,0.0009194698235174,-0.0014541170710547,-0.0019801604887942
2009-12-31,-0.0063217963296806,-0.0013232378441242,-0.0034196264412892,0.0007265116449366
2010-01-04,0.0149901009715645,0.0002206542570608,0.0272679774289183,-0.0002682711867274
2010-01-05,0.0027383707120046,0.0028110496659561,-0.003736565938599,-0.0068272966915459
2010-01-06,0.0006740198922575,-0.0016968258197624,0.0208282901116866,0.0003312350019334
2010-01-07,0.0021902002603252,-0.0006045366316337,-0.0137924306700347,0.0038408642460875
2010-01-08,0.0041528536832766,0.0006124407774899,-0.0016143290801026,0.0023646804088189
2010-01-11,0.0003949173217891,0.000554926084213,-0.0092532420177694,-0.0012730113580701
2010-01-12,-0.0069225977894844,0.0038646983289279,-0.0152311396095467,-0.0024568916223436
2010-01-13,0.0032973446653641,-0.0012534414868206,0.0007603100067304,-0.0051413201662681
2010-01-14,0.0041536542638895,0.0011637709456247,-0.0049813961063466,0.0004076563853639
2010-01-15,-0.0101899687983295,0.0030657817824621,-0.0085710017637918,-0.0014651324572828
2010-01-18,0.0006162376722,0.0005545013184326,8.377879048299217e-05,-0.0017335954188322
2010-01-19,0.0087818782164717,-0.001446464362572,-0.000541130783249,-0.0005656442142229
2010-01-20,-0.0111012009887547,0.0016932532251901,-0.0141191553205928,-0.000801702403879
2010-01-21,-0.0165291032486468,0.0019185760457331,-0.0065851438548281,-0.0035032016047044
2010-01-22,-0.0162816891125609,0.0010342558533992,-0.0071526941775145,-0.0032056690818166
2010-01-25,-0.0013550813321094,-0.0007625354886443,0.0013786358485877,0.0031116238818648
2010-01-26,-0.0036847647444085,0.0011744190175466,-0.0112290230188247,-0.000245730336834
2010-01-27,0.0019945514629914,-0.0004617163115586,-0.0182088647853388,0.0010578217706987
2010-01-28,-0.010694066996576,-0.0005388953636469,-0.006721854329995,0.000606089652045
2010-01-29,-0.0065326864091881,0.0022887875592855,-0.0073000523006385,0.000597774506657
2010-02-01,0.0123001734390084,-0.0010839033788386,0.017418104095858,0.0102445711594751
2010-02-02,0.0103047311876547,8.90069643923742e-05,0.0230970761137352,0.0001920093033205
2010-02-03,-0.0005577830741302,-0.0022012399401299,-0.0079646260180494,0.001017657860367
2010-02-04,-0.0280847113548696,0.0029099779773017,-0.0265389813897126,-0.007033357226411
2010-02-05,-0.0079202363339572,0.003101726191198,-0.0155973482261655,-0.0060513661594002
2010-02-08,-0.0015971804510329,-0.0018254509335447,0.0066730801606902,-1.0233864638546948e-05
2010-02-09,0.0071232647171095,-0.0005221922314066,0.0109999717890945,0.0013064275368388
2010-02-10,-0.0001521226781695,-0.001268755138983,0.0052870175019323,-0.0006255445721132
2010-02-11,0.0096241581019481,-0.0014134522441655,0.0141972226177206,0.0008130132763662
2010-02-12,0.0019838913650294,0.0012135360816869,-0.0069040913289112,-0.0031978679742998
2010-02-15,-0.0002392601173441,0.0001734763135058,0.0003985861916168,-0.0003891007450592
2010-02-16,0.0118261437187128,0.0012607171215284,0.0243814756768627,0.0010390302317717
2010-02-17,0.0085995320794573,-0.0026680048842803,0.0002859465575284,0.0009217757679079
2010-02-18,0.0052652673577076,-0.0026383495573802,0.0043041723701931,0.0029456468798212
2010-02-19,0.0005427537238794,-0.0008411737695633,0.0028301243896277,-0.0034075783001725
2010-02-22,0.0018647239871868,-3.1782980927258564e-05,-0.0024337224636394,0.0013609447246003
2010-02-23,-0.0087619969686224,0.0048510095890636,-0.0169182596796751,-0.0050015783792592
2010-02-24,0.0031688978841553,0.001206709502565,0.0089464249212995,-0.0028442706969622
2010-02-25,-0.0039368287101811,0.0027483679682015,-0.0180237825588022,-0.0046020104065825
2010-02-26,0.0033160608015128,0.0018879363044738,0.0164821913014532,0.0007269807093143
2010-03-01,0.0108991401108968,-0.0007574077268124,-0.0090984074891044,0.0030998270159697
2010-03-02,0.0044804352541428,0.0004232016253628,0.0105170407849788,0.001017420998959
2010-03-03,0.0023930400197118,-0.0001543432254228,0.011658453142157,0.0005175205514551
2010-03-04,0.0014287417030046,0.0009967748027829,-0.0149635307456563,-0.0006792813042308
2010-03-05,0.0137243195597151,-0.002117250512227,0.0086513808914411,0.0039576246246121
2010-03-08,0.0020157763628439,-0.0009879816037556,-0.0007172112826642,0.0013617374837301
2010-03-09,0.0022160191726062,0.0012329661797622,-0.0047686222950024,0.0002009250669805
2010-03-10,0.0046078092911006,-0.0009101173966435,0.003531242690863,0.0002643969394966
2010-03-11,0.0028474773336188,-0.0013679555594773,-0.0077657485783794,-4.706536592837074e-05
2010-03-12,0.0012405225647821,-0.0002174998551462,-0.0043617789947901,0.0005685251238982
2010-03-15,-0.0021665084742836,0.0007850722701774,-0.0102047794779833,0.0003789981993919
2010-03-16,0.007567240871157,0.0026454735722281,0.0126708382718836,-0.001629049495105
2010-03-17,0.0057849822032734,1.6197646693275862e-05,0.009467905662173,0.0012688117122288
2010-03-18,-0.0009979269540558,-0.0015644748509884,-0.0092238857969707,-0.0009169627493304
2010-03-19,-0.0032716421233834,-0.000351541564494,-0.0086469343273831,-0.0031296934243661
2010-03-22,0.0027814992626334,0.0018164295173823,-0.0016078733899391,0.0003797114000907
2010-03-23,0.006023206793794,0.0004309412311442,0.000528336697054,0.0003231694238011
2010-03-24,-0.0030959978932372,-0.0054000178045324,-0.0096073116874761,0.0006756051134596
2010-03-25,0.0008874648078725,-0.0035905262690316,-0.0073507913144406,-0.0005025949860682
2010-03-26,0.0008545322501903,0.0013655775890756,-0.0044275120141542,-0.0011154740867991
2010-03-29,0.0045246650981121,-7.552376442450574e-06,0.0175806784107077,-0.0017924798818268
2010-03-30,0.0005335099044858,0.0001478248361617,0.0052154649089242,0.0013116955087887
2010-03-31,-0.0034805492811766,0.0017455438124293,-0.0022172894375087,0.0017561566504896
2010-04-01,0.0090979674986517,0.0001606230486237,0.0191182379012545,0.0009269607776694
2010-04-02,0.0004553446126446,-0.0028676441629756,,0.0011071550097813
2010-04-05,0.0057123000521969,-0.0021752099446967,0.0175778301483288,-0.0018624332250831
2010-04-06,0.0022077958225864,-0.0004700769775252,-0.003865370918856,0.0054953993428971
2010-04-07,-0.0045184639095112,0.0033829966338011,-0.0040041140272193,0.0017585626354868
2010-04-08,0.0002234409277849,-0.0001643472317645,-0.0100539281717295,-0.0006458195402626
2010-04-09,0.0084242054584965,1.048949664263697e-05,0.0080497936537102,0.0026710457148226
2010-04-12,0.0007181609560647,0.0011073327489371,-0.000817471115327,-0.0008556717832182
2010-04-13,-0.0013442179342279,0.0022517980443305,0.0056144587842265,-0.0015033539718507
2010-04-14,0.0099126865580246,-0.0010652249872444,0.0110390844641551,0.0005117644976836
2010-04-15,0.0020606074051408,0.0003307007009447,-0.0031603640528167,0.0032930939167159
2010-04-16,-0.0149026251094036,0.0038770630791179,-0.010867082113062,-0.0021942049397039
2010-04-19,0.0009043895926491,-0.0004693079683289,-0.0162233626151858,-0.0014720239099859
2010-04-20,0.0080130992673305,-0.0007233596608442,0.0099237475919895,0.0020204512825887
2010-04-21,-0.0032814370437995,0.0015309505947849,0.0025447428532963,0.000766900445045
2010-04-22,-0.0023901725040855,-0.0009067785772174,0.0078640857200557,-0.0020032168962133
2010-04-23,0.0077037428643002,-0.0018514761596638,0.0108578336251163,0.003442485492774
2010-04-26,0.000811652929639,0.0004859585008722,-0.0026075122349247,0.0001280180822986
2010-04-27,-0.0207000591769747,0.0053209350385367,-0.0143645654768785,-0.0029177106026212
2010-04-28,0.0004463080476893,-0.0025811323994395,0.0029611579878488,0.0033865187286956
2010-04-29,0.0112461541193418,0.0019493391810069,-0.005284656324145,0.0055540657935603
2010-04-30,-0.0127734034944574,0.0029759233449834,0.0063104554991775,-0.005027855024874
2010-05-03,0.0089872718750912,-0.0018692372702527,0.0074616871684828,0.0006978041410143
2010-05-04,-0.020842337567433,0.0037325146969021,-0.0230588181678054,-0.0054766245868652
2010-05-05,-0.0078879156449348,0.0028097561659684,-0.0196319721281611,-0.0044328181530684
2010-05-06,-0.0301779446622251,0.0051594693429926,-0.0200835011179333,-0.0041199835462076
2010-05-07,-0.0181965115531381,-0.0014157180783908,-0.0037798645736788,-0.0022982574444377
2010-05-10,0.045648222670096,-0.003188478003292,0.018314304133296,0.0069427227977687
2010-05-11,-0.0045287429982967,0.0008546470205485,1.5218856940005503e-05,0.0029778386059608
2010-05-12,0.0135751810843841,-0.0003199567994508,0.0094547990370769,0.002320160595332
2010-05-13,-0.0053852809167741,0.0003372108470886,-0.002560168218498,0.0013537438308358
2010-05-14,-0.0210235656048935,0.0047384182515992,-0.0274945545329088,-0.007704207080274
2010-05-17,-0.0030273905875168,-0.0005314830281015,-0.0215855212891526,-0.002551848301002
2010-05-18,-0.0065418967408415,0.002599147207375,0.0002199580232931,-0.0005372449767195
2010-05-19,-0.0120069456712294,0.0013847464638338,-0.0158236631855883,-0.0091251529190172
2010-05-20,-0.0298399349889782,0.0038782630067274,-0.0132737006473023,-0.0111511094557924
2010-05-21,0.0073155327217247,0.0020273317596055,-0.0005261939851323,0.0043732347742182
2010-05-24,-0.0079010632419556,-0.0006286823845137,-0.0002288285448341,0.0035725679958784
2010-05-25,-0.0063336397749791,0.0035187104006796,-0.0134074947750276,-0.0044684372933182
2010-05-26,-0.003743599075422,-0.0029435588823313,0.0201860728422871,0.0095075861918526
2010-05-27,0.0338996653122948,-0.004851458815146,0.0267200321813081,-0.0005472809134861
2010-05-28,-0.0064713845200083,0.0017216031075104,-0.0061589863319491,0.0012725829652873
2010-05-31,-0.000115153153801,-3.29236122165341e-05,0.0013499260760588,0.0003645943100828
2010-06-01,-0.0134508877699623,0.0001323509239905,-0.0153670972993808,-0.0052304628807673
2010-06-02,0.0175275387849889,-0.0015547133811323,0.0073824946807376,0.0026350663621728
2010-06-03,0.0093437790390379,-0.001650581566473,0.0147800276300752,0.0041175536285139
2010-06-04,-0.0282254301289313,0.0070258902985679,-0.0222568112956307,-0.0086697587578293
2010-06-07,-0.0172161902935054,0.0009496254268858,0.0021919200642505,-0.0010080391044566
2010-06-08,0.0064353078472737,0.0012963591652598,0.0007923484688975,-0.0033252813925423
2010-06-09,0.0003107116036918,-0.0004664352286089,0.0103294016960385,0.0012367552807997
2010-06-10,0.0221061058176801,-0.0043789674343676,0.0065225421841933,0.0021672751671824
2010-06-11,0.0068348993976343,0.003600695589035,0.0032213978338078,-0.0033179504011477
2010-06-14,0.0045730622395727,-0.0030655591548415,0.0185739268690833,0.0039151052485814
2010-06-15,0.0164993586706481,-0.0009783536805342,0.0159319849182565,0.0004355272174573
2010-06-16,0.002616570467875,0.0006805479630662,0.0007834077702634,-0.0003466005115154
2010-06-17,0.0010301363030617,0.0036786742086081,0.0057992879401197,-0.0014726918324783
2010-06-18,-0.0005237337871521,-0.0011853984459711,-0.0055169185874473,-0.000178388388086
2010-06-21,0.0041609610077702,-0.0006270240742445,0.000712654057034,0.0021661216714561
2010-06-22,-0.0150045891762611,0.0036158295228905,-0.0088321915362765,-0.0004034541997994
2010-06-23,-0.0058619327500666,0.0022858218959425,-0.0116859703325529,-0.0049242857837497
2010-06-24,-0.0144879368872558,0.0006067666214657,0.0012472499923829,-0.0024937233648716
2010-06-25,-4.121873932809916e-05,0.000610554107898,0.0163623502671673,-0.0007556772655292
2010-06-28,-0.0012397030320304,0.0028186216001892,-0.0084804134497904,-0.0018104194269837
2010-06-29,-0.0316857302347396,0.0024714220227668,-0.0294200921743731,-0.0004197342677163
2010-06-30,-0.0073128179525857,0.0007499208428645,0.0068385814000907,-0.0007736372283181
2010-07-01,-0.0087937811485396,0.000861592348095,-0.0097206992233418,-0.0116887430642903
2010-07-02,-0.0047369403948864,-0.0016766679455082,-0.0090490715256764,0.0005644511694693
2010-07-05,-0.0008109845971416,0.0005370140195612,-0.0001379130942789,-0.0003843275367832
2010-07-06,0.0128014418622923,0.0009838692528777,0.0010531332349229,-0.0024573322030417
2010-07-07,0.0259962017218071,-0.0013668697060483,0.0148427196202638,0.0011227440010782
2010-07-08,0.0098077339362837,-0.0015129991438796,0.0046043358382438,0.0015430158828845
2010-07-09,0.0059862105729122,-0.0010548348490196,0.0049751920839206,0.0064412489713524
2010-07-12,0.0029872964688916,0.0013445900106462,-0.0106750628673504,0.0002159352124127
2010-07-13,0.0117998697632516,-0.0025176357421886,0.0143744041230787,0.0017740896662304
2010-07-14,0.0030672988927547,0.001615301508059,-0.0003110533317308,-0.0010246672947234
2010-07-15,-0.0027797225946866,0.0032376479113362,0.0115889215964532,-0.0060257667325322
2010-07-16,-0.0227498465982776,0.0023568196233927,-0.009136613415178,-0.007705263252161
2010-07-19,-0.0009424008687075,-0.0008495400921106,4.689478982489723e-05,-0.0033664317106444
2010-07-20,0.0098401973461952,0.0008454056307901,0.0049730757926349,-0.0002975535711991
2010-07-21,-0.0091436747106763,0.0014077935084087,-0.0031874077154565,0.0019938549520375
2010-07-22,0.0191721540140674,-0.0012685052139279,0.0241960375371671,0.0018426962475155
2010-07-23,0.0107660922604234,-0.0029132411972358,-0.0046164774971497,0.0007126575293144
2010-07-26,0.0069971485081605,0.0001500094418482,0.0001890518968503,0.0012738655503722
2010-07-27,0.0023470509516307,-0.0016638157198492,-0.0088620520297716,0.0027077819209611
2010-07-28,-0.0045355203075666,0.0019148602373862,0.0066013210267071,-0.0017476248937676
2010-07-29,-0.0041026740566827,0.0018287131301649,0.0165552711014685,0.0005263384260835
2010-07-30,-0.0011267061312359,0.0040408608205002,0.0141251841699153,-0.0056029555817292
2010-08-02,0.0197603076029306,-0.0014282935417951,0.0119858740746022,0.0023890277383506
2010-08-03,-0.0008507840308215,0.0031466877559147,0.0031122925814944,-0.0015477809321023
2010-08-04,0.0031954359168206,-0.0009939672328603,0.0086517634849842,0.0002297917305111
2010-08-05,-8.288775672998398e-05,0.0014059764601483,-0.0062117782998811,0.0022664305917334
2010-08-06,-0.0042839976737017,0.0030369535360748,-0.0137432388154963,-0.0031177614663344
2010-08-09,0.0060664593589214,0.0001328938328451,-0.0022522749289946,-0.0008343323279895
2010-08-10,-0.0054882089282766,0.0012130980894943,-0.0110371017311835,-0.0006417574750523
2010-08-11,-0.0286669187715088,0.004376159490477,-0.0132127156940115,-0.0004009805145779
2010-08-12,-0.0049680784750349,-0.001037833582879,-0.0073756185698209,-0.0038381800353545
2010-08-13,-0.0014853503278325,0.0011151730048895,-0.001140404589851,-0.0037676120411648
2010-08-16,-0.0002878126066945,0.0037999958425834,-0.0055672853505323,-0.0030102489198053
2010-08-17,0.0111390324140059,-0.0021978723091704,0.0106317520699549,-0.001022126597242
2010-08-18,-0.0014255769567362,0.0008168133464388,-0.002611617376909,-0.0006554609223972
2010-08-19,-0.0123129803526138,0.0013126109622859,-0.0094282074980812,-0.0045233119572102
2010-08-20,-0.004298519706557,-0.0011228409087657,-0.0089117456296194,-0.0006953930754156
2010-08-23,-0.0026850060143076,0.0005389671594443,-0.0059242021787465,-0.0027539115191929
2010-08-24,-0.0144097308442346,0.004352999518664,-0.0136423453616659,-0.002990472105084
2010-08-25,0.0005488072285429,-0.0013468763139647,-0.003586966004436,-0.0019074501061437
2010-08-26,-0.0046938205928851,0.0005473686671392,0.0111255473031598,0.0036047854008403
2010-08-27,0.0156334199845624,-0.0048800193859791,0.008176105599799,0.0042032712521158
2010-08-30,-0.0107258380273465,0.0038601960193781,0.0040417456678416,-0.0020285687301919
2010-08-31,-0.0006991453923118,0.0028549010938774,-0.0145805291330809,-0.0066559866739662
2010-09-01,0.0297374018040943,-0.0051360485482253,0.0125315569428766,-0.0006203511702122
2010-09-02,0.0065499033430661,-0.0017822200974857,0.0072617361475282,0.0018914182927464
2010-09-03,0.0110572171501695,-0.0032973793144655,0.0093433808224783,0.0058384246586365
2010-09-06,0.0023454513144487,-0.0009845656229927,0.0024812983897071,-0.0064667272379631
2010-09-07,-0.0096762815834085,0.0050110585952829,0.0003173264846468,0.0008410992780784
2010-09-08,0.0045673056322794,-0.0019845650008574,0.001967144614583,0.0010658499109709
2010-09-09,0.0043264652781252,-0.0038753013918062,-0.0048281074138129,0.0015349722357339
2010-09-10,0.006008956528695,-0.0023356161983332,0.0083064824640393,0.0047831947059434
2010-09-13,0.0100143385251391,0.0018024555919578,0.0090778039733824,0.0011228420050442
2010-09-14,-4.981239910184129e-05,0.0030050594622055,0.0052754584111238,-0.0038208533503184
2010-09-15,0.0038247695725311,-0.0003866954741634,-0.001690131285747,-0.0006373308335133
2010-09-16,0.0001592420806065,-0.0017179566992391,-0.0036970390498124,0.0001537461711833
2010-09-17,-0.0016684078243231,0.0009033213330988,0.0006024986933419,6.1001293733570494e-05
2010-09-20,0.0131129429365387,0.0005014578151175,-0.0001859953686152,-0.0005385513929687
2010-09-21,-0.0017725846454223,0.0046967871394236,-0.0056310050681492,0.0027390481291041
2010-09-22,-0.0053864983946576,0.0027376376424937,0.0014611821331294,0.0045680372611341
2010-09-23,-0.0068275283798021,0.0006164817940272,0.0055745523177403,-0.006313515453068
2010-09-24,0.0163247580239419,-0.0019036799080628,0.0062575512415206,0.0039094158176531
2010-09-27,-0.0027814387508428,0.0036302468206898,-0.0059258767737678,-0.0027141671866629
2010-09-28,0.0021002780484884,0.002610223939941,0.0008139730271393,0.0040946549578771
2010-09-29,-0.0005706488227051,-0.0004383516099449,0.0099168321038765,0.0008883343876676
2010-09-30,-0.0048228211126584,-0.0004197074539449,0.0051362246806944,0.0009351391129469
2010-10-01,0.0031628650061531,-0.0003042308796106,-0.0014660915342684,0.0010417171203042
2010-10-04,-0.0059619221307853,0.0024897141637803,-0.0052125423629401,-0.0010004643766008
2010-10-05,0.016762416879264,0.0007956080316647,0.0149505689543853,0.0049207375672041
2010-10-06,0.0034107637899365,0.003278742965652,0.0063635446165983,0.0112476969563032
2010-10-07,0.0004826281695566,-0.0006855671601582,-0.0163335256542278,-0.0064551066610931
2010-10-08,0.0016565613574917,0.0016531327132036,0.0231221389465106,0.0031102606065389
2010-10-11,0.0016594828910565,0.0003807103583678,0.0006865356697197,-0.0002308939011576
2010-10-12,-0.000758467318796,-0.0008542971100056,0.0016553468758217,0.0031810896861563
2010-10-13,0.009657740782996,-0.0001886968714565,0.0085686607131384,0.0061069430415175
2010-10-14,0.0007101800179267,-0.0020696940317997,-0.0025726020293105,0.0047326217619838
2010-10-15,0.0002551581569853,-0.002645175218892,-0.0136364142953461,0.0024070864601682
2010-10-18,0.0023101396820095,0.0024922731073122,0.0067485468559044,-0.0041201359646085
2010-10-19,-0.0090238991853845,-7.24814006742682e-05,-0.0199195639227721,-0.0003096955998094
2010-10-20,0.0061190128733347,-0.0002033618995864,0.0190981961306719,-0.0035830848089891
2010-10-21,0.0019811666120802,-0.0017488990386045,-0.0171104854303655,0.005443566428498
2010-10-22,0.0027165227626817,-0.0011343031234551,0.0031895041134592,0.0001032174163073
2010-10-25,0.0022582209746571,0.0003990625037593,0.0066417413160242,0.0024965632113482
2010-10-26,-0.0015704697260859,-0.003897133578011,0.0061854178080893,0.0043599323193889
2010-10-27,-0.0041116048843966,-0.0035934092736114,-0.0059994606239121,-0.0019972064580025
2010-10-28,0.0007801863928523,0.0030199079494654,0.0088304544198424,-0.003391663315412
2010-10-29,-0.0008815077424767,0.0018597695263917,0.0027421960496854,-0.000991886490999
2010-11-01,0.0023268675340628,0.0002225806653847,-0.0006755762739606,0.0042175820707471
2010-11-02,0.0073338187336938,0.000482838427323,0.0082043113577049,0.001383422571372
2010-11-03,0.0016338766345112,0.0005750064014669,0.0021236828658874,-0.0036498558594946
2010-11-04,0.0176031806258039,0.0053289176246293,0.0210357812093683,-0.0028796963802904
2010-11-05,0.0040058300370274,-0.0018445960517808,0.0055410013676523,0.0012398048005381
2010-11-08,-0.0003039089591733,-0.0011836261009541,0.0055685114834288,-0.0004721641255502
2010-11-09,-0.0048628049468237,-0.0038530878624977,0.0106366609198528,0.0023687151190411
2010-11-10,0.0002589897661143,0.000620306236516,-0.0048559997794366,-0.0035641159364019
2010-11-11,-0.0016429082352217,-0.0025279771045145,-0.00587249546203,0.0040667515724204
2010-11-12,-0.0109278535993188,-0.0021369024598436,-0.0335826357186467,0.0017637140753217
2010-11-15,0.0017988676857341,-0.0062645623005963,0.0054204540287699,-0.0040629641965473
2010-11-16,-0.0165790906945325,0.0011633519539886,-0.0303959518989408,-0.0021605359218508
2010-11-17,0.0026201771212077,-0.0010647361372944,0.00057529555144,0.0022465058760302
2010-11-18,0.0166161596363402,-0.0036280103509146,0.017996669589172,0.0048753999818203
2010-11-19,0.0003707616338985,0.0007111331532263,-0.0048699799790915,0.0025003996430097
2010-11-22,-0.0011934474597413,0.0022112056033492,0.0018315558347646,0.0004244327380824
2010-11-23,-0.0160977047738629,0.0017558875310665,-0.0017989579589433,-0.0040705611058058
2010-11-24,0.0119903241128002,-0.0054932557964656,0.0170635954886629,0.0032791387688418
2010-11-25,0.0014413863820106,-0.0008707326252254,0.0029426877367437,0.0005403894779801
2010-11-26,-0.0089262859158825,0.0005412418979713,-0.005101998012594,-0.0016225961297921
2010-11-29,-0.0009418421388679,0.0006180802858839,0.002855362080134,-0.0001729829780127
2010-11-30,-0.0064645958725567,0.0017475907444073,-0.0063547016174553,-0.0033283787262252
2010-12-01,0.0194948598097208,-0.0048669627904555,0.0273339312289184,0.0061138357188371
2010-12-02,0.0153432889814969,-0.002265249286652,0.0126746982133498,0.0027279164153311
2010-12-03,0.0002736408271586,0.0004636433147148,0.0100552720520983,-0.0006441948453737
2010-12-06,-0.0010681882859586,0.0040087706912547,0.0048008487044668,-0.0007906602289779
2010-12-07,0.0023887182255669,-0.0094780733274382,-0.004346690372085,0.005364098487069
2010-12-08,0.0038391469030761,-0.0050117789738715,0.0067685206819268,-0.0027554867184625
2010-12-09,0.0036272100325827,0.0002696194195262,-0.0057384684196765,-0.0073833972938525
2010-12-10,0.0043483373718872,-0.0014509648323189,-0.0040708793020807,-0.0016895470425025
2010-12-13,0.0017704340860188,7.311225003465608e-05,0.0118522941072182,0.0025576027618411
2010-12-14,0.0010095919418532,-0.0061115258163288,-0.0071545329000122,0.0001224897479729
2010-12-15,-0.0033455217663903,-0.0015499756093455,-0.0009811709206563,0.0076240713154888
2010-12-16,0.003379882278015,0.0007998231178396,-0.0108700636309172,0.0019901971679968
2010-12-17,-0.0009658644298557,0.0064497935365427,0.0069381078466838,-0.0042573092892416
2010-12-20,0.0016214227336282,0.0003136191811248,0.0139322057517516,-0.0045646463920715
2010-12-21,0.0084743294145316,6.486128405331742e-06,8.624287300880136e-05,0.003582460640477
2010-12-22,0.0025009382358928,-0.0005437255641852,0.0085306625697389,-0.001691724230486
2010-12-23,-0.0007465683817805,-0.0018599764723355,0.0021303148564012,0.0008423753663468
2010-12-24,-0.0006253739117686,-0.000257887897838,-0.0007912235431704,-0.0002989135464517
2010-12-27,-0.0006215949005705,0.0011158033274108,0.0006698661962703,0.0005736955764729
2010-12-28,0.0001564951391026,-0.0030434246135308,0.0095274751722706,-0.0007845765020061
2010-12-29,0.0020791238104205,0.0040319670285603,-0.0003020616412647,0.000349658687575
2010-12-30,-0.0035860281054134,0.0006559438200494,-0.0062812226279556,-0.001446040150628
2010-12-31,-0.001757088371993,0.0024064534816302,0.0155109268816104,-0.0004285173675954
2011-01-03,0.0089797101044986,-0.0006104616402691,0.0094807593851156,0.0045592609566458
2011-01-04,0.0015811696050415,0.0002591110147949,-0.0121745292099011,-3.257158483625972e-05
2011-01-05,0.0033131911124144,-0.0051414185435822,0.0027832453434755,0.0053407319239589
2011-01-06,-0.0001881250368255,0.0008410722105272,-0.009887420584804,-0.0005112660598173
2011-01-07,-0.0025222840499529,0.0037828524808066,-0.006728816918029,0.0003668228597684
2011-01-10,-0.0030056123763374,0.0009105725141298,0.0091717963356032,-0.003716659609735
2011-01-11,0.0052331496902676,-0.0011458253221027,0.0130645228910212,0.004850044995359
2011-01-12,0.010471413273586,-0.0004599149737581,0.0122489911067618,0.0004208370468302
2011-01-13,-0.0003929857819705,0.0023224825535637,-0.0057943791227145,-0.003538096812288
2011-01-14,0.0043216326093343,-0.0005844038688935,0.0041553800861914,-0.0021092789996206
2011-01-17,-0.0006647539339946,-0.0006262886385148,-0.0021272113677756,0.0005958739756774
2011-01-18,0.0053557967938803,-0.0021594509022569,0.0014850448471844,0.005211672637542
2011-01-19,-0.0102005575582755,0.0006299431618999,0.0021255262323256,-0.0038007130056929
2011-01-20,-0.0041788974965157,-0.004058438798623,-0.0057533914646732,-0.0012440612353187
2011-01-21,0.002445530309636,0.0015928326850087,0.0064535098631674,-0.0034712631830821
2011-01-24,0.0061632375530009,0.0004481077230721,-0.0093911642179279,0.0028976289986306
2011-01-25,-0.0007698212751982,0.0026423716257128,-0.0176833967305335,-0.0024551929278495
2011-01-26,0.0047456874586551,-0.0031381435627709,0.0162747801502083,0.0011411624987289
2011-01-27,0.0018227019282442,0.0018672832797769,-0.0092205936015531,0.0002780398013808
2011-01-28,-0.0155996620248445,0.0027779890620435,0.0143602144644635,-0.001671981501781
2011-01-31,0.0048602382752154,-0.0011595551533451,0.0179199378049297,0.0067067337698808
2011-02-01,0.0139090126597435,-0.0028155747798276,0.0017132533033629,0.0044384794668638
2011-02-02,0.0003245770555542,-0.0014800604788278,0.0062957743441074,3.7053289444884285e-05
2011-02-03,0.0014018135892571,-0.0027728588235699,-0.0065068699050191,-0.0045105769118499
2011-02-04,0.0033307156566629,-0.0046485231834904,-0.0068843164547968,0.0022074934786336
2011-02-07,0.0063307364623162,-0.000314900212573,-0.009634768746857,0.000304707261784
2011-02-08,0.0041683436768197,-0.0033729662062065,8.399373813221343e-06,-0.002617327671906
2011-02-09,-0.0019658512564476,0.0017531099056684,0.0069232887597837,0.0014145249422856
2011-02-10,-0.0005743958199514,-0.0014357184724853,-0.0051983316048007,-0.001693584487428
2011-02-11,0.0048824364724618,0.0018162560894489,-0.0067582190591331,-0.0014337987422637
2011-02-14,0.0015345182625032,0.0004005754549434,0.0072177335420113,-6.695965188206174e-05
2011-02-15,-0.0005753237617537,0.0002634367203266,-0.0078111321198203,0.0006111669541199
2011-02-16,0.0057132651893245,-0.0002851977589093,0.0024894412427218,-0.0013589688232011
2011-02-17,0.0026172871746128,0.0026453161588407,0.0028694539394295,-0.0056647902154901
2011-02-18,0.0027770365085231,0.0001311920212563,-0.000655815415447,0.0120469135923817
2011-02-21,-0.0023032739378065,0.0005884458560925,0.005817876688285,-0.0001572301594903
2011-02-22,-0.0173195310676049,0.0056124159014035,0.0018251830614165,0.0011929334904244
2011-02-23,-0.0071935001348645,-0.0005047667324064,0.0183558922755891,-0.0033691604711377
2011-02-24,-0.0032391604311038,0.0015011565267312,-0.0053502281744772,0.0065713342848492
2011-02-25,0.0114274676701124,0.0004077944180896,0.0168971256114437,-6.054285703049391e-05
2011-02-28,0.0061945851415775,0.0004118595803092,0.0024594820357182,-0.0019479733261661
2011-03-01,-0.0135978188620794,-9.796370399689458e-05,0.006106786103595,0.0058362522952507
2011-03-02,-0.0002635034343543,-0.0012205817506957,0.0070202605673393,0.0029403268338994
2011-03-03,0.0146070905472935,-0.0052794262253931,-0.0005158260022427,0.0051442512973423
2011-03-04,-0.0047903066972776,0.0036816699469503,0.0069962053844232,-0.0030779514086385
2011-03-07,-0.0080754918657763,0.0004524753718307,-0.0009618575334025,0.0031765991226996
2011-03-08,0.0061816128899186,-0.0019591960629929,-0.009659948612086,-0.0010371061411506
2011-03-09,-0.0030779866982882,0.002232838237309,0.0039654759214459,0.0018543936839482
2011-03-10,-0.0149878242130775,0.0039598576014278,-0.0129637017730843,-0.0043804777248406
2011-03-11,0.0033266008079104,0.0022442697528649,-0.0060516661068112,-0.0065162449210896
2011-03-14,-0.0120565914231391,0.0040868524950596,0.0005271169216328,0.0006720967000468
2011-03-15,-0.018818886586236,0.002188587408847,-0.0307301649233741,-0.0023200098858912
2011-03-16,-0.0115636550459055,0.0035896642356958,0.0052435066970572,0.0031606320966638
2011-03-17,0.0107471172563829,-0.0022725276963393,0.0358211824152529,-0.0064862882433299
2011-03-18,0.0058527649353187,-0.0006362980127178,0.0052289624207658,0.0028358138491905
2011-03-21,0.0143718542173444,-0.0026491429037442,0.0051019891058048,0.0006935707843304
2011-03-22,0.0001475925623788,-0.0016501642256283,0.0094349738848699,-0.0035675090819927
2011-03-23,0.0017658015701171,0.000516710373928,0.0039533714950629,-0.0021555386913731
2011-03-24,0.0099276570746772,-0.001735892326809,0.0008607578765819,-0.0017753228984819
2011-03-25,0.0039548623166003,-0.0016436379958405,0.005314074400301,0.0082738077500991
2011-03-28,-0.0048372982818661,-0.0011494011037601,-0.0103961873309857,-0.0006066039402736
2011-03-29,0.0085041928233792,-0.0013053150695567,-0.002233695806705,-0.001285702768478
2011-03-30,0.0076089174128054,0.0009367101208668,0.0021816722194498,0.0018940338236802
2011-03-31,-0.0019786988971201,-0.0008137266681691,0.017280244346158,0.0019736911513484
2011-04-01,0.0059704980443558,-0.0011586868358517,0.0037291770515,0.000995161694206
2011-04-04,0.0013709657638842,0.0015196268708719,0.0048248618414742,-0.0011846262074041
2011-04-05,-0.0018010435003652,-0.0020816842546944,0.0022070233842297,0.004588981048344
2011-04-06,0.0019206942638173,-0.0021049761050184,-0.0014931702973149,-0.0001657263793982
2011-04-07,-0.0013333168886547,-0.000162702450213,-0.0017680710604029,0.0040890628874086
2011-04-08,2.241261027140611e-05,-0.0012502783084939,0.0164815981374039,0.0033780721046785
2011-04-11,-0.0032451521291442,0.0003392702360025,-0.0074082406328297,0.0004832382367086
2011-04-12,-0.0105657706650834,0.0038050248750838,-0.0210138587580475,-0.0040917772183156
2011-04-13,0.0020793119151808,0.0013786109149946,0.0056343884047667,0.0037329240152484
2011-04-14,-0.0005939289277436,-0.0001379831630314,0.001890472028534,0.0002158531225626
2011-04-15,0.0041412484448489,0.0032710169539603,0.0063797427880173,-0.0013213149614828
2011-04-18,-0.0134455077905813,0.0027974993703282,-0.0100079703449308,-0.0023143120519253
2011-04-19,0.0037985219074892,0.0004630601802825,0.0061835346546768,-2.260879984931671e-05
2011-04-20,0.0164210339944012,-0.0016453452887866,0.0146137099871964,0.0021297836139653
2011-04-21,0.0032284988880045,0.0007186411016139,0.0077190509641587,-0.0026253297255618
2011-04-25,-0.000302381401824,0.0013336986228215,-7.62583455557117e-05,0.0005013372628847
2011-04-26,0.0055175207725032,0.0018320888223425,-0.0018306570421719,-0.0051486292208879
2011-04-27,0.0065684152740518,-0.0015015144794875,-0.0011543020039792,0.0046415319391715
2011-04-28,0.0042177973011701,0.0033973776291225,0.0027342724144856,0.0005384460597989
2011-04-29,0.0027857623094277,0.0011744728725964,0.0130363862302122,0.0025420002822593
2011-05-02,0.0003677943982986,0.0004449511874481,-0.0049838675376984,-0.0026695014838992
2011-05-03,-0.0043919148658696,0.0013084104650861,-0.0125568174540858,0.0003089279394304
2011-05-04,-0.0074636371895331,0.0010769278641456,-0.01629735319827,0.0014423535724836
2011-05-05,-0.005189895095609,0.0021212017017231,-0.0569881490866276,-0.007330446089166
2011-05-06,0.0009944972634599,0.0020947862997753,-0.0101804818465503,0.0014975296054317
2011-05-09,0.0025734811075015,0.0010619848244928,0.0220181997240514,0.0003787685882945
2011-05-10,0.007560834307802,-0.0015595125719676,0.0141627729855048,0.001095451391944
2011-05-11,-0.0073381115392585,0.0011012424785041,-0.0297712998168142,-0.0018636178759511
2011-05-12,0.001494061904687,-0.0001216420345823,0.0007597732154155,-0.0018171144352767
2011-05-13,-0.0074918054465208,0.0014533950597115,0.0029951317386865,-0.0023242475255813
2011-05-16,-0.0055388411880765,0.000919963952756,-0.0056808062610512,-0.0022318169532086
2011-05-17,-0.0014654891796777,0.0006456653788233,-0.0076578596350746,-0.006497506614598
2011-05-18,0.0088341222378467,-0.0017299054845352,0.0219649978469356,0.0062534038276599
2011-05-19,0.0029880362312411,-3.092646959928594e-05,-0.0121655776906832,-0.0001955198910402
2011-05-20,-0.0084054391857364,0.0017898069017713,0.0098428152027921,-0.0012437780644809
2011-05-23,-0.0112848061446561,0.0010289785100015,-0.0097526824739511,-0.0016476391684706
2011-05-24,-0.000685546168229,0.0001657259706438,0.0094387382402902,0.0062235599937876
2011-05-25,0.0022855282459174,0.0009843052702134,0.0153290954666758,0.0002533247033193
2011-05-26,0.0062471096702227,0.0024760980303319,-0.0027053781535477,-0.0028638731994396
2011-05-27,0.0031939962065619,0.0007453714402836,0.0096196454145078,0.0021501820546892
2011-05-30,-0.000302823320413,-0.0001053932837913,-0.0003025955492133,
2011-05-31,0.0110586920178485,8.965143625305445e-06,0.0128351643506567,-0.0001401688717161
2011-06-01,-0.0184402546719291,0.003361888791842,-0.0115233494956566,-0.0079504590390686
2011-06-02,-0.0037023245967782,-0.0002695021510777,0.0071870630307935,0.0024310930827626
2011-06-03,-0.0093758272518727,0.0015152477709058,0.0007620987059899,0.0023294957580243
2011-06-06,-0.0078662648641508,-0.0001329639704897,-0.0050093718003233,0.0007908271120836
2011-06-07,5.738596983600647e-05,-0.0015332254058716,0.0064864607744983,0.0013206547445816
2011-06-08,-0.006214290183886,0.0020785157806994,0.0073600246802984,-0.0014926148027114
2011-06-09,0.0072828814719295,-0.0014202445738849,0.0020988820574941,-0.0016299518678809
2011-06-10,-0.0125139151241492,0.0018247966012866,-0.0052801516173042,-0.0039092125114351
2011-06-13,0.0007924146890847,-0.0005541715374424,-0.0089854324778557,0.0005174749861947
2011-06-14,0.0130928581926712,-0.0039383939964162,0.0036705858533935,0.0062207259482992
2011-06-15,-0.0157470864267844,0.0046810964222401,-0.0233777692437412,0.0002899667538973
2011-06-16,-0.0009190680548719,0.003318645722494,-0.0089075017236373,-0.0030502824194988
2011-06-17,0.0016560449182334,-0.0009944423081953,-0.0081114283077907,-0.0024118253047063
2011-06-20,0.0033268516187691,-0.0004594572687068,-0.0032260983079437,0.0011477076534837
2011-06-21,0.0122386806215859,-0.0008840243747406,0.0042828685642172,0.0016804435582472
2011-06-22,-0.0039175895508828,8.253491143730309e-05,0.0025973989670824,-0.0004843599412535
2011-06-23,-0.0057778320926287,0.0035929913495163,-0.0310114279255702,-0.0035596410719268
2011-06-24,-0.0064963117159741,0.0017386745261024,-0.0048313865555551,0.0048521968788281
2011-06-27,0.0063519307889545,-0.0013475063383748,-0.0015677237859122,0.0017735696001831
2011-06-28,0.0123991141589734,-0.0049916492198439,0.0195628285012658,0.0055195094201493
2011-06-29,0.0098768200144105,-0.0032442217963962,0.0151947590826014,0.0066819233187628
2011-06-30,0.0094448340910971,-0.0026751358995799,-0.0015210482624838,0.0016500606168959
2011-07-01,0.0116305509203353,-0.0015889046054651,-0.0064919117028427,-0.0022718085595748
2011-07-04,0.0016010905310875,5.006236045485957e-05,0.0001955324843773,-0.0026507703974423
2011-07-05,0.0006265410882748,0.0023815722317234,0.0144599172442598,-0.000698905379342
2011-07-06,-0.0012769047564525,0.0013320193352793,-0.006023954560207,-0.0030910312963848
2011-07-07,0.0096509493954192,-0.0026432594208016,0.0180455989022257,0.0040805500285059
2011-07-08,-0.0068701361097189,0.0055521953365181,-0.0015016245586929,-0.0060591149889502
2011-07-11,-0.0171547311267172,0.0032273889113059,-0.0041950115036427,-0.0031552160885073
2011-07-12,-0.0071289885888045,0.0019324931084398,0.0106693920684536,0.0020389405457288
2011-07-13,0.0026131226440277,0.0003559885021746,0.0135988724480228,0.0007641369828502
2011-07-14,-0.004831128440446,-0.001179614430335,-0.0099073752289478,-0.0039592350961594
2011-07-15,0.003689523598507,0.0016104711714431,0.0105113338582327,0.0048450564472213
2011-07-18,-0.0111633369210027,-0.0002181045146636,-0.0058675246922661,0.0020175781341689
2011-07-19,0.0125304375705247,0.0009630803821506,0.0066913317982104,0.0015608957634873
2011-07-20,0.0037378756193783,-0.0014065011542362,3.0450385152094904e-06,-0.0019575451366905
2011-07-21,0.0141165074279194,-0.002524110893147,-0.005662051714435,0.0036872703383642
2011-07-22,0.0011568013484395,0.0016192617032355,0.0079557485118631,0.000827428681464
2011-07-25,-0.005779463899145,-0.0011599225789235,-0.005128169500842,0.0026859434699821
2011-07-26,-0.0040527827951964,0.0016799370044714,0.0052385707297222,-0.0005024615886548
2011-07-27,-0.0179218862837297,-0.0006691618782573,-0.0060901564957475,0.0003545114543141
2011-07-28,-0.0028362305496651,0.0012173390485675,-0.0048503203528289,-0.0003939304945925
2011-07-29,-0.0069810723793454,0.0055761181634992,-0.0097516674683773,-0.004470373045667
2011-08-01,-0.0060194069868364,0.0016177009602771,-0.0001612990361368,-0.0034360038735841
2011-08-02,-0.0236099964516278,0.0039482437822934,0.0012423736363836,-0.0063312353100553
2011-08-03,-0.0015254709258278,0.0011060134866251,-0.0155738125333511,-0.0063485129192461
2011-08-04,-0.0381864809689775,0.003817576184981,-0.0339396927490497,-0.0081219253860146
2011-08-05,-0.0081193860523485,-0.0029438811155951,-0.0010089625755436,0.0100210923686521
2011-08-08,-0.0601069061636467,0.0101143597439476,-0.0291212939053207,-0.0055493374831267
2011-08-09,0.0397800180384683,0.0047131983775352,-0.0050278966696767,0.0081652540807898
2011-08-10,-0.0359951391474726,0.0033191842425138,0.0175306070280323,0.0111905378687694
2011-08-11,0.0339129371037524,-0.0032739470710677,0.0198662944198687,-0.0112990534605208
2011-08-12,0.0116064056909809,0.0022908810631301,-0.0020571720155446,-0.0014878213106673
2011-08-15,0.0163010156448711,-0.0014202310294424,0.0106879735214949,-0.0024645346961507
2011-08-16,-0.0042238939334077,0.0023370850113637,-0.0051114286616875,-0.0066625544744196
2011-08-17,-0.0005704879615467,0.0025081665671344,0.0088902070567471,-0.0046772659049512
2011-08-18,-0.0383347397643666,0.0036264344812783,-0.0238728340787678,-0.0076261393670779
2011-08-19,-0.0180377473518696,0.0002344637510138,0.010402297337789,-0.003167757949162
2011-08-22,0.0007655138352474,-0.0010713738276888,0.0015851439892201,0.001322392619849
2011-08-23,0.0255658159209145,-0.0017460026559851,0.0109843120304579,-0.0026173652538458
2011-08-24,0.0103788459634466,-0.0036090971859718,-0.0055564498193443,-0.0019290822366296
2011-08-25,-0.0092445052398035,0.0014612839511732,0.0045227272339378,0.0056839558110477
2011-08-26,0.0100388863167535,0.001187005168078,0.0081684871724756,-0.0045811060001231
2011-08-29,0.0233864228017322,-0.0025635566749109,0.0024758264386978,0.0016291466381227
2011-08-30,0.0001984893713554,0.0029421575935378,0.0145734652343055,-0.0024751743634869
2011-08-31,0.013078795586775,-0.0026065107682814,0.0085561874148969,0.0013403432242496
2011-09-01,-0.0085267228492785,0.0024846074412472,-0.0066428470378065,-0.0029464145515195
2011-09-02,-0.0254216237134094,0.0037736124570448,-0.014011793445617,-0.002963300294971
2011-09-05,-0.0097365764403038,0.00118378298504,-0.0059506907442606,-0.0062812558738143
2011-09-06,-0.0041332214414818,0.0005360226454824,0.0023458740766195,-0.0026095995546852
2011-09-07,0.0288699217240862,-0.0014408398299358,0.0152762780789869,0.0035982538935811
2011-09-08,-0.0068351552731261,0.0014427064479947,-0.0013602254864613,0.0007165593231929
2011-09-09,-0.0232235911752926,0.0029415665675238,-0.0173114623992627,-0.0014244849996168
2011-09-12,-0.0048589479433562,-0.0011638580843896,-0.0042444496519152,-0.0010287638844905
2011-09-13,0.0080196158527933,-0.0025082883714822,0.0038075328627779,-0.0019556597154223
2011-09-14,0.0124557966671432,-0.0005627332718213,-0.0013216149692748,-0.0018516319691352
2011-09-15,0.0195114446872843,-0.0031141731367044,-0.0011915681007985,0.003454746406048
2011-09-16,0.0060023010521304,0.0007819669806315,-0.0070929890586555,0.000441643594805
2011-09-19,-0.0126800566659874,0.0042416187403365,-0.0170207888776031,-0.0050826226725388
2011-09-20,0.0011609317965751,-0.0005990085910831,0.0035516152125868,0.0025459602786961
2011-09-21,-0.0263138519229587,0.0008779869516497,-0.0091458244288221,0.005482223499437
2011-09-22,-0.0309028514510442,0.0052397245217164,-0.040416364249568,-0.0203218460050027
2011-09-23,0.0046572379069339,-0.0031112620229597,-0.015898637855482,0.0037018892887191
2011-09-26,0.0197285002058698,-0.003151715353105,0.0033633468088459,0.0051598049775319
2011-09-27,0.0185049335991049,-0.0044436126274166,0.0259598875194716,0.0072901956858581
2011-09-28,-0.0137334111551027,-5.081997476968304e-05,-0.02428424981036,0.0002900190176946
2011-09-29,0.0068162027034042,0.0014140441253685,0.0014623478355344,-0.0054304135809527
2011-09-30,-0.0223269455777679,0.0013223739866847,-0.0240601327355751,-0.0107220726999518
2011-10-03,-0.0293075272539774,0.0043290914568263,-0.0060080947887936,-0.0006405674265498
2011-10-04,0.0111998671918786,0.0015139973793116,-0.0126097924167123,0.0034524319006495
2011-10-05,0.0208116195682044,-0.0041243768158337,0.0165406961957885,0.0027405593102195
2011-10-06,0.0225963829943171,-0.0029972331148735,0.0196459117258152,0.0062237350798451
2011-10-07,0.0004191973254932,-0.0035539918411115,-0.0039904009255879,0.0056824556449391
2011-10-10,0.0253500862604423,-0.0058044145536912,0.0162097796850852,0.0020466257539135
2011-10-11,0.0014255910846092,0.0018592267029219,0.0097672171274786,7.873692464450141e-05
2011-10-12,0.0083092962589038,-0.0022711937256032,0.0009851054070273,-0.0025077261811801
2011-10-13,-0.0021684896303015,0.0020994406219958,-0.0007569720355931,-0.0055936513662564
2011-10-14,0.014568618859712,-0.0021860934218998,0.0238647347607436,0.0040577387170541
2011-10-17,-0.0154132400039666,0.0030422323383054,-0.0094633325927713,-0.0045112341347509
2011-10-18,0.0142629892981836,0.0010448958438999,-0.0011269034425256,-0.0032876321386882
2011-10-19,-0.0080237617717423,-0.0005130286275939,-0.0126703597851468,0.003360501735698
2011-10-20,-0.0025080233903877,-0.000506108845559,-0.0040314681154063,-0.001347916140603
2011-10-21,0.0194125730509063,-0.000634301101711,0.0083478547141908,0.0064018794732303
2011-10-24,0.0113001869402584,-0.0016352851327814,0.0170967677777803,0.0010579269724286
2011-10-25,-0.0148108842331111,0.0037924477608743,0.0037732664260478,0.0006157501413464
2011-10-26,0.007173777393936,-0.0011949162796606,-0.014883529483458,0.0024503958726082
2011-10-27,0.0364277745744939,-0.0066771391293103,0.0238863824136918,0.0110306634778333
2011-10-28,-4.354858795621835e-06,0.0017578298297738,-9.445988303246103e-05,-0.0022888448768086
2011-10-31,-0.0238786944100546,0.0050960769077828,-0.006726549698355,-0.0035569375842633
2011-11-01,-0.0228410911994835,0.0072156266981618,-0.0149583766242113,-0.003065684631871
2011-11-02,0.0070173503122671,0.0002469177974804,0.000828881360797,0.0054686005243482
2011-11-03,0.0161372676802794,-0.0016647791773561,0.0111914614065975,-0.0016832351534366
2011-11-04,-0.0034894202307896,0.0005414472176725,0.0029452169478194,0.0022936164445973
2011-11-07,0.0022112398561863,0.0004072666765653,0.0024463253622511,0.0012283161119142
2011-11-08,0.0098707006112801,-0.0019397200355444,0.0064266760453323,-0.0010085115487822
2011-11-09,-0.0298700672448231,0.0015229953382796,-0.0149448179080209,-0.0056172924774804
2011-11-10,0.0037502599530122,-0.0004847274734157,0.0007306055073723,0.0031192857435219
2011-11-11,0.018717355541313,-0.0014494178840927,0.0033285580182477,0.0010804953592261
2011-11-14,-0.0052682175271358,0.0021662339666018,-0.0092616509243454,-0.0032149305985926
2011-11-15,-0.0014652145497209,-0.0013083026240304,0.0043107987580325,-0.0049972730563772
2011-11-16,-0.0135038166664576,0.001075377129577,0.0011674148963369,-0.0018351743762594
2011-11-17,-0.0122814574070446,0.0011785684275089,-0.0195823062683519,-0.0094269597698039
2011-11-18,-0.002370182025347,-0.0013704167606878,-0.0063537719870077,0.0058206199691278
2011-11-21,-0.0197542997182653,0.0014971048016961,-0.0074881254070831,-0.0043012258644075
2011-11-22,-0.006376738294292,0.0002349366099584,0.0084406892289661,-0.0008083339594081
2011-11-23,-0.0172050297235262,0.0007072847366259,-0.0117666620737215,0.0019807215852398
2011-11-24,-0.0021598210437412,-0.0009976842694887,0.0008446984533779,-0.0016896308483799
2011-11-25,-0.0029017061615108,-0.0045907864879094,-0.0040281869059066,0.002423433530209
2011-11-28,0.0318340809262176,-0.0004677213447987,0.0067664087492326,0.0058433793987247
2011-11-29,0.006078910409608,-0.0015503128612159,0.0131823242576229,0.0021269015290825
2011-11-30,0.0361793770221294,-0.0004358772532497,0.005437315584254,0.0044207394165655
2011-12-01,0.0001900702756631,0.0012804757425097,-0.0013643384385489,0.0021233171972282
2011-12-02,0.0024915310120628,0.00235826607918,0.0026020081143226,-0.0013236879774683
2011-12-05,0.0085351041968758,0.0023905420867692,-0.0059122468829518,-0.0002024243626286
2011-12-06,-0.0018607384076684,-1.7933145544701866e-06,0.0039974005618615,-9.789298714397593e-05
2011-12-07,0.0058175836254758,0.0023450219955613,-0.0099423596443098,-0.0017406429459913
2011-12-08,-0.0195493953552832,0.001142298780522,-0.0065270541720379,-0.0040554263767939
2011-12-09,0.0142180059250111,-0.001854926988349,-0.0061211246390158,-0.0012945303474027
2011-12-12,-0.0162612703076656,0.0012655057957841,-0.0130366161310463,0.0021475009565331
2011-12-13,-0.0060820782308982,0.0010995286521356,0.0100503530571718,0.0016549269589135
2011-12-14,-0.0125908979107523,0.0013551022128512,-0.0366969943313416,-0.0076497590858885
2011-12-15,0.003144171030525,0.0008616078178748,-0.0029835228677509,-0.0013075142870109
2011-12-16,-0.0008538474908312,0.0022168885478221,0.0019378494845068,-0.0013486843997967
2011-12-19,-0.0087359740662081,0.0012233411135198,0.00032727191325,-0.0004104635568886
2011-12-20,0.0257247355991621,-0.0023029525771538,0.0188985816683641,0.0075760112819317
2011-12-21,0.0005340928436419,-0.0011297265368216,0.0077502924037319,0.0031635824998073
2011-12-22,0.0090081933034713,-0.0001180815553415,0.0053981900642042,-0.0007616981059734
2011-12-23,0.0083723914809108,-0.002930425515994,-0.0013663218491532,0.0020001207218625
2011-12-26,0.0006109342891278,-7.892634465274133e-06,,
2011-12-27,4.5913522827101015e-05,0.0003964783612892,0.009310811563304,-0.002408501071457
2011-12-28,-0.0112136755425144,0.0026007690024,-0.0101220589464831,-0.0080297071426121
2011-12-29,0.008679027804878,0.0012695118154497,-0.0047861845793381,-0.0024151645584609
2011-12-30,-6.995192071480348e-05,0.0014347412715319,0.0003198771479546,-0.0012842733039827
2012-01-02,0.0022727568200183,0.0001734794417713,,
2012-01-03,0.0144836960970004,-0.0027166159189386,0.0256588549350231,0.0064915249269332
2012-01-04,-0.0001411195725982,-0.0010228317727555,0.0088018407817422,0.0063096672296629
2012-01-05,-0.0022475411346637,0.0001820993750791,-0.0163180187607027,0.0014175944871439
2012-01-06,-0.0011868239496178,0.0010317233799092,0.0046498094950678,0.0005921692516856
2012-01-09,9.816883369165265e-05,0.0006049987961857,0.0009892582170761,-0.0005411285996758
2012-01-10,0.010257183837198,-0.0010045362900068,0.0036899501458356,-0.0003845754746939
2012-01-11,0.0004271989151856,0.0031855077742097,-0.0134579996357779,-0.0061479977466197
2012-01-12,0.0019210067173839,0.0007920695892424,-0.0119009554223049,-1.9636544852925e-05
2012-01-13,-0.0012838065418972,0.0027258248726828,-0.0075491294808698,0.0005892534736762
2012-01-16,0.0003030034250481,0.0004535044923578,0.0022686809297107,-9.157010854998952e-05
2012-01-17,0.0032793239943373,0.0002979814313246,-0.0014636663414641,0.0018086645096464
2012-01-18,0.0080401662151713,-0.0008293869175918,-0.0033199744768178,0.0016731769936261
2012-01-19,0.0079568004026678,-0.0027373365771091,-0.003789721053825,0.0036114433380222
2012-01-20,0.000529877649754,-0.0022766160631674,-0.0054553300574364,0.0025287512016918
2012-01-23,0.0016570713943843,-0.0012734496612416,0.0205456178135312,0.0021891080801776
2012-01-24,-0.0007842314928582,-1.0664178953562745e-05,0.0025473290747538,0.0018775113763482
2012-01-25,0.005058010616035,0.0026026428402419,0.0129160297623318,0.0010740001546627
2012-01-26,-0.0003655284244756,0.0044569659652675,-0.0001943149002011,0.0042878671572922
2012-01-27,-0.0029926686750803,0.0024832731467963,0.0070721890620783,-0.0010995558651809
2012-01-30,-0.0046652177185598,0.0013976315485725,-0.010462637739865,9.336193891766016e-06
2012-01-31,0.0004008451517936,0.001394474321482,-0.0111287359104176,0.0004958027948828
2012-02-01,0.0096525834860022,5.6673070404671016e-05,-0.0048491337445939,0.0078078360231526
2012-02-02,0.0029961986979855,0.000644733567546,0.0079345743264961,0.0023742559134417
2012-02-03,0.0109620700675284,-0.0044980713902646,0.0085339749698149,0.0002207760236903
2012-02-06,-1.7098977643405594e-05,0.0015744321351096,0.0068483058312944,0.0012784540507787
2012-02-07,0.0032136413856382,-0.0026576316378109,-0.0029785579942674,0.0037141453367382
2012-02-08,0.0017221560434786,-0.0006027232890326,-0.000853655327245,-0.0012436826800832
2012-02-09,0.0012675368233939,-0.0013191288353474,0.0071654443506394,-0.0013633620137208
2012-02-10,-0.0068712374347354,0.0029640452993628,-0.008411202298439,-0.0029800846177569
2012-02-13,0.0056642111630878,-0.0009640832457606,0.0040412046513976,0.0001087881569812
2012-02-14,-0.0004895331300576,0.0023714471677513,0.00173591502226,-0.0001889129041836
2012-02-15,-0.0002963635618024,-0.0001041561896062,-0.0008650342386797,-0.0006273769066946
2012-02-16,0.0058184580543112,-0.0019437638123534,0.0083680769584585,0.0046381444924806
2012-02-17,0.0054701965509052,-0.0005852177441365,0.0074258964920701,0.0030457056675649
2012-02-20,0.0025183649007376,-1.6340308148206058e-05,0.0021688587831542,-0.0022677483316927
2012-02-21,0.0004531222274959,-0.0010295633931527,0.0083505355453934,0.0046538678983639
2012-02-22,-0.0024441309083098,0.0017353561679435,0.0040246804417695,-0.0017389662233739
2012-02-23,0.0030898700099727,0.0010114302472292,0.0031909524873193,0.0026880633144642
2012-02-24,0.0013300099688258,0.0005938319471976,0.0043199825921008,-0.0048774686931647
2012-02-27,0.0011121984037868,0.0024216225710683,-0.0071139502921173,-0.0037715012310667
2012-02-28,0.0035405888253958,0.0010787289204388,-0.010678548926012,0.0002314689662674
2012-02-29,-0.0046682778705612,-0.0011790884403269,0.0038138084568391,0.0005649793825002
2012-03-01,0.0069833200295142,-0.0012497012362897,0.0016402403821847,0.004463663274788
2012-03-02,-0.0025013100594902,0.0027974151639557,-0.0067627209447922,-0.0035909136141862
2012-03-05,-0.0041357044916903,-0.0010481782924212,-0.0094989754832294,-0.0015757631699905
2012-03-06,-0.0178147808084947,0.0020244529260957,-0.0128674138227317,-0.0039680150993313
2012-03-07,0.0059057069454952,-0.0001207023772502,-0.0003445078203266,0.0011181170546594
2012-03-08,0.0122362423562471,-0.0007183903816023,0.0043769422391849,0.0038170623853199
2012-03-09,0.0051465470809646,-0.0008437809637208,0.0075932311494383,0.0046233469696714
2012-03-12,-0.0007580222233779,0.0006724464917262,-0.0060390570721014,0.0003643661191731
2012-03-13,0.0154745063816638,-0.002982398626836,0.0081241790367968,0.001917820996463
2012-03-14,0.0009208459105062,-0.0076472304626075,-0.0062048906557705,0.004053980311473
2012-03-15,0.0048083179665108,-0.0018537345575668,-0.0001508214044508,0.0003460541990966
2012-03-16,0.0021337688458345,-0.0015484390196929,0.0092034997921846,0.0012241636341492
2012-03-19,0.0026484467707743,-0.0021142371581377,0.0031896212515224,0.0008933740464282
2012-03-20,-0.0043209230632476,-0.000477912885841,-0.0140450630795516,0.0013445439960099
2012-03-21,-0.0019110349627416,0.0029072904107832,0.0021444261451972,-0.00423765369899
2012-03-22,-0.0062989311436044,0.0010446173728783,-0.0129960258785749,-0.0014814096002426
2012-03-23,0.0021609075944601,0.0017655737656236,0.0087514833227038,-0.0017488230140371
2012-03-26,0.0121576685351309,0.0001279040523667,-0.0001483373496532,0.0017359045483267
2012-03-27,-0.0032654450126331,0.0023051468296866,-0.0031388241141477,-0.004056811734579
2012-03-28,-0.0048835264176724,0.0008673951998094,-0.0102677595075443,-0.0009346274080274
2012-03-29,-0.0046385856126666,0.0012357705674585,-0.0211399095704188,0.0016442789007346
2012-03-30,0.0040821818462246,-0.0009018851057363,0.0080399390419111,8.99098078351235e-05
2012-04-02,0.0072148136776948,0.00017852628906,0.0148993353987336,-0.0005763529992129
2012-04-03,-0.0045421337510237,-0.0032048165740185,-0.0002253961758386,0.0015865279496278
2012-04-04,-0.0141158231979819,0.0005623059562168,-0.0187098667188648,-0.0063985399495546
2012-04-05,-0.0019206000066516,0.0029403225876229,0.0018902041699488,-0.002157865305576
2012-04-06,-0.0007181910112359,0.0045025985353019,,-0.0057293949108277
2012-04-09,-0.008542466045264,0.0010424817343494,-0.0030643122987267,-0.0012390036201089
2012-04-10,-0.0140583042507502,0.0024678909847922,-0.0165629590151402,0.0010012391042571
2012-04-11,0.0036724875547488,-0.0005624707374063,0.0008863750164755,0.0069339640352549
2012-04-12,0.0148906537933612,-0.0005279090511,0.0102091035765093,0.0016542793862964
2012-04-13,-0.0135733849596903,0.0016927019602901,-0.0082794206393544,-0.0037013274533569
2012-04-16,-0.0005716285246107,0.000556761831752,-0.0079238131640717,-0.0019776272947244
2012-04-17,0.0137575847809978,-0.0010587780361824,-0.0010712002550024,0.0033702023345688
2012-04-18,-0.0028084852050432,0.0002431281712342,-0.0086767112823314,-0.0007055525020358
2012-04-19,-0.0043538339647003,0.0004888735521447,-0.000986759021603,-0.0043952668414304
2012-04-20,0.0024014267386624,-0.0008452376118919,0.0066003642166965,0.0019281533683068
2012-04-23,-0.0117495284790354,0.0020222312099055,0.0028824290304423,-0.0012049154261095
2012-04-24,0.0057622234019664,-0.0006826054785036,-0.0010741598757922,0.0035177369325218
2012-04-25,0.0119275338017556,-0.0002501774080712,0.0104081853243883,-0.00025821538286
2012-04-26,0.0048735340118849,0.0016994568567383,0.0030788396361538,0.0015125452144157
2012-04-27,0.0021170234626782,0.0009956819691872,0.0074621057859363,0.0006353036077953
2012-04-30,-0.0033109621709224,0.0015359517683137,0.0078824814412987,-0.0011171763533339
2012-05-01,0.0029749542542206,-0.0009049726566446,0.0070814727942359,0.0004349308218043
2012-05-02,-0.0023484668821587,0.0010224687344875,-0.0187117924379002,-0.0004434969431856
2012-05-03,-0.0063632351499202,0.000679667205027,-0.0047063822782549,-0.0012321256367909
2012-05-04,-0.0151754272999634,0.0028357683288989,-0.0175372266580985,-0.0024089377576986
2012-05-07,0.0006909809709852,0.0011750964287621,0.0014258601277857,0.0002365656009129
2012-05-08,-0.006829265630567,0.001201921186753,-0.0024869868373487,-0.0022346025486155
2012-05-09,-0.0055999296077629,-0.0005293375990181,0.0030339951688949,-0.0007984756592441
2012-05-10,0.0047390232570467,-0.0004216980335642,0.0010269937911301,0.0016282256029855
2012-05-11,-0.0037941166649601,0.0017745076485003,-0.0065869753835606,-0.0043875698837157
2012-05-14,-0.0123855579834928,0.0010433728328245,-0.0132477697507371,7.367061515784008e-05
2012-05-15,-0.0052036982980387,-0.0012689636300947,0.0062581690540708,0.0014749644564021
2012-05-16,-0.0052125334338287,0.0008019716877345,0.0040630795157882,-2.141213659060304e-05
2012-05-17,-0.0122182375719184,0.0014242539277337,-0.0023678129351578,-0.0071550887234142
2012-05-18,-0.0097767772589199,0.0011499576015507,0.006951032807692,0.0047276540060914
2012-05-21,0.0150411060055143,-0.0012424609182949,-0.0022194761111307,0.0047149763144374
2012-05-22,0.0046621814548157,-0.0002711957051949,-0.0029134235913466,0.000972583451665
2012-05-23,-0.0050295504728372,0.0028315312348471,-0.014893506027572,-0.0055861665798569
2012-05-24,0.0054307918396008,0.0003160721527431,-0.0006654982093475,0.0036084029976536
2012-05-25,-0.0037103797743274,0.0008232034052137,-0.0015084484919219,-0.0025606268524511
2012-05-28,-0.000100828722932,-0.0004244164102584,0.0007934105256125,0.0012780532300557
2012-05-29,0.0122643963904189,0.0005681534769011,-0.0127445335999104,-0.0041166094044606
2012-05-30,-0.0169855874812372,0.0038532992810188,-0.0200632727427228,-0.003716409244636
2012-05-31,-0.0005593112706765,0.0030704961777636,-0.0098626930370733,0.0015460296798057
2012-06-01,-0.0226588431481141,0.005511171320255,-0.0223108030260669,-0.0045630624324041
2012-06-04,-0.0025552427323628,-0.001860086841665,0.0092956152604472,-0.0001146204258978
2012-06-05,0.0087854361690253,-0.0015817738683321,0.0016239112226299,0.0035243886918115
2012-06-06,0.0220211223519989,-0.0037969436280648,0.0096514137738523,0.0063903320425128
2012-06-07,0.0029465158220327,-0.0013006832555218,-0.0061434582629793,-0.0036220255694588
2012-06-08,0.0039458945196923,0.0011513223613367,-0.0030068785148066,-0.0020472866926949
2012-06-11,-0.0101372906583244,-0.0003717056442883,-0.0103931199496321,-0.0010360052302792
2012-06-12,0.0111965506708083,-0.0037467478210627,-0.0001747757865152,-0.0007489851258482
2012-06-13,-0.005810952045535,0.0008552457364074,-0.008082603364902,0.0004641948196554
2012-06-14,0.0090492306133877,-6.046675908966698e-05,0.0239422491376251,-0.0024843081753592
2012-06-15,0.0079503993592122,0.0030447679638694,0.0001449152133385,0.0023885223578723
2012-06-18,0.0033734606697263,-0.0006333302320367,0.0093676119083775,-0.0002928659110103
2012-06-19,0.0082319810298962,-0.0008114669981733,0.0040193912757933,0.0016753584048979
2012-06-20,0.0017650291414771,-0.0014351848388529,-0.0136874734199755,0.0012871606861633
2012-06-21,-0.0179718515183488,0.0016510107087833,-0.0180537389313017,-0.0077567610660674
2012-06-22,0.0024282269530573,-0.001557469198865,0.0072624893902225,-0.001374895032047
2012-06-25,-0.0146373650123539,0.0020583302891735,0.0122446611762172,-0.0019992021536647
2012-06-26,0.0042883629934491,-0.0014284736789181,0.0102407664496499,0.0020141487157614
2012-06-27,0.0085176948224728,0.0003834941972405,0.0046659509144408,0.0012283926850363
2012-06-28,-0.0014482789199855,0.0014963420653555,-0.015336695944644,-0.0016021646766361
2012-06-29,0.0258409322575638,-0.0014641970882165,0.0473150776416729,0.0027503222948814
2012-07-02,0.0026705117465583,0.0038011627161544,-0.0011159322929582,-0.0044849151928332
2012-07-03,0.0087805268092765,-0.0009970082634624,0.0306772700805768,0.0019946595418603
2012-07-04,0.0002678882582039,-3.7608164229141343e-05,-0.0031502591824149,-0.0007572967823427
2012-07-05,-0.0044375457074012,0.0012964565482806,0.0077709354051309,0.0010260275368117
2012-07-06,-0.0082745867847254,0.0027080207657518,-0.0264924549112769,-0.0036684649767011
2012-07-09,-0.0034988579372022,0.0006316223033469,0.0197137011773632,-0.0015672550221427
2012-07-10,-0.0062855127359086,0.0011753335493257,-0.0191668505862587,0.0013532415458881
2012-07-11,4.19680449547803e-05,0.0014123710817711,0.012729737529567,0.0004560323081175
2012-07-12,-0.0066280632772908,0.0011728815949855,0.0042209002666093,-0.0018633825291134
2012-07-13,0.0139621556065258,-0.0011866048147109,0.009925048121259,0.0013310975927099
2012-07-16,-0.0017750764903076,0.001490532665572,0.0080237671339744,-0.0011779177546738
2012-07-17,0.0059908880154115,-0.0003204422368782,0.0004711934850881,0.0002440955739297
2012-07-18,0.0064228353761012,0.0010877535553448,0.0177563471057821,0.0008467547458829
2012-07-19,0.005093327259731,-0.0008071473820197,0.0190913190857581,0.0023932462141403
2012-07-20,-0.0110017531914776,0.001401016725313,0.0021529557943361,-0.0028095693776135
2012-07-23,-0.0137545240414815,-6.010156798648739e-05,-0.0197473226950322,-0.003009489323589
2012-07-24,-0.0092228702675167,-0.001024856440432,-0.0036383212160553,-0.0022043294697018
2012-07-25,0.0023239718695939,0.0003268606410956,0.0004197668641113,-0.0016743653217373
2012-07-26,0.0164336487354546,0.0005406304684345,0.0020490066241343,-0.0021493230586479
2012-07-27,0.0190360745881727,-0.0042112680428809,0.0052325723513215,0.0102913618473737
2012-07-30,0.0021914518669316,0.0013278210908691,0.0148541596651552,-0.0003987671891776
2012-07-31,-0.0033998227468819,0.0013406860411278,-0.0101034812243542,0.002410881953821
2012-08-01,-0.0016345197324003,-0.0019190278592984,-0.0011689856538811,0.0024196990816947
2012-08-02,-0.0078515234731423,0.0016958616287161,-0.0198527243224161,-0.0028041997296327
2012-08-03,0.0188715182574808,-0.0029408560594055,0.0172291354376009,0.0054053587617206
2012-08-06,0.0035707676969212,0.001127232142797,0.0041758994719358,-0.0002768689729435
2012-08-07,0.0063094973429152,-0.0034003681539504,0.0106309334499625,0.0053435256918807
2012-08-08,0.0008994353894255,0.0001452850385077,0.0016339875092176,-0.0015742064950272
2012-08-09,0.002523294716174,-0.0001925589417626,0.0052940782455095,0.0001189693159702
2012-08-10,-0.0002260706478111,0.0018644018050088,-0.0131288855004289,-0.004051718704089
2012-08-13,-0.0008770326553984,-0.0006069825737843,-0.0065872380701959,-0.0002476517695123
2012-08-14,0.0014214324484894,-0.0023209486370524,0.0070135785052783,0.0018309071775981
2012-08-15,0.0006355456051497,-0.0033839868754245,0.0033561793625651,-0.0009487382150953
2012-08-16,0.0073530739203613,-0.0017308915115347,0.0038837610490651,-7.907562649773899e-05
2012-08-17,0.0031629821170503,0.0013932696629841,0.0004506067581988,-0.0019302843580376
2012-08-20,-0.0006315169890397,-4.287743385708517e-05,0.0059567771659878,-0.0007234656393783
2012-08-21,0.0002916915436103,0.0006333417276144,0.008897959495629,0.0014292358696289
2012-08-22,-0.003132857746646,0.0038730110344433,0.0039937641787392,-5.067534479865572e-06
2012-08-23,-0.0066051248362483,0.0025386762833056,-0.0020312209223176,0.0022035675269966
2012-08-24,0.0040394922165292,0.00025692886027,-0.0087225049760773,0.0010050409467478
2012-08-27,0.0004023092869957,0.0011096083309351,-0.0064580737194964,9.034814977404313e-05
2012-08-28,-0.0019207138936143,0.0003432606329014,-0.0011586221706239,0.001394572440719
2012-08-29,-0.0003408921668634,-0.0005783782739923,0.0041293591171511,0.0003127192567221
2012-08-30,-0.0078775595022919,0.0019332693534484,0.0014717994148284,-0.003885731139153
2012-08-31,0.0040814038014564,0.0017887736602248,0.0115977625798663,-0.0021601071155134
2012-09-03,0.0011962677152028,0.000115546092949,0.0032118455870133,0.000728885817625
2012-09-04,-0.0015481320277661,-0.0006662505834995,-0.0009132362100485,-0.0018055475933125
2012-09-05,-0.0018167437118949,0.0005705782006407,-0.0077156477692535,0.0015845933910705
2012-09-06,0.0188524491774715,-0.0026724118494604,0.0012063527780318,0.0036794933563813
2012-09-07,0.0067587450743287,0.0021978910878756,0.0031667245002875,0.0006710411043961
2012-09-10,-0.0063399825033011,-0.0010474336232084,0.0083976774300304,0.004940525386695
2012-09-11,0.0023521235246537,0.0005849145613106,0.0111281721623465,0.0003966042640946
2012-09-12,0.006257818071135,-0.002642927199435,0.0075799189746554,0.0015244065475075
2012-09-13,0.008485481231747,0.0018154337658738,0.0038521566966332,0.0020623530833041
2012-09-14,0.0090049649104157,-0.0047793236652457,0.0057591337938501,0.0205500297496765
2012-09-17,-0.0030569855935574,6.010671357509781e-05,-0.0214280171702865,-0.0037352770515019
2012-09-18,-0.0018797070567431,0.0013903899512799,-0.0118634462434685,-0.0069464200135915
2012-09-19,0.0015196613487471,0.0013740782428483,-0.0131898481806816,-0.0038189904953908
2012-09-20,-0.0022586796520066,0.0009268651549109,0.0009181493034825,0.0029012829087056
2012-09-21,0.0006491183625853,0.00034242429352,0.0122211323935988,-0.0077012398463446
2012-09-24,-0.0017506508698008,0.0016313581268728,-0.009576098059004,-0.0025101745445931
2012-09-25,-0.0059814872941963,0.0005002925358149,0.0060066191329792,-0.0002734705665323
2012-09-26,-0.0094779601984307,0.0036108224628746,-0.00420574598979,-0.0046819924060164
2012-09-27,0.0078460565063315,-0.0003200436158313,0.0136907195746689,0.0021309223121132
2012-09-28,-0.0062378129737778,0.0006408711246071,0.0077863596731564,-0.0004811920365893
2012-10-01,0.0037292829965057,0.0002357553447438,0.007588640055611,0.0005168935679146
2012-10-02,0.001819244532891,0.0006793370496964,-0.001536856433457,0.0060392202236444
2012-10-03,0.0014397591358191,0.0005023515998241,-0.0192130203085523,0.0045069592263809
2012-10-04,0.0062255049447829,-0.001464523028629,0.0175581786537936,0.0014045089558617
2012-10-05,0.0024953599280948,-0.0023861797994313,-0.0053322276606888,0.0051921866560761
2012-10-08,-0.0045678634279802,0.0015320757931811,-0.0029980165326708,0.0005524753685244
2012-10-09,-0.0087669352708418,-0.0006054330093146,0.0122141140789502,-0.0021285389815699
2012-10-10,-0.0070522728655804,0.0007091228711317,-0.0028916294915423,-0.0035919304573457
2012-10-11,0.0025665047848743,0.0007382229997984,0.0126658051087278,-0.0030855894659049
2012-10-12,-0.0043147038284529,0.0008776383512625,-0.0099519201735269,-0.0018265556292691
2012-10-15,0.0080491690005962,1.2017714516318012e-05,-0.0080182390860654,0.002414327544363
2012-10-16,0.0111098634172833,-0.0023535083663467,0.0011429931175461,-0.0010512112787397
2012-10-17,0.0061169083932025,-0.0037651735871222,0.0040048169282715,0.0023826867380618
2012-10-18,-0.0010102096395025,-0.0008951654924981,0.0041665070460035,-0.0005522213135031
2012-10-19,-0.0146504670797093,0.0022397102201434,-0.0090679634431725,0.0023692354188093
2012-10-22,0.0024657011830859,-0.0012168012609058,-0.0136404562672612,0.0047977256025447
2012-10-23,-0.0151688533318318,0.0009717927377999,-0.0069351300818904,-0.0018554917358736
2012-10-24,-0.0004442925030954,0.0002308248464829,-0.0050208507781776,-0.0029069399103061
2012-10-25,0.0022816801539424,-0.0024508735908175,0.0007543981605653,-0.001398906564143
2012-10-26,-0.0011154724358108,0.0031835372210502,-0.0009280940511126,-0.000533161704855
2012-10-29,-0.00097647235731,0.0011617042314799,-0.0009211266749876,0.0011279997625554
2012-10-30,0.0017879507256377,-0.0001502444741173,-0.0047128279131541,8.69130544415675e-05
2012-10-31,-0.0007991813135804,0.0013180533598439,0.0023676702914901,0.0031737773351565
2012-11-01,0.0102755433840386,-0.0007222432245418,0.0016626712270182,0.0005029791458102
2012-11-02,-0.0073527458291335,-0.0002883984838271,-0.0216126444256468,-0.0050409599259534
2012-11-05,0.0018887478820672,0.0017031878949147,0.0025655255895351,-0.0007572724694564
2012-11-06,0.007574697706896,-0.0009850470907473,0.0198916992158526,0.0047780313134675
2012-11-07,-0.0210140655322822,0.004006958095502,-0.0178452086148512,-0.0058456623026069
2012-11-08,-0.0081320748548397,0.0010866977982037,0.0030847526679482,0.0044676524291352
2012-11-09,-0.0004445343332943,0.0008880265660792,-0.0010269484271849,-0.005865389154797
2012-11-12,0.000357573246163,2.413128567545229e-05,-0.0006280824285555,0.0011447700771628
2012-11-13,-0.003573319076952,0.0010499324804368,0.0035332485163922,-0.001745119706955
2012-11-14,-0.0106646876549727,-0.000423114916671,0.0061080170233662,-0.0030363731054805
2012-11-15,-0.0023817238330263,0.0005636255789973,-0.0062208087546102,-0.001852937552193
2012-11-16,0.003601351210866,0.0011096711035714,0.00469570071185,0.0012054267558349
2012-11-19,0.0174616124548005,-0.0017852044375446,0.0149411718048891,0.0017851570598086
2012-11-20,0.0025346462422974,-0.0020901608164061,-0.0034775660165829,0.0010203421884842
2012-11-21,0.0024695665558447,-0.0010251460066555,0.0060768850890651,-0.0003884531232971
2012-11-22,0.0026422632330183,0.0001624665646126,-0.0003919257381546,0.0008446583054271
2012-11-23,0.0097887931502762,-9.743044374728876e-05,0.00570302041395,0.0009385331161641
2012-11-26,-0.0016084873306446,0.0012814373936837,-0.0082795689735563,-0.000549916386948
2012-11-27,-0.0020853988957346,0.0007907892874067,0.0013739251442097,-0.000928682951233
2012-11-28,0.0042780647538843,0.0031390169238286,-0.0064769127801933,0.00048728385084
2012-11-29,0.0078224589990712,0.000311964289508,0.002844423287853,0.0056409605378367
2012-11-30,-0.0003187232288723,0.0008069355453967,-0.0032343081020622,0.0004250225435231
2012-12-03,-0.0034275279326221,-0.0007723156536699,0.0028816845837083,0.0011035622431766
2012-12-04,-0.0010149900923886,0.0008001465949048,-0.0094153999209765,0.0010521216115635
2012-12-05,0.002321141620971,0.0014507697206673,0.0057937173674256,0.0011008094527433
2012-12-06,0.0037145342889648,0.0007191150125344,-0.0088106625498009,-0.0003495845723698
2012-12-07,0.0017938092815783,-0.0011339331421012,-0.0075253912251974,0.0023087986033337
2012-12-10,0.0023759477253932,-0.0009775302393597,-0.0045671090933647,-0.0006048666947402
2012-12-11,0.0067928343463731,-0.0008626765709989,-0.0013312320277656,1.765683733666083e-05
2012-12-12,-0.0010293243470707,-0.0011893930826813,0.0041915964085177,-0.0016090835702515
2012-12-13,-0.0041466495540032,-0.0021148144603317,-0.0085524092172229,-0.0026271739201779
2012-12-14,-0.001064973133049,9.639866664197285e-05,0.0064167220169077,-0.0002620925400874
2012-12-17,0.0086621301837182,-0.0018290425772302,0.0009692800910236,0.0011162129472643
2012-12-18,0.0085168780228292,-0.0022895288349704,0.0043754142789999,-9.712215577875031e-05
2012-12-19,-0.0010959574974155,0.0009496415315718,-0.0004563219367793,-0.0002870496955048
2012-12-20,0.002661364260722,0.0003490383070009,0.0015681589269659,-0.0007190817959994
2012-12-21,-0.0080320976787514,0.0017249165147509,-0.0027848185776246,-0.0001179871576181
2012-12-24,-0.0030060562882217,-0.0006735206036091,-0.0056173970907777,-0.0009503517554188
2012-12-25,0.0007059327309236,-0.0001740183282421,,3.286957961105509e-05
2012-12-26,-0.0019174434964905,0.0002184231493255,0.010002081866899,-0.0001715495043213
2012-12-27,-0.0001659758979739,0.0019187251083835,-0.0007311395204,-0.0019544825899798
2012-12-28,-0.0148648993879473,0.0005488765911671,0.0001523067315203,0.0002850910761218
2012-12-31,0.0182570798136688,-0.0006432686545926,-0.0032677595884979,-0.0011734955474528
2013-01-02,0.0225654620035508,-0.0034275486308731,0.0034739233810054,0.0009803888014349
2013-01-03,-0.000723127598007,-0.0026467304217101,-0.0058872997171257,-0.0004283473429043
2013-01-04,0.0044044019388497,-0.0018872813670727,-0.0024016004148891,-0.0004445413687765
2013-01-07,-0.0021342927987401,0.0006303824315163,0.0023297591517961,0.0013333396546793
2013-01-08,-0.0028484133589352,0.0019367604819371,-0.0002285249741249,-0.0024869127737295
2013-01-09,0.0036166858126464,0.0009014900638996,-0.0059286719875561,0.0019855376013089
2013-01-10,0.0061185137625229,-0.0017406281601703,0.0079959172050785,0.0014954223237981
2013-01-11,0.0015867333519681,0.0011125953904423,0.0012957135965855,-0.0014831641546274
2013-01-14,-0.0013837078271038,0.0007400904939563,0.0090721419251952,0.0001409444303868
2013-01-15,0.0007242176026475,0.0018698907236934,0.0003383743013765,-0.0004355313561183
2013-01-16,-0.0014252635585541,0.0006826718368955,0.0008566304751723,-0.0034793813517622
2013-01-17,0.0067159246673276,-0.0021352256952725,0.0079320689863151,0.0034697971380976
2013-01-18,0.0035256014702966,0.0013915551160097,0.005516136434954,-0.0012646164245258
2013-01-21,-0.0003355760926743,-0.000585835569001,6.880015678365094e-05,-0.0028480561112292
2013-01-22,0.0045078836272289,0.0010684546774545,0.0037524002634933,0.0020296654295548
2013-01-23,-0.0009295848797127,0.000740274370013,-0.0018503249091977,-0.0023721427602359
2013-01-24,0.0032657501193306,-0.0003474122335142,-0.0025405017985561,0.0011391107424141
2013-01-25,0.0046539731062783,-0.0037474465616475,-0.0014544683648548,0.0017763613343356
2013-01-28,0.0005769993836606,-0.0023283877009762,-0.0029922844634707,0.0009454911992904
2013-01-29,0.0046090668830263,-0.0001106171889149,0.0036125316014697,-5.812955895721097e-05
2013-01-30,-0.0044722818320231,-0.0012640276546103,0.0119048545688079,0.0017704431854176
2013-01-31,-0.0020102978029584,0.001281912231834,-0.0014303279539327,-0.0007487360157647
2013-02-01,0.0075850133958736,-0.0011970839837424,0.0034561476709027,0.0083491435652035
2013-02-04,-0.0095841518464278,0.0005191869990772,-0.0041087614582937,-0.0007629444847929
2013-02-05,0.0056197904230104,-0.0011114668188036,0.0060681714920854,-0.0014968244592195
2013-02-06,0.0017940768111277,0.0016382278464508,-0.0010878515047477,-0.0008536711750039
2013-02-07,-0.0024819266094832,0.0008937262938668,-0.0080711411359944,-0.0005134752521768
2013-02-08,0.0039294257719727,0.0003080785574083,0.0022863687301349,-0.0013137516622518
2013-02-11,8.040708854337815e-07,-0.0004123328119045,-0.0022370037932836,-7.228655413811794e-06
2013-02-12,0.0039990389570125,-0.0006956035329639,-0.001583036087357,0.0011472470158748
2013-02-13,0.0011028763405431,-0.0013582942173077,0.0030245067045767,0.0015156243800749
2013-02-14,5.138627837631787e-05,0.0013502318373592,-0.0066995341827685,-0.0025798574575887
2013-02-15,-0.0021133514797391,0.0001725715879972,-0.0038593863309069,-0.0034758587172379
2013-02-18,0.0014787586754634,0.0001624349980176,-0.0018377257320245,0.001025331244477
2013-02-19,0.0077453016378008,-0.0003610806400079,0.0064500241631311,-0.0010123115111307
2013-02-20,-0.0096132278232342,-6.587871165849777e-05,-0.0072112432153353,0.0007443079927045
2013-02-21,-0.0076507578545145,0.0023730881015731,-0.0134381883500426,-0.0044766161250815
2013-02-22,0.0092804172493857,0.0008672759635868,0.0017070368757971,0.002706097606618
2013-02-25,-0.0099223484837267,0.0029690867906004,0.0052266921351626,-0.0002760913143788
2013-02-26,-0.0031360143129013,0.0005722484587731,-0.0054449433575118,-0.0023787895779564
2013-02-27,0.0125136434866347,0.0006320126141759,-0.0043580054040246,0.0028714849729399
2013-02-28,0.0026187398685667,0.0007607149925081,8.485174243972736e-05,0.0025597965045037
2013-03-01,0.0010916616433359,0.0016628170169605,-0.0078614500279549,0.0007421458233331
2013-03-04,0.0039380931943735,-0.0004477509725772,0.0016124289036986,0.0009475501303987
2013-03-05,0.0089423856274674,-0.0009163744966668,0.0057781633046326,0.00158082552677
2013-03-06,0.0024455384082965,-0.0008252249939019,-0.0072270353826171,-0.0002667476370246
2013-03-07,0.0024543194049329,-0.0022535390797734,0.0107134150398723,0.0012387058734176
2013-03-08,0.0066596352970411,-0.002213879192407,0.0037095266345991,-0.001009829335262
2013-03-11,0.0034607061485256,-5.625018601118727e-05,0.0005746181917053,0.0002867353999502
2013-03-12,-0.0018932718677682,0.0019197272304835,0.0005864624541952,0.0012319124107045
2013-03-13,9.958804546426694e-05,-0.0002607778096309,-0.0030795116753779,-0.0027076235497879
2013-03-14,0.0051291899450138,0.0001363398091197,0.007908850403534,0.0021420322888885
2013-03-15,-0.000563543603352,0.0023138838717769,0.0032295633015496,-0.0018555234209936
2013-03-18,-0.0061541810596775,0.0024383498137902,-0.0042624838246865,-0.000161513281227
2013-03-19,-0.0023935440531085,0.0016904402087086,-0.0049022754944417,-0.0024396652667563
2013-03-20,0.0047262804896755,-0.0007281566134601,0.0063085289580216,0.0025011023119609
2013-03-21,-0.0057997492106078,0.0007523085595394,-0.0037477879711212,-0.0018048355044561
2013-03-22,0.004637444023753,0.0010254521632742,0.0016773573703307,0.0001826647330345
2013-03-25,-0.0023286178147135,7.418337125407252e-05,-0.0004106296636794,-0.0003234401878337
2013-03-26,0.0037661469645367,0.0007537993115069,0.0092259282259084,0.0018663532039003
2013-03-27,-0.000360086602089,0.0018792605027916,0.0066712247405908,-0.0018084864738323
2013-03-28,0.0025261500638749,-0.0003391629293789,-0.0072437764103721,5.243419683713e-05
2013-04-01,-0.0042742013908866,0.0005938972633813,-0.0031345303130275,-0.0012303620972428
2013-04-02,0.0061077763924913,-0.0003786138863615,-0.0048044492852318,0.0001660694109133
2013-04-03,-0.0080502323353304,0.0023561623832619,-0.0162784181945424,-0.0025157810690412
2013-04-04,0.0023249957915467,0.0036324075149995,-0.004445737189972,-0.0011327889954803
2013-04-05,-0.0065773033052639,0.0005020788012765,0.0007993266155247,-0.0015673425791703
2013-04-08,0.0084869195516816,-0.00047950575543,0.003143098366294,0.0007372218136519
2013-04-09,0.0027077254034693,-0.0004704504503841,0.0044143589362295,-0.0007748193238717
2013-04-10,0.0130028063969219,-0.0028087214786162,0.0002020134020238,-0.0024081272814847
2013-04-11,0.0042948535148112,0.0012071195928784,-0.0024630123714176,0.0011689440470949
2013-04-12,-0.0048626685557908,0.0008539224044637,-0.0081872739030396,-0.0011840491491513
2013-04-15,-0.0195816744394608,0.0002642541820483,-0.0232973815963829,-0.0026236851213028
2013-04-16,0.0106127578618483,0.0003781710174632,0.0045474336107094,-0.0004214740940115
2013-04-17,-0.0132243569819886,0.0013242774136685,-0.0083682909937997,-0.0058998854301669
2013-04-18,-0.0058855740929181,0.0010720055002873,0.0128686398969083,-0.0010217815121154
2013-04-19,0.0080268868773921,-0.0003840616439341,0.0010756003156054,-0.0008654116773054
2013-04-22,0.0051468180756443,0.0010290618055101,-0.0031211666531538,0.0033244159254764
2013-04-23,0.0125802904646218,0.0008061566553256,-0.0044996299116466,0.0045645928728838
2013-04-24,0.0048769098284124,-3.484013869733558e-05,0.0063838801692738,-0.000253706388154
2013-04-25,0.0045834535152461,-0.000534697380342,0.0143027287251216,0.0026768004533539
2013-04-26,-0.0032048624983381,0.0018009738004367,-0.0036362428508782,-0.002551931889924
2013-04-29,0.0075566824724469,0.0010345419805516,0.0161671181266139,3.283134854244418e-05
2013-04-30,0.0015641396451294,-0.0002215936166998,-0.0082316889989825,-0.0044444760236612
2013-05-01,-0.0071736189306021,0.0012609067750684,-0.0183317749167478,-0.0061757219734257
2013-05-02,0.0069622675349907,0.001948227743101,0.0038421198350493,-0.0025323654453017
2013-05-03,0.0091624786380017,-0.0043482177749782,0.0124936483932701,0.0023148945742389
2013-05-06,0.0022160760268253,-0.0011313188461128,0.0001344171480283,0.0007406609228093
2013-05-07,0.0061673205770465,-0.0012600437931975,-0.0054592584049591,0.0032722191766585
2013-05-08,0.0064567424109464,0.0010333622100363,0.0057305932681534,-0.0029723387658656
2013-05-09,-0.0021316848462881,-0.0006107240831364,0.0030206595078053,0.0007287434380278
2013-05-10,0.0051821987718095,-0.0057134208619023,-0.0102626825075704,0.0062528183126737
2013-05-13,0.0005292158565769,-0.0016908465499724,9.477745303810316e-05,-0.0015017015958661
2013-05-14,0.0086681578179796,-0.0024896292772873,-2.022202154763029e-05,-0.0005733236016934
2013-05-15,0.0046476451189086,-0.0002733291970492,-0.0012454973013349,-0.0029389682525474
2013-05-16,-0.0028892827831871,0.0041334248992885,-0.0006608364925247,-0.0043062252792893
2013-05-17,0.0080835470528475,-0.0011300270087721,0.0086962244216284,-0.0004463909303515
2013-05-20,0.002381561646153,-0.0015674933645947,0.0058605677185191,0.0002919190408359
2013-05-21,0.0011807049026242,-0.0008042026984648,-0.0010126060215388,0.0006300982196787
2013-05-22,-0.001739272367199,-0.0020511365007779,-0.0046403354379684,-0.0014805375204671
2013-05-23,-0.011652752986248,0.0001056411181667,0.0007652362947309,-0.0005091041380602
2013-05-24,-0.0008219090294439,-0.0005699316065399,-0.0024578677984128,0.0012776323377771
2013-05-27,-0.0015755900119643,0.0004393095394249,0.0002290304566968,-0.0033063239783565
2013-05-28,0.006180185481997,-0.0053014220546206,0.0057235297570552,0.0071342134691541
2013-05-29,-0.0073586583600883,-0.0017201193886114,-0.0086571754798254,-0.0046733679328498
2013-05-30,0.0004104326190827,0.0015559761330304,-0.0059276374116969,-0.0021651170821177
2013-05-31,-0.0115829906222602,-0.0012576665009081,-0.0084463693483434,0.0013735268259057
2013-06-03,-0.0015058913417613,0.0015965055551076,0.0100572671298169,-0.0037743685316675
2013-06-04,0.0004899662896814,-0.0013373366101714,0.0035642108540936,0.0029976585434671
2013-06-05,-0.0168731449992139,0.0018557285643084,-0.0009795750216555,-0.0052584130964363
2013-06-06,0.0030335121143557,-0.0001483796457058,-0.0031089262667297,-0.0067569575041649
2013-06-07,0.0081590490931055,-0.0024632719857016,0.0041465608539286,0.0086222321142031
2013-06-10,0.0062550312896539,-0.0023707059625375,-0.0049862699385933,-0.003770187636011
2013-06-11,-0.0100004976158954,-0.0011306402146834,-0.0077487534976393,-0.0034794403331571
2013-06-12,-0.0088459312601375,-0.001183095587608,0.0031480051287188,0.0005837521303084
2013-06-13,0.0068968938413685,0.0022474548214917,0.0041753117624297,-0.0051107737212768
2013-06-14,-0.0028493180727981,0.0044652788127978,0.0029050031760283,0.0042029508631375
2013-06-17,0.0105422948787783,-0.001487136317155,0.0038431768655325,-0.0008762767509612
2013-06-18,0.0048756752172938,-0.0006528413158231,0.0031870764453244,0.0038488805112201
2013-06-19,-0.0084769910010909,-0.0048341429340599,0.0069686880191005,0.0047881531360833
2013-06-20,-0.0255933509650465,-0.0080500765370585,-0.0288797784019133,-0.0129576564048027
2013-06-21,-0.0003987449528995,-0.0058172431206542,-0.0100091554566954,-0.0025983938424447
2013-06-24,-0.0132827467744461,-0.0046721122895111,-0.0029373178900839,-0.005581094348245
2013-06-25,0.0092328740896736,-0.0006579805285156,-0.0005536862488889,0.0060863983269943
2013-06-26,0.0089533616455244,0.0038098685879292,-0.0008792684783738,0.0016899835110363
2013-06-27,0.0098718940041135,0.0039913023299992,-0.0003882506961032,0.0073836553220952
2013-06-28,-0.001735605807821,-0.0001686392745209,-0.0067336797911649,-0.0040488503690845
2013-07-01,0.005480956934326,-0.0003596619755385,0.0068427453001354,0.000773778776021
2013-07-02,0.001280230331686,0.0011289614418205,0.0079472039659368,0.0013591227818256
2013-07-03,-0.0021355064693978,-0.0012126331745922,0.0100044001247901,-0.0026782169630292
2013-07-04,0.0051138440740467,0.0007736805144805,-0.0010932900617771,-0.0007657600808102
2013-07-05,0.0076620280346289,-0.0077404647371387,-0.0016293645179174,0.0031225731714346
2013-07-08,0.0049056911377648,0.0024729304066424,0.0092796045796878,0.0015325955091736
2013-07-09,0.0081580313757275,0.0017256281666006,0.0008877942601894,-3.1552321012481115e-05
2013-07-10,0.0010403444739023,-0.0005791485627808,0.0089647722355748,-0.0003697737455723
2013-07-11,0.0116726198937886,0.0054630789382661,-0.002324663311867,-0.0059260144386894
2013-07-12,-0.0003748053332631,0.0001057550098927,0.0024189798994143,0.0044242984200789
2013-07-15,0.0041149950415243,0.0013117177156172,0.0005873023289277,0.0021857156085523
2013-07-16,-0.0029318701315195,0.0008361526326741,0.0041281703616943,0.0045532302716191
2013-07-17,0.0024531302216996,0.0017792924409173,-0.0022828938087336,0.0002533750834017
2013-07-18,0.0049769337435268,6.205332414016448e-05,0.0106186919012929,-0.0016418813623406
2013-07-19,0.0033090324564239,0.001321312447649,-0.0006495436459789,0.0061468907912511
2013-07-22,0.0009609785219361,0.0008338291364992,-0.0031547726644577,-0.000950534570184
2013-07-23,-0.0004658385917365,-0.0011278004825659,0.0012293660448937,-0.0012031766658453
2013-07-24,-0.0009025400620956,-0.0033496600077818,-0.0094402019542587,-0.0036859212989183
2013-07-25,-0.0016961370123244,-0.0014323020858895,-0.0052366316979118,-3.782464687855099e-05
2013-07-26,-0.0010617350337857,0.002174371819053,-0.0085199362337647,-0.002364807253461
2013-07-29,-0.0040839896368619,-0.0007440762411267,-0.0043170580856904,-4.721807140807504e-05
2013-07-30,0.0028704660933701,-0.000139161512269,-0.0075052993389093,-0.0003020495888135
2013-07-31,-0.0033548477125479,-5.185044712027441e-07,0.0078279285703568,0.002991425401557
2013-08-01,0.0125788146742797,-0.0043837679517313,0.0042853931061647,0.0044647435364889
2013-08-02,0.0042880003734465,0.0047178063340841,-0.0056882080342054,-0.0043609688271524
2013-08-05,-0.0017912790643617,-0.0006972658911259,-0.0044571136670492,0.0035364299654111
2013-08-06,-0.0039633132996006,-0.0002585557634299,-0.0067204422930542,0.0013394996426985
2013-08-07,-0.005951932631323,0.0018558568385191,-0.0066223253354894,-0.0007703055778098
2013-08-08,0.0023935298716102,0.0010503572108724,0.0047627793912318,-0.0009976438111535
2013-08-09,-0.0018900357519587,0.0001377088158114,0.0051809666300855,0.0005829964973918
2013-08-12,0.0002853211696386,-0.000569704411332,0.012621548590759,0.000945971865603
2013-08-13,0.0047379398309288,-0.0058068936364351,0.0010411089991556,-0.0014190637558057
2013-08-14,-0.002112052255551,-8.006513390338918e-05,0.0068040586122532,-0.0032874276353889
2013-08-15,-0.0135745629441037,-0.0023568112452582,0.0112731953352349,-0.0025449820476543
2013-08-16,-0.0019750649799484,-0.0022929927203306,-0.0005630788630063,-0.0016545444110258
2013-08-19,-0.0035443027961412,-0.0028334306061712,0.0053489980440519,-0.0008238612977339
2013-08-20,-0.0010030611616249,0.0036009879084887,-0.0057233105136656,0.001070060793287
2013-08-21,-0.007253526703053,-0.0024344276591294,-0.0026223792610368,0.0013034875918001
2013-08-22,0.0098809808769242,-0.0024795159351901,0.0024744995815102,-0.0047318682793942
2013-08-23,0.0059478846901844,0.0021995829334472,0.0070237584716316,0.0021815368163377
2013-08-26,-0.0033300281615116,0.001120634072752,0.0071902246640686,0.0022478426981501
2013-08-27,-0.0149957994001048,0.0039672073835904,0.0115178399112002,-0.0002917151505436
2013-08-28,-0.0006808749515596,-0.0017014161095558,0.0050882533094682,0.001513376899593
2013-08-29,0.0039161910000702,0.0018382587679864,-0.004699777534599,-0.0025874574954987
2013-08-30,-0.0046276772581452,-0.0004792402620517,-0.0095411104388958,-0.0037447078919869
2013-09-02,0.0043443915724836,-0.0009863805613697,0.0005415159679369,0.0003047831479749
2013-09-03,0.0048153954359292,-0.0038019016972894,0.0082249180066592,-0.0003192807324939
2013-09-04,0.00673260397195,-0.0021681549530848,-0.00671744219403,-0.0044072780647802
2013-09-05,0.0006268409736003,-0.0051888736701118,-0.0034588603742519,-0.0002778381901005
2013-09-06,0.0006653005788947,0.0032284977074554,0.0062767813779968,0.0006785633388919
2013-09-09,0.0083298707816994,0.0022879186442791,-0.0045101720708248,-0.000378147636775
2013-09-10,0.009276304359778,-0.0028765181522177,-0.0106616496570998,0.0019524479703203
2013-09-11,0.0029486842027877,0.0025966725933147,0.0010264361037439,0.0040360283256146
2013-09-12,-0.0022212379414895,0.0012319668907992,0.0081675485794536,-0.00145628120173
2013-09-13,0.0019060897470875,0.0005672577503655,-0.0019145410461885,-0.0002319730050744
2013-09-16,0.0057222687916668,0.002937122489558,-0.0046469499398391,0.0007470120663591
2013-09-17,0.0021617145513219,0.0005256056145581,-0.0089798652166825,0.0040830421290743
2013-09-18,0.0090662843406091,0.0055342164881444,0.009051772328417,0.0008624583907275
2013-09-19,0.0029696788110735,0.0009341017369001,0.001349310859941,0.0079113143799665
2013-09-20,-0.0065583132815782,-0.0003088421403306,-0.0094867571930979,-0.0013945658556304
2013-09-23,-0.0051629437441064,0.00145107821444,-0.0082519192847531,0.0003775274303352
2013-09-24,0.0004621716367055,0.0038292557797794,-0.0056169808618405,-0.0052695401966378
2013-09-25,-0.0033001665118724,0.0021002985499741,0.0027678746374437,-0.0021145441059479
2013-09-26,0.0039488622305263,-0.0015539477164295,0.0038966835402779,0.0012163702432471
2013-09-27,-0.0033145905924423,0.001531687398881,0.0005451845263141,-0.0006181950238704
2013-09-30,-0.0083183294202158,0.0003400337580224,-0.0072480842045258,-0.0017309981453085
2013-10-01,0.0081868947251425,-0.0006092349839939,-0.0038836135742626,0.004429311197597
2013-10-02,-0.0052186672986174,0.0018178096219123,0.0064187253699331,-1.9392509629396955e-05
2013-10-03,-0.0063247985379948,0.0008460782750216,-0.0023112141563093,-7.50436166470463e-05
2013-10-04,0.0065141544302869,-0.0019791448560371,0.0030044477480937,0.0006246743081375
2013-10-07,-0.0085485740577632,0.0010741198582141,0.0067312091403417,0.0004310057865767
2013-10-08,-0.008169414980813,-0.0005772961136336,0.0053829973436826,-0.0022386090323514
2013-10-09,-0.0008548187253601,4.287543909386904e-05,-0.009050581908233,0.0005342585961718
2013-10-10,0.0195004315002703,-0.0018861585048384,0.0106158517113562,0.002354382748125
2013-10-11,0.0082869035021991,0.0009722622949871,-0.0026733302106784,-0.0018671550067724
2013-10-14,0.0020557872247057,-0.0007565057582456,0.0033340125204953,-8.61702523958811e-05
2013-10-15,-0.0028684055605016,-0.0013016606825785,-0.0044514428100496,0.0002905518122229
2013-10-16,0.0090311428629435,0.0015224742691986,0.004939785585341,0.0004402781615907
2013-10-17,0.006476627677854,0.0043263536656282,-0.005664780115866,-0.0045625142853566
2013-10-18,0.0055081519542966,0.0009685683038193,0.0046937331999797,-0.0002523337689342
2013-10-21,0.0020498102389254,-0.0009138723560054,-0.0067670266599194,-6.031221406481927e-05
2013-10-22,0.0057562238461321,0.0046054567409565,-0.0037173151261322,-0.0013500451707659
2013-10-23,-0.0053940554103521,0.0017188163034547,-0.0089595095992665,1.5531958623847458e-05
2013-10-24,0.0042542423552422,-0.0012787036508536,-0.0003027417687641,-0.0029404513997965
2013-10-25,0.0005031689482068,0.0007855825031796,0.003598251434564,0.004659403620132
2013-10-28,0.0031476904747852,-0.0001397645961092,-0.0014076234596823,0.0001043743132426
2013-10-29,0.0042358408356135,0.0013544047756445,-0.0035292445463958,-0.0010009611931151
2013-10-30,-0.0017276924324687,0.0001167137322806,0.0005160000981013,-0.0011455079865702
2013-10-31,-0.0046140804608156,-0.0006134410629941,-0.0091731837642046,-8.875825522409287e-07
2013-11-01,-0.0001467856973618,-0.0027788620830003,-0.0145318097923368,-0.0039520596579324
2013-11-04,0.0038518403544209,0.0008830610324832,-0.0055518643449112,-0.0001628141672206
2013-11-05,-0.0035219108862147,-0.0032848364933904,-0.0035845722615333,0.0008205667747984
2013-11-06,0.0054853981706023,0.0010873283940437,0.0029781723590785,0.0031442733152696
2013-11-07,-0.0091214336719746,0.0024338595067561,-0.0046179839294055,-0.0010745662730348
2013-11-08,0.0074117595214848,-0.0053782881573248,0.0073958901628451,-0.0008928298689116
2013-11-11,0.0025214849853707,-0.0006541881037476,0.0041817568767791,0.0007805287179037
2013-11-12,-0.0005751666389566,-0.0011671134776699,-0.0035325557962572,0.0006996838190211
2013-11-13,0.0040902983449447,0.002585502177018,0.0010693728089822,-0.0009617238475951
2013-11-14,0.0063232820167372,0.0030310718908288,0.0050500034458523,0.0005566437930314
2013-11-15,0.0046290817626174,-0.0009995596713319,0.0011868737679076,-0.0003154714379206
2013-11-18,-0.0005915968439156,0.0017195776963291,-0.00567234430965,0.0022165115093854
2013-11-19,-0.002860191691995,-0.0013919379646202,-0.0052349599517974,-0.0025161406419573
2013-11-20,-0.0027102782816941,-0.0015978961273141,0.0066687210089283,-0.0020379919201175
2013-11-21,0.0066511043840474,-0.0011231720521904,0.0105294391384031,0.0037143079117147
2013-11-22,0.0034296852652424,0.0011459439382551,0.0060615053019363,-0.001730394167138
2013-11-25,0.0022768765613945,0.0007149182349453,-0.0004192495708207,-0.0007689545425884
2013-11-26,-0.0017544687663501,0.0028817689508047,0.0001399810010327,-0.0016364928750029
2013-11-27,0.0013412692866911,-0.0012256023848277,-0.0013610017586311,0.0004251782086971
2013-11-28,0.0012799357806428,0.0001578649033444,-0.000437187182889,-0.0005628822529697
2013-11-29,-2.1016188607420087e-05,-0.0004305019925633,0.0037029927729583,-0.0009337632114713
2013-12-02,-0.002581887207185,-0.0033354968857112,0.0025139675575945,0.0004138188950136
2013-12-03,-0.006710842191157,0.0010486939504093,0.0052679592804964,-0.0010365437602981
2013-12-04,-0.00213835295649,-0.0032855076950625,0.0033303348008822,-0.0014423586370292
2013-12-05,-0.0062012922473872,-0.0022743161281366,0.0025732285265335,-0.0003363421565574
2013-12-06,0.0101939100939299,-0.0006755833933178,0.0020867187572851,-0.0003740401227161
2013-12-09,0.0033315114330762,0.0011078796056429,0.0015855359017848,-0.0003967900534544
2013-12-10,-0.0039130677711104,0.0029215152640899,0.0029167140706408,-0.000377453322427
2013-12-11,-0.0102992872507834,-0.0011160655569247,0.0042162498872458,0.0007881654054514
2013-12-12,-0.0048585932595761,-0.0016067012907274,-0.0038637119989587,0.0019695759638924
2013-12-13,0.0001469194482645,-5.414705502663293e-05,-0.0035597466309432,0.000742746785685
2013-12-16,0.0061048601456619,0.0003215159501334,0.0026024137869641,0.0011221247428727
2013-12-17,-0.0037738223747208,0.0016934085748202,-0.0029624935418601,0.0002597924424601
2013-12-18,0.015210432054198,-0.001470412891215,0.0021030839514419,0.0003130029204413
2013-12-19,0.0030826102537985,-0.0033541780181138,0.0100005417769569,-0.0019607486358699
2013-12-20,0.006566716854223,0.0004278989447318,0.006943440034539,-0.0019314048172021
2013-12-23,0.0049876045832744,-0.0016621176230821,-0.0008026074348414,0.0007746564005609
2013-12-24,0.0031894624588652,-0.0015411335914865,7.735348747345359e-05,0.0015417692709217
2013-12-25,0.0008431893782315,-0.0002176135574385,,-0.0011092675448084
2013-12-26,0.0033332002762772,-0.0005231306246416,0.0002470647262626,0.000733778767791
2013-12-27,0.002304234899577,-0.0014447285747025,0.0011141887821543,0.001515335294576
2013-12-30,-0.0005477013474191,0.0014066708018649,-0.004142597946299,-0.0009013524479474
2013-12-31,0.0026626642892667,-0.0007031530631568,-0.011699364547916,0.0012323440978465
2014-01-02,-0.0071617398404906,0.001050664667091,-0.0086367267055239,0.0014615164140992
2014-01-03,-5.105650208122409e-05,-5.176846749330208e-05,-0.0064145309874369,-3.822825911204564e-05
2014-01-06,-0.0038214659394579,0.0023091643419791,0.0004241422259162,-0.0001810126046458
2014-01-07,0.0049321649534964,0.0021115014985947,-0.0001009041888578,-0.0009820740614416
2014-01-08,0.0019705980448549,-0.0028105664776918,-0.0086921100641645,0.001871112781702
2014-01-09,-0.001435013815551,0.0007215168850317,-0.0123574760390343,0.0020105853634789
2014-01-10,0.003312029165686,0.0053600184309284,0.0086187272615317,-0.002292075827732
2014-01-13,-0.0081215194408161,0.0018852876169051,0.0074705021813603,-0.0023220102071445
2014-01-14,0.0045844229664225,-0.0006999600957312,0.0039995971603658,0.0005912741606655
2014-01-15,0.0071105140549588,-0.0012714317905563,0.0039537894734901,0.0003506332758904
2014-01-16,-0.0019550776170023,0.0021950781219102,0.0007229443664717,-0.001795173884652
2014-01-17,-5.799001146567367e-05,0.0011499992219286,0.0002271585281111,-0.0001508946350097
2014-01-20,-0.0003237349157878,0.0005865073927589,-0.0014467484865636,-0.0009563720080958
2014-01-21,0.0020208489117414,-0.0008179430201614,0.0036736065603853,-0.0002061948239861
2014-01-22,0.0003814916551372,-0.0019515352568196,0.0126631780391078,-0.0003845060360721
2014-01-23,-0.0078790071163076,0.004325263564369,0.0012779411574067,-0.0027765649913272
2014-01-24,-0.0224714622301613,0.0022711888486172,0.0137593090175783,-0.0024127675314989
2014-01-27,-0.0064532249056242,-0.0010335760586006,-0.016787472678219,0.0009281615089556
2014-01-28,0.0063654610795275,0.0012038155136533,0.0132254130444825,0.0008979854102638
2014-01-29,-0.005902444600392,0.0025598562536482,0.0166253411650552,-0.0012764270298839
2014-01-30,0.0026653641793872,0.00025904596507,-0.0114017254226983,0.0009217501895722
2014-01-31,-0.003055230512696,0.0024365792988046,-0.0051955206969856,-0.0037640420677016
2014-02-03,-0.0209720650339477,0.0029601803453104,-0.0022304463161888,0.0055392808806173
2014-02-04,0.0007192979966449,-0.0011462704707915,0.0191938029313885,-0.0013163259322131
2014-02-05,0.0014747013768641,-0.0008537585734442,0.0001728230010784,1.901630561292404e-05
2014-02-06,0.0122259251463797,-0.0022491346740566,0.0045746340580455,-1.9794010401616103e-05
2014-02-07,0.0138491696978117,0.0021471576523918,0.0085781144918564,0.0015284646407609
2014-02-10,0.0018242268789576,-0.0001997204694647,-0.005605757199629,0.0011618287929487
2014-02-11,0.0097981904416894,-0.0016281372098245,0.0082383132718769,-0.0005380632114252
2014-02-12,0.0028647280173404,-0.0023963916896824,0.0020703282428244,0.000235151057001
2014-02-13,0.001875662740843,0.0029845553998784,0.0051480667618224,-0.0015481056403468
2014-02-14,0.0044896794166939,-0.0001894388394629,0.0015955697256339,-0.0019704000679155
2014-02-17,0.0012084726259863,8.790946434802728e-05,0.0006151432650864,-3.20914876810275e-05
2014-02-18,0.0032584914088488,0.0018253004929611,0.0187464234403885,-0.0006948855954337
2014-02-19,-0.0044669653471537,-0.0005771695899801,0.0109764543706766,-0.001507452602112
2014-02-20,0.0024973573427974,-0.0017193441536006,-0.0035266056419525,-0.0002197157704996
2014-02-21,0.0022128063139314,0.0009661693315312,0.003340824996477,-0.0001146679157537
2014-02-24,0.0054895824133448,-0.0005187896614889,-0.0074230169476625,0.001375472494425
2014-02-25,0.0008660340982669,0.0021524993210259,-0.0005219929946855,-0.0002824074770255
2014-02-26,-0.0019710026278389,0.0017858649168832,-0.0039103076047733,0.0008311489517487
2014-02-27,0.0039943818765866,0.0022395418772495,-0.0035070431612364,1.5073925810662332e-05
2014-02-28,0.0008377454763848,-0.0016654402624263,0.007031697120183,-6.377733047268703e-05
2014-03-03,-0.0107484878244597,0.002819424248204,0.0086471532063015,0.0029772894583446
2014-03-04,0.0159517803940675,-0.0029934763944018,0.0033586180584194,-0.0003878542302005
2014-03-05,0.0005000272649455,-0.0001523090543025,-0.0085980330004993,0.000647356840967
2014-03-06,0.0030723988135979,-0.0026380816507841,0.007350224284008,0.0021311421332166
2014-03-07,-0.0006794920503709,-0.0018515731891874,0.0005125117495578,0.0007498430178242
2014-03-10,-0.0017816418649734,0.0008644065893914,-0.0067207185366184,-0.0004785856645275
2014-03-11,-0.0042847996478813,0.0002747769877497,-0.0021123317454797,-0.0009874688654126
2014-03-12,-0.0022168457614485,0.0017783486937986,-0.0072856912917908,-0.0020801656942698
2014-03-13,-0.0104387248952228,0.0029339763253048,-0.0044616345964709,-0.0013494015211717
2014-03-14,-0.0062711973163607,0.0009028053411701,0.0058334724691285,0.0005415673003535
2014-03-17,0.0089716013705817,-0.0016195488031357,-0.0054662749719157,0.000994161812347
2014-03-18,0.0070455774775676,0.000993445312101,0.0045529380465533,0.0009675314027574
2014-03-19,-0.0040203401053021,-0.0043478276892898,0.0010277604129474,-0.000552259146533
2014-03-20,0.0036709906839801,-0.0013230200299545,-0.0080969602598276,-0.0057405950959446
2014-03-21,-0.0025164207985985,0.0006199404922331,-0.0009268146557295,0.0028729132645904
2014-03-24,-0.0036829954913026,0.0004241445018781,0.0003707118884831,0.0001204957101033
2014-03-25,0.005294880859507,0.0004268225828412,0.0066218327709591,0.0002009392045295
2014-03-26,-0.0043295307445049,0.001616782259631,-0.0003470739424158,-0.0007169477576799
2014-03-27,0.0002320404240264,0.0010885121251739,0.0111774979460802,-0.0012046269954848
2014-03-28,0.0058071631737047,-0.0015539893350445,0.0002054432107034,-0.0003224505402627
2014-03-31,0.0064669384838754,-0.0007169654255148,-0.0040435561674361,0.0003291214026751
2014-04-01,0.0057852618452916,-0.0005674245360074,-0.0103552642986154,-0.0020822222752534
2014-04-02,0.0035432418751938,-0.0026622728173657,-0.0017014179696447,0.0008419368307334
2014-04-03,0.0006843684837009,0.0003989189593146,0.0099862504304251,0.0003028686260975
2014-04-04,-0.0074696151188657,0.0043563234336261,0.0027648369288806,-0.0005564621742664
2014-04-07,-0.0116518317323109,0.0015234863896479,-0.0010649802313366,-0.0007500824348762
2014-04-08,0.0013460425167692,0.0001197813669438,0.0117743382329023,-0.001513358348194
2014-04-09,0.0073828530100631,0.0007534181686848,0.0056447410227202,0.0010211619643879
2014-04-10,-0.014982986608252,0.0032876164210904,0.0024287170855105,0.0009640614893985
2014-04-11,-0.0094932206310191,0.0004867096316545,-0.0029238362231163,-0.0003665054317778
2014-04-14,0.0047123936315501,-0.0007414720563447,0.0061340722595203,-0.0003373836466103
2014-04-15,0.0045530433297908,0.0011719900355971,-0.0004811439114022,-0.000401279072604
2014-04-16,0.0092014278865322,-0.0011408168822182,0.001431100182737,0.0037934096716548
2014-04-17,0.0030973679357828,-0.0029538291269416,0.0082069607818529,0.0030532028159538
2014-04-18,0.0006323836334124,-4.769817161840601e-05,,0.0003094484506145
2014-04-21,0.0024012809600927,-0.0001403139997618,-0.0029860116407124,0.0005967689407872
2014-04-22,0.0054450957445682,-0.0008766411840563,9.348251266726996e-06,-0.0010686476544889
2014-04-23,-0.0002614860432711,0.0017822440062087,-0.0005144897014729,-0.0007811104329536
2014-04-24,-0.000114456762434,-0.000447382023816,0.0041010032182799,0.0017299522566213
2014-04-25,-0.0062056838880023,0.0012967758252121,-0.0046650498868151,-0.0038980250432257
2014-04-28,0.0021471086123805,-0.0001357992845452,0.000129124678046,0.0016278360573293
2014-04-29,0.0042513970809299,-0.0004902070523828,0.0063311959718809,-0.0035088898258387
2014-04-30,0.0021071698067601,0.0023333105181901,-0.0078546571232826,0.0002581788186972
2014-05-01,0.001142870752507,0.0012241380155192,-0.0094336576398194,-0.0001085110452308
2014-05-02,-0.0015915483435898,0.0006515073219581,0.0020450355021031,-0.0008762752712215
2014-05-05,0.0001728767890271,-0.0004176261097819,-0.0016511717762702,0.0015714801293735
2014-05-06,-0.0050532297331794,0.0004079368188661,0.002982047281154,-0.0033369528197138
2014-05-07,0.0020747074194342,0.0009861814331482,-0.0004922279738588,0.0002880155226226
2014-05-08,0.0015245840181705,0.0016590678470526,-0.0052532018732838,0.0009765318987918
2014-05-09,0.0001281356628315,-0.0005336571694701,-0.0036277531385805,0.0006298371468975
2014-05-12,0.0086273189094115,-0.0017162832965271,-4.417609019033517e-05,0.0004064620912603
2014-05-13,0.0024719493389471,0.002114419209061,0.0014851775719142,-0.0015791066357592
2014-05-14,-0.0027644143841979,0.0036351446158763,0.0039042442141236,0.0001344398934241
2014-05-15,-0.0086997425693289,0.0016778705560389,-0.00163441365113,0.0031168792882987
2014-05-16,0.0021458585987843,-0.0007978481779407,-0.0023836524082361,-3.3809106612519825e-05
2014-05-19,0.0022368220230411,-0.0007341653037234,0.0037486632397531,-0.0005381278800783
2014-05-20,-0.0053610393557826,0.0001762391191707,0.0015920964975811,-0.0001172071065779
2014-05-21,0.0073019529254059,-0.0008503488543866,0.0019497229403057,0.0013105539586978
2014-05-22,0.0038564431766225,-0.0009963599104934,-0.003770152387053,0.000951274450226
2014-05-23,0.0035313461801563,0.0013962130438948,0.0025875673907152,0.0025641565316272
2014-05-26,0.001983314519205,0.0006956163183002,-0.0004880890169386,-0.0010776763457646
2014-05-27,0.0048053804422616,0.0006895911524098,-0.001553612104852,0.0011013794918894
2014-05-28,0.0002338739658811,0.0042156762161733,0.0006343105060343,0.0002401266402633
2014-05-29,0.0034218519345517,-0.000187423028258,-0.0002380791522401,0.0034472836915244
2014-05-30,0.000707531980817,-0.0007834695348313,-0.0067079210827996,-0.0008779577889126
2014-06-02,0.0022046907514198,-0.003081036039284,0.0009291077943679,-0.0040348578349828
2014-06-03,-0.0001763027440251,-0.0029044831261232,-0.0016496174220843,-0.0020363072527805
2014-06-04,0.0011180874337897,-0.001121357381191,-0.0020987370539998,-0.0022667976458981
2014-06-05,0.0053840119549926,0.0016262500094618,0.0023793948189082,0.0013201589691959
2014-06-06,0.0050795148751695,0.0013294446650258,0.003099808390579,0.0023430783855969
2014-06-09,0.0014023271793757,-0.0007495163508436,0.003547898406647,0.0010789612022117
2014-06-10,-0.0001441433000925,-0.0014559206190845,-0.0058940522715405,8.284697915686411e-05
2014-06-11,-0.0031389475438542,0.0001842092636873,-0.001031926301577,0.0002937796552723
2014-06-12,-0.0050996073652908,0.0020066327961374,0.0194272351016985,-0.0007835827496358
2014-06-13,0.0020004546474962,-0.0007929557829272,0.0029618370708205,-0.0005805540254112
2014-06-16,-0.0012835642838367,0.0003032953971462,2.55136702060956e-05,6.392097382302745e-05
2014-06-17,0.002381946538856,-0.0024225548076398,0.0007988749972997,0.0045613079943055
2014-06-18,0.0061435987787583,0.0018861598658749,0.0009228484975971,-0.0007243238784928
2014-06-19,0.0027725025031092,0.0017527533568042,0.0051421087052628,0.0033810955954659
2014-06-20,0.0010025438818354,-0.0008877770484569,0.0002346577057236,0.0025304244891421
2014-06-23,-0.0011829083463063,0.0004326712981626,-0.0051517600779559,0.0005283887864004
2014-06-24,-0.0033449195855262,0.0016138017946611,0.0036736600563533,0.0014975538247374
2014-06-25,-0.0002102843620688,0.0024518590741127,0.0009278585980087,-0.0009407463133814
2014-06-26,-0.0002827355404092,0.0017172315227952,-0.0051233614520476,-0.0006922187659193
2014-06-27,0.0007313279585901,7.216088181003408e-05,-0.0033040439761411,3.703755914801149e-05
2014-06-30,0.0002023586563676,2.9955172805394252e-05,-0.007545325839518,-0.0005884340593933
2014-07-01,0.0064348175940903,-0.0011663169778876,-0.002183334720988,-0.00256166828773
2014-07-02,0.0016111327934026,-0.0030477267214095,-0.0049063872422461,0.0007405407308435
2014-07-03,0.0051281209779602,-0.0005463962540167,-0.0001572157555845,0.0024574440363288
2014-07-04,0.0001720920931524,0.0003336480573213,-0.001409411498243,-0.0007034947577932
2014-07-07,-0.0043056696431194,0.0010458750405099,-0.0114303528902993,0.0006130945742831
2014-07-08,-0.0062637995722119,0.002378042152809,-0.0043873726753216,-0.0012174336669252
2014-07-09,0.0021887057899888,0.0009306126216151,-0.0070334921324103,0.0008471471521742
2014-07-10,-0.0058054080790043,0.0010275337010621,-0.0026179355071456,0.0006600113670211
2014-07-11,0.0016084849508185,0.0008536564763288,-0.0082915040596906,0.0015693767138023
2014-07-14,0.0057847555424369,-0.0011881877440878,0.0023752627126277,-0.0003654319081349
2014-07-15,-0.001931029263748,-0.0003260590260806,-0.0068754467118117,-0.0029159168366346
2014-07-16,0.0048487913664797,0.0004396092944222,0.0040769879220631,-0.0016904545370005
2014-07-17,-0.0092842233138237,0.0029380416039655,-0.0015421242726618,0.0003289021773086
2014-07-18,0.005891182771893,-0.0003520925735539,-0.0041011966488637,-0.0004510357156904
2014-07-21,-0.0026924486648655,0.0003289681492749,-0.0013938771294562,0.0010488380430131
2014-07-22,0.0060849653194159,0.0002228140029623,-0.005334586394955,-0.0003446361664483
2014-07-23,0.0025598484288277,0.0008234198949428,0.0036794746059365,-0.0002950528116398
2014-07-24,0.0011245768080713,-0.002117191477949,0.0003866028152755,0.001913859789017
2014-07-25,-0.0042644692924265,0.0016122306137944,0.0019422477155778,0.00102592315995
2014-07-28,0.000572403081872,-0.0004556172365695,-0.0014126667657106,-0.0008289153036799
2014-07-29,-0.0021166537005912,0.0016801422739794,-0.0017931523451876,-8.237975728951279e-05
2014-07-30,0.0001425970557073,-0.0037345602236899,-0.0043769973802823,0.0002966691110355
2014-07-31,-0.0167499080520672,-0.0007476403100094,-0.0035854509892794,0.0013484357269727
2014-08-01,-0.0052473977644775,0.0029321960331232,-0.0078384961670566,-0.0028539394887078
2014-08-04,0.0037917601306463,0.0009703270343146,0.0062944201816444,-0.0013427699896458
2014-08-05,-0.0069966250121679,-0.0006198309968823,-0.0037088869619506,-0.0004826270629893
2014-08-06,-0.0017094788026496,0.000996283599039,0.0060793526669999,-0.0002023171087363
2014-08-07,-0.0050330781353417,0.001986036797558,-0.0022841334372339,0.0006984414235374
2014-08-08,0.0042045744567671,0.001340643748221,-0.0004714046863373,0.0004880401675184
2014-08-11,0.0073930455254581,-0.00062465137299,0.0019882424862803,0.0008070136377848
2014-08-12,-0.0012252396767315,-8.132838232793909e-06,-0.0073471170760242,-0.0009218169796671
2014-08-13,0.0070096041247078,0.0017727683737117,-0.0048021312153944,-0.0017972503557013
2014-08-14,0.0039420381699267,0.0014307064413422,-0.0083132285921317,0.0002985296257841
2014-08-15,-0.0010685332913898,0.002421747945989,0.0008656540389651,-0.0030910776455385
2014-08-18,0.0075465920554895,-0.0020932489140504,-0.0067941988397995,0.0002904320861744
2014-08-19,0.0056054871667599,-0.0001606671649583,0.0012769887365167,-0.0002323867540707
2014-08-20,0.0019829528316917,-0.0014344556648339,0.0006208145953444,-0.0017789954249862
2014-08-21,0.0041512223553544,0.0001688729162226,0.0051310347842444,-0.0025770038874386
2014-08-22,-0.0013841715325375,-0.0001177148947315,-0.0021874696869276,9.692273917340208e-05
2014-08-25,0.0052676500341127,0.0014759646828995,0.0024797927368546,-0.0005910674783531
2014-08-26,0.0024693180087688,0.0012930245758201,0.0021791746166295,0.0004913234074226
2014-08-27,-0.0005420204908212,0.0020723766519966,0.0024461336472216,-9.231156382441988e-05
2014-08-28,-0.001834691296946,0.0007026209563581,0.0032563677602175,-0.0011175489297856
2014-08-29,0.0017635825953205,-0.0002679784849516,0.0047363369094944,-0.0005430282843277
2014-09-01,0.0008102663960494,-6.257953859995988e-05,-0.0011156153860216,0.0009072934320378
2014-09-02,0.0005804329116899,-0.0033404808849529,-0.0166618843019657,0.0021649796212405
2014-09-03,0.0018661950342512,-0.0006617917605237,0.005399143919575,-0.0006366507536325
2014-09-04,0.0009655121927004,-0.0005960738130839,-0.0055003096052338,0.0007418506084042
2014-09-05,0.0023510264360183,0.0011547925596514,-0.0016711203872058,-0.001586780502359
2014-09-08,-0.002093255550496,-0.0005329890023188,-0.0022547282508499,-0.002489695524036
2014-09-09,-0.0040117565663505,-0.0023909247689898,-0.0021006033097922,-0.0012047376236709
2014-09-10,0.0016215447564758,-0.0013112932063315,-0.007995503897016,-0.0024389087824026
2014-09-11,0.00055667565724,-0.0005939613168609,-0.0073674966272767,0.002612455151075
2014-09-12,-0.0040838463677578,-0.0026958274434286,-0.0021006337462665,0.0006859497071039
2014-09-15,-0.000766341472071,0.0008148455111616,0.0035987654450423,-0.0001492862490594
2014-09-16,0.0047228697400133,0.0001515632015142,0.0089493504376245,-0.0009334116472595
2014-09-17,0.0010540156465343,0.0001810155085179,-0.0009481112965597,-0.0063405267516073
2014-09-18,0.0055916148975847,-0.0025701931559488,-0.0142298374017729,-0.0002011819784418
2014-09-19,0.0007553295756491,0.0024592009026868,-0.005450664197047,-0.0027427322852792
2014-09-22,-0.0079667910710631,0.0020425963663562,-0.0079667673171915,-0.003024355581363
2014-09-23,-0.0071413097412461,0.0014355125428492,-0.0007097117767679,0.0013037637145165
2014-09-24,0.0074745626840029,-0.0007087923883241,0.0081812373741242,0.0019198705787831
2014-09-25,-0.0120415361192852,0.0025739273882772,-0.0005051241323558,-0.0022144727672312
2014-09-26,0.005832252232864,-0.0011933861884575,0.0009949088460363,-0.0026966773859548
2014-09-29,-0.0034790391847351,0.0013296897020644,0.0113924928027647,-0.0024248532916139
2014-09-30,-0.0005846646361444,8.287726035852746e-06,-0.0169386454122828,0.0015721892288822
2014-10-01,-0.0109589040034341,0.0046903483809457,-0.0041717240950524,0.0016455184407251
2014-10-02,-0.0067491700657232,-0.0009277601891887,-0.006563708436339,-0.0009300632108559
2014-10-03,0.0098085902985782,-0.0009507133939239,-0.0015366510948409,-0.0010928169367874
2014-10-06,-0.0007127168335516,0.0013535828832584,0.0063521655969539,-0.0025569768212306
2014-10-07,-0.0134095293701579,0.0027661227881114,0.0003988775932858,2.8095188814710128e-05
2014-10-08,0.0099874873004291,0.0020387055862216,-0.010828625041304,0.0004586282598488
2014-10-09,-0.014270489443593,0.0006832139689534,-0.0057199632660918,0.0030955373327202
2014-10-10,-0.0158304891665322,0.0004390997470896,-0.0033961517250325,-0.0001586457028784
2014-10-13,-0.0105144826967921,0.0025822852919543,0.0047974253502648,-0.0016917129104165
2014-10-14,0.0017262263057474,0.0020443627488158,-0.0187968319934015,-0.0033664508055057
2014-10-15,-0.0155633495344763,0.0055900930822401,-0.0111624140049968,-0.0089405845456173
2014-10-16,-0.0007627318744595,-0.0039338441781726,0.0071709145502965,0.0061966069597836
2014-10-17,0.0159179279193687,-0.0018909664330506,0.0007445056369829,0.0019186912625136
2014-10-20,0.0088742139540054,2.349362511652022e-05,-0.0090079829135701,-0.0021483601744661
2014-10-21,0.0163963460876436,-8.738001659669024e-05,0.0083202595432088,-7.59272966273129e-05
2014-10-22,-0.0019732769118394,-0.0011091506697556,-0.0100391201382197,0.000516667533758
2014-10-23,0.0094925597448784,-0.0018176560242858,0.0093179693151793,0.0009983594063328
2014-10-24,0.0051466217001716,0.0002704281678802,-0.0074173721149984,-0.0025157484066109
2014-10-27,-0.0017702207761848,0.0005326825559361,0.0004800460687228,-0.0011757381073084
2014-10-28,0.0104931885420445,-0.0005785383958746,0.0093566611137087,0.0023773675721288
2014-10-29,-0.0019864114845092,-0.0021561645367772,0.0138472416010085,0.0023648684776615
2014-10-30,0.0069521410005753,0.0013397723081573,-0.0074472144101314,-0.0025699387408826
2014-10-31,0.0153187625707389,-0.0003514596401072,-0.000217914184441,0.00160580448904
2014-11-03,-0.0020924197391994,-0.0008269842234729,-0.0005156115100494,-0.0014200292641574
2014-11-04,-0.0030271217567269,0.0010233446159792,-0.0111795159598758,-0.0011411200669062
2014-11-05,0.0088666670638707,-0.0007490765841736,0.003921466904444,0.000936812985747
2014-11-06,0.0031379025442274,-0.000529217048637,0.0077506187050984,0.0019727604081407
2014-11-07,-0.0009203566163057,0.002332868507939,0.0063763555016431,-3.470966747260536e-05
2014-11-10,0.0036565939301723,-0.0010350840818493,-0.0125904528998178,0.0004280007134475
2014-11-11,0.0027146315253165,-0.0011574712304534,0.0040057714342674,-0.0009981067637938
2014-11-12,-0.0018499306464787,0.0003711698864927,-0.0055436512355291,-0.0023145208654507
2014-11-13,0.0009749315732788,0.0010506659819982,-0.0244068257705205,-0.0015859174348117
2014-11-14,0.0017957033657676,0.0014796637594573,0.009914389957793,-0.0006495874884812
2014-11-17,-9.820649621165484e-05,-0.0002624717483013,0.0111306614688605,-0.0021885419875923
2014-11-18,0.0057015162929995,0.0002901564519299,-0.0083654467756412,-0.0027403701868921
2014-11-19,-0.0004169472792929,-0.0011128010388679,0.0029033631651836,-0.0025660056095107
2014-11-20,0.0007660943268225,0.0015290789411065,0.0112292368563253,-0.0019731524660216
2014-11-21,0.0072819312450036,0.0016170342454611,0.0004376687483615,0.0037121797413241
2014-11-24,0.002485726402281,0.0006170406254145,-0.0088744808030362,0.0004937892159681
2014-11-25,0.0005610392179632,0.0027613020431949,-0.0009018924947311,-0.0004154470446292
2014-11-26,0.0019744345659121,0.0015547162448639,-0.0034478168895211,-0.0029258570981168
2014-11-27,-0.0001984120026452,0.0012759203857099,-0.0146099172804708,0.000164165462737
2014-11-28,-0.0015709778390886,0.0016975858913519,-0.0427936619015045,-0.0049537106560982
2014-12-01,-0.0068555410138578,-0.0005435891582678,0.0145846097220313,0.0005384015921336
2014-12-02,0.0068566954684368,-0.0031260613730366,-0.0233903221434423,-0.0010405901723395
2014-12-03,0.0032063219337538,-2.274356507287967e-05,-0.0045026288258267,-0.0006865137327388
2014-12-04,-0.0023961501774056,0.0008180873382532,-0.0067551681500708,-0.0013487837189878
2014-12-05,0.004888768550898,-0.0020159914891792,0.0027665693379508,-0.0023003892982051
2014-12-08,-0.00723571082642,0.0016911218638821,-0.026074342442293,-0.0044356175348289
2014-12-09,-0.0056980984462276,0.0021690749506815,0.009684830658472,0.0002325502704482
2014-12-10,-0.0131934236448411,0.0020229762796337,-0.0179153524473949,-0.0018765704960483
2014-12-11,0.0007664136107076,-0.0005007597559395,-0.0062105969446716,0.0008024440533332
2014-12-12,-0.0161917406383049,0.0038328691594914,-0.0047611488130004,-0.0090115412321676
2014-12-15,-0.0080855579779703,-0.0008970373912154,-0.0139729483116164,-0.0031964108251122
2014-12-16,-0.0040682046520863,0.0023653490502286,-0.0141623082699705,0.0024503635761693
2014-12-17,0.0168723642882236,-0.0024186865010639,0.0094555750442916,0.0038556556260177
2014-12-18,0.0245134836345055,-0.0027144548262151,-0.0135467439114967,-0.0020508156295859
2014-12-19,0.0057707149845257,0.000762191271221,0.0074925822733745,0.0011780120889129
2014-12-22,0.0028438096846592,0.0010482170052156,-0.0248510967475193,0.0020773432981053
2014-12-23,0.00342899675408,-0.0030073418138509,0.0125620138618535,0.0002051820736938
2014-12-24,0.0007903520940121,-0.0003072319673491,-0.0202495403737532,-0.0038450195499797
2014-12-25,-0.0001339721745639,0.0001413930819738,,-0.0001483174783885
2014-12-26,0.0022087372602066,4.1139768426692327e-05,-0.0043519725079458,-0.0010709925279235
2014-12-29,0.0008991580414107,0.0025229312030814,-0.0030423113598393,-0.002531210150925
2014-12-30,-0.0065531289833456,0.0015451814233543,-0.0043356575358179,-0.0041633634780606
2014-12-31,-0.007563966552818,0.0011523306671573,-0.020583426872976,0.003113151255476
2015-01-01,2.9048742138363746e-06,,,0.004771847183358
2015-01-02,-0.0023665938336699,0.0024785743177393,-0.0021376871100921,0.0024150424594633
2015-01-05,-0.0158000297207663,0.0024385318735653,-0.0216571716100787,-0.0066338826065706
2015-01-06,-0.0109792150192386,0.0036343831041603,-0.0094869524345047,-0.008014146383843
2015-01-07,0.0096958150080065,-0.0003946850627689,-0.0048825218248944,-0.0013982456448061
2015-01-08,0.019541897234177,-0.0014513230502242,0.0033869741721588,0.0050603296470426
2015-01-09,-0.0101192573881156,0.0022729560549223,-0.0031473219170562,-0.0027599099888194
2015-01-12,-0.0029869569147616,0.0026654756798864,-0.0302966517960358,-0.0033911315252086
2015-01-13,-0.0005832762001488,0.0013237667378242,-0.0031939496671045,-0.0056725829653835
2015-01-14,-0.0072905856786842,0.003257347050913,0.0285367638219105,0.000150445084117
2015-01-15,-0.0047920280147748,0.0020686498825263,-0.0159077548007524,0.002531907807267
2015-01-16,0.0079611199842841,-0.0013009300699357,0.0177711116356596,0.0014082858301143
2015-01-19,0.0023173161134179,0.0004644341757757,-0.0050334536213828,0.0001652410490828
2015-01-20,0.0040331887140125,-0.0003644092333274,-0.0270160887232008,0.0002702072556277
2015-01-21,0.0046550108030113,-0.0020883754275376,0.0162830518645488,0.0012007238260076
2015-01-22,0.0138349537640841,-0.0008169525062968,-0.0143683659869411,-0.0005410248806526
2015-01-23,-0.0005761103004898,0.0044677054079144,0.0021583190119825,-8.078246390653657e-05
2015-01-26,0.0047870104784284,-0.0007322365600677,-0.0084776063104874,0.0017879799905573
2015-01-27,-0.007938869232975,0.0001144234942295,0.01338953363915,0.0004833637284298
2015-01-28,-0.0131504053528578,0.0028637875598142,-0.0155968651889909,-0.0005058841065213
2015-01-29,0.0091430169331905,-0.0006857335525155,-0.0110768466151626,-0.0025351279544857
2015-01-30,-0.0107953152588059,0.0040846024898812,0.0301843386367546,0.0032254916910873
2015-02-02,0.0106558790494702,-0.0001502791910329,0.01433103753912,0.0032030116629438
2015-02-03,0.0103310833527002,-0.0045929227386069,0.0371742819951772,0.0025910091960874
2015-02-04,-0.0020070679692955,-0.0009354736236289,-0.034563350571498,0.0056175362083915
2015-02-05,0.0080549759128756,-0.0007259618744678,0.0131257663939837,-0.0014918248218016
2015-02-06,-0.0001044673625952,-0.0050627312030299,0.0081411059270171,0.0008652792266498
2015-02-09,-0.0047420972212414,-0.0006074669201104,0.0115096787055527,-0.0032194018048095
2015-02-10,0.0073591291194497,-0.0022443003723079,-0.015143012527975,0.0015381631171208
2015-02-11,0.0006246459128033,0.0001236137657695,-0.0047495203811518,-0.0042931412592224
2015-02-12,0.008773544512498,0.0008905593128853,0.0188465287085227,-0.0004134005597358
2015-02-13,0.0056218173547815,-0.0009206605590751,0.0207261284076419,0.0014214426980901
2015-02-16,-0.0002331307244567,-0.0007001902705358,-0.0005893053758575,-0.0014911768808564
2015-02-17,0.0010787004464652,-0.0037903152074576,-0.0015221283243562,0.0025009478445111
2015-02-18,0.0017601633105517,0.0023942251032884,-0.0069448078625534,-0.0008482682294865
2015-02-19,0.0011719239411424,-0.0009140480163003,-0.0027780531651941,0.0007896941104822
2015-02-20,0.0042434710742721,1.8981026232337764e-05,0.0001572195461382,0.0030455643933999
2015-02-23,0.0016932712724593,0.0029569412648126,-0.0142005245848543,-0.0033954574267027
2015-02-24,0.0040186009224701,0.0031076140649166,0.0006508281009588,-0.0002650447822982
2015-02-25,-0.0012357155633402,0.0015071120273275,0.013015182787291,-0.0017781411119823
2015-02-26,0.0016308064541164,-0.0010595117180621,-0.0191677274116701,0.0063294511955127
2015-02-27,-0.0017292660996367,0.0002767912200414,0.0191822004705734,0.0031854017525682
2015-03-02,0.0037476895340541,-0.0032311120968982,-0.017434055628713,0.003285917697838
2015-03-03,-0.0051815245833371,-0.0025233558412004,0.0070254973414783,-0.002081576488973
2015-03-04,-0.0026129582003933,-0.0003337999261651,0.0019029766253648,0.0015241914798449
2015-03-05,0.0032545037110265,0.0010855346854878,-0.0014321263377673,-0.001079391796915
2015-03-06,-0.0090972893191816,-0.0046667344632113,-0.0074354287014052,-0.0003514580905393
2015-03-09,0.0005683436137445,0.0017775542175423,-0.0108643613985623,-0.0067371931269495
2015-03-10,-0.0149187834265041,0.0033072159557459,-0.0141669995054553,-0.0049344532810627
2015-03-11,0.0017844593734413,0.0020722357487217,0.0070540802809262,-0.0016385527383477
2015-03-12,0.0100507623520013,0.0013400841208522,-0.0097364181250706,-0.0005152550414404
2015-03-13,-0.003597980498741,-0.0006985839918505,-0.0201491814779517,-0.0022527492113483
2015-03-16,0.0117516113008923,0.0004067565807335,-0.0079602423180732,-0.0034149355557802
2015-03-17,-0.0009485068861527,0.0006644926091884,-0.0001969068492881,-0.0025077761232077
2015-03-18,0.0100597317515132,0.0058375829778409,0.0210032326601972,0.0023437550881629
2015-03-19,-0.0027418680401563,0.0003320376834259,-0.0119730771042136,0.00934811587974
2015-03-20,0.0082002306886003,0.0020992601525843,0.012698058400296,-0.0032442566519051
2015-03-23,-0.0017182464890815,-7.934353212255461e-05,0.0060019699924675,-0.0027972780300083
2015-03-24,-0.0020631203467644,0.0005600449129791,-0.001655061863114,0.0001396364496175
2015-03-25,-0.0125209442969091,-0.0009185112542398,0.0059990416468437,0.0043018810791457
2015-03-26,-0.0050296743986438,-0.0029132204003263,0.0145893720552428,0.0001212407259035
2015-03-27,0.0013295828615346,0.0014487109785559,-0.0233852273762933,-0.0010972884224137
2015-03-30,0.0105704159210837,-0.000294232343754,-0.0017584989037727,-0.0008764166458829
2015-03-31,-0.0073189538033195,0.0014174724718598,-0.0110030374961853,0.0010785802334092
2015-04-01,-0.0024336742294814,0.0026039210708189,0.0196405824284433,0.0010119049850899
2015-04-02,0.0035119767772577,-0.0007764554118261,-0.0042669678644062,0.0002209118604187
2015-04-03,0.0004152803558395,0.002707755243554,,0.0026517151489021
2015-04-06,0.0043874934574816,-0.0017036521567383,0.0203441706396399,0.0020698219084729
2015-04-07,0.0025363303923694,-0.0002773237119807,0.0079152893473395,0.001146569609089
2015-04-08,0.0030651036449044,0.0002160406391515,-0.0287503286983026,-0.0056799772866466
2015-04-09,0.0061256818130407,-0.0020967320149723,-0.0024675711107335,0.0009753253367473
2015-04-10,0.0054504375574173,0.0001997203964267,0.0089058716586317,-0.0014540191790105
2015-04-13,-0.0028806154793951,0.000512336419003,-0.002161305927181,-0.0010351382762179
2015-04-14,0.0003520026769098,0.0022194011488099,0.009611548947629,-0.0008840936947962
2015-04-15,0.0035347578738296,0.0007160174797261,0.0275542926782506,0.0033539648739997
2015-04-16,-0.0011662691651622,1.739960698868394e-05,0.0115410511485654,0.0030189898257952
2015-04-17,-0.0123962986015944,0.0003526765962306,-0.0072312376981312,0.0056789374427204
2015-04-20,0.0064089042443152,-0.0012333129289968,-0.006789004940098,-0.0006248427187781
2015-04-21,0.0023022665452026,-0.0009852851575058,-0.0056387223388211,-0.0020557379846919
2015-04-22,0.0033395419018133,-0.0026732293360893,0.0021755253810375,-0.0008123147847549
2015-04-23,0.0017017711222324,0.0008274840326508,0.0105974474859384,0.0037268504692614
2015-04-24,0.0024304583882405,0.0015302767533136,0.0003772506502577,-0.0010876799326506
2015-04-27,-0.0004780935418302,-0.0004301483523797,-0.0040526755963074,0.0024914260794092
2015-04-28,-0.0002146665065998,-0.0015044536110825,0.0027611507797659,-0.00280891049862
2015-04-29,-0.0082512413035695,-0.0043839007936085,0.0149737782042059,0.0010974440666632
2015-04-30,-0.0088225453664913,-0.0018714101280632,0.0149704151786362,0.0032403860499744
2015-05-01,0.007987877364955,-0.0030801179551865,-0.0028816385228219,-0.0034198551968881
2015-05-04,0.0036408275395175,-0.001275672032184,0.0034569548459319,-0.0023372446360341
2015-05-05,-0.0117753953759741,-0.0043852456002789,0.0100967957958945,0.0012499930237537
2015-05-06,-0.004763102239858,-0.0029812055196736,-0.0009326895826182,-0.0019268653440774
2015-05-07,0.0021690320179147,0.0012996561388124,-0.0178940089178798,-0.0013629438617576
2015-05-08,0.0129981047142354,0.0037551295002601,0.0113843026779167,-0.0006420898512912
2015-05-11,-0.0028467683121521,-0.0048042329884111,-0.0084941542977799,-0.0011391315895759
2015-05-12,-0.0029321280535322,-0.0022035615563897,0.0175137588516493,0.0002833825761297
2015-05-13,-0.0002030552199144,-0.0002238425067695,0.0021676785329231,0.0028259847741851
2015-05-14,0.0087177120234275,0.0020848640253901,0.0044216830989001,-0.0027953931645058
2015-05-15,0.0010301143302749,0.0049841973110419,-0.0013914770687372,-0.0001653452079491
2015-05-18,0.0031909921082887,-0.0032046687973587,-0.0032114783613377,0.0027149145685868
2015-05-19,0.0027127734324668,-0.0010741681011625,-0.0240718432688753,-0.001427380069892
2015-05-20,0.000322484484068,0.0005746660242962,0.0028494214148836,0.0034634116971742
2015-05-21,0.0025913547674772,0.0017611752406893,0.0130419201702792,-0.0024208067149399
2015-05-22,-0.0006258589798006,-0.0011574523832002,-0.0149748263275917,0.0018633576608558
2015-05-25,0.0001997539466629,-9.344858510441904e-06,0.0009228726388329,0.000449646771384
2015-05-26,-0.0081236101069196,0.0030706214973513,-0.0203564326801192,-0.0020976653417274
2015-05-27,0.0079980560774726,0.0010269966390538,-0.0092057533290608,-0.0036098850847897
2015-05-28,-0.0004801351190291,0.0009335839197564,-0.0032240789153537,-0.0016189109318609
2015-05-29,-0.0082738248516403,0.0021329857409654,0.0145569508182805,0.0035329755357388
2015-06-01,0.0010342300713097,-0.0039529996417102,0.0001305888631353,-0.0047129267939406
2015-06-02,-0.0021638606260946,-0.0053973660264467,0.0120006469578251,0.0017287987182399
2015-06-03,0.0039019468909264,-0.0062858399278313,-0.0143349525527145,0.0002008478538296
2015-06-04,-0.0075092260768251,0.0018500518999939,-0.0126743168293818,0.0003445269332546
2015-06-05,-0.0047984268629098,-0.004183157951713,0.0044513427249787,0.0025565756686139
2015-06-08,-0.0066890788818014,0.0003723975035223,0.0051142576979175,0.0005668130843098
2015-06-09,-0.0015665698014598,-0.0015761267066222,0.0241913456665763,0.0008783418880758
2015-06-10,0.0122387837170224,-0.0034866798182046,0.0084239716891178,0.0004058643721638
2015-06-11,0.0029420547196574,0.0044795735996144,-0.0127222319888065,-0.0026464638750681
2015-06-12,-0.0075386959056624,0.0007448972618436,-0.0121711443106072,-0.0004230380323207
2015-06-15,-0.0059761205876737,0.0001426491461358,-0.0003630836515222,0.0001649665680303
2015-06-16,0.0044671981976555,0.0019077008524118,0.0033615990500271,0.0046975513701553
2015-06-17,-0.0008893448167248,0.0011839819430455,-4.766477571398818e-05,-0.0002748880244643
2015-06-18,0.0079665422097842,-0.0001557338042567,-0.0017705956002629,0.0007874429636045
2015-06-19,-0.0045619658225184,0.0037485425821225,-0.0085505773478724,-0.0022676320224814
2015-06-22,0.0115641404790366,-0.003999042740715,0.0002188168921142,0.0044769141247995
2015-06-23,0.00474169258052,-0.0018523297325217,0.009018194919837,0.0014099814101288
2015-06-24,-0.0061273792143588,0.0014509908675867,-0.003522293523233,-0.0008063949538689
2015-06-25,-0.0027574162238895,-0.0011098948123054,0.0037215476956073,-0.0007510012783912
2015-06-26,4.201900414751362e-05,-0.0030648802108566,-0.0020433414050849,0.0029540336953897
2015-06-29,-0.0240847677133343,0.0062073474248577,-0.006309140525207,-0.0037664593088546
2015-06-30,0.0002791343053176,0.000567227429592,0.0197298077078365,0.0017916820152137
2015-07-01,0.0090046398990609,-0.0036948694647209,-0.0158098983906917,-0.0011678804538266
2015-07-02,-0.0004544550833713,-0.0001118949194153,0.0040950048259982,0.0009573631891804
2015-07-03,-0.0011277581742158,0.0020051341677678,-0.0066796621354018,-0.0002499084555618
2015-07-06,-0.0059331368982583,0.003847585959954,-0.0351662513433437,-0.0020044334562669
2015-07-07,0.0009680070204563,0.0042064830839478,-0.0121198834795815,-0.0013066392651047
2015-07-08,-0.0139077471624038,0.0015836137370361,0.0001054993899663,-0.0033742096949335
2015-07-09,0.0052797763120336,-0.0036204014463509,0.0157657981510901,0.0012535438705274
2015-07-10,0.0145477781517922,-0.005681459320192,0.0028353984076305,0.0015551857995059
2015-07-13,0.0120301726462486,-0.0003657881663055,0.0026602536662793,-2.735769393236842e-05
2015-07-14,0.0048155782712935,0.0015577205952019,0.0002849170497115,-0.002276634577198
2015-07-15,0.0020172832272099,0.0028045885303745,-0.0104249450903829,-0.0002597081132903
2015-07-16,0.0069406257452363,8.399422740347554e-05,-0.0056502872135394,-0.0002267390038531
2015-07-17,0.0003927792586865,0.0009750876304421,-0.0019816573047411,-0.0015882594957717
2015-07-20,0.0016620489958114,-0.0004295561506148,-0.0114997166659586,0.0004955115064007
2015-07-21,-0.0035434037705593,0.000718889476916,0.0049827206316591,-0.0007954042429175
2015-07-22,-0.0050219197869424,0.0015466610028512,-0.0106224915715752,-0.0004972269683713
2015-07-23,-0.0025783499586319,0.0015466286547884,-0.0133536273472407,-0.0012959973114729
2015-07-24,-0.0092541373547915,0.0017873458634759,-0.0116802335499357,-0.0058410735773178
2015-07-27,-0.0088094972935964,0.0017517743826479,-0.012896449692461,-0.001318258967918
2015-07-28,0.0090421413238004,-0.0007310640063061,0.0081314531991431,0.000183432012246
2015-07-29,0.0068666904248268,-0.0011450993056396,0.004786685593576,0.0008994333607315
2015-07-30,0.0026179669770493,0.0009593635901496,-0.0065183678433627,0.0013955701306134
2015-07-31,-0.0003991254521897,0.003330495312661,-0.013212289750473,-0.0019181437525809
2015-08-03,-0.0019559809239375,0.0014578469342144,-0.0194763004993283,-0.0044275269677919
2015-08-04,-0.0030180685888755,-0.0017020993131199,0.0092813899061421,0.0006124624483338
2015-08-05,0.0064752114856208,-0.0041986472944292,-0.0050367553731201,0.0015648146007912
2015-08-06,-0.0056310337305502,0.0013490002059177,-0.0039686583277609,-0.007451087958505
2015-08-07,-0.0034727394851903,0.0028615161927915,-0.0036247001943887,0.0004315924720215
2015-08-10,0.0108082451624494,-0.0021205124064327,0.024672475854439,0.0036451627518485
2015-08-11,-0.0101033148696827,0.0052622496143322,-0.0183627063012489,-0.0046247496021763
2015-08-12,-0.0053349141765995,0.0013297511169127,0.0025851237027823,0.0006195218259537
2015-08-13,0.0013948079905903,-0.0028358718269269,-0.0106289701328993,-0.0021412777138089
2015-08-14,0.0020542547905315,-0.0009540784092729,-0.0008070810177515,0.0003899767993595
2015-08-17,0.0037824255388979,0.0022463110166954,-0.0090190241416902,-0.0013650645896682
2015-08-18,-0.0025579336129116,-0.0015811195392798,-0.0031705247730915,-0.0020580029519523
2015-08-19,-0.0116199393296183,0.0027156029999899,-0.016261542725353,-0.0031211736529258
2015-08-20,-0.0209239879497489,0.0020817088836629,0.0034940953277148,-0.0016553997725351
2015-08-21,-0.0261254676976682,0.0015134179313503,-0.0215478397082197,-0.0004245910013492
2015-08-24,-0.0500532382774165,0.0022902622036854,-0.0305568407755661,-0.0039421752219708
2015-08-25,0.0066815871393601,-0.0074314094961373,0.0097442095447176,0.0023726682928379
2015-08-26,0.024177505972762,-0.0003297959258217,-0.0109971930676482,0.0021438653997709
2015-08-27,0.0263777962230256,-0.0006028309118482,0.0448418469161244,0.005660812160091
2015-08-28,0.0025113700874343,-0.0002512447717948,0.0307295310268141,0.0045974149616264
2015-08-31,-0.0091312655031804,-0.0011147741202578,0.0309241560286278,-0.0001633856802933
2015-09-01,-0.0270804272236549,0.0008093954188713,-0.033798953680251,-0.0031410552267183
2015-09-02,0.0125292340050767,-0.0006569221111599,0.0024668595786998,-0.0030553556164307
2015-09-03,0.0032395367873165,0.0018714078872309,0.0106049870310261,-0.0012325086371691
2015-09-04,-0.0148782747212735,0.003200957315069,-0.0130201308897781,-0.0022558828849914
2015-09-07,0.0012323243030721,-0.0001129846735136,-0.0080142186543351,0.0002181046139456
2015-09-08,0.0173968127327543,-0.0015651971222153,0.0151247084031202,0.0003779269489709
2015-09-09,-0.0006821330173401,0.0001447224389451,-0.0184768209164727,8.957017596490915e-05
2015-09-10,-0.0022039674480063,-0.0005620759779161,0.0142086906724908,0.004542148257207
2015-09-11,0.0022640555425191,0.002219797408443,-0.0075176729589215,0.0015300066428759
2015-09-14,-0.0044336273768139,-0.0002337045680699,-0.0069936935101214,-0.0062330796740559
2015-09-15,0.0106421484306859,-0.0049774045825092,0.0011462809556513,-0.000647948704261
2015-09-16,0.0109912042285379,-0.0015729946377889,0.0158303554827009,0.0033236383204384
2015-09-17,-0.0031401195962536,0.0032045898065668,-0.0065938554761893,-0.0023805870113509
2015-09-18,-0.0147017133737691,0.0058188692051111,-0.0210702033890833,0.0026148399446835
2015-09-21,0.0057292572821222,-0.0029267004889481,0.0133899145627899,-8.574981671082787e-05
2015-09-22,-0.0178742436614083,0.0046885340891507,-0.006781379871404,-0.0072968287236266
2015-09-23,-0.0012294213831918,-0.0005934707749969,-0.0097746921684105,0.0027050048616013
2015-09-24,-0.0089117254208834,0.0012108691395157,0.0057272605918602,-0.0055597375410483
2015-09-25,0.0068560765120807,-0.0025761428636646,0.0071673951381237,0.0027933055768517
2015-09-28,-0.0221628765663197,0.0030570366150153,-0.0140491421033204,-0.0076722964194747
2015-09-29,-0.0034898664812989,0.0021739725440239,0.0038783512068936,-0.004959113417525
2015-09-30,0.0197328270817785,-0.0003623851915062,-0.0002736886939221,0.003895025395695
2015-10-01,0.0033652165000781,0.0010202558666505,-0.0117936871521633,0.0066199182034008
2015-10-02,0.0106037643239024,0.0032744978582685,0.0053568130248897,0.0044955491761594
2015-10-05,0.0192502317924593,-0.0028390301902546,0.0138600634134535,0.0005801509693985
2015-10-06,0.0001980205638136,9.940133652690331e-05,0.0225381372687998,0.0038319851003461
2015-10-07,0.0077781105545521,-0.0013155314761014,-0.0039617038519516,0.0008864390213882
2015-10-08,0.0068007271304087,-0.0011706741215606,0.0108460686643714,0.0038360057659639
2015-10-09,0.0028736159152608,-0.0006292118605734,0.0048002191229928,-0.004029056776697
2015-10-12,0.0007716116626945,0.0016561026602175,-0.0175360840536189,-0.0008672031841044
2015-10-13,-0.008432597562785,0.0005824790324871,-0.0058772820594758,-0.0017271812044232
2015-10-14,-0.0059838440460401,0.0040327889600598,7.174832248171685e-05,-0.002846065914688
2015-10-15,0.0151466974509714,-0.0019460843942176,-0.0056607066249286,0.0005768222793477
2015-10-16,0.00439055675601,-0.0001875200633592,0.0025988499760502,-0.0015726384314858
2015-10-19,-7.115169842636173e-05,-0.000656439696364,-0.0173593241566767,-0.0020777407983209
2015-10-20,-0.0026415890472226,-0.0026848254168941,0.0032466054841645,-0.0016013924403481
2015-10-21,-0.0030284850980886,0.0024615050221576,-0.0112704566680199,0.0020208027238672
2015-10-22,0.0189987268826071,0.0017448011669518,0.0006019025688362,-0.0004230255765241
2015-10-23,0.0093002747254803,-0.0023498909951639,-0.0112533739011643,0.0061073585133326
2015-10-26,-0.0014766475262146,0.0009623462197885,-0.0143105204532968,-0.0035117327847699
2015-10-27,-0.0026538898925108,0.0027134119803696,-0.0063760744815033,-0.0012580211214104
2015-10-28,0.0104175668913184,-0.0026464042473964,0.019736789864588,-0.0008540904216478
2015-10-29,-0.001901174568663,-0.0044227290645861,-0.0060994245748052,0.0023315662410345
2015-10-30,-0.003467462381671,0.0001586869271451,0.0105443621475504,0.0026745778734005
2015-11-02,0.0064769687089498,-0.0024137178723484,-0.0104700944153139,0.0007390118770847
2015-11-03,0.0035039276741562,-0.001317033847132,0.0162326420819835,0.0026603002924594
2015-11-04,-0.001708341662738,-0.0012670554317192,-0.0176551962053529,-0.0014053781181614
2015-11-05,0.0001616297405453,-0.000519080259835,-0.0054662598158808,-0.0029970501306839
2015-11-06,0.0007901349394133,-0.0047546536581966,-0.0066949831979424,0.0055415031761509
2015-11-09,-0.0085708619205996,-0.0004887850674855,-0.0119453968675252,-0.0028158005918481
2015-11-10,0.0013684746733412,0.0024609129466992,0.0001521467548147,0.0028314890940405
2015-11-11,-0.0017514965942303,-0.0005550940459333,-0.0113025105126358,-0.0008116191039445
2015-11-12,-0.012675038183327,0.0008448812273152,-0.014179994614886,-0.0009992228192829
2015-11-13,-0.0102937015635013,0.0021793147869825,-0.0057782188452878,-0.0010164896204196
2015-11-16,0.0098025258713263,0.0011457869835421,0.0012885059614898,-0.0011995203039323
2015-11-17,0.0064257326484687,0.0001895578120882,-0.0094451719016125,0.001774523301878
2015-11-18,0.010433452424134,0.0005288418592512,-2.156772323342237e-05,0.0010423122767115
2015-11-19,0.0024768990948736,0.0009994120980956,-0.0020339196548742,-0.000311906962826
2015-11-20,0.0033696907192689,-0.0005351493463175,-0.0060982581140061,0.005770559297478
2015-11-23,-0.0022540263696467,-0.0002745267768988,0.0045340761771256,0.000312715146292
2015-11-24,-0.0021814111080545,0.0010519335897819,0.0120385880797012,-0.000721676584189
2015-11-25,0.0033684299201093,0.0011514852722665,0.0005029115408687,-0.0006960950116801
2015-11-26,0.0020593389072642,0.0004681322429433,-0.0007216271654369,0.0017236103366477
2015-11-27,-0.0003093849285495,0.0008399868308705,-0.0196724329589044,-0.0004939570718523
2015-11-30,-0.0030644962856264,-0.000706307304475,-0.000399566219401,0.0005674409908889
2015-12-01,0.0079639248791483,0.0026811133239319,0.003681997776712,-0.0017954618930744
2015-12-02,-0.0064281928888278,-0.0006864647166296,-0.0252913182559031,-0.0015291548309509
2015-12-03,-0.0156309053749316,-0.0084565114409707,0.0128001829886423,0.0013259081203009
2015-12-04,0.0092460572001666,0.0005757997669559,-0.0020216073923467,0.0024561394884969
2015-12-07,-0.001457764569317,0.0037059478224589,-0.0365916192547539,-0.0053531629355498
2015-12-08,-0.011752813417583,0.0005944381000066,-0.0057027713793456,-0.0009426584058427
2015-12-09,-0.0073366632730847,0.0007928203178587,-0.0024991314580173,-0.003211751292621
2015-12-10,0.0009957330659484,-0.0007616497000954,-0.0041883220058,-0.0002507470109748
2015-12-11,-0.0168061049070159,0.0038448645756687,-0.019114481614518,-0.0036633881539201
2015-12-14,-0.0020926307144364,-0.0035388537463922,-0.0102343253413463,-0.0019137058292226
2015-12-15,0.0139954682591059,-0.0029980812869295,-0.0010038238550322,0.0053368660316605
2015-12-16,0.0125831920700547,-0.0016393010814258,-0.0173887114989156,-0.000355327564138
2015-12-17,-0.0097276718420638,0.0033187392214277,-0.0054400625724385,-0.0009495681977533
2015-12-18,-0.0142563261229223,0.0027374109657649,0.0056095251776791,0.0001286283441608
2015-12-21,0.0062413733232914,0.0001767338562645,0.0040633460761936,-0.0028820658904719
2015-12-22,0.0073414336911708,-0.0026509714542416,-0.0051937012742574,0.0004468439283553
2015-12-23,0.0109777742923966,-0.0014074791645971,0.0234873802906152,0.003716422108703
2015-12-24,-0.000445105715413,0.0008422381225249,0.0084543968028544,0.0010048091474379
2015-12-25,-0.0003058325358851,1.4026322857902614e-05,,0.0008796140601321
2015-12-28,-0.001263340079959,0.0016896945963741,-0.0014038720270302,-0.0026470741450722
2015-12-29,0.0112111133730297,-0.0032221525028942,0.0232073424613047,0.0019346703511506
2015-12-30,-0.0070270354638148,-0.0002534146623843,-0.0249693120786157,0.0008305647635406
2015-12-31,-0.0074484771146227,0.0012691651127604,0.0139396239499526,0.0026768039468907
2016-01-01,-9.13473423980258e-06,,,0.0025298272847324
2016-01-04,-0.0176126516239894,0.0021880092201578,-0.0059598681469293,-0.0013013253979705
2016-01-05,0.0013860104902733,0.0008242378822988,-0.0071682760548477,-0.0009836748737585
2016-01-06,-0.0122017805934628,0.0036595557302932,-0.0277860464616775,-0.0043935173368263
2016-01-07,-0.0252132600459027,0.0003316680134574,-0.0002658698237123,-0.0009263012610058
2016-01-08,-0.0099855972946617,0.0019115574382265,-3.271568065533136e-05,-0.0057167903449264
2016-01-11,-0.0003190336346651,-0.0006481662254217,-0.0310307449792413,-0.0012843697350964
2016-01-12,0.0037465674891956,0.0019071696540363,-0.0192643065683739,-0.0035245688619994
2016-01-13,-0.012824836843186,0.0017558367430593,-0.0018975912860711,-0.0004248404118841
2016-01-14,0.0085765153764547,-0.0010876823712213,-0.0007888980080552,-0.0005516769647396
2016-01-15,-0.0208174980863968,0.0038185353579903,-0.028292850536082,-0.0067315755929207
2016-01-18,-0.0019112087256323,-0.0001525292296154,-0.0024728088503965,-0.0005255993024496
2016-01-19,0.0032723128093632,-0.000600553442596,-0.0029452777224464,-0.0007551278610763
2016-01-20,-0.0165941123328881,0.0026099214180731,-0.019670492339172,-0.0052575607393894
2016-01-21,0.0051924206627145,-0.0005510842790102,0.0219083802655101,0.0061667953565607
2016-01-22,0.0241195637251061,-0.0018570502447636,0.0415490533007674,-0.0008755161899653
2016-01-25,-0.010886785978834,0.0010629207664828,-0.0202635095962454,-0.0024698591933958
2016-01-26,0.0096194645648142,0.0018157662135386,0.0187131637598758,0.0036285759198127
2016-01-27,-0.005012456998567,0.000264916985779,0.0159218320485443,0.0019611852532448
2016-01-28,-0.0002350469308525,0.0009933808632489,0.0108970921325452,0.0016261960759418
2016-01-29,0.0249116434706327,0.0050108985999683,0.0204818859398097,-0.0004220547821304
2016-02-01,0.0002187891911868,-0.0021238857635855,-0.0308874506514287,0.0025844404106971
2016-02-02,-0.0169312152849544,0.0044295314261738,-0.0293586421079274,-0.0033787556913055
2016-02-03,-0.0009876005612069,0.0007876540267659,0.0286734892117998,-0.0020659050312053
2016-02-04,0.0008531799437578,0.0002241678301179,-0.0067522465435516,0.0016662500849093
2016-02-05,-0.0142774899427493,0.0009194846488247,-0.0053631946913922,-0.0044469056864177
2016-02-08,-0.0137463989437314,0.0042392050526731,-0.0086741566401929,-0.0080366225558853
2016-02-09,-0.008990664899631,0.001347263636228,-0.0338007605692499,-0.0058932293683778
2016-02-10,-0.0001612317353283,0.0004824538642744,-0.0021408421612128,0.0059545857809947
2016-02-11,-0.0145922985967071,0.0031453347173454,-0.0097996148281615,-0.0077985980412027
2016-02-12,0.0140932671371048,-0.0061364074306636,0.0431312599204382,0.0070657722003238
2016-02-15,0.0110300939238073,0.0001142389347828,0.0016828774375533,-0.0004609063892779
2016-02-16,0.0120929421781349,-0.0004883208473018,-0.0185319133769503,0.0004660849406427
2016-02-17,0.0167378011718052,-0.0022957326966757,0.0318049894095589,0.0021255872054394
2016-02-18,0.0003906850460571,0.0033424328886152,-0.0090208078846102,-0.0001088161295972
2016-02-19,-0.0033727414325429,0.0005036718102822,-0.0198568118210076,-0.0042259750447284
2016-02-22,0.0120080087502345,0.0001491381732295,0.0215451251059242,0.0026229646385217
2016-02-23,-0.0101371801886008,0.0002635739253073,-0.0218268433800722,-0.0001759857776271
2016-02-24,-0.000516623156702,0.0015442792244649,0.0105674638880897,0.0033282792498197
2016-02-25,0.0123061065304957,0.0019600497835591,0.0036692032964597,0.0033319474143685
2016-02-26,0.001255452074583,-0.0027968095006914,-0.0002629901710312,0.0030084833250531
2016-02-29,-0.0056157298596344,0.0017906029383882,0.0044829670226699,0.0008515412920764
2016-03-01,0.0215140670581672,-0.0042303666808844,0.0055471751918629,0.0079908692921303
2016-03-02,0.0059611056267229,-0.0024516133027431,0.0002992167673548,0.0038310999112803
2016-03-03,0.0035944568063245,0.0005060374856596,0.0011334400257248,0.0014658239336295
2016-03-04,0.0035103368629787,-0.0022592283456257,0.0238918191936335,-0.0011880278686126
2016-03-07,0.0013660031545707,-8.99902339066359e-05,0.0227734714657379,-0.0023968884958114
2016-03-08,-0.0083868344475127,0.0041971077608246,-0.0117527999257141,-0.0045321291767601
2016-03-09,0.0034248104087214,-0.0040139857900044,0.0216208712271558,0.0057738874544925
2016-03-10,-0.0017916308265824,-0.0027865805139621,-0.0042250519965655,-0.0012667976325832
2016-03-11,0.0164862861916118,-0.0007191040135082,0.0110705259905961,0.0028346884728177
2016-03-14,0.0015237696960989,0.0008381106114006,-0.0116781469399495,-0.0019725245571522
2016-03-15,-0.0034166226524805,-0.0010433656863959,-0.0074227069838954,-0.0011866936551514
2016-03-16,0.0035127522498352,0.0028272104015805,0.0194447885160449,0.0052829745084719
2016-03-17,0.0042897135739962,0.0024201785300848,0.0236347977123257,0.001109806257965
2016-03-18,0.0016540587160357,0.0018423052751212,-0.0073303067786225,0.0033946410554044
2016-03-21,0.0015613893298357,-0.001536491199065,-0.0032394434192878,0.0056873908240281
2016-03-22,0.0014563576245127,-0.0007055204937009,0.0069464188430333,-0.0035191407132201
2016-03-23,-0.0052049592765074,0.0023213253224566,-0.0256525502073886,-0.0031349039120794
2016-03-24,-0.0037829405091819,-0.0002478939368803,-0.0021641192922064,-0.0020593501861487
2016-03-25,0.0005121517179508,6.201321491795824e-05,,-0.0001529331978419
2016-03-28,0.0002368372107579,0.0007691849376328,0.002449760055445,-0.0027109120819843
2016-03-29,0.0072839706744654,0.0032937209521938,-0.0065135376380692,0.0071456466116322
2016-03-30,0.005302422029392,-8.704935485799317e-05,0.0001488069273646,0.0050769148361561
2016-03-31,-0.003543361729893,0.0008673005184078,-0.0015663119154339,-0.0015291479558589
2016-04-01,-0.0005786577281374,-0.0001194816605323,-0.0181474801861998,-0.0009022033497679
2016-04-04,-0.0027054587486486,0.0011372560523133,-0.0109975119286135,0.0010539010108232
2016-04-05,-0.0112919178210253,0.0017659145379289,-0.006671349516404,-0.005023445966595
2016-04-06,0.0090503245204715,-0.0010229177770719,0.0171658586964567,-1.8227584369014946e-09
2016-04-07,-0.0100988874907233,0.00203807297946,-0.0003494746750192,-0.0002745364102675
2016-04-08,0.0052369337092926,-0.0004770307325011,0.0311542016978027,-0.0001535275202111
2016-04-11,-0.0018578557013528,-0.0004426645434182,0.0025925303949307,-0.000168207853039
2016-04-12,0.0095475108015667,-0.0027469060144845,0.0281074768732395,-0.0024926393785211
2016-04-13,0.0143100093820585,0.0008915611635823,0.0028322483436161,-0.0010903640162026
2016-04-14,0.003399841393394,-0.0015695147512533,-0.0093929084940167,0.0009934539928748
2016-04-15,-0.0013164934603636,0.0018192009347576,-0.0125201038670456,-0.0026342283852981
2016-04-18,0.0029525792575629,-0.0010967729655802,0.0033059396361941,0.0024047185835443
2016-04-19,0.007641870926883,-0.0010857270015105,0.0303355868466842,0.0032914272269131
2016-04-20,0.002714009160743,-0.0015658009396878,0.0214272159432098,0.0005366434283273
2016-04-21,-0.0029753298246318,-0.0024481393812084,-0.0074315162759535,-0.0005655645021304
2016-04-22,1.1607810987102737e-05,-0.00067722405898,0.0027028407606876,0.0033879551021139
2016-04-25,-0.0027307466808427,-0.0016860664291544,-0.0107407536734236,0.0016418064839295
2016-04-26,0.0016058217377022,-0.0010746791637164,0.0136706624467906,-0.0010669390507232
2016-04-27,0.0011556477714301,0.0022408563306852,0.0093705126486363,2.0653439048328442e-07
2016-04-28,-0.0084136611845712,0.0016423448181821,0.0038717156802304,0.0046000391111713
2016-04-29,-0.0080820321228353,-0.0001778810806123,0.0087447428909889,-0.0014313593654812
2016-05-02,0.0037038977886611,-0.0009131778038614,-0.0198959910370053,-0.0057149027252971
2016-05-03,-0.0085743626159892,0.0037256405736744,-0.0129718426827818,-0.0037326072125122
2016-05-04,-0.0063424243892571,0.0006722655490312,0.0006608083110813,0.0009508193542656
2016-05-05,-0.0007988737702669,0.0017501350136518,-0.0047055083305637,-0.001312179560217
2016-05-06,0.0027236895714975,0.0001024651306476,0.0076034448982635,-0.0012910056478736
2016-05-09,0.0019420805868999,0.0012257668460796,-0.0215870228349686,-0.0031947747774514
2016-05-10,0.0113573408674527,0.0003120106504954,0.0255172306274171,0.0043815155401854
2016-05-11,-0.0070800172261636,0.0007024480567361,0.022605635535354,0.0018491172598267
2016-05-12,-0.000626905696317,-0.0016871615973623,0.001230529036681,-0.002925667910226
2016-05-13,-0.0054811978646444,0.0021509126178814,-0.0050071214945928,0.0011069428856495
2016-05-16,0.0077702686628158,-0.0020942862741272,0.0089363242172387,0.0029601572501861
2016-05-17,-0.0058474277625872,-2.2042640644171708e-05,0.007639459357936,0.0012562171772383
2016-05-18,-0.0004446067201538,-0.0049559074340747,-0.0054337159758165,-0.0008058289104632
2016-05-19,-0.0030668040107706,0.0006621764488264,-0.0034515444099856,-0.0040023549446352
2016-05-20,0.007323968584184,0.0005182121534923,0.002773881254018,-0.0008819265214157
2016-05-23,-0.002403120565018,2.7324504982547807e-05,-0.0062936228547646,-0.0002849899924453
2016-05-24,0.012683174619498,-0.00039062330279,-0.0004390991093583,0.002593451544328
2016-05-25,0.0079671593591512,0.0002035128723846,0.0131478207587586,0.0019557693951071
2016-05-26,0.0018104236717042,0.0023436342037816,-0.0007948560327321,0.0021159753240974
2016-05-27,0.0032686856887252,-0.000543385979847,0.0015419506810033,-0.00050887860135
2016-05-30,0.0013781806097927,-0.0002816625222602,0.0016798868338931,0.0002536398034431
2016-05-31,-0.0017930337156518,0.0002089748451458,0.004097139691423,-0.0019854141663828
2016-06-01,-0.0012812745422701,2.31197247766353e-06,0.0074828183671172,-0.0062110005558737
2016-06-02,0.000831318155798,0.0016197851306148,0.0087517025297551,-0.0005122986561171
2016-06-03,-0.0027448428008418,0.0054179755102684,3.2137671758966386e-05,-0.0029527654444105
2016-06-06,0.0044614090509355,-0.0006620513365124,0.0149721988591499,0.0035979372384188
2016-06-07,0.0031917889615309,0.0010261856590182,0.0082048849499473,0.0015724264352509
2016-06-08,0.0020132488989247,-0.0001093523109705,0.0162823760655598,2.1262618022650716e-05
2016-06-09,-0.0040257105556487,0.0014321277850836,0.0026524077847134,-0.0017613255545785
2016-06-10,-0.0109643065714663,0.0023546766847061,-0.0165157145774889,-0.0028342634137292
2016-06-13,-0.0112796411637245,0.0005429260647365,0.0001355150728777,-0.0036795182718825
2016-06-14,-0.0066317155256401,0.0004721904614907,-0.0047533843502479,-0.0024779527021723
2016-06-15,0.0015903936251906,0.0017222331504157,-0.0062965955444898,-0.0013137065225091
2016-06-16,-0.0014067802379411,0.0007439182258058,-0.0204750963638365,-0.0007217044647284
2016-06-17,-0.0008050999425992,-0.0027031925778236,0.0228231792074654,0.0005124848832171
2016-06-20,0.0133743504843575,-0.0021487884507553,0.019208727378877,0.0008423623959664
2016-06-21,0.004538092737502,-0.001071657183525,-0.0053086979253561,0.000140454153432
2016-06-22,-0.0006708414530147,9.168606938377775e-06,-0.0096535288746456,0.0025788333676677
2016-06-23,0.0128806557522701,-0.0024936830470156,0.0085642513982318,0.0045158241165276
2016-06-24,-0.0451684437285015,0.0089701057980569,-0.0266793787171947,-0.006165614654773
2016-06-27,-0.0162814009058277,0.0050748806691218,-0.0080371100640469,-0.0072806446700292
2016-06-28,0.0196623425503869,0.001405049896857,0.0261891751614802,-6.538479229723453e-05
2016-06-29,0.0198479009141527,-0.0003336370809587,0.0172190975284088,0.0030668124263047
2016-06-30,0.0108699641950541,0.0004264979068715,-0.0081958056666545,0.0035212234154721
2016-07-01,0.0043245174388102,0.0018757944315934,0.0084193174160584,0.0009581392650722
2016-07-04,-0.0002490744620629,5.53622808800471e-06,-0.000736429636105,0.0002204010899226
2016-07-05,-0.0075585366441534,0.0038747769227605,-0.0365570244411898,-0.0051035374405706
2016-07-06,-0.0004669639192606,-0.0002613495400518,0.0045102569394673,0.0048517545420568
2016-07-07,0.0008490930842536,-3.840730559124598e-05,-0.0251211472199336,-0.0002435368923665
2016-07-08,0.0118133232510444,0.001345110053356,0.0083320853980967,3.85416841073602e-05
2016-07-11,0.009413546250487,-0.0028287551967871,-0.0092142640920817,0.0005748830274859
2016-07-12,0.0091495902536709,-0.0034874968220147,0.0231745625363122,0.0036586756520421
2016-07-13,0.0005731900038109,0.0020678274046701,-0.0157515330241463,-0.001602791128843
2016-07-14,0.0058500824279314,-0.0027304349744836,0.0076539194478551,0.0020284804335348
2016-07-15,-0.001226733562516,-0.0034450394389429,-0.0009549321186425,0.0012822866832618
2016-07-18,0.0029428061798574,0.0008932146661201,-0.0068829152109328,0.0007729607976753
2016-07-19,-0.000855766276595,0.0011137605973755,-0.0075846970084416,-0.0036488415456432
2016-07-20,0.0048292247401104,-0.0010098034634464,-0.0044926505712594,0.0004207679004762
2016-07-21,-0.0024122858427796,0.000650172000021,-0.0061575831399022,-0.0022049537709836
2016-07-22,0.0024369555117479,-3.904163944818703e-05,-0.0027977072995323,-0.0012308656168185
2016-07-25,-0.001864659827037,0.0002969918981345,-0.0120509622737929,-0.0017636697732757
2016-07-26,4.103031410006942e-05,6.148699621024037e-05,-0.00313672625059,0.0002953767795847
2016-07-27,0.0015191268192256,0.003647090556612,-0.0120319524851245,-0.001153959063263
2016-07-28,-0.0010817363882119,0.0001724720171524,0.0044580648924399,0.0029374933566888
2016-07-29,0.0023673869100947,0.0008579796154791,0.0082924180276313,-0.0020571981198413
2016-08-01,-0.0017879706648082,-0.0019505824179042,-0.0242068674231385,-0.0032019854305164
2016-08-02,-0.0082179910822997,-0.0035079913659129,-0.0055809065551989,-0.0031738878682366
2016-08-03,-0.0002491199311066,0.0002163836011962,0.0183437912383545,0.00187359939467
2016-08-04,0.0031780919840313,0.0031024397965472,0.0091395072217577,0.0023424446542134
2016-08-05,0.0084655527613574,-0.0029585075085753,-0.0012887955543945,0.0031472364595657
2016-08-08,0.0022726490656865,-0.0008192215089347,0.0094266671606219,0.0016297692778296
2016-08-09,0.0034668210992639,0.0023982002090457,-0.0100397822007424,-0.002011003165609
2016-08-10,-0.0018164281375409,0.0023815293375937,-0.0116837945489884,-0.0015560241739318
2016-08-11,0.0046831660033117,-0.0026283395087827,0.0179127990120978,0.0017827664223337
2016-08-12,0.0001292992208519,0.0017864668840961,0.0079025811026856,-0.0015715741682405
2016-08-15,0.0021935743063242,-0.0019272675643111,0.0170258091674792,0.0018770286492526
2016-08-16,-0.0055619173374155,-0.0017273461833077,0.0088163651568295,-0.0025986540960606
2016-08-17,-0.0003836967783265,0.0004739940827055,0.0047361087708132,0.00184695595584
2016-08-18,0.0010491279188551,0.0017427694223658,0.0154639493100917,0.0025615634397849
2016-08-19,-0.0016507814013356,-0.0024039402304631,-0.0060585084386021,-0.0003329400407427
2016-08-22,-0.000160560469543,0.001765322480347,-0.007566785203602,-0.0019906678921914
2016-08-23,0.002902765874574,0.0003223831236872,0.0100711270333212,0.0019370391792082
2016-08-24,-0.0031995773823417,-0.0003657355282882,-0.010634945024661,0.0008073714502152
2016-08-25,-0.00167078829635,-0.0005208104433883,0.0044551675328258,0.0010198998753266
2016-08-26,-0.0010682489801493,-0.002349484421567,0.0009892187383892,-0.0009510848815531
2016-08-29,0.0042226786865327,0.0021121704339312,-0.0092221937800011,-0.0017699515643142
2016-08-30,5.90697553995157e-05,3.054143278985948e-05,-0.0113541847361649,-0.0007351131171229
2016-08-31,-0.0024154466199363,-0.0005250836496271,-0.013965315768358,0.001153971242834
2016-09-01,-0.0010525908624608,-0.000596079489341,-0.0179617296197754,-0.0022178466691047
2016-09-02,0.0073313782739405,-0.0015903448709686,0.0133506702434671,0.0025211860951439
2016-09-05,0.0007339071273085,0.0006383519681204,0.0030234518683704,-0.0012508741229929
2016-09-06,0.0014244236998805,0.0033403671668291,-0.0021131821063979,0.0015733473264038
2016-09-07,0.000554376259032,0.0009264693750578,0.0083875351618109,0.0017831479647896
2016-09-08,-0.0026889236488722,-0.0044277211919767,0.0260203473551045,0.0031399337470992
2016-09-09,-0.0197433695259137,-0.0037850118111569,-0.0175800582801214,-0.0026312457000601
2016-09-12,0.0075620042474909,0.0001788065266562,0.0059270305210583,-0.0021664855332346
2016-09-13,-0.0110612453925008,-0.0023479127902302,-0.0158015501656427,0.0016591005844165
2016-09-14,-0.0034299702152072,0.0020916412459936,-0.0103090371853156,-3.796715514137759e-05
2016-09-15,0.0083132079676324,-8.752751267585631e-05,0.0088487935029184,0.0002638211096869
2016-09-16,-0.0030274199600642,0.000292912444617,-0.0022509859342165,0.0021673779713353
2016-09-19,0.0025825315583428,-8.684716191825024e-05,0.0032476615383166,-0.0002000562618882
2016-09-20,-0.0003824895135825,0.0016911110516545,0.0083722128677412,-0.0025708367298877
2016-09-21,0.0109392591341919,-0.0006788622612942,0.0105848477110683,0.0023243403202916
2016-09-22,0.0072564900302331,0.0032990238290947,0.0068015292135746,0.0013620716197153
2016-09-23,-0.0045672896386562,0.0009792588950893,-0.0189991584066811,0.0040957753846212
2016-09-26,-0.0096999803328107,0.0019166448862243,0.0119540487755563,-0.0027262197828883
2016-09-27,0.0043421223501397,0.001680356722688,-0.0133690568867353,-0.0030405799235452
2016-09-28,0.0046725879667673,0.0002096979722068,0.0194191320270775,0.0032504941203959
2016-09-29,-0.0028094137899129,-0.0002791812354025,0.005664545133243,0.0002145409933021
2016-09-30,0.0026513173389175,-0.0016695122955982,0.000716941072088,0.0032939783906724
2016-10-03,-0.0010478423609678,-0.0013957957907713,0.0058266423279022,0.0037447251815382
2016-10-04,-0.0001738215357012,-0.0023568211006222,0.0018917125557081,0.0013729110657223
2016-10-05,0.0024527269746929,-0.0029375435364998,0.0113080578705083,0.0013151420404598
2016-10-06,0.0012167179223121,-0.0014636748731088,0.003666537760062,0.0002190136014867
2016-10-07,-0.0043539006380423,-0.0003905146224461,0.0009245862170707,-0.0005536078186183
2016-10-10,0.0057932443446514,-0.0017213930773819,0.0155865332090133,-0.0001246690539381
2016-10-11,-0.0085164838463193,0.0002845891527668,-0.0083775962445802,0.0012205517198564
2016-10-12,-0.0022779018918352,-0.0010557943647032,-0.0074220408386352,-0.0001076317158052
2016-10-13,-0.0040539707138996,0.0023009367126883,0.0100611261867265,-0.0012594918955415
2016-10-14,0.0028574214301345,-0.0020448500880053,-0.0008737767875873,0.0035061951671577
2016-10-17,-0.0027839925960018,0.0007058531115761,-0.0018614789813766,0.0008473702815939
2016-10-18,0.0057953414835235,0.0011373422508062,0.0029102135262014,-2.0669885010662257e-05
2016-10-19,0.002867817482725,9.67560589109673e-05,0.0059568860328381,0.000952786052662
2016-10-20,0.0011637629247224,0.0006521541167196,-0.01170162830214,0.0002334640401241
2016-10-21,-0.0006691569237973,0.0002614564295994,0.0010761705850641,-0.0006200201899233
2016-10-24,0.003607823829011,-0.0009898930775106,-0.0018263182406496,-0.0003603371422727
2016-10-25,-0.0019384217405276,0.0002367510899361,-0.0088097964910121,0.0010218201958062
2016-10-26,-0.0026023260948893,-0.0025153234038568,-0.0091123622193251,0.003072271513435
2016-10-27,-0.0032640043949443,-0.0036402665300185,0.0089533149440398,0.0020591571706457
2016-10-28,0.0002942237235492,-0.0004560155099297,-0.0058006559958323,-0.0004382422282901
2016-10-31,-0.0022588152410889,0.0005557891750276,-0.0208583978923458,0.0014033895341042
2016-11-01,-0.0072059812382345,-0.0003447935380146,-0.0080948829196824,-0.0018384972074247
2016-11-02,-0.0078615189799334,0.0026385668876163,-0.0177362432463956,-0.0026519656250172
2016-11-03,-0.0036328289168628,-0.0006124548953739,-0.005694470185256,-0.0005053763364827
2016-11-04,-0.0040844159045553,0.0013504902702525,-0.0071491513755393,5.578316247506882e-05
2016-11-07,0.0214573201189922,-0.0020427132143821,0.0092608429922513,0.0045792867668352
2016-11-08,0.0029886574896907,-0.0018459447901491,-0.0052488528805947,0.0016166968563976
2016-11-09,0.0062284305469844,-0.0056432838771788,0.0030766019153729,0.0106231647616918
2016-11-10,0.0069638341566065,-0.0057496230138425,-0.0049205295099039,0.0066586944558652
2016-11-11,-0.0035477756740384,-0.0031768187627794,-0.0141834804289198,0.0012311621537022
2016-11-14,0.0011648241966436,-0.0040686043838321,0.0006286045443278,-0.0048478547090712
2016-11-15,0.0071637773305977,0.0004311401498672,0.0201538003064264,0.0021562637868273
2016-11-16,-0.0021967908547121,-0.0009609998333152,-0.002190619126658,-0.0013736916494552
2016-11-17,0.0049002079011507,-0.0010884749972254,-0.0012673579735753,0.0037038510512216
2016-11-18,-0.0011046992885911,-0.0032383385297833,0.0082228873084816,0.0018011634435955
2016-11-21,0.0046387975244289,0.0005197493543314,0.0306251502286602,-1.7212322315142956e-05
2016-11-22,0.0035627385741348,0.0014067748951492,0.002621497267945,-0.0008390830169417
2016-11-23,0.0001576158151961,-0.0028128901776603,0.0035015487228917,0.0007697503860548
2016-11-24,0.0014764934803563,0.0001980595779866,0.0009310928933578,-0.000616291928999
2016-11-25,0.0036816811484293,-0.0002629976123679,-0.0113142890642704,-0.0026701382091742
2016-11-28,-0.0054636135908626,0.002891820285703,0.0171561260216344,0.0003027268633644
2016-11-29,0.0012954545104029,0.0009061071040486,-0.0236530070649464,-0.0050887203296695
2016-11-30,-0.0001488477309873,-0.0029714390716713,0.0391344645845639,0.0089219350818811
2016-12-01,-0.0032365634873633,-0.0038368515627497,0.021862526819993,0.0031437670447616
2016-12-02,-0.0008317971550944,0.0036211625173716,0.0012886750946772,-0.006598076032799
2016-12-05,0.0050377611364729,-0.0008152105646188,0.0163748995083573,0.0029262072264775
2016-12-06,0.0044383510074861,-0.000568325246461,-0.0060782275405569,0.0006600211615365
2016-12-07,0.0114316849546651,0.0027766836756738,-0.0090380571256613,-0.0014685608015506
2016-12-08,0.0066290119546094,-0.0023244900842909,0.0062454852161519,0.0023859491117223
2016-12-09,0.0058339525435981,-0.0022262334653573,0.0091195344271845,0.0006068572117462
2016-12-12,-0.0013631593842972,-0.0012354761268594,0.0017479237898406,7.896212362509686e-06
2016-12-13,0.0079112575065466,0.0010103342017245,-0.0019531706783217,-0.0002089045048096
2016-12-14,-0.0060031429931524,-0.0004198229546715,-0.0067271042213872,-0.0022651753974747
2016-12-15,0.0038329339471667,-0.0039813294556172,-0.0081668175414075,-0.0059580619732783
2016-12-16,-0.0005812096888365,-0.0001901165486754,0.0079272649928779,-0.0027289684159248
2016-12-19,0.0017441978836553,0.0031582998420424,-0.0047481862441384,0.0004380326190456
2016-12-20,0.0033765937491632,-0.0005812928060363,-0.0049993671459024,0.0035240598188228
2016-12-21,-0.0022958709355886,0.001475204382495,0.0074806768912966,0.0011765787061082
2016-12-22,-0.0006734727937852,-0.0003409464314776,0.0007205251021852,0.0019567038098411
2016-12-23,0.0004844912543206,0.0010857146085319,0.0026331927422622,0.0038575756992536
2016-12-26,-0.0001465451594786,-9.6374015628266e-05,,0.0004338234131943
2016-12-27,0.000826761446159,-0.0002491797910092,0.01716217093904,0.0017057827120179
2016-12-28,-0.0040771932113158,0.0021494236723727,0.0053690886872983,-0.0014881878872862
2016-12-29,-0.0013340978915449,0.0026723114670888,-0.0042022347855444,-0.0030073808817572
2016-12-30,-0.0026362422009472,0.0008881792630017,-0.0032108826369918,0.0007286382287626
2017-01-02,0.0007745320802162,0.0006640888513581,,0.0017322961215291
2017-01-03,0.0063801084753454,-0.0029938769040561,-0.0280820666519277,0.0016682375033214
2017-01-04,0.0058031671192679,-0.0003340775625037,0.0102028041408421,0.0007472232551566
2017-01-05,8.511494403797512e-05,0.0032336256939046,0.0040339396971883,-0.0025062122533254
2017-01-06,0.0021886609373894,-0.0024781630099399,0.0004098507049502,-0.0003701570814827
2017-01-09,-0.0021978084676431,0.0017904395296929,-0.0208660396453399,-0.0014478187347977
2017-01-10,-0.0003911604572598,0.000214327409564,0.0036748811629525,0.0007398213830234
2017-01-11,0.0027505051148631,0.0007420078739945,0.0068619569758108,0.002929436196286
2017-01-12,-0.0041532464170186,0.001076943982503,0.0182343396635227,-0.0018500106362982
2017-01-13,0.005074362708819,-0.0014431430461472,-0.0012321842524794,-0.0002228876050843
2017-01-16,-0.0019352702214018,0.0001626681789399,-0.0001857353434924,-0.0003917307614374
2017-01-17,-0.0053546921961325,0.0024805644575419,0.003532489698175,-0.0008103906084347
2017-01-18,0.0017359296248365,-0.0027841087127054,-0.0145432055882899,0.0012892013418297
2017-01-19,-0.0010201295077964,-0.0036507661876911,0.0013703434156294,0.0017489851808942
2017-01-20,0.0020029730459332,-0.000524697291763,0.0030541582303536,0.000899822280178
2017-01-23,-0.0035550155642821,0.0034359873713525,0.000546750171688,-0.0041376576666689
2017-01-24,0.0045623299359585,-0.0024781240007781,0.0044174641815413,0.0019306707389706
2017-01-25,0.0088639851461171,-0.0038008359419648,-0.0031984838064334,0.0020757459294025
2017-01-26,0.0014507364859917,-0.0011415820704757,0.0067032521535877,0.0014585304780184
2017-01-27,-0.0021062325200538,0.0015901238407906,-0.0076867000296928,0.0001959170838899
2017-01-30,-0.0068667843514034,-7.622057745750186e-05,-0.0130342730133337,-0.0019766762400527
2017-01-31,-0.0026599034859205,0.0012788956695066,0.0014918452718767,-0.0015681303195076
2017-02-01,0.0017560419915287,-0.0017089353658878,0.0147108172945743,0.0063107542666778
2017-02-02,-0.0004221511639,0.0014907378019804,-0.0020453571499837,-0.0017672932474878
2017-02-03,0.0060104248029685,-0.0005631348462737,-0.0062336393351435,0.0006466472079883
2017-02-06,-0.0028403631634881,0.0021654007097658,-0.0054742716385174,-0.0033979909534675
2017-02-07,0.000646921305365,0.0015514941443528,-0.0016603963341453,-0.0024212423491732
2017-02-08,0.0012409879473739,0.0028045819922214,0.0054116477796764,-0.0036075620012839
2017-02-09,0.00592758395338,-0.0009776787160317,0.0032661725933473,0.003792411834263
2017-02-10,0.0048671585520863,-0.0018053651242414,0.0073396756426832,0.0009934191773028
2017-02-13,0.0060022881683458,-0.0007865852722436,-0.013949039496987,-0.0002807752421209
2017-02-14,0.0025019399887224,-0.0018559452506802,0.0011105939219541,-0.0008477613090265
2017-02-15,0.0057933859171625,-0.0012715494944429,0.0027184970992836,0.0031647603791109
2017-02-16,-0.0023921062602923,0.0031921300773157,-0.0069710519242463,-0.0002263942776942
2017-02-17,0.0002709427578446,0.0012822597682961,-0.0028139434371849,-0.0024311776426582
2017-02-20,0.0005600579032438,3.602944869855229e-05,0.0031754823265318,-0.0005819799742521
2017-02-21,0.0048356704857111,-0.0006741760959895,-0.0121174141586454,0.0004593846500317
2017-02-22,0.0004869632213624,0.0011316996364123,-0.005471193008189,-0.0010059361669603
2017-02-23,-2.706736985228153e-05,0.0021962011426714,0.0056372299919087,0.0012442928382219
2017-02-24,-0.0016653301821918,0.0041747984507558,-0.0011265241783522,-0.0031349331831341
2017-02-27,0.0005824046053551,-0.0013872466347941,-0.0062220006471312,0.0002749411107765
2017-02-28,-0.0015954439904285,0.0002701204480241,0.0072889462367814,0.0001358749552489
2017-03-01,0.0132651586513649,-0.0048116921447347,0.0044332012425342,0.0042158272316459
2017-03-02,-0.0020470729896553,-0.0009211782158078,-0.01526046301843,-0.0006364756095254
2017-03-03,-0.0004957922045519,0.000143166227221,0.0055568906859131,0.0009197715764889
2017-03-06,-0.0024618342865677,-8.945918388772304e-05,0.0024732343775412,0.0004325524885554
2017-03-07,-0.0028199587483933,-0.0004668548477915,-0.0074293736418276,-0.0011973768726003
2017-03-08,-0.0009203672995359,-0.0027093912188609,-0.0166830246312624,-0.0011281478041505
2017-03-09,0.0011156411150629,-0.0020934056521297,-0.0096170173534856,-6.735572908548055e-05
2017-03-10,0.0031932785835843,-0.0004141053103589,-0.0053737012250799,0.002411445879318
2017-03-13,0.0015771414475386,-0.0009282592623169,0.0007360715066772,0.0012057221000164
2017-03-14,-0.0036192683337181,0.0007229042808279,-0.0110830792818535,-0.0024496500292088
2017-03-15,0.0058252395514127,0.0044572062936663,0.0113770474730353,0.0010184322889263
2017-03-16,0.0010833144911922,-0.0008398338424063,-0.0016316120717778,0.0023099897466557
2017-03-17,-0.0010905518733457,0.0005326560285848,0.0037324607410293,-0.0007785621392592
2017-03-20,-0.001807781346495,0.0010355837388725,0.0024159951952387,-0.0010278790428033
2017-03-21,-0.0096239318852805,0.0015301920047698,-0.0029669535316405,-0.0015832552434932
2017-03-22,-0.0023007403902499,0.002560124463299,-0.0064728921442155,-0.0008678047507588
2017-03-23,0.0010101279996311,-0.0005750814497617,0.0002868454619983,-6.883450278249802e-05
2017-03-24,0.0021054434963956,0.0010237796973501,0.0010284434316126,2.742580642568646e-05
2017-03-27,-0.0035164697878516,0.0012072206306819,-0.0031488726887177,0.0027772237402676
2017-03-28,0.0064416094674848,-0.0007705214647783,0.0094416584419652,-0.0006472301903667
2017-03-29,0.0032373350281428,0.0015028754922712,0.0119142569639885,-4.630885503266472e-05
2017-03-30,0.0021176039427935,-0.0008014884563634,0.0025195290162787,-0.000298422226123
2017-03-31,-0.0019628327140127,0.0003957836757616,0.0009809490281824,0.0009272812746917
2017-04-03,-0.001462198173555,0.0024572402679453,-0.0085039275287959,-0.0018858228582981
2017-04-04,-0.0001253555488781,0.0011373349823699,0.0150949922352077,0.0008014775809699
2017-04-05,-0.0027872101113037,-0.0001473866886391,0.002670126320728,-2.493613012129208e-05
2017-04-06,0.0017251553206709,0.0004669608630075,0.00544980111132,-0.001288887673235
2017-04-07,0.0001814102950889,-0.0004094780622824,0.0010507675266676,-0.0007444596778981
2017-04-10,0.0005274878066847,-0.0002438117188794,0.004651630343695,-0.0008801015902039
2017-04-11,-0.0010445658155147,0.0027532206807335,-0.0017303253066496,-0.0022081990514606
2017-04-12,-0.0036845642824,0.0003679171284741,-0.0001528008709891,0.0002143020270764
2017-04-13,-0.0056234035591595,0.002803515206882,0.0041585720826721,0.0013613794707172
2017-04-14,-0.0002874939423139,0.0001810858263185,,0.0001628833368526
2017-04-17,0.0054693474663902,-0.0006084957043064,-0.0062618609507579,-0.001347267455235
2017-04-18,-0.0047183349282649,0.0026559238188839,-0.0074649708286516,-0.0052228281554
2017-04-19,-0.001252543736844,-0.0010067621611224,-0.0130437764834185,0.0014216138635411
2017-04-20,0.0067268038274732,-0.0014228957579703,-0.0035166658134541,-0.0011124902785972
2017-04-21,-0.0006106472192231,0.0003524166247858,-0.0118839248781883,-0.0013692327251044
2017-04-24,0.0133964861690605,-0.0007006249655055,-0.0045084932981249,0.0032725940370216
2017-04-25,0.0058677366907915,-0.002181405911091,0.0042425053643556,0.002640536840613
2017-04-26,7.741237447088995e-05,0.0004364143693028,0.0027621482852796,0.0015181287069908
2017-04-27,0.0001084456530703,0.0014040038770126,-0.0081192092454184,-0.0007810006701971
2017-04-28,-0.0018147943535327,0.0002093270187363,0.0063852975759765,-0.0004370767179201
2017-05-01,0.0022999329547095,-0.0010913296515799,-0.004199690792633,-0.0015018883026699
2017-05-02,0.0013717196220781,0.0008236956367264,-0.0076211321043528,-0.0027120884779069
2017-05-03,-0.0009588464555434,-0.0003851827591692,0.0020089546895216,-0.0031765144034609
2017-05-04,0.0019787340770797,-0.0018648053292769,-0.0248247498203669,-0.001436630722588
2017-05-05,0.0054226060248228,0.0001682275718524,0.0110424291024267,0.0009058942451078
2017-05-08,0.0005355463530874,-0.0012770990164095,-0.0046398469305174,-0.0023446509682941
2017-05-09,0.0003470734820749,-0.0017464050148943,-0.0023605845340612,0.0015973026209785
2017-05-10,0.0009465280148903,0.0003125789599177,0.0160205446062061,-0.0007507348835932
2017-05-11,-0.0015818564686592,-4.198644871056882e-05,0.0085748660509647,0.0028514783356715
2017-05-12,-0.0002741777677746,0.0033648418310399,0.0030223990889607,-0.0047625838910331
2017-05-15,0.0036071096256784,-0.0006235144806542,0.0043094814012029,-0.0001688132198461
2017-05-16,2.2390862581552363e-05,0.0006417562767859,-0.0053150798836416,-0.0031462526976669
2017-05-17,-0.0147816073430912,0.0047676721207398,0.0049869586523837,-0.0013970195916719
2017-05-18,-0.0001967269452522,-4.94664751357502e-05,-0.0029373501407081,-0.0028380551294554
2017-05-19,0.0069198130370228,-0.0004100690284451,0.0180413071890624,0.0069482518206266
2017-05-22,0.0041245126870706,-0.0006481775160647,0.0079720194089373,-0.0015711393416393
2017-05-23,0.0018777072541513,-0.0008070755632914,-0.0060101448342386,0.0010771602707584
2017-05-24,0.0011647288786014,0.0004706955626869,-0.0027776930823894,-0.0011222468240147
2017-05-25,0.0036129955882515,0.0013247041773652,-0.0183323159018584,-0.0020995422667673
2017-05-26,-0.0002635649606509,0.0010401406079723,0.0055414627685159,0.0007420305949506
2017-05-29,7.195766056834817e-05,-0.0003136550957983,-0.0029402422729763,-0.0001119167092555
2017-05-30,-0.0017949371397712,0.0015058073965442,-0.0100128031918584,0.00097994212117
2017-05-31,6.319122939635159e-05,0.0003445734278514,-0.014423276345904,0.0009140508832067
2017-06-01,0.0068950390780758,-0.0007914320566109,-0.0047421507273765,-0.0031724942322231
2017-06-02,0.0039894193051027,0.0020675557548313,-0.0062574009827298,-0.0020297795505627
2017-06-05,-0.0016007786095321,-0.0007831486066361,-0.0061392319313897,-0.0013789354969395
2017-06-06,-0.0029449904198307,0.0021373510109914,0.0076763877423641,-0.0012485268527204
2017-06-07,-0.0002866011068398,-0.0012166305188455,-0.0168168758978308,-0.0008997761374731
2017-06-08,0.0004233389340383,-0.0002031160661761,0.0016751236998241,0.0011759456753517
2017-06-09,0.0008667837352827,0.0006038499680689,0.0044209936314089,0.000844441283335
2017-06-12,-0.0023938078453861,0.0002939486398354,-0.0050852225675364,-0.0020017587409567
2017-06-13,0.0042386740510339,-0.0003283143764436,-0.0002901050616481,-0.0009394522686252
2017-06-14,-0.0011673331899746,0.0032474627584833,-0.0175495197327573,-0.0027555221657962
2017-06-15,-0.0028333400652024,-0.0021378579022891,0.0053520373525006,-0.0054734136315557
2017-06-16,0.0014791804233029,0.0003189761893782,0.0046673452896866,-0.0005012956646453
2017-06-19,0.0070755504199331,-0.0010161957751559,-0.0118454702815898,0.0007671650643302
2017-06-20,-0.0035474806288442,0.0017536473539279,-0.0101119666938847,-0.0013775133349867
2017-06-21,-0.0024665027440976,-0.0001795152893222,-0.0107495683034678,0.0005951041603504
2017-06-22,-5.800627002328154e-05,0.0001651679340338,-0.0005132815070191,0.0018249523319001
2017-06-23,0.0007368257558229,0.0002406921489419,0.0054979739236247,0.0025165953706284
2017-06-26,0.0014649889548561,0.0003729357116527,0.0080002203998221,0.0016484839619044
2017-06-27,-0.0054375811789496,-0.0039676683937797,0.011652126863233,0.0025362403593823
2017-06-28,0.0050945062812367,-0.0013369685975403,0.008024855129441,0.0021776797991382
2017-06-29,-0.0073903994988859,-0.0040517335716578,0.0041469706225802,0.0011906683993084
2017-06-30,-0.0022162695770724,-0.00220310597377,0.015325145445739,-0.0015959938371054
2017-07-03,0.003689410648126,-0.0017934623054239,0.0086100274153886,0.0006155782620081
2017-07-04,-0.0009389260592183,0.0010199568494275,-0.0009740273310503,-0.0001537186863513
2017-07-05,0.0014123398438579,-0.0005927426810714,-0.0196132787701264,-0.0002216858021329
2017-07-06,-0.0069154239411844,-0.0033468428024662,0.0054457471639254,0.0024980166235572
2017-07-07,0.0035766174618853,-0.0012103325839316,-0.0139708513689924,-0.0036871827980208
2017-07-10,0.0023383334368849,0.0017730697887056,0.0080337573113275,-0.0001958670851249
2017-07-11,-0.0004139612556835,1.840785818050926e-05,0.0127020588097109,3.697040739667136e-05
2017-07-12,0.0065556940454158,0.0025682981292703,-0.0022582842318433,0.0004395105384957
2017-07-13,0.0021597372416458,-0.0008614006777632,-0.001381613711315,0.0023896001613033
2017-07-14,0.0029361392569819,0.0010997139366108,0.0096734350558047,-0.0002941922057533
2017-07-17,0.0009518308510591,0.0009609755343106,-0.0020535527569416,0.0002310075737303
2017-07-18,-0.002511935702207,0.0023356778511734,0.0071644723816151,-0.0002086040406017
2017-07-19,0.0053484232254752,9.629202157651007e-05,0.0094178864107017,0.0006588350581869
2017-07-20,0.0005499117723349,0.0003963394044471,-0.0021746274473693,0.0002057230102639
2017-07-21,-0.0027677627416242,0.002102448043426,-0.0148532775644345,-0.0022782008136618
2017-07-24,-0.0016422048178761,-0.0005286800957849,-0.0033210342713135,4.029803714895388e-05
2017-07-25,0.0031012480690198,-0.0040317485417122,0.0145877832041627,0.0019938410373133
2017-07-26,0.0009823888257994,0.0018629209550356,0.0094068796852977,-0.0005682237901574
2017-07-27,-0.0002961731902692,1.0217550670415395e-05,0.0083364644851884,0.0012783287748208
2017-07-28,-0.0027324025262203,-7.16848284932548e-05,0.0055579881000127,0.0011285887410881
2017-07-31,-0.0006078936555947,-0.0003223944770118,-0.003512124435285,-0.0005320064366075
2017-08-01,0.002837628567652,0.0026633092637347,-0.0103488438477632,-0.0039312854786081
2017-08-02,0.000448679825815,-0.0003731847865603,0.0058707563712956,0.0004531364712855
2017-08-03,-5.010334127581459e-05,0.0020027828189261,-0.0062581469664908,-0.000151498253464
2017-08-04,0.0015732964372357,-0.0013492741481732,0.0009495517957365,0.0004747674023128
2017-08-07,0.0020129426961492,0.0006162394190561,0.0018905742570614,9.29437195401406e-05
2017-08-08,-0.0010507165392834,-0.00100949236404,0.0014217687025318,0.0039433039422472
2017-08-09,-0.0028379206748201,0.0023193627974913,0.006770009488546,-0.0013874494407075
2017-08-10,-0.0119949565770014,0.0012359569235262,-0.0070412268167398,0.0002635957680862
2017-08-11,-0.0014937867231503,0.0013857939869674,0.0011259823292726,-0.0033352966362632
2017-08-14,0.0088551002477338,-0.0011660158098423,-0.0115332268401311,-0.0035185853448576
2017-08-15,0.0010108481720986,-0.0019638926240054,-0.005879663980177,0.003430880148928
2017-08-16,0.0022479235636439,0.0014215803158944,-0.0056441016039358,-0.001706808041187
2017-08-17,-0.0119663473896818,0.0010170250114202,0.003882958180618,-0.0001593841375537
2017-08-18,-0.0032079544788036,0.0006656864586331,0.0114302143786013,-0.0006247052620431
2017-08-21,-0.0006692670287665,0.0004682149048507,-0.0055038378483561,-0.0005626888476109
2017-08-22,0.0089463628704547,-0.0017372791329917,0.0010145257285856,0.0007772584157344
2017-08-23,-0.0032508862785389,0.0018434861649643,0.0056494137617343,-0.000358349216933
2017-08-24,-9.151031618465804e-05,-0.0007558824792197,8.099748111969765e-05,-0.0008686997329342
2017-08-25,0.0006725871620699,0.0011102702689826,-0.0027849503091559,-1.141209935711231e-06
2017-08-28,-0.0005353225043348,0.0008929114015601,-0.0016509006167512,0.0001074315367696
2017-08-29,-0.001171518323518,0.0016438908034756,0.0021291233775937,-0.0017722877561326
2017-08-30,0.0040451075231396,-0.0010491828568653,-0.0051104337423707,0.0003376935204706
2017-08-31,0.0060786716616238,0.0007559374436156,0.0276253842745463,0.0021990628828772
2017-09-01,0.0019997439131041,-0.0016467905035907,0.0025469342463758,-0.0006146452813219
2017-09-04,-0.0037911682217509,0.000992280517805,-0.0024050512835766,-0.0001910875487456
2017-09-05,-0.0027288031644075,0.0031580242950452,0.0044237127049733,-0.0007881445427435
2017-09-06,0.0012664862283281,-0.001523180808856,0.0074406995667025,0.0004286919366562
2017-09-07,0.0012293099509416,0.0029218849574689,-0.0005450004693451,0.0005636856267887
2017-09-08,-0.0016195089988179,-0.0002513283187258,-0.0138869147838761,0.000954101098853
2017-09-11,0.0100872265047602,-0.0025894703526016,0.00390762429808,0.002647135380486
2017-09-12,0.004292208550247,-0.0032686937476788,0.0027310654477394,-0.0002678707434076
2017-09-13,0.0004670015528857,-0.0010729464774604,0.0094846229073496,0.0012617113376808
2017-09-14,-0.0004854296757113,-0.0010597156474404,0.0041316622110578,0.0012623269118587
2017-09-15,-1.1388019831756116e-05,-0.0009825926448157,0.0015340154850992,0.0001373045498087
2017-09-18,0.0027318612773197,-0.0010129949784535,0.0018485391183261,0.0009787911059059
2017-09-19,0.0021302190772537,-0.0006384688708612,-0.0045683590989156,0.0003069033415589
2017-09-20,0.0002039854092793,-0.0013609564203988,0.0092825324871194,2.47262956086488e-05
2017-09-21,-0.000319448143125,-0.00046725392464,-0.009453788002283,-0.0038015017946321
2017-09-22,-0.0002655551283916,0.0005731577153851,0.0020086457411645,0.0007969863230897
2017-09-25,-0.0004448516121831,0.0020125105873039,0.0104535088104242,0.0004080126652652
2017-09-26,-0.0011409715000069,-0.0005879154138532,-0.0059891640629556,-0.0002726750050167
2017-09-27,0.0042250665377303,-0.0035745740601092,0.0020221743666055,0.0025345587556609
2017-09-28,0.0013059730630848,-1.2113803032936668e-05,-0.0052660854942388,6.157577864770429e-05
2017-09-29,0.0036059185717592,-0.0004672523735314,-0.0025542297527292,-0.0016888490160398
2017-10-02,0.0043511213049539,-0.0003747613177818,-0.0146530645224019,0.0009148555425501
2017-10-03,0.0030849380870605,0.0001100098349893,-0.0007807847656335,-0.0009750518174731
2017-10-04,0.0006592150492643,0.0003421491817911,0.0021169414334001,0.0013465422635449
2017-10-05,0.0045231460304784,-0.0002632611800157,0.0091620065434599,0.000428946035759
2017-10-06,-0.0012604077367702,-0.0007698033982725,-0.0153185600238669,-0.0003604253217904
2017-10-09,-0.0001279227772787,0.0007055386453836,5.5893898131896655e-05,0.0001003476646599
2017-10-10,0.0017413270920977,0.0005478347823375,0.0137222065805457,0.0005097176005388
2017-10-11,0.0016415102493552,-0.0001447946279137,0.0010057672652496,5.841769294897677e-05
2017-10-12,-0.0003675412931855,0.0011299577307239,0.0018495828094093,3.237640354566974e-05
2017-10-13,0.0018250577656594,0.0022251875200241,0.011027482820533,-0.0027686811955839
2017-10-16,0.0012946560214883,-0.0004225585649891,0.0007673779919821,0.0002496212312139
2017-10-17,0.0007336483317557,0.0006461489104265,-0.002488070372373,-0.0021430734848604
2017-10-18,0.0011472440514632,-0.0018355701671796,-0.0026617002904628,-0.0006115301987849
2017-10-19,-0.0003193307636612,0.0008760086106758,-0.0027125770852107,0.0007782866630976
2017-10-20,0.0040231159204659,-0.0029158359192351,0.0034751455600578,0.0036004440659107
2017-10-23,-0.0017594232666993,0.0009503982363428,0.0029104231910341,0.0001860586075203
2017-10-24,0.0012209912027169,-0.0016187238280759,0.00613695618146,-2.129159782920033e-05
2017-10-25,-0.0038903501751858,-0.0013518733396081,-0.0024034869734031,0.0005420005384457
2017-10-26,0.0031467349432004,0.0004935998363038,0.0023778149319799,-0.0001917890258191
2017-10-27,0.0060756802941434,0.0019876564398866,0.0031714861001806,0.0009063764398143
2017-10-30,-0.0027467488047466,0.0028623379107873,0.0033237786843733,-0.0008720552653208
2017-10-31,0.0017851724335764,-0.0001067426394167,-0.0001202783880828,0.0001885008353094
2017-11-01,0.0028349564629335,-0.0002667981666652,0.0005254613814962,0.0001952423978553
2017-11-02,0.0009016720452112,0.0016943806358087,0.003483589172785,-0.0012191656295486
2017-11-03,0.0019487274362515,0.0002326228172051,0.0095109594959464,-0.0001190731332702
2017-11-06,0.0018428521655241,0.001774921265347,0.0227593346395414,0.0012234724084459
2017-11-07,4.122602619720695e-05,0.0011230379535334,-0.0038372982742387,0.000431449806418
2017-11-08,0.0008774567237523,-0.0005336085118727,0.0002171837440979,-0.0003081880221226
2017-11-09,-0.003423871826604,-0.0017817313885199,0.001707300508673,0.0014619919311669
2017-11-10,-0.0034146674438636,-0.0029793750718427,-0.0020521016010672,0.0001732261466964
2017-11-13,-0.0004676681753958,-0.0004240401975889,-0.0036737936637956,0.0001435361998155
2017-11-14,-0.0016882123363083,0.0008120422418091,-0.0151523243732805,-0.0005168133755368
2017-11-15,-0.0055237432212841,0.0019375804630548,-0.0021015210523073,-0.0004235991878874
2017-11-16,0.007430934456672,-0.0009300987827961,-0.0052421375392256,-0.0012046852284553
2017-11-17,-0.0026180236311786,0.00064610540833,0.0146413228345294,-0.0008254433127463
2017-11-20,0.0020743554850834,-0.0004723836176265,-0.0073550444838574,0.0008570413590381
2017-11-21,0.0055989303244992,0.00065584481408,0.0022794537303071,-0.0011794341861692
2017-11-22,-0.0006001335267232,0.0019172568071466,0.0057813361964657,0.0013312704895827
2017-11-23,0.0001738732709388,0.0002001043464192,0.0010772954272628,0.0013381250957326
2017-11-24,0.0021621814257959,-0.0011077520336499,-0.0037124841380418,-0.0007406706132613
2017-11-27,-0.0009907371267395,0.0009223958142864,0.0021722805570436,0.0008968573758476
2017-11-28,0.0075807635156681,-0.0003456435987025,0.0032047957459406,-0.001087551407535
2017-11-29,-0.0003020968612323,-0.0019982673262622,-0.0024252944991539,0.0009240542459521
2017-11-30,0.0057566119902916,-0.0012788254142317,-0.0107012873370353,0.0019660766932726
2017-12-01,-0.0025687384294942,0.0030768304808344,0.0119632461426926,0.0010273510950437
2017-12-04,-4.023909126628285e-05,-0.0016063629900435,-0.0141220821250641,0.0014242643650867
2017-12-05,-0.0032292515842812,0.0005248937362474,-0.0045942151237812,-0.0012851235756772
2017-12-06,-0.0014855119672761,0.0016814585308074,-0.0145534854002607,-0.0015631250910998
2017-12-07,0.0041525228740059,-0.0010023841931396,-0.0038192781058899,-0.0001420087979426
2017-12-08,0.0055374658737186,-0.0001374339199907,0.0066399192421711,0.0007739660871978
2017-12-11,0.0031868337195115,0.000383368541604,0.0071905053809688,-0.0001080160787462
2017-12-12,0.0017985301467297,-0.0010521828199259,-0.0164720713243476,2.1226131234725472e-05
2017-12-13,-0.0001561825040048,0.0014955223986789,-0.0024414677306629,-0.0006829446178199
2017-12-14,-0.0048477088978014,-0.0001490964821733,0.0035286838474494,-0.0006629336137946
2017-12-15,0.0063243604115176,-0.0002386757586162,-0.0015860100054314,0.0007223144505258
2017-12-18,0.0065955989199322,-0.0005858032533921,0.009280631301048,0.000599933154347
2017-12-19,-0.0034814811496552,-0.003994691445264,0.0003133367047733,0.0006443218205589
2017-12-20,-0.0017335125221017,-0.002529817663066,0.0032776033171424,0.0005953457867644
2017-12-21,0.0027775598305011,0.0002113439054366,0.000523442950096,-5.924432652784162e-05
2017-12-22,-0.0008425814621946,2.723008517744056e-05,0.0064811388139356,0.0009093715997285
2017-12-25,0.0001066512752943,0.0001246796657381,,
2017-12-26,0.0001491113081342,0.0005187795357918,0.0146880678554719,-0.0006362062953728
2017-12-27,6.257950477780901e-05,0.0020535650331757,0.0049040052685371,-7.429364464327228e-05
2017-12-28,-0.0008938682978988,-0.0012818022739167,0.0127691027658547,0.0008847460652647
2017-12-29,-0.0029721770358849,0.000399948290524,0.0072990772601456,0.0003042969864989
2018-01-02,0.0040984641478283,-0.0028412704394096,0.0056389475901351,0.0006385152650568
2018-01-03,0.0062947196240184,0.0011419966617455,0.0052584373735991,0.0011687634212013
2018-01-04,0.0071902720263824,-0.0003821717865469,-0.0039990459665788,-7.684029313045904e-05
2018-01-05,0.0068227698275226,-0.0006651193944464,-0.0095303521718749,-0.0002614974801282
2018-01-08,0.0013898161543471,0.0001470402776851,0.0003091415080645,0.0005808322936859
2018-01-09,0.0026870205318094,-0.0029023949878397,0.010985755761341,0.0017153292085401
2018-01-10,-0.0015113730277846,-0.0007930060336602,0.0014323823707031,-0.0012509663384681
2018-01-11,0.0041935468408764,-0.0001239448526708,0.0052908510145807,-0.0023944609198504
2018-01-12,0.0054607440264657,-0.0004527867528902,0.0067718650980697,-0.0017271905935458
2018-01-15,0.0002186140754104,-0.0001599156309294,0.0026631075286229,0.0004395762664455
2018-01-16,-0.0012608238750192,0.0007939004426548,-0.0077394412729904,0.0013678561522519
2018-01-17,0.0042967468610333,-0.0016193065465343,0.0057959922133041,0.0009404826660991
2018-01-18,-0.0017913230310085,-0.0011013593159876,-0.0012074921802244,0.0018544055465786
2018-01-19,0.0051009511366165,-0.0005738508060239,-0.0055554047710834,0.0035969009303131
2018-01-22,0.0061405090052164,-0.0006483349297167,0.0037094238738203,0.0008969809427577
2018-01-23,0.0027285124381237,0.0017143258580207,0.0107554189953104,-0.0008139446652601
2018-01-24,-0.0013901909656224,-0.0016691046533359,0.0124294490003221,-0.000978137641832
2018-01-25,-0.0020226901571529,0.0003232536647473,0.0007195596119502,-0.0002816776430617
2018-01-26,0.0090006635197257,-0.0019059044167216,0.0070540017226129,0.0014355083882656
2018-01-29,-0.0055529850009552,-0.0023754648389076,-0.0041716959541584,0.0012434894355232
2018-01-30,-0.0098408946609159,-0.0008493265979898,-0.0051197521794668,-0.0030404498756135
2018-01-31,-0.0008462331599805,-8.316083305126296e-05,-0.0082109959110834,0.0022696858581759
2018-02-01,-0.0010415285137805,-0.0017233933668431,-0.0009400398325772,0.003940588008816
2018-02-02,-0.0189209863764474,-0.0029657182411984,-0.0084176844021893,0.0011930033021416
2018-02-05,-0.0428608933315817,0.0022052126580585,-0.0106107613759955,-0.000136410864501
2018-02-06,0.0142878370551126,0.0023259228103888,-0.0062544036455524,-0.0033492244463113
2018-02-07,-0.0033653855802999,-0.0021318682005325,-0.0141367635033706,-0.0004227493841726
2018-02-08,-0.0225169243096521,-0.0017259502825031,-0.0049456700389657,-4.932932478439761e-05
2018-02-09,0.0019518059857989,0.0015641628803632,-0.0220922407988579,-0.0028553162976967
2018-02-12,0.0127477499112046,-0.0011566382755444,0.0030315178300002,0.0003409464743767
2018-02-13,0.000424153575526,0.0003952991551544,0.0040500213312872,-0.001437026721844
2018-02-14,0.0113776497718189,-0.0026609809599967,0.0145521199762457,0.0021656333105492
2018-02-15,0.0116350422997078,0.0003483795243126,0.0034863295019876,0.0007084444472742
2018-02-16,0.0031760718860828,0.0019499673456031,0.0019434194426091,-0.0004731908708799
2018-02-19,5.938756102277971e-05,-0.0006842105309661,0.0018089874835764,-8.278274989360943e-05
2018-02-20,-0.0048383451847945,-0.0003568090747423,0.0020301200677501,0.0013126887937411
2018-02-21,-0.0030115712412658,-0.0007917087501925,0.0031841999034678,-0.0009331552583778
2018-02-22,0.0023377637307077,0.0011414919144545,0.0071456070362818,0.0010765539331053
2018-02-23,0.0107437794553625,0.0023062191583733,0.0033588664173414,-0.0009727693970075
2018-02-26,0.0115115055313355,0.0009753441438653,0.0058121769664038,0.0014765259606149
2018-02-27,-0.0091110489125981,-0.0022240453099438,-0.0061940962212536,-0.0003241810843101
2018-02-28,-0.0108857062485665,0.0014526536647024,-0.0117559816221805,-0.0003452465219615
2018-03-01,-0.0130664760863226,0.0031420962188489,-0.0024611357016138,0.001451157549613
2018-03-02,-0.0023050950032689,-0.0020550102365959,0.0003405000094201,0.001542087136174
2018-03-05,0.0087656042536535,-0.0003765142559913,0.0102242810327767,0.0007033766983131
2018-03-06,0.0038551753784462,-0.000850051241272,0.0037520967690424,9.172914611466694e-05
2018-03-07,-0.000791727866003,0.0006513420476089,-0.0106368944671366,-0.0005341379882178
2018-03-08,0.0070312483965919,0.001324107014553,-0.0076261415926894,-0.0005248201826172
2018-03-09,0.0122476101636776,-0.0010759929116679,0.0091441560582754,0.0008940818784706
2018-03-12,0.0019719737524079,0.0009119081545647,-0.0033071621381998,-0.0004510021629454
2018-03-13,-0.005401402442391,0.0008512666542123,0.0005183434649487,-0.0009224227614306
2018-03-14,-0.0053319510332451,0.0016470365020957,-0.0017048334918149,-0.0004494605357628
2018-03-15,0.0015480107556873,0.0003266054442532,-0.0034075639234873,0.0006844827589207
2018-03-16,0.0002684343213944,-0.0003954328873905,0.005436167214081,-0.0002784322827714
2018-03-19,-0.011574455016619,0.0001695749410727,-0.0082543893547129,0.000196617195103
2018-03-20,0.0009384756111964,-0.0012926651720688,0.0090121923412626,0.0003361301637789
2018-03-21,-0.0019568280150954,-0.0012617329634912,0.0109235633418233,0.0013938799646632
2018-03-22,-0.0219761589207497,0.0043141510409474,-0.0057862065631214,-0.0004570146177266
2018-03-23,-0.0177296682589661,0.0004606360665634,0.0056052048726125,4.563075421503163e-05
2018-03-26,0.0154896173588283,-0.0009769977936174,-0.0015929677225549,-0.0004861047633167
2018-03-27,-0.0065691816460675,0.0025397663616428,0.0027202621661389,-0.0006738425895371
2018-03-28,-0.0021604269581761,0.0006548005404338,-0.0066596157231783,-0.0018241455794314
2018-03-29,0.0119842794827122,0.001532401886976,0.008579978372019,-0.0007525040892693
2018-03-30,0.0008663411351637,-9.105645425128857e-05,,0.0006824663713792
2018-04-02,-0.0181499210868239,0.0005121980843187,-0.0150576762275955,-0.0009484291210462
2018-04-03,0.0083616416034848,-0.0017152172046983,0.0040178790505687,0.001582254973618
2018-04-04,0.0080364662642129,0.0001550748288536,-0.002038843610585,0.0005781443208445
2018-04-05,0.0100017807668284,-0.0019824316074585,0.0036193288973595,0.0013273716373817
2018-04-06,-0.0154927760494266,0.0022891561885922,-0.0067903990051054,-0.0008764642337309
2018-04-09,0.004473434745832,-0.0004855416602342,0.0128473985440211,0.0005481472433902
2018-04-10,0.0118002822777207,-0.0010405136143614,0.012624136344099,0.000432540413773
2018-04-11,-0.0051601566521457,0.0009067542605107,0.0092069609507158,0.0016871388712731
2018-04-12,0.0070336285632662,-0.0022884976206999,-0.0003541196977069,0.0021911577515547
2018-04-13,-0.0009461442206566,0.0001302219016402,0.0048495529576945,0.0011622107927665
2018-04-16,0.0058647586570305,-0.0004766037795247,-0.005559133471069,0.0002752716675256
2018-04-17,0.0081134485030568,0.0008997615148389,-0.0005590590595932,6.700668380100978e-05
2018-04-18,0.0033948662261255,-0.0016409779384817,0.0163866004057564,0.0001825632369848
2018-04-19,-0.0040623486555942,-0.0028464843613906,-0.0048331598687882,0.0031194136792369
2018-04-20,-0.0052381266094014,-0.0015733175824563,0.0028249103967375,-0.0028070945490454
2018-04-23,0.0008241226771266,-0.0014358668525317,-0.0010461259047808,0.0023403404196992
2018-04-24,-0.0086623337501775,8.469433076421606e-05,-0.0021624646568401,-0.0013429633136501
2018-04-25,0.0010237479878004,-0.0014336592442494,0.0014376756520024,-0.000435472329713
2018-04-26,0.0098844525106503,0.0018966327563627,0.0048358440441165,0.000511002112621
2018-04-27,0.0010780992035084,0.0016321457952643,-0.0029008058265211,-0.0010166917654595
2018-04-30,-0.0055808942758448,0.0005952034369242,0.003266901470909,0.0019264180117994
2018-05-01,0.0015249919857736,-0.0007311500224901,-0.0049048077665572,-0.0032462155512931
2018-05-02,-0.0052837517167149,3.5579427177153906e-05,-0.0003041913295842,0.0002032165256423
2018-05-03,9.928047471590112e-06,0.0017780525749776,0.0010557752524542,-0.0007128319611821
2018-05-04,0.0094795243963359,-0.000338762198774,0.0065533066544069,-1.6290201938827522e-06
2018-05-07,0.0030449934618901,0.0003786009356474,0.0049562031322482,0.0005451384381976
2018-05-08,0.0002038083545774,-0.0019382882996015,-0.0076188761974186,0.0005489906193086
2018-05-09,0.0076490646218028,-0.0013751484167615,0.0133782770981168,0.002370471342411
2018-05-10,0.0067664973402394,0.0006022963263679,0.0066091094866903,1.2003227326204068e-06
2018-05-11,0.0039773884159755,0.0001480107375713,-0.0044050289941051,-0.0010013482919425
2018-05-14,0.0010159219069253,-0.0015795106088128,0.0056729120435198,-0.0004465855371161
2018-05-15,-0.00557052259265,-0.0036921818651429,1.1473656834492738e-05,0.001184444218699
2018-05-16,0.0032251254889701,-0.000878609491962,0.0010533668380001,0.000710654295339
2018-05-17,0.0004351153807968,-0.000833360235456,0.0053386451135129,0.0014236109028678
2018-05-18,-0.001687964250834,0.0018888776711551,-0.001774415145198,-0.0028037958441798
2018-05-21,0.0061123780677131,-0.0005286243550453,0.0054995826320793,0.000355279983507
2018-05-22,-0.0013658059892674,0.0002307385858621,0.0077362217740321,0.0006362013537825
2018-05-23,-0.0025097504718289,0.0029038412334094,0.0013747593443612,-0.001825952436088
2018-05-24,-0.0026141286528362,0.0013456162974909,-0.0037664707860465,-0.0007683553016708
2018-05-25,-0.0025006943640644,0.0023240636492518,-0.0137545817519271,-0.0021199509249007
2018-05-28,-0.0005062853024256,-0.0003731873242425,-0.002922313817865,-0.0004709401855238
2018-05-29,-0.0102712292790961,0.0050205530202464,-0.0077144801390273,-0.0034698409283624
2018-05-30,0.0079188345536882,-0.0027616782871523,0.0096596306008548,0.0007585277669123
2018-05-31,-0.0051596189333163,0.0014060013782559,0.0007236172988523,0.002445312451924
2018-06-01,0.0090302048953871,-0.0026212664824036,-0.0058380912257011,-0.0010984801576996
2018-06-04,0.0048104300949642,-0.001154481793568,-0.0122253424221914,0.0026073216158952
2018-06-05,0.0010016315227216,0.0005792823378604,0.0007731228280239,0.0003842572646014
2018-06-06,0.005814288208898,-0.0042915943056032,-0.0014307271164216,0.0020370460629643
2018-06-07,0.0009036307839274,0.000482960383425,0.0095162609056743,-0.001061202657091
2018-06-08,0.0002091589789857,-0.0002194395880726,-0.0040512373496188,-0.000378656871251
2018-06-11,0.0035946260661169,0.0001358604438947,-0.0002398031506089,0.0003898581703117
2018-06-12,-3.326044803368428e-06,-7.83534799651381e-05,0.0009062617667261,0.0007245037397653
2018-06-13,-0.0020166686899105,-0.0001640771930785,0.0030112367712094,0.0003557961595717
2018-06-14,0.0038850545972429,0.0026195452388903,-0.0070988881681495,-0.000443517446826
2018-06-15,-0.0022162454799253,0.0022114024737162,-0.0159051663391918,-0.0004929791849551
2018-06-18,-0.003210100225602,0.0003194142801135,0.0029095739724633,0.0007361288657413
2018-06-19,-0.0063194785442851,0.0018233555393537,-0.0109121178747732,-0.0014936456176594
2018-06-20,0.0035204726149997,-0.0011911820386403,0.0043205639391865,0.0010930175086658
2018-06-21,-0.0067300204772794,0.00065901111271,-0.0058079962745936,-0.0007949282383006
2018-06-22,0.0038571707842359,1.3351646876704335e-05,0.0157866703653408,0.0022556246633444
2018-06-25,-0.0141053042522173,0.000512573416628,-0.0112462356333905,-0.0008472234815407
2018-06-26,0.0021175575237163,-0.0008211497367184,0.0091344011406838,0.0005439260289935
2018-06-27,-0.005232747491268,0.0026145103031294,0.0144222938637262,0.000169912539943
2018-06-28,0.002452632492675,-0.0006337666881276,-0.00265309022781,-0.0017585394125976
2018-06-29,0.0029797914749024,0.0005004321664065,0.0087010326542944,7.73050937592343e-05
2018-07-02,-0.0019595221500826,0.0001742318506445,-0.0178281431706023,-0.0013512716637306
2018-07-03,-0.0025772941394544,0.0010297717908231,0.0018148101055614,0.0008130876259533
2018-07-04,7.137884589148672e-05,-4.525238255983699e-05,0.0003048544897143,8.308219812443713e-05
2018-07-05,0.0070439599796399,-0.0003113004579116,-0.0046893276203589,0.0012949310617877
2018-07-06,0.0076834037858268,0.0003948421645389,0.0062935088714213,7.046326826117001e-05
2018-07-09,0.0086465019682018,-0.0009065308888022,0.0009149273123853,0.0003056938964228
2018-07-10,0.0033777429844593,-0.0007374746991594,-0.0017528406549968,0.000716672784839
2018-07-11,-0.0093950244375728,0.0011224873696885,-0.0293471416236212,-0.0014215873705678
2018-07-12,0.0090401536913018,-0.0001046187035097,0.0033391850761148,-0.0006003322864829
2018-07-13,0.0029220889930561,0.0014614053830709,4.5755865883597e-05,0.0013855837394938
2018-07-16,-0.0024171125102988,-0.001357399880128,-0.018101045890841,-0.0009513749838088
2018-07-17,0.0043071542245754,0.0008824402147733,0.0001992258028646,-0.000710536346087
2018-07-18,0.0027480351888346,-0.000280242848207,0.0037002548916507,-0.0009195815184919
2018-07-19,-0.0027215983894146,0.0014069406542049,0.0029706658636876,-0.0013838200550768
2018-07-20,-0.0015953294598114,-0.0023999404543689,0.0050595945488946,0.0019655535813673
2018-07-23,0.001113558661931,-0.0036390753656299,-0.0011871267635639,-0.0002930264665276
2018-07-24,0.0044013069575865,0.0003828336999898,0.0061021728425438,0.0003323325905159
2018-07-25,0.0042915002272761,0.000720323537602,0.0096402243949463,0.0009938448716125
2018-07-26,0.0021173532737105,-0.0019468697448271,0.0029298444490356,-0.0003946411994561
2018-07-27,-0.0047561810270615,6.182892659184824e-05,-0.0013608922666919,0.0004786434535064
2018-07-30,-0.0045237272806102,-0.0015020122174328,0.007249407239363,0.0007332248395826
2018-07-31,0.0042712940019914,0.0009470022173206,-0.0061647636626644,-0.0001980025911038
2018-08-01,-0.0020839421148634,-0.0034160246910287,-0.0151448224760018,-0.001268623402952
2018-08-02,0.0015034879735072,0.0005723797215788,0.0085515563283329,0.0005254576406729
2018-08-03,0.0037670729734133,0.0017945655591025,0.0046435216584606,-0.0016359045996253
2018-08-06,0.0024982860084056,0.0011593747228757,0.003205488933682,9.937179480993654e-05
2018-08-07,0.004008385282368,-0.0013767690719116,0.0071178611407761,0.0006695244750205
2018-08-08,-0.001161447023843,0.0002648247936768,-0.0089905365428714,-0.0010611525817842
2018-08-09,7.382456296508274e-05,0.0012553336004395,-0.0018726268453378,-6.875714168525883e-05
2018-08-10,-0.0081133637116025,0.0034872211982317,-0.0016123674705759,-0.0018417052530312
2018-08-13,-0.0046793225271615,-0.0010082282081125,-0.0056677224468156,0.0004722102665103
2018-08-14,0.0050438658355119,-0.0005884879903129,0.0020780052351025,-0.0010242248298392
2018-08-15,-0.0084699305703625,0.0014774429159701,-0.0192679939079778,-0.0004706245440531
2018-08-16,0.0074483907006537,-0.0005344890331819,0.007845230990742,0.0005178115623079
2018-08-17,0.0020791769625047,0.0001959196270667,0.0049643502095322,-1.6845321391767358e-05
2018-08-20,0.0026037925676507,0.002224501796549,9.971781108550176e-05,-0.0009749964893319
2018-08-21,0.0012041462986589,-0.0007626529756481,0.00397550361885,0.0001203692492595
2018-08-22,0.0003920508209314,7.195434734959758e-05,0.0075797028924982,0.0004140155934626
2018-08-23,-0.0007649187373802,-0.0002246831774671,-0.0028912873930013,-8.34777680945117e-05
2018-08-24,0.005409954414772,-0.0004683934163472,0.0067135304106274,0.0009025160371056
2018-08-27,0.0072627236661836,-0.0011537863772356,0.0004616880665422,0.000468407741452
2018-08-28,0.0004159323441401,-0.0013624500064685,-0.0052333641692653,-0.0002330277777374
2018-08-29,0.003964916677053,-0.0002300881517047,0.0073383743449401,0.0018742119192887
2018-08-30,-0.0040531845712673,0.0010480145889205,0.0013445554571146,-0.0007249580038266
2018-08-31,-0.0024945743806524,0.0009572980852075,0.0017347313204502,-0.0018714872810234
2018-09-03,0.0001586143071738,0.0001402228019989,0.0011853337897244,-0.0014016516113893
2018-09-04,-0.0024025025481346,-0.0008988472997931,-0.0069616194081963,0.0012695996871436
2018-09-05,-0.0053865645829385,0.0001800083067481,-0.0078726203240562,-0.0008257475640379
2018-09-06,-0.003952107299838,0.0017584145145477,-0.0058051405318951,-0.0014163985628204
2018-09-07,-0.0018610578037467,-0.0027161594610404,0.0022229186286087,0.0008537055392624
2018-09-10,0.0021388804462254,0.0005336622582137,0.0037141920770088,-0.0005073479116628
2018-09-11,0.0029087250826122,-0.0019405651516761,0.0057769403355485,0.0011582291775896
2018-09-12,0.0004363772805543,0.0006576047248997,0.0071399810439487,0.0003882493670874
2018-09-13,0.0044319416088277,-0.0002052766178148,-0.012032185676956,-0.0020141263411091
2018-09-14,0.002169793044579,-0.0016197168784907,-0.0035322874529058,0.0006041105382499
2018-09-17,-0.0036600608627305,0.0002371821334658,-0.0015682149345175,0.0002898738700316
2018-09-18,0.0049225122436971,-0.0015254737488516,0.0119542654758125,0.0015980436985484
2018-09-19,0.0023921728289296,-0.0019305634005933,0.0071210609993221,0.0008132444226219
2018-09-20,0.0071521966297425,0.0001824199299159,0.0053183489151631,0.0015776459341244
2018-09-21,0.0012158280817752,0.0008052426183113,0.005207724361186,-0.0007055670520581
2018-09-24,-0.0029694256264912,-0.0015656933563713,0.0120583774274153,0.0002290188137968
2018-09-25,-0.000273943727434,-0.0010075198232034,0.0050593351644469,0.0004552684501223
2018-09-26,-0.0007954126719612,0.0019702406206148,-0.0071091322599938,-0.001261134295499
2018-09-27,0.0024598564782648,1.9968570473273932e-05,0.0057087503881558,0.0003550588829049
2018-09-28,-0.0013951877436333,-0.0006658044175564,0.0057195449983999,-0.0010618712442305
2018-10-01,0.0034758865413221,-0.0013360260771654,0.0191443906151381,0.0011434221838439
2018-10-02,-0.0020271444246221,0.0006336456207079,0.0089445408718085,-0.0008940011038349
2018-10-03,0.0015950270619662,-0.0029380972388986,0.008164162488895,0.0024343346626422
2018-10-04,-0.0081838894441511,-0.0025992849149403,-0.0126577662544481,-0.0002792531472416
2018-10-05,-0.0055553556628352,-0.0017193965966687,-0.0014081289883192,-0.0012197148151081
2018-10-08,-0.0025524307361857,-0.0002908985924556,0.0029578666627668,0.0004691434746395
2018-10-09,-0.0021447090635361,0.000582800612754,0.0048763476167173,-0.0004394787500978
2018-10-10,-0.0288015990146687,-0.0003342486054802,-0.0106890258999986,-0.000304551977184
2018-10-11,-0.0167286155480493,0.0034104557399941,-0.0145486474987592,-0.0023254150273058
2018-10-12,0.005874953599769,9.25942115735252e-05,0.0019633036119186,-0.0012021805712206
2018-10-15,-0.0058644925226919,-0.0004272732213867,0.0106455907002013,0.0002440403391202
2018-10-16,0.0206357315241741,0.0008256144906558,-0.0001518060973259,-0.0004740600521542
2018-10-17,0.000488458339265,-0.0004403152066636,-0.0055740924605731,-0.0008902426494508
2018-10-18,-0.0127658549914111,5.506674111556849e-05,-0.013874010839154,3.006029791891342e-05
2018-10-19,-0.000954360975009,-0.0003453496400111,0.0046614935438424,-0.0004799792757262
2018-10-22,-0.0031502842507371,0.0007120773319376,-0.0032357627512543,-0.0002333879863905
2018-10-23,-0.0079392046004906,0.0015622122586418,-0.0129071738159869,-0.0024525713324214
2018-10-24,-0.0219115605205368,0.0018776242516103,-0.003527328111918,-0.0003256344341328
2018-10-25,0.0046563551860313,0.0006819195451804,0.0020771487839027,-0.0016476258256455
2018-10-26,-0.00728082423233,0.003391534164814,0.0034567484642818,-0.0002535352605676
2018-10-29,-0.0046659809520401,0.0002384506521332,-0.0064890221084137,-0.0006508737355557
2018-10-30,0.0130157339848758,-0.0017019125752748,-0.0100840256586712,-0.0016391606792856
2018-10-31,0.0111742776569917,-0.0018672982298448,-0.0027508124031666,0.0015285654942471
2018-11-01,0.0059418481690271,0.0005665968037974,-0.0062346749644916,-0.0009406591957746
2018-11-02,-0.0002598768859364,-0.0025678737309967,0.002303867422174,0.0019654521872044
2018-11-05,0.0026772055130936,0.0005536837077202,0.0103886153166039,5.319042781510507e-05
2018-11-06,0.0055531913116042,-0.0013437718941883,-0.00710607333756,0.0011332392434491
2018-11-07,0.0160553306838282,0.0003007455775388,-0.0006413188431127,-5.333099941539694e-05
2018-11-08,-0.0004427299559861,-0.001439275242657,-0.0070546248167447,9.239766312448774e-05
2018-11-09,-0.0088442557802354,0.0022507043247906,-0.0008165824611416,-0.0017694894125556
2018-11-12,-0.0145770015095459,0.0014466008554662,0.0031604551800645,-0.0006850762448706
2018-11-13,-0.0005943785357629,0.0003761476189094,-0.014329252358944,-0.0013900836621944
2018-11-14,-0.0086952745696917,0.0009128676878017,0.034371799289087,-0.0011075777720551
2018-11-15,0.0085628053814465,0.0015209280745423,-0.0259426907107472,-0.0003175247440886
2018-11-16,0.0016354878415127,0.001320958274899,0.0131172415165958,-4.1135204808088015e-06
2018-11-19,-0.0126922925569689,0.0005075683002561,0.0157671415596932,-0.0014540101615446
2018-11-20,-0.018013628809302,0.000150206817678,-0.0342254919701174,-0.0018986003624497
2018-11-21,0.0050766936185135,3.836696391900719e-05,0.0053538802144158,-0.0008190810491524
2018-11-22,-0.0008717375811602,0.0002639259774913,-0.0030272018272708,0.0004805231492421
2018-11-23,-0.0048071121290865,0.0009531090274444,-0.0350400167313905,-0.0017461366816781
2018-11-26,0.0135480666738202,-0.0001751455919655,0.0058030521960278,0.0003279724042714
2018-11-27,0.0035315955533703,0.0008004287743242,-0.003019010115279,-0.0034334070446651
2018-11-28,0.0160397041498758,0.0006123398315575,0.0096798800923217,0.0015339944764229
2018-11-29,0.0018145810708905,0.0015129292803952,0.0052938548656519,0.0025503341932921
2018-11-30,0.0029237543214871,0.0006480084921611,-0.004548875719987,0.0005297843061514
2018-12-03,0.0121756585496527,0.0012022497725133,0.0106123852586455,-0.0002202869764577
2018-12-04,-0.025563614211609,0.0026697945727756,0.0077958279857405,-0.0009549139657608
2018-12-05,-0.0028931561820346,0.0004769399813209,-0.0012980926878853,-0.0006613230879232
2018-12-06,-0.011159939880617,0.0023754530538599,-0.0186841045262044,-0.0030092972367118
2018-12-07,-0.0120382927996259,0.0009757832863914,0.0212768280094298,0.0004643642024154
2018-12-10,-0.0031928824726693,0.0007282977224015,-0.0161110007684526,-0.0017778073910323
2018-12-11,0.0024125170357433,-0.0013379152479898,-0.0006100465373306,-0.0038739489734684
2018-12-12,0.0080052505453882,-0.0010519089722237,-0.008533841428419,0.0001277437692723
2018-12-13,-0.0016873208669296,-1.251762616125432e-05,0.0081034740122931,-0.0002595883678306
2018-12-14,-0.0146512941040221,0.0015363664489416,-0.0214635463352816,-0.0019173370342704
2018-12-17,-0.0144231074181993,0.000939894812841,-0.0205413160904706,-0.0011070096229625
2018-12-18,-0.0074250807998602,0.0014337838819041,-0.013378402635505,-0.0007681714530309
2018-12-19,-0.0089103633736041,0.0023949428025645,0.0071017582890716,0.0010477638791414
2018-12-20,-0.0109045545004895,0.0003588424522613,-0.0261077979120326,-0.0089639098093713
2018-12-21,-0.0215814605993204,-0.0014462371964747,0.003704685314068,0.0019564509878705
2018-12-24,-0.021588900558919,0.0019104704709246,-0.0369874826885282,-0.000888311764623
2018-12-25,-0.0034669978048977,0.0003017307944845,,0.0004742877520841
2018-12-26,0.0392645009873376,-0.0016165758755648,0.0287904128768638,0.0006706990018765
2018-12-27,0.0073373325200883,0.0023402150519759,-0.0094459968051117,-0.001606066411106
2018-12-28,0.0015746585187926,0.0006377020082443,-0.0069004604303092,-0.0017056612754687
2018-12-31,0.0058948511947081,0.0015435836028122,-0.0143846520992751,-0.0018176753308225
2019-01-01,-5.406789581504267e-06,,,0.0011018038044962
2019-01-02,0.0007175803418076,0.0020197724633392,0.0090308731834337,0.0004214631391341
2019-01-03,-0.0185657596636612,0.0036630566618614,0.0070423531416467,-0.0019759017771577
2019-01-04,0.0269298863431173,-0.0042205597720792,0.0168598263223918,0.0051433847307715
2019-01-07,0.0070452660241586,-0.0013639322331539,0.0034358300907668,0.0001637280189481
2019-01-08,0.0088081272823964,-0.0020162205705631,0.009190589883912,0.0021390503089269
2019-01-09,0.0052865264335687,0.0001886064976167,0.0215024524883318,0.0029574174811967
2019-01-10,0.0028067739487578,0.0003603652833389,-0.0019644679798971,-0.0009064582720285
2019-01-11,0.0008296201137918,0.0012924796860328,0.0008396161303751,0.0008754309635168
2019-01-14,-0.0050681605497912,0.0001529489175019,0.008217889714627,-0.0011623184887292
2019-01-15,0.0087825788728509,0.0001175179143866,0.0073109983492038,-0.0013600902572828
2019-01-16,0.0024891459680318,-0.0006059295693975,0.0001770675267154,0.0001009032494009
2019-01-17,0.0057099632334211,-0.0011840787837119,0.0019537686781698,0.0026831559964989
2019-01-18,0.0143168505314402,-0.0016347206324986,0.0165047897569535,-0.0003749321921214
2019-01-21,-0.000130434837079,3.711628854414615e-05,-0.0007659303117243,-0.0022461915498671
2019-01-22,-0.0120501849636083,0.0022356242210911,-0.0229962527405253,-0.0015567116659739
2019-01-23,0.0011320408934198,-0.0007784558767119,-0.0032419766586969,-0.0003372888190468
2019-01-24,-0.0003432403135339,0.0027293014340994,0.0051978337156578,-0.0015489335045956
2019-01-25,0.0099372515200776,-0.0014696617021708,0.009996584127001,-0.0005793546318196
2019-01-28,-0.0074204725327455,0.0002833705474268,-0.0250353439910485,-0.0024940884785856
2019-01-29,0.0010855050224487,0.0014414964524763,0.0124949419157194,-0.0001019057893448
2019-01-30,0.0119128173825615,0.0010986698536027,0.004148902939423,0.0032050572683789
2019-01-31,0.0065890919108481,0.0027016013571963,-0.0056569666257464,0.0047974296724534
2019-02-01,0.0005479065272253,-0.002860395157934,0.0064954991384454,0.0069574930842934
2019-02-04,0.0048096727851234,-0.0015149766774327,-0.0040314711003955,-0.0009025470941431
2019-02-05,0.0061344814348951,0.0007573769315099,-0.004039941992058,-0.001535488913615
2019-02-06,-8.543880091657544e-05,0.0001142152581682,0.0038768262879006,-0.0001370675677695
2019-02-07,-0.0094317724384642,0.0018120168446455,-0.0162245320327168,-0.0031503278630297
2019-02-08,-0.0020912293956556,0.0008423119145795,0.0030895987527978,-0.00220731696241
2019-02-11,0.0020915224059814,-0.0009690748515133,-0.0030182152634321,-0.0011855056926368
2019-02-12,0.0124832810792337,-0.0009914469216002,0.0093264457939465,0.0011654052963912
2019-02-13,0.0029729874785092,-0.0005901506638246,0.0023133074719628,0.0014386783572646
2019-02-14,-0.0015075702303406,0.0025320341115692,0.0015361674654263,-8.886343330770614e-05
2019-02-15,0.0099784831025356,-0.0006646069854645,0.0168560014097907,-0.0001802362306464
2019-02-18,0.0016753562274253,9.4553660724344e-05,0.0013553042751742,-0.0005048571899732
2019-02-19,0.0002036081138333,0.0007166354140705,0.0017645566837248,-0.000764431992892
2019-02-20,0.003976230822261,-0.0004252457942652,0.004264985084625,0.002185389188608
2019-02-21,-0.0033067893264838,-0.0012580718503221,0.0052479673114919,-0.000271109684379
2019-02-22,0.0048610999230671,0.0014675827330915,0.003161137502467,0.0019076618550243
2019-02-25,0.002558622615905,-0.0002354783504824,-0.0122816828001414,0.0008291687168556
2019-02-26,-0.0015239726785297,0.001308753305762,0.0003944717743681,-0.0008256146996079
2019-02-27,0.0002383829324306,-0.0031738458763202,0.009444214039411,0.0010717211706837
2019-02-28,-0.0027793625420315,-0.0011724368174788,-0.00063772601,0.0013129326002179
2019-03-01,0.0064991948646935,-0.0016231603190542,-0.0058429109049174,0.004191003953321
2019-03-04,-0.0020748527067302,0.0010307862552214,0.0023986221743847,-0.0009464279217485
2019-03-05,0.0003500738443235,0.0002798495410742,0.004587969264591,-0.0005408921262319
2019-03-06,-0.0052950335189678,0.0028317729957627,-0.0054894154869234,-0.0020363790230451
2019-03-07,-0.0068741795981716,0.0040807154268967,0.0003080038438083,9.162815203613718e-05
2019-03-08,-0.0037118842348309,0.0005682234188472,-0.0034565842745643,-0.0002993736103898
2019-03-11,0.0110619433328831,-0.0005753012300295,-0.0015271369850761,0.0009236972581705
2019-03-12,0.0034819455853333,0.0010062669929102,0.0050516737846345,-0.0013622729769835
2019-03-13,0.0052555008319661,-0.0001352631694114,0.0104951993562893,0.0009362973300051
2019-03-14,-0.0001073597609436,-0.0006177298778124,0.0005738697275141,0.002145707612455
2019-03-15,0.0060555746705779,0.0012181424191081,-0.0008564874314108,0.0007770017328188
2019-03-18,0.0041057686040383,6.0818599806074017e-05,0.0057214460997636,0.0008033110011241
2019-03-19,-5.396636416564742e-05,-0.000717211529844,0.0027308568916195,-0.0003671811131566
2019-03-20,-0.003783440217755,0.0028960410826461,0.0047029494015104,-0.0009262665100572
2019-03-21,0.0089120152928944,0.0012699253195369,-0.0019974491827753,0.0013300307966285
2019-03-22,-0.0162775503286777,0.0041208703702481,-0.0108337464255089,-0.0045584866416354
2019-03-25,-0.003564889762696,0.0013711048758302,0.0016782846550153,-0.0023062715565123
2019-03-26,0.006510167164749,-5.68459553801966e-05,0.0031698315245064,-0.0017175096656814
2019-03-27,-0.0025156779402994,0.0023695315510756,-0.0058805288755984,-0.001705830844541
2019-03-28,0.0022803683258991,-0.0006553600973305,-0.0042193309817974,-0.0008996036683434
2019-03-29,0.0059743414630595,-0.0015028408353991,-0.0002119320049424,0.0036156574094189
2019-04-01,0.0110805034537324,-0.0036956241645479,0.0117062171972941,0.0020653515756496
2019-04-02,0.0003487793435376,0.0008450140822231,0.0034661636729201,-0.0007303083225463
2019-04-03,0.005616881192285,-0.0022012860270143,0.0018117584613586,0.0013519765624894
2019-04-04,0.0007045609700246,0.000396675317243,-0.0001451198937469,-0.0006381042374886
2019-04-05,0.0040285520226338,-3.906864476467473e-05,0.0048234745316231,0.0006926777895119
2019-04-08,0.0002607193149556,-0.0003400931210828,0.0077751585671052,0.000697889695612
2019-04-09,-0.0044202436925993,0.0010732343705868,-0.0029461838569337,7.478321216523181e-05
2019-04-10,0.003006978454909,0.0013121630252115,0.0074028184116805,0.0018993287468519
2019-04-11,-0.0003160241275674,-0.0012795238188921,-0.0098091834177466,-0.0002867693793555
2019-04-12,0.0060724036475089,-0.0033836395498583,0.0044274867770632,0.002859113223882
2019-04-15,0.0007652256496344,-0.0002914906071541,-0.0073576944561936,-0.0004118232254718
2019-04-16,0.0017568428923816,-0.001717299871876,-0.0008250309749188,0.0001200941335026
2019-04-17,-0.001891294834564,-0.0004536924252399,-0.0057897543790934,-0.0013674035180885
2019-04-18,0.0022369461826954,0.0026014196903393,0.0010305688798055,0.0008550978551387
2019-04-19,0.0003226440885149,3.052524329725197e-08,,-0.0002696488484045
2019-04-22,0.0006384500073556,-0.0008708298795647,0.0096056000354493,0.0012570723903232
2019-04-23,0.0072431504677749,1.6801127795729162e-05,-0.0033737277723023,0.0005936986725377
2019-04-24,-0.0023141157853639,0.0032582268233129,-0.0035620268307941,-0.0002555023586929
2019-04-25,-0.0007676331082186,-0.0009578178880692,-0.0001055500632154,0.0017845066237787
2019-04-26,0.0037455297204132,0.0019784789709998,-0.0101393038751243,-0.000403406501302
2019-04-29,0.0007750210649539,-0.0011768445343864,-0.0008915819492258,0.0002745534375067
2019-04-30,0.0012191951175844,0.0007234300299016,0.0015750519092885,-0.0016305129861601
2019-05-01,-0.0061241133192392,-0.0001812408703666,0.001680722328737,-0.0036752085194152
2019-05-02,-0.0023303238566438,-0.001927149813478,-0.0116744904123458,-0.0041091250740039
2019-05-03,0.0077958208618791,0.0005393162333126,-0.0002471406039546,0.0008989520966249
2019-05-06,-0.0054003227122634,0.0012454909367759,-0.0048716602539398,-0.0004757840727047
2019-05-07,-0.0134804538253388,0.0023500358744592,-0.0074866348927643,-0.001433125029765
2019-05-08,-0.0011689513391242,-0.0009112779247971,0.0063418826899933,-0.0010977227372424
2019-05-09,-0.0073495530195095,0.000769657599084,-0.0058957897752165,-0.0006564820825424
2019-05-10,0.0041185529605974,-0.0002475611511449,0.0022607106087732,0.0025345075150232
2019-05-13,-0.0219301157567943,0.0021109438944193,-0.0046827865006399,-0.0020878935301582
2019-05-14,0.0091544041234384,-0.0004365292054857,0.0134755369388856,0.0009364472734261
2019-05-15,0.0057625630732942,0.0018208284733384,0.0030314849430479,-0.0025562263539654
2019-05-16,0.0085187509249158,-0.0004694194990127,0.012032153693692,0.0010948159746503
2019-05-17,-0.0036606558592376,0.0003991594545229,-0.0069162785146696,-0.002152364136496
2019-05-20,-0.0059211780576309,-0.0015309610456259,0.0030438713525086,-8.261653902489343e-05
2019-05-21,0.006239538254467,-0.0007197568331644,-0.0034326386015995,0.0021265643930152
2019-05-22,-0.0019598963048907,0.0018870741305492,-0.0152944463262655,-0.0012915856715799
2019-05-23,-0.0129707128443922,0.0040946049243864,-0.0202603174390445,-0.0066982068048729
2019-05-24,0.0042837372747996,-0.0004832984568461,0.0100045449823014,0.0040076869301978
2019-05-27,0.0011082544078074,-0.0002836163630783,0.0043509709628583,0.0002740613918032
2019-05-28,-0.0069239383338248,0.0022035371385274,0.0052213744725002,-0.0042351490196351
2019-05-29,-0.0100420675150351,0.0020402727517924,-0.0007835648858663,-0.00052519274666
2019-05-30,0.0031279840694653,-6.72140861853945e-05,-0.0151650672138333,0.0019467475717887
2019-05-31,-0.0124813636470141,0.0037502381444835,-0.029437062029612,-0.0014817179354657
2019-06-03,-0.0008590861640956,0.0025919228504837,-0.0087120086971401,-0.0030892810114254
2019-06-04,0.0156790046883791,-0.0009501748239844,0.0037318177263712,0.0013366547627504
2019-06-05,0.0073909924639179,0.0011334726657695,-0.0197994861009617,0.0013738171354121
2019-06-06,0.0047887559594643,0.0002311518566047,0.0050880885043208,-0.0005841374346809
2019-06-07,0.0097996177052869,0.0019901807942376,0.0084580768152185,-0.001191783102504
2019-06-10,0.005304193372018,-0.0023643268176968,-0.0017784926044547,-0.0003164572026961
2019-06-11,0.0010388844338769,0.0003739978969597,0.00603572335169,-0.0012357333827195
2019-06-12,-0.0025239321829937,0.0004032050183982,-0.0134487582618247,-0.0006929605945687
2019-06-13,0.0030575527808281,0.0019927770728533,0.006501541247809,-0.0024336367685571
2019-06-14,-0.0010240718483712,0.0004173270487467,0.0070623333031924,-0.0056496254373045
2019-06-17,0.0008548529279202,-9.03576317908843e-05,-0.0046978983602539,-0.0008557779223977
2019-06-18,0.0102529647392543,0.0029786472841628,0.0069815560352544,0.0017067973813205
2019-06-19,0.0028932676908117,0.0006281687161648,-0.0068278134328645,0.0014958293249236
2019-06-20,0.0077502754269154,0.001795116323968,0.0171231692208656,0.0081207084332347
2019-06-21,-0.0036794337951018,-0.0029613828606763,0.0010446496222226,0.0017597669843828
2019-06-24,6.963830046652366e-05,0.0020534093813336,0.0107941929056695,-0.0018086628527083
2019-06-25,-0.0079150601239076,0.0012060606344623,0.0044264195726023,-0.0022583074432324
2019-06-26,-0.0015789859156389,-0.0025827591791955,0.0090666338539047,0.0032565295811585
2019-06-27,0.0040501379358566,0.0013040819833955,0.0024650730636593,-0.0013308113839697
2019-06-28,0.0043206435477107,0.0005664410685835,-0.0084933668195754,-0.0009499584891668
2019-07-01,0.0087176897426421,5.950240164192622e-05,-0.0045320891708059,-0.0018779090236703
2019-07-02,0.0036216354372771,0.0023785902885147,-0.020933996423823,-0.0033357919635188
2019-07-03,0.0059922617681857,0.002508572583028,0.0158012214981371,-0.0008241751720548
2019-07-04,0.0005067102818968,6.118276924439724e-05,-0.0011584254527836,-0.000396314478325
2019-07-05,-0.0033174113585532,-0.0044318346804406,0.0093562023710592,0.004278613287031
2019-07-08,-0.00386848221808,0.0001118116399933,-0.0011355242433359,-0.0008587712369721
2019-07-09,9.538884768409604e-05,-0.0011362767838601,0.0038677145133245,0.0038510503390984
2019-07-10,0.0033119965539708,-0.0003551249990877,0.0230574475709158,0.0023628439738419
2019-07-11,0.0015722529424456,-0.0024911403589567,-0.0017556857999289,0.0009492843269765
2019-07-12,0.002322694493317,-0.0002550934253575,0.0048156309550411,0.0015349668698931
2019-07-15,0.0010416623973895,0.0013045476951706,-0.0088409997920375,-0.0003260417092312
2019-07-16,-0.0020617087795386,-0.0007671079345918,-0.0201223938961989,0.0020264856424159
2019-07-17,-0.0060044639523891,0.0026677993916568,-0.0056775183794271,-0.0019610278287483
2019-07-18,0.0008729324210276,0.0018733728532124,-0.0131726636165339,-0.0007330674825783
2019-07-19,-0.0034053205020196,-0.0004030885789687,0.0045638387428132,0.0002908928826873
2019-07-22,0.0029398795175352,0.0004533998209478,0.0043817374076898,-0.0005537977325856
2019-07-23,0.0073060116358687,-0.0002542383084494,0.0041378879123105,0.00076201239875
2019-07-24,0.0029679340741866,0.0015058058462103,-0.0066257713594781,-0.0001698005082347
2019-07-25,-0.0041487885394664,-0.0010930082775219,0.000460123279545,0.0002013692981506
2019-07-26,0.0045016224188336,-0.0002515965927139,-0.0064694194032019,-0.001726848302604
2019-07-29,-3.296432660656408e-05,0.0012174671899891,0.0018661722233413,-0.0012113659940248
2019-07-30,-0.004358320732247,-0.0003025628986745,0.0060988780752876,0.0023987187359654
2019-07-31,-0.0074585657315867,0.0009493071562252,0.0070978962356168,2.090780127880862e-05
2019-08-01,-0.0069456972325123,0.0050888121204466,-0.0357001495183878,-0.0083053062695134
2019-08-02,-0.011331088677897,0.0018761125154419,0.0033972063102926,-0.0036863038808681
2019-08-05,-0.0297416450206819,0.0047097344905986,-0.0149862192221152,-0.0060712781407401
2019-08-06,0.0089772532790508,0.0004727924014232,-0.004722564364522,0.0021408125840806
2019-08-07,0.0019532308823119,0.0032971877846568,-0.0203592839851847,-0.0033543391749555
2019-08-08,0.0180649882742055,-0.0022335277753015,0.0183014547140706,0.0052422978957937
2019-08-09,-0.0059433275752538,-0.0016037134784515,0.0102017212478787,-0.0014805209807835
2019-08-12,-0.0097482098554902,0.0034032213891772,-0.0058289536513576,-0.0038004189673065
2019-08-13,0.0125531937702404,-0.0010057077022032,0.0204506525847304,0.0004069284872735
2019-08-14,-0.0248855122515587,0.0036349068452674,-0.0152428005943636,-0.0043819864844092
2019-08-15,0.0001176571143082,0.0037114702691368,-0.0016839859445088,-0.0029542774030157
2019-08-16,0.0130221956110099,-0.0012276235384137,0.0008073021741718,6.966533222905127e-06
2019-08-19,0.0112484913154867,-0.0024778969314079,0.0050487179340348,0.0025810903621327
2019-08-20,-0.0069866216017784,0.0022961695578499,0.0019442144725384,-0.00215221205069
2019-08-21,0.0091890729249247,-0.001042435977488,-0.0007838609898609,0.0001071767242933
2019-08-22,-0.002860914537918,-0.0016339588814166,-0.0054162038862512,-0.0016681696006098
2019-08-23,-0.0169030308607439,0.0028632873771697,-0.0095918466316279,0.0004313343673785
2019-08-26,0.0053036019571305,6.791318667486896e-05,0.0042780674482614,0.0010422401692551
2019-08-27,-0.0029791568408786,0.0027914640203473,0.003401018874422,-0.0019188691287103
2019-08-28,0.00647302860284,0.0018851641114388,0.0112691523609847,0.0043405962221453
2019-08-29,0.0112599684863911,-0.0014621968216792,0.0101290640489326,0.002838096709755
2019-08-30,0.0014039853900568,-0.0003332477148169,-0.0118333063153688,-0.0029160007563125
2019-09-02,0.0005230126760768,0.0001334905495643,-0.0020607725241792,-0.0020356504963618
2019-09-03,-0.0051130654122946,0.0024794548863051,-0.0022344469399024,-0.0039172272244749
2019-09-04,0.0098311221437326,-0.0001167832061502,0.0276222268868993,0.0010110760444363
2019-09-05,0.0107368518016556,-0.0061843106416316,0.0001411818428922,0.0040164299232632
2019-09-06,0.0030572784937209,0.0012158403849607,0.0031744392264423,-0.0002900271851525
2019-09-09,-0.0004984131528606,-0.003548320603951,0.0135703534161416,0.0010573356025922
2019-09-10,0.0005453892826595,-0.0039828093611594,0.0030761060518483,0.0021969181431363
2019-09-11,0.007652878799755,-0.0009034179240115,-0.0125981027472153,0.0010751391488923
2019-09-12,0.0038279564360338,-0.0012611927692103,0.0006672759010324,0.0022613972202518
2019-09-13,0.0001251917630033,-0.0061395876238705,0.0030729844937778,0.0051004584591159
2019-09-16,-0.0029563992726786,0.0026003054551452,0.0635357520550255,-2.444480944969109e-05
2019-09-17,0.0014791291900857,0.000491442183802,-0.0277265992698876,-0.0009136472483851
2019-09-18,0.0003402005065731,0.0017962774098743,-0.0080776214136129,-0.0031916833649774
2019-09-19,0.0013326163447881,0.001467166962785,-0.002583853029964,-0.0039869913572647
2019-09-20,-0.0038384759834672,0.0003830957761825,-0.003241163933822,0.0021366954509578
2019-09-23,0.0001013832441785,0.003226069751985,0.0058389534093491,-0.0005321584078392
2019-09-24,-0.0064212511411432,0.0031980916176413,-0.0111056007443663,-0.0019012390257213
2019-09-25,0.0019568231558301,-0.0028438661687229,-0.0059011768317833,0.0007467459831783
2019-09-26,0.0002820261509223,0.0012196866743875,-0.0047504167144939,-0.0025271631961488
2019-09-27,-0.0030381649480111,0.0003219812634812,-0.0052207766953437,-0.0042269878522328
2019-09-30,0.0039297219812987,-0.0005329985599977,-0.0144718771438015,-0.0017204693739748
2019-10-01,-0.0111471532107025,4.375009032602149e-05,-0.0041084372584976,0.0011726912466566
2019-10-02,-0.0199996425503378,0.0019422713529509,-0.0116046042113511,-0.0022637373887693
2019-10-03,0.0056769112985795,0.0039281041200957,0.0031341857576637,-0.0011602123569174
2019-10-04,0.0108935426549547,0.0011656587634128,0.0055033061605359,0.0020919334825383
2019-10-07,-0.001327829234971,-0.0017277570703949,-0.0011294050928759,0.0007780274353288
2019-10-08,-0.0116536997038402,0.0007487912639736,0.0004022001428536,-0.0024538415574448
2019-10-09,0.0067430129348682,-0.0023144655634762,-0.0011406755987122,0.0012383441458861
2019-10-10,0.0071373883448749,-0.0040398704529607,0.0026834201809786,-0.0010414665795348
2019-10-11,0.0109463748826341,-0.0051976244093749,0.0169717718488755,0.0080719502248947
2019-10-14,-0.0017016205824921,0.0018688853867698,-0.0055135645807676,-0.0017603935883933
2019-10-15,0.0103091372731429,-0.0028901747696268,-0.0011175545641683,0.0013615643355205
2019-10-16,-0.0005869504428399,0.0006363741421793,0.0009321146420837,0.0011769379154793
2019-10-17,0.0012665581351495,-0.0003896123795813,0.0041215732794303,-0.0018297421880076
2019-10-18,-0.0033123785857009,1.7219318780831416e-05,9.492325027742597e-05,0.0045753673885341
2019-10-21,0.0055007245308485,-0.0027777074444885,-0.0090863561927057,0.0011126045360437
2019-10-22,-0.0022896358236532,0.0017159340163083,0.0063663480302073,0.0002261535683491
2019-10-23,0.0029332338860404,0.0005827872952722,0.0091964133837308,0.0001238353833756
2019-10-24,0.001567673268574,0.0005816838715063,0.0061856756512372,7.837734575982904e-05
2019-10-25,0.0043628552187057,-0.0021110573261654,0.0026508641321806,0.0023217806897358
2019-10-28,0.0046011331769024,-0.0030103731485631,0.0019821025912325,-0.0007729616765539
2019-10-29,-0.0002102020246082,0.0004652863512187,0.0043767828220184,-0.002600890621063
2019-10-30,0.0026499837704953,0.0014478249680881,-0.0020336832594176,-0.0009317365229783
2019-10-31,-0.0032633366550043,0.0045588335232976,-0.0104023517303346,-0.0041690320772287
2019-11-01,0.0069043747395741,-0.0013125029519997,0.0222488773465724,0.0026761794899404
2019-11-04,0.005253123030322,-0.002537723034149,0.0102344045600023,0.0045954781295674
2019-11-05,0.0008827486054458,-0.0039990901495901,0.006432340698167,0.004141062451151
2019-11-06,0.0011015997780232,0.0009329046253876,-0.0110056677357355,-0.0003863170895557
2019-11-07,0.0036180463396658,-0.0050907294129832,-0.0001292121974088,0.0054753779402898
2019-11-08,0.0007402002698169,-0.000632437864203,0.0003504826909636,-0.0027949314173918
2019-11-11,-0.0011236336653964,-0.0003291645572669,-0.0134573360658335,0.0019915852197702
2019-11-12,0.0026076518198462,-1.3810605510677084e-05,-0.0004940510670952,-0.0026075844219244
2019-11-13,-0.0008226785839462,0.0025844527310577,-0.0007244320397062,-0.0011295054654847
2019-11-14,-0.0007005128893712,0.0028202462350227,9.28365610059562e-05,-0.0045261537475589
2019-11-15,0.006311763817688,-0.0006637949914482,0.0075654523419096,0.0003038105475741
2019-11-18,0.0008013220864961,0.0010539208243925,-0.0154547415774115,0.0002097228457268
2019-11-19,-0.0007803841120416,0.0006212755482742,-0.0131297244845419,0.0014373567820471
2019-11-20,-0.0035595623183253,0.0021212660516439,0.0127316861212944,-0.0015461416552553
2019-11-21,-0.0021774217300964,-0.0016685944039448,0.0106772247102092,-0.0002719800490184
2019-11-22,0.0028639427613601,-2.3160578456431337e-05,0.0020812788032554,0.0006861740315652
2019-11-25,0.0069648644212298,0.000362098938448,-0.0050255215131196,-6.942319512320682e-05
2019-11-26,0.0030012834647649,0.0014150659788033,0.0006182730444107,-0.0009718000026323
2019-11-27,0.002864361703359,-0.001220953574431,-0.0048385773693206,0.0011798414767311
2019-11-28,-0.0004108374037753,-0.0003829394940669,-0.0005912771128388,-0.0010564643076872
2019-11-29,-0.0033227568487718,-0.0008867695695674,-0.0313825207348963,-0.0014097756228988
2019-12-02,-0.0087924902442763,-0.0042639777897454,0.0050937581220412,0.0014460481933554
2019-12-03,-0.0080523620247846,0.0054334012320129,0.0064245343101121,-0.0017767783559552
2019-12-04,0.0051845868993258,-0.0024755397043691,0.0126319763400978,0.0046860566644222
2019-12-05,0.0019224156424666,-0.0014801110029808,0.0041911852174892,0.0004593299576644
2019-12-06,0.0092419334308674,-0.0019751932708489,0.0015694658943456,0.0026955558800141
2019-12-09,-0.0031755605126162,0.0005380228084931,-0.0056800066490923,-0.0013965355191492
2019-12-10,-5.824314832452416e-05,-2.36727623342762e-05,0.005855856560014,-0.0003518563575773
2019-12-11,0.0020395606422161,0.0014911618998587,-0.0063737353940866,0.0005691122036327
2019-12-12,0.0070386021590927,-0.0041105484428377,0.0125217023336479,0.0028873689227275
2019-12-13,0.0035703735601105,0.0030876043917091,0.0054988655063742,-0.0013236690920374
2019-12-16,0.0078995140918354,-0.0025354112169291,0.0102931072585519,0.0028844160670044
2019-12-17,-0.0009777719032569,0.0003581846961371,0.0031238816745646,0.000194035954377
2019-12-18,0.0003739610032579,-0.0020406931330936,-0.0036382956045256,0.0034144724969957
2019-12-19,0.0028776370829,-0.0002804165507108,0.0032039633876661,-0.0022394391266587
2019-12-20,0.0038405385513313,-0.0002799393417251,0.0011437363537727,9.234310046466998e-05
2019-12-23,0.0007046349449985,-0.000762956340449,-0.0064688408031063,-0.001112242135639
2019-12-24,-0.0001279892078932,0.0010380501293969,0.0039023226348454,-0.0010598486918392
2019-12-25,-0.000134012973588,0.0003989935449874,,0.000806111374422
2019-12-26,0.004315376393633,0.0002862312661003,0.0128499754923506,-3.6005883056495804e-06
2019-12-27,-0.0010884776880508,0.0013688082860937,-0.0019363402746391,-0.0029962063156404
2019-12-30,-0.0052366476465076,-0.0019491140561229,-0.0035286363563728,0.0005973260883771
2019-12-31,0.000764163581082,-0.0003910897110285,-0.0066895784616601,0.0028677731254926
2020-01-02,0.0079565072823981,0.0016845815870527,-0.0027480275781598,0.0038888353595267
2020-01-03,-0.0055122968384564,0.0045538976204512,0.0104927894761059,-0.0031399486356608
2020-01-06,-0.0005196387664559,-0.0004059058990088,0.0034511427922564,-0.0011226654626237
2020-01-07,0.0002761662580968,-0.001099859908303,-0.0019608742604957,-0.0032595590776388
2020-01-08,0.0046195426156472,-0.0017921045556716,-0.0197494101649882,0.0009865349396592
2020-01-09,0.0060930326990805,-0.0001672768790848,-0.0008461843079339,0.0007194899309022
2020-01-10,-0.0020783181913041,0.0011592792185924,0.0011383166294842,-0.0003152041033601
2020-01-13,0.0051048875785835,-0.0011825477626123,-0.0084586752708008,0.0010835529181327
2020-01-14,0.000725150524659,0.0009010052018393,0.0016821879201394,-0.000121660349315
2020-01-15,0.0010399593737476,0.0018230222987467,-0.0089419995375915,-0.0001434352811451
2020-01-16,0.0053563723783836,-0.0007255451225379,-0.0025740857193965,-0.0009542157147952
2020-01-17,0.0039817658791548,-0.0001112368280341,-0.0022350029074818,-0.000461119600397
2020-01-20,-6.643955075588195e-05,-1.0585776813379665e-05,0.0017078099375377,-3.5179540193581486e-05
2020-01-21,-0.0025892057481315,0.0030352689034477,-0.0130023091008856,-0.0014914277465851
2020-01-22,0.0001872663547817,7.823816640356964e-05,-0.0110087231598797,0.0030258139430882
2020-01-23,-0.00106871308707,0.0026418173102565,-0.0084881849105319,-0.0070571768480189
2020-01-24,-0.004762858284949,0.0023283335506408,-0.0171197075247668,-0.0017727448403475
2020-01-27,-0.0173283148305692,0.0047477258310742,-0.0158778329729786,-0.0052860506479633
2020-01-28,0.009686895589853,-0.0015059442839646,0.0062580906305605,0.0015740109876208
2020-01-29,-9.721034389131672e-05,0.0022503183734645,-0.0064766925897423,-0.0017673682954866
2020-01-30,-0.0001066624880475,0.0019468494263661,-0.0174920273776304,-0.0012508000509616
2020-01-31,-0.0157822638616032,0.0018950824665142,-0.0056571137459298,0.0016201394499396
2020-02-03,0.0044797900322118,-0.0004039677734952,-0.0186162514671372,0.0014325657446256
2020-02-04,0.0156258344580943,-0.0032886456683702,0.0028668690815183,0.0019417877416024
2020-02-05,0.0106565282426605,-0.0024966580036853,0.0120661909490985,0.001433771426079
2020-02-06,0.0055080307913542,-0.0003510992360679,0.0023954041415403,-9.141301072062925e-05
2020-02-07,-0.0053078841151732,0.0029285911562839,-0.0036854639189498,-0.000317219327288
2020-02-10,0.0052113764163833,0.001747468022953,-0.0161840151957259,-0.0015477150247295
2020-02-11,0.0028652575895532,-0.0018655871538568,0.0057250528800631,0.0011970717537138
2020-02-12,0.0064930666354862,-0.001754628140832,0.0185193950996485,0.0017992858965763
2020-02-13,-0.0014805379372329,0.0004178995043597,0.002136119227797,-0.0001245353033255
2020-02-14,0.000404641925528,0.0008359225744804,0.0043031662766626,-0.0001499060690152
2020-02-17,0.0003431286091202,0.000153780096684,0.0009568396052865,-0.0014694214706372
2020-02-18,-0.0045391406203736,0.0012546230373266,0.0111496166469041,-0.001224066536315
2020-02-19,0.006172116006285,-0.0004088408783069,0.010583703920932,0.0011318455057264
2020-02-20,-0.0042438742593358,0.001851199430446,-0.0048935801845763,-0.005784065887924
2020-02-21,-0.0086272564837425,0.0023697616276784,-0.0055612336023343,-0.0003151335720347
2020-02-24,-0.0314031137754538,0.0034386029904085,-0.0291960155820418,-0.0059402406616291
2020-02-25,-0.0257924852839483,0.0028172277788528,-0.0119228204824926,-0.0024208816184768
2020-02-26,-0.0065975929144482,0.0005317763410594,-0.0149264157191655,-0.0014283625225145
2020-02-27,-0.0417821443258089,0.0011678145516744,-0.0237479346882997,0.0005440860954337
2020-02-28,-0.0123776319876313,0.0063929881212734,-0.0250174586913043,-0.0104042594611751
2020-03-02,0.0288176771666148,0.0012574811173303,0.0304000630598274,0.0039437432052516
2020-03-03,-0.0142198356707007,0.0033727554416955,0.0087648403025079,0.004065364927891
2020-03-04,0.0304890785298471,0.0018816503257234,0.0008114249737439,-0.0026433719259708
2020-03-05,-0.0236528852296236,0.001850507349465,-0.015322560968641,-0.0029108554310027
2020-03-06,-0.0221867400807487,0.0073339695337433,-0.0504593074361864,-0.0025030999464755
2020-03-09,-0.0733252833871893,0.0062733407904368,-0.0914073422645788,-0.0388086808284277
2020-03-10,0.0310188719132534,-0.0091040214780125,0.0514804407719089,-0.0108540193973949
2020-03-11,-0.0358016016810168,0.0001690898829531,-0.0196655021230079,0.0080897808024705
2020-03-12,-0.0982934774063735,-0.004924998056079,-0.0427894922431515,0.0061410804596956
2020-03-13,0.0649941322330487,-0.0083977825490596,-0.0034402262099538,-0.0100292837817775
2020-03-16,-0.0849277071154063,0.0014678855253027,-0.0649683686723472,-0.0201719391166195
2020-03-17,0.0299893845654504,-0.0098906150794335,-0.0221586721542431,-0.0005216971513081
2020-03-18,-0.0357195844986344,-0.0107408744044379,-0.083349015138389,-0.0112413758959675
2020-03-19,0.0025765418758134,0.0048195443436678,0.0813427016063087,-0.0153627713965466
2020-03-20,-0.0265212328728125,0.0103897892460727,-0.0286635893876288,0.0309204835059107
2020-03-23,-0.0287948611345345,0.0071909021903132,0.0002084574137366,0.0028202693093051
2020-03-24,0.0938984120177081,-0.002106820938977,0.0275349825010249,0.0183112039299342
2020-03-25,0.0215575100645808,-0.0007884522892584,0.0142080910065724,0.0009892335531988
2020-03-26,0.0407182189081787,0.0064094123552035,-0.0265581472296206,0.0073033419694197
2020-03-27,-0.0291684123549495,0.00242965376392,-0.0157194669717799,0.0066157689871823
2020-03-30,0.0281570469812524,0.0027328706141793,-0.0243637146402535,-0.0116272745375457
2020-03-31,-0.0070770946480162,-0.002050034516776,-0.0022669335163435,-0.0082607604773005
2020-04-01,-0.0436755218913923,0.0018186504693956,-0.0363982471144988,-0.004931918142564
2020-04-02,0.0207588438208389,-0.0008246177599277,0.0779000924178734,0.0150250591367414
2020-04-03,-0.0122628323900774,0.0003176136298659,0.0419377774785226,0.00398600212817
2020-04-06,0.0584066891211017,-0.0033147032285847,0.0056467646417238,0.0059235443057219
2020-04-07,0.0050678537868012,-0.0038751514987072,0.0040414813679026,0.00874607374876
2020-04-08,0.022803328759378,-0.0003504309810124,0.0058562622222066,-0.0048137624659368
2020-04-09,0.0179250295895054,0.0028235784065636,-0.0116132004084889,0.0031018612555692
2020-04-10,-0.0005770169459266,0.0002017186115802,,-0.0018436361302615
2020-04-13,-0.0061388985742331,-0.0006940118535929,0.0043515316143321,0.0039653157928473
2020-04-14,0.0244443004740891,-0.0001791988477523,-0.0222120520127586,0.0044259087082566
2020-04-15,-0.023894331847772,0.0036937740603511,-0.0307742334645805,-0.0083907161628306
2020-04-16,0.0028966233433398,0.0009883977942571,0.0071668949141579,-0.0098863066221694
2020-04-17,0.0274476255037303,-0.0011863217692207,0.0040771420142428,-0.007698655967743
2020-04-20,-0.014288100713922,-0.0005532559705876,-0.0332700552957507,-0.0002342850107414
2020-04-21,-0.0268892732609182,0.0002676791775155,-0.1297966314216063,-0.0031938693856637
2020-04-22,0.0173711769473981,-0.001314817758826,0.0525195496927126,0.0097611967413456
2020-04-23,0.0007763535398491,0.0008325320538939,0.03029277949691,0.0011306437584226
2020-04-24,0.0092785267841076,0.0017877160217448,-0.0102797047125515,0.0044203269391041
2020-04-27,0.0159994804793187,-0.0010877225430167,-0.051484822166853,0.0060526832335292
2020-04-28,0.0033931642328237,0.0019066022535519,-0.0008693290738703,-0.0042849081035915
2020-04-29,0.0228444600563139,0.0001787139218769,0.0474895754451355,-0.0001841523147069
2020-04-30,-0.0129529485549862,0.0014017377792669,0.0720244000476797,-0.0003123718881215
2020-05-01,-0.0231655384394721,-0.0010024442482822,-0.0037935514480772,-0.004607772605266
2020-05-04,-0.0037650360658126,0.0001636681933676,0.0176756810009977,0.0013407978273695
2020-05-05,0.0123709876924452,-0.0007875099638567,0.0622209241277044,-0.0020593400306588
2020-05-06,-0.0068895382591412,-0.002685645649038,-0.0276649626684482,0.0026885320571702
2020-05-07,0.0136636561966953,0.0031967555432597,0.0010509496321241,-0.0055989065585361
2020-05-08,0.0149099385641458,-0.0005211234541994,0.018628121450426,0.0030913218413039
2020-05-11,-0.0001116100296038,-0.0023005927321624,-0.0173465579977474,0.0034134986876201
2020-05-12,-0.0173003173294809,0.0015540059887305,-0.0024402804087058,-0.0025308642860469
2020-05-13,-0.0140025254191323,0.0016812723452629,-0.025672835593106,-0.0044134017946334
2020-05-14,0.0020169493158852,0.0007396990410722,0.0321820876413042,-0.0025009482912865
2020-05-15,0.0024295055251586,-0.0005958074187219,0.0172845989735029,0.0040377071594247
2020-05-18,0.0338174355566095,-0.0023085416182381,0.0491316213976839,0.004677756715447
2020-05-19,-0.00568782207545,0.0008888638317749,0.0012694565257353,0.0004223515410929
2020-05-20,0.0138858259779749,0.0011420963414884,0.0111808346994895,0.0019570922633409
2020-05-21,-0.0092668341624923,0.0008824598159052,-0.0042043977073879,0.0008649106129764
2020-05-22,0.0021419286247254,0.0006787094055736,-0.008802778640136,-0.0035652802026521
2020-05-25,0.0052371489208618,-1.364269991753613e-05,0.0040428778016395,-0.0054271696495255
2020-05-26,0.0139743959647891,-0.0015225051852561,0.0164271346264475,0.0087108822801732
2020-05-27,0.011567194083091,0.0011610773015547,-0.022831524246263,-0.0023872455669437
2020-05-28,0.0056528596292157,-0.0004054473755797,0.0005612920403118,0.0079946676020413
2020-05-29,-0.0035175772938288,0.0014650919029372,0.0236433102898404,-0.0030598625303074
2020-06-01,0.0068675730637204,-0.0007821660275365,-0.0033345524363345,0.0014368723087545
2020-06-02,0.0092192867984809,-0.0006415320232624,0.0184907775175256,0.0003996242821456
2020-06-03,0.0166176471059393,-0.0040218142091405,0.0061454243331284,9.602408913514227e-05
2020-06-04,-0.0024376876959505,-0.0014893459012702,0.0053312846626101,0.003961023580721
2020-06-05,0.0231444596003548,-0.0037694314044766,0.0251480227733589,0.0059108190481168
2020-06-08,0.0097228647528613,0.0017030571525904,-0.0106979200330832,-0.0016652605691896
2020-06-09,-0.0072650305709761,0.0019245464254361,0.0034328454032171,0.0011292884376243
2020-06-10,-0.0056281588063244,0.0030020476154175,0.0067686031200537,0.000454539227381
2020-06-11,-0.0493255074344999,0.0043732610059862,-0.032795870180951,-0.0063294389666424
2020-06-12,0.0047168446774245,-0.0008190827693847,-0.0071830463778672,-0.0017613283156591
2020-06-15,0.0058578621057028,0.0003180352267568,0.0047398708698132,-0.0013508796739109
2020-06-16,0.0223887794028831,-0.0012863122431306,0.0102036962422143,0.0032231605614012
2020-06-17,-0.0008237007939966,0.0007871542260702,0.001126158167602,0.001780108368625
2020-06-18,-0.0039124376960865,0.0011284029978999,0.007439699915317,-0.0018323847493066
2020-06-19,-0.0063729370791313,-0.0001394367848301,0.0101581924825948,0.0042450129724235
2020-06-22,0.0094905172869303,0.0006786045853717,0.0065722588287442,8.424000486260047e-05
2020-06-23,0.0056029040536641,-0.0001344268356767,-0.0066644957653183,0.0058413163835884
2020-06-24,-0.0215612291435652,0.0006716593979538,-0.0307391629662137,-0.0037932231257909
2020-06-25,0.0053383990316015,0.000491373603262,-0.0066783436132631,0.0004508701131117
2020-06-26,-0.0146356757152164,0.0013531334839923,-0.0060319875251906,-0.0020015435744507
2020-06-29,0.0101977213130932,0.0003344125522308,0.0321141101606864,-0.0002234673193322
2020-06-30,0.0103441285486424,-0.0007857922939977,0.0067008759384073,0.0017456621004889
2020-07-01,0.0020466260568107,-0.0023545148850135,0.0031815261144134,0.0005945371861337
2020-07-02,0.0107177034004873,0.0014659445860927,0.0162586323412526,0.0049044037566431
2020-07-03,-0.0013660241454652,8.029917035024152e-05,-0.0013936531454586,0.000638162333449
2020-07-06,0.0143752640825189,-0.0006184719670047,0.0140108012504923,0.0041938000732633
2020-07-07,-0.0099043577943229,0.0012237841813292,0.0059467905756798,-0.0014074869746537
2020-07-08,0.0037062009378935,0.0003519226470278,-0.0011804997321333,-0.0019559455509349
2020-07-09,-0.0062570003713256,0.001570598872145,-0.013518668957239,-0.0025584006878731
2020-07-10,0.0094381798965999,-0.0008397626595858,0.0104590317272624,0.0003703508551035
2020-07-13,-0.0026268765851379,-0.0011834506508487,-0.008939452772231,0.0023422204579407
2020-07-14,0.0064291549593049,0.001667152071301,-0.0031860770270259,-0.0009152676921332
2020-07-15,0.0133237175257627,-0.0003587742085623,0.0134235635213786,-0.0003950315413318
2020-07-16,-0.007331718437862,0.0015612894213327,-0.0063241050465198,-0.0011926860900364
2020-07-17,0.0046373680666076,-0.0007283378428462,-0.0026744974212829,0.0079537074427409
2020-07-20,0.0072943875998845,0.0007477973416644,-0.0064076995938719,-0.0001661078434587
2020-07-21,0.0029214504384,0.0005876309260652,0.018551461888788,0.0012241637124943
2020-07-22,0.0007108540321057,0.0007830529653123,0.0020372912669383,0.0021939543040711
2020-07-23,-0.0081483438242082,0.0004008781873125,0.0051101230649379,-0.0009051041182237
2020-07-24,-0.0086151833639193,-0.000801174973653,0.0032042240202274,-0.0011066105397925
2020-07-27,0.0062069681563424,0.0002768380543344,-0.0038860980686956,-0.0020873768355383
2020-07-28,-0.0043092630941519,0.0008678988987298,0.0020040359189593,-0.0007058409407997
2020-07-29,0.0080944102603556,0.0002017127642876,0.0097340655117172,0.0008880880940266
2020-07-30,-0.0056113618279248,0.0017485568273063,-0.0211054596655531,0.0001976050279728
2020-07-31,-0.0006928292517974,-8.995803924556042e-05,0.003254326927084,0.0029385594757915
2020-08-03,0.0099053175532309,-0.0008715159722477,0.0353531429867181,0.0030961823887589
2020-08-04,0.0045324037897072,0.0024123846546771,0.0104403756933714,-0.0021140098574053
2020-08-05,0.0044597426112432,-0.0017694608918937,0.0092205690666072,0.0055674790418233
2020-08-06,0.0043464649894004,0.0007983169909636,-0.0042338127052682,0.0031891876629773
2020-08-07,-0.0001664197388927,-0.0010358381965233,-0.0066755344472046,-0.0010963632988197
2020-08-10,0.0026701562087356,-0.0001347818142389,0.0025460588491006,-0.0005570824146406
2020-08-11,-7.302869532646464e-05,-0.003846056773267,-0.0031992719670324,0.0023236966845055
2020-08-12,0.0114286529285129,-0.0011034698222499,0.0099379850484825,0.0012798698311741
2020-08-13,-0.0008909569901867,-0.0015196495078421,0.0016723444536061,0.0026613639045133
2020-08-14,-0.003520859715234,0.0003703520234655,0.0100103912567754,-0.00279130944739
2020-08-17,0.0040084953873694,0.0017710970510899,0.0115011461313856,0.0004138652747162
2020-08-18,6.685947962195869e-05,0.0007232138016567,0.0074689585541656,0.0017706429269211
2020-08-19,-0.0010379891971503,0.0001489400090083,0.0007802721539007,0.0032023627089065
2020-08-20,-0.0016213348671369,0.0009191449875754,-0.008678459030111,-0.0067416193482413
2020-08-21,0.0018244142525967,-0.0001545145750111,-0.0041589074187172,0.0011540723732228
2020-08-24,0.011371724661418,5.022476359620581e-05,0.0109779021087295,0.0068607958893144
2020-08-25,0.003543558930342,-0.0024603508432948,0.008913827831365,0.0006645839580198
2020-08-26,0.0082549285746772,-0.0006022404296526,-0.0022024935493408,0.0038636770370382
2020-08-27,-0.0003627862816935,-0.0016420096904539,0.0042210868627597,0.0004771357056249
2020-08-28,0.0017917080720677,0.000617621858105,0.0012404381090143,0.0041694259530964
2020-08-31,-0.0021686221321354,0.0004396594141715,-0.0059523631612235,0.0030925336413221
2020-09-01,0.004799884172017,0.0012552908694944,-0.0010840874838112,-0.0009673868710392
2020-09-02,0.0141772226203992,0.0020292286843186,-0.0160202281990288,-0.0055169433337025
2020-09-03,-0.0248333861367787,0.0013325925958183,-0.0075496930916811,-0.0042914800378274
2020-09-04,-0.0127323277448171,-0.0034029454223854,-0.006705404740117,0.0030304827747692
2020-09-07,0.0034313973485731,-0.0005021533281431,-0.0027648770230735,0.0004654661299549
2020-09-08,-0.0177739601032186,0.0023064110108755,-0.0329914964385979,0.0007695073467367
2020-09-09,0.0158039423584133,-0.0007076158321848,0.0109999799049618,0.0006554989431756
2020-09-10,-0.0121715994769701,0.0002040290289237,-0.0097859108142065,0.0020835677332599
2020-09-11,-0.0004988187593145,0.0017135915926728,-0.0007292873629623,-0.0050891429051559
2020-09-14,0.0110677745978016,0.0002427114185152,-0.0004291221952257,-0.000952183464709
2020-09-15,0.0059324193603237,-0.0001915761411024,0.0075418526075322,0.0023602214371563
2020-09-16,-0.0033756837702059,-8.90654358059743e-05,0.0150944990719326,0.0014275491402444
2020-09-17,-0.0075505059678885,0.0006723995961362,0.0083917207856501,-0.0033203402207698
2020-09-18,-0.0079555807024571,-0.0004588142752843,0.0061664068097248,0.0014035242079279
2020-09-21,-0.0160023809818024,0.0012990377280784,-0.0230705887253852,-0.0062389151785397
2020-09-22,0.006164016375583,0.0002692583077605,-0.0043354390113822,-0.0028383758346204
2020-09-23,-0.0133441790338596,-0.0003980793822123,0.0100641725187256,0.0015109466308503
2020-09-24,-0.0012820076238686,0.0003221136573338,0.005847407385503,-0.0024866326383041
2020-09-25,0.0107757593826605,0.0004644899666171,-0.0024619230133878,-0.0013352919512744
2020-09-28,0.0176955791768181,-0.0002234993614831,0.0053356156649809,0.0046792234845163
2020-09-29,-0.0029646857472851,0.0011741311881744,-0.0256071596101595,0.001724972135229
2020-09-30,0.0015976842978718,-0.0016755428971332,0.0119113517725854,0.0051944655179698
2020-10-01,0.0040769008565603,0.000223730514117,-0.0168300410176093,-0.0016443202658631
2020-10-02,-0.0069129686452599,-3.612400470049033e-05,-0.0203051193395281,0.0006288450904458
2020-10-05,0.0147528404437715,-0.0025581363300427,0.0335792545503091,0.003989527401843
2020-10-06,-0.0076957776611279,0.000221779869528,0.0154311544723934,0.0002547203217051
2020-10-07,0.0114897379657991,-0.001471609807491,-0.0017415156710008,-0.0001840788310619
2020-10-08,0.0087343919161236,0.0011802410607651,0.0130140294499902,0.0022385211032321
2020-10-09,0.0076242814808,0.000134950405529,0.0051226407226862,0.0067202298458472
2020-10-12,0.0128467694588214,0.0006315321593184,-0.0130337750937417,-0.0025081037836654
2020-10-13,-0.0063315769670267,0.0015541467491939,0.0050185247168606,-0.0028838081237072
2020-10-14,-0.0051568731852031,0.0004225246738909,0.0079398445309565,-0.0028597860484229
2020-10-15,-0.0052344018190435,0.0003225796779758,0.0039366154906633,-0.0004208853980983
2020-10-16,0.0001552515211519,0.0002781512385091,-0.0016477102137992,0.0020385023190977
2020-10-19,-0.0076750526475406,-0.0008928789341573,-0.0012716278131669,0.0017131130413036
2020-10-20,0.0008654420961341,-0.0012128319018838,0.0058265908255644,0.0001341741294381
2020-10-21,-0.0027036825058319,-0.0011795735438099,-0.0091334934671885,0.0010038347143024
2020-10-22,0.0029940764705968,-0.0017389252933501,0.0032837158804759,0.0024696376991024
2020-10-23,0.0019599480040799,0.0001226356550396,-0.0096905347491391,9.37847303757735e-05
2020-10-26,-0.0153013016176058,0.0014827675092063,-0.0119541007847156,-0.0040124074982142
2020-10-27,-0.0046435928278653,0.0016128876728856,0.0133581588198739,0.0004325048937271
2020-10-28,-0.0312845436244759,-0.0001291097907969,-0.028871040805946,-0.0023301799369826
2020-10-29,0.0074900506145251,-0.0011458596555625,-0.0151223729801381,0.0016347402776645
2020-10-30,-0.0091040960007924,-0.0012870333007002,0.0008804912743739,0.0004356654527902
2020-11-02,0.0123112014567512,0.0003834105768515,0.0069197909854842,-0.0004483800053447
2020-11-03,0.0182793974470076,-0.0010073063698661,0.0033198256834578,0.0020056231572269
2020-11-04,0.0201177844191304,0.0042790522708513,0.0173801750571822,-0.0068646686261041
2020-11-05,0.0183064440364872,-6.936225547525357e-05,-0.0026579856998555,0.0011561797925396
2020-11-06,-0.0004657961155324,-0.0016002444771569,-0.0171756841736228,-0.0027960993318658
2020-11-09,0.0200548534361469,-0.0058168503731346,0.0307091620678996,0.0073172935308661
2020-11-10,0.0020500690254189,-0.0014103880972602,0.0209089066128881,0.0037585923420262
2020-11-11,0.0089302670471261,0.0006332016782721,0.004966479092384,-0.000306259407017
2020-11-12,-0.008884460830263,0.0032296081763296,-0.0072375542482242,-0.0015883801765645
2020-11-13,0.0097105680998937,0.0003659352180828,-0.0084873387439155,-0.0012980746268421
2020-11-16,0.0125626849709377,-0.0002093124184833,0.002237941291572,-0.0014789162145992
2020-11-17,-0.0031389132507865,0.0012427798877929,0.0005795543631784,-0.0009274331055283
2020-11-18,-0.0081812351951212,-0.0002646705596485,0.007673494401107,0.0007597924219219
2020-11-19,0.001288232197574,0.000857503209689,-0.0101259917043342,-0.0022973911297679
2020-11-20,-0.004162467453041,0.0009299090926402,0.0097896304299105,0.0010695985972072
2020-11-23,0.0046067182763192,-0.0008105358959395,0.0111786931282341,-0.0001172178324348
2020-11-24,0.015202378537993,-0.0005224492205997,0.0235056896380542,0.0037610977118887
2020-11-25,-0.0005711289109055,0.0001511960930247,0.0079482530341104,0.0020397681837938
2020-11-26,0.0002496558816282,0.0003078184055957,-0.0014867838259344,-4.729772938066162e-05
2020-11-27,0.0025134779173819,0.0009770965659128,-0.0020944656615029,-0.0004520104677742
2020-11-30,-0.0052744175816018,-0.0005053655719042,-0.0050141663405573,0.0031907436766436
2020-12-01,0.0095514648724134,-0.003611135929678,-0.0053867793277945,0.0006721280093257
2020-12-02,0.0017466331431214,-0.0002532839318527,0.0012343535428096,0.0047167994333742
2020-12-03,-0.0005283889014938,0.0014581005620236,-0.009791345994891,0.0023064120846345
2020-12-04,0.0075231305834909,-0.0013162755696766,0.0083420875577413,0.0035672539704435
2020-12-07,-0.0020645218516248,0.0020855016230883,-0.0118726055610282,-0.0003456491145824
2020-12-08,0.0021352533057002,0.0011251901442526,-0.0027828889822747,-2.871770416450454e-05
2020-12-09,-0.0040837434596432,-0.000693931981744,0.0047469825252345,0.0011311503079133
2020-12-10,-0.0013555917357408,0.0013065180170287,0.0227464397666257,-0.0004743367722604
2020-12-11,-0.0034620582294682,0.0013820424083858,-0.0005289070988858,-0.003611976088093
2020-12-14,-0.0021277448744592,-0.0003243594644379,0.0085849702844559,0.0001289659019587
2020-12-15,0.0091839602702756,-0.0009520890447398,0.0073971558327152,0.0021901967829612
2020-12-16,0.0029731403011025,-0.0006888963857804,0.0043147541070708,0.0029267316865732
2020-12-17,0.0049071724390976,-0.0001309452271077,0.0076940137389639,0.0023213301575037
2020-12-18,-0.0026109238251125,-0.0003505485717314,0.0099533131174745,-0.0004210813904101
2020-12-21,-0.0084091898352716,0.0004268885047728,-0.0121494362632148,-0.0004532954331332
2020-12-22,-0.0003977430783021,0.0012074358396983,-0.0040888564936109,-0.0022171126063614
2020-12-23,0.0029721184582331,-0.0021474497874498,0.0056717103594178,0.0043452591664617
2020-12-24,0.0032968125006148,0.0003002155077562,-0.0038332887400626,-0.0020988570728982
2020-12-28,0.0080281181131524,0.0007696414650858,-0.0156243459840257,0.000279916534771
2020-12-29,0.0016234913225755,0.000445192418441,0.0135896149607893,-0.0021875459016306
2020-12-30,0.0001644725173169,5.769595505685418e-05,0.0048648119018254,0.0002852421320796
2020-12-31,0.0030265472261423,0.0005949470904349,0.0099723771312361,0.0026998623779568
2021-01-04,-0.0090522341490931,0.0004268444352432,-0.0011997170579375,0.0008888604972653
2021-01-05,0.0040852196598968,-0.0011101311782399,0.0339365634489448,0.0021205209125394
2021-01-06,0.0078824641544658,-0.0031191329490559,0.005239731295852,0.0032637891885328
2021-01-07,0.012831820858799,-0.0014790564666061,0.0014002053990037,0.0041395058528188
2021-01-08,0.0063884657178,-0.0009888742514556,0.0069139148015097,-0.0025700846945954
2021-01-11,-0.0056083521438738,-0.0013741359749116,-0.0010158032301917,-0.0019500483974255
2021-01-12,0.0003365214069312,-0.0012037998276213,0.0149056622061465,0.002483262829326
2021-01-13,0.0022954383020035,0.0028441221343137,-0.0028076604628169,-0.0016653047936001
2021-01-14,-0.0003572851371867,-0.0008502875265683,0.0043135055843265,0.0004714184287414
2021-01-15,-0.007806775567035,0.0012630084569683,-0.0077961100948888,0.0022785571050684
2021-01-18,-0.0003949265990391,-0.0004554472619008,-0.0011424262958466,-0.0003238010588193
2021-01-19,0.0063194983765657,0.000786095693404,-0.0063100350420773,0.0027384369813178
2021-01-20,0.0108858630930038,-7.380522671501767e-06,0.0029730555569231,-0.0003944276851104
2021-01-21,0.0004553639314332,-0.0013328656506465,-0.0025043427994741,0.0021457977364773
2021-01-22,-0.0036556201978665,0.0003473355345699,-0.0143338742907231,-0.0011080911843201
2021-01-25,0.0014447127341896,0.0023576456425557,0.0156933786970465,-0.0012958177300881
2021-01-26,-0.0006311617971421,0.0001553841928017,0.0065017746148898,-0.0014468994966643
2021-01-27,-0.0205176593084993,0.0006601342860837,0.0033288808936137,-0.0025029234393982
2021-01-28,0.0052034517358375,-0.0010578855970789,-0.0078182116691313,0.0049124568927901
2021-01-29,-0.0188574726037568,-0.0016578450323936,-0.0049613988287324,-0.0014524528953517
2021-02-01,0.0155646870489798,0.0005746281649121,0.0292876408563242,0.0017412960742543
2021-02-02,0.0131903400552617,-0.0015426886476433,0.0066868867719277,0.0054458535676392
2021-02-03,0.0021803486529662,-0.0005458116812516,0.0070680440326642,0.0013880278663951
2021-02-04,0.0077874234969366,-0.0004477789199052,0.0089570914742574,0.000995546091758
2021-02-05,0.0042834766500995,-0.0007470495765617,0.0049466262284803,0.0021044920646915
2021-02-08,0.0077385173060046,-0.0002386189082197,0.0140521546838482,0.0004301930005605
2021-02-09,-0.0004944527516259,0.0003329641857535,0.0023007231966584,8.932352788455318e-06
2021-02-10,-0.0006231112228263,0.0005882889603629,0.0017272263731406,-0.0010083392189769
2021-02-11,0.0021343889973466,0.0003387631911583,-0.0030295204481835,-0.0035690692753026
2021-02-12,0.0045126346220552,-0.0017234484913141,0.0113920706072701,0.0020020851306885
2021-02-15,0.0043410895109054,-0.0013148056347345,0.0039860823595958,0.000930731390506
2021-02-16,0.0004781128480071,-0.0035696093915245,0.0134047121435688,0.0019024886768208
2021-02-17,-0.0019815168628474,-0.0004829647348685,0.0076579913863632,-0.0020156432196305
2021-02-18,-0.0052052284720149,-0.0003218245685694,-0.0030921966866173,-0.0033443254598077
2021-02-19,-0.0004569196451095,-0.0023903981232354,-0.0029748710811927,-0.0051106738798301
2021-02-22,-0.0056293673735246,-0.0004466830546782,0.0162907308620948,-0.0006543835112352
2021-02-23,0.0003493308874791,-0.0002765650000329,-0.0022976588343135,-0.000553045817724
2021-02-24,0.0079711967338062,-0.0017350043620295,0.0113074650178929,-0.0019133536825917
2021-02-25,-0.0158609195012715,-0.007557064659734,-0.0024043266921572,-0.0016139813668451
2021-02-26,-0.009624021390345,0.0001111222290974,-0.0197349794043031,0.0014362763151813
2021-03-01,0.021136803738273,0.004024374845167,-0.0071855468751686,0.0049449790263451
2021-03-02,-0.00489411416174,0.0020411881909281,0.0014835248860796,0.0039874965105569
2021-03-03,-0.0082783403873312,-0.0030359857940922,0.0028661082251271,0.0021963818151856
2021-03-04,-0.0111694774853162,-0.0024602434566217,0.0086852025040847,-0.0005316072449707
2021-03-05,0.0118346850617921,-6.490391455397094e-05,0.0149952805712209,0.0004196377400734
2021-03-08,0.0007046995379506,-0.0022119199534427,-0.0080269312408743,0.0002750259995581
2021-03-09,0.011746265183645,0.0022298636769997,-0.0038264112094597,-0.0021059826589209
2021-03-10,0.0047018393940308,0.0012861876628139,0.0016577034081909,0.0056797128586356
2021-03-11,0.0089012244631993,0.0010493251137652,0.0125267772935863,0.0030647157505472
2021-03-12,0.0020308136593009,-0.0045775548392711,-0.0053120391287512,0.0009182800429604
2021-03-15,0.0044040272534431,0.001442833855171,-0.0072083988672063,-0.0009500613959186
2021-03-16,0.0007354962918136,0.0002279465011317,0.0011986526234905,0.0048703381901739
2021-03-17,0.0017393072492248,-0.0006949176648219,-0.0058744356274938,-0.0009256771079372
2021-03-18,-0.0084788770332591,-0.003716798742663,-0.0339935270881942,-0.0003394185705695
2021-03-19,-0.0039829993746573,0.000375541314352,0.0134645588189947,-0.0003423780508896
2021-03-22,0.0042666218114286,0.0022488424752914,0.0049841843294884,0.0009699517256223
2021-03-23,-0.005983993186749,0.0022943607206845,-0.0281523195843898,-0.0004284765458528
2021-03-24,-0.0047264334508091,0.0013937126895768,0.0240469383828067,0.0011470271677298
2021-03-25,0.0042788877762455,0.0005508566969178,-0.018967609357315,0.0015349416455712
2021-03-26,0.0145151857125923,-0.0019312209098302,0.020215981996229,0.0027860184096328
2021-03-29,-0.0008415978699554,-0.002201710524044,0.0021968643889352,-0.0033944270746241
2021-03-30,0.0004648140893162,-0.0020569929366362,-0.0119847040042514,0.0014301501298653
2021-03-31,0.0020923439874736,-0.0008098253498444,-0.0011584426109802,0.0025668034815464
2021-04-01,0.009476990757497,0.0024833452436509,0.0115724637063171,-0.0054831402453745
2021-04-02,0.0012083987510651,-0.0016450465152944,,0.0014382735185661
2021-04-05,0.0103125600119568,0.0004463196577946,-0.0217607340556384,-0.0014137114129967
2021-04-06,0.0002926021123487,0.0021626461050415,0.006302972225683,-0.001876569205676
2021-04-07,0.0012090655939732,0.0007471386918603,0.0049116847367657,0.0005241279542449
2021-04-08,0.0043619248795153,0.0011811769842816,0.0050398588312294,-0.0010461323175972
2021-04-09,0.0053967540362412,-0.0020018903781526,-0.0027133895458103,0.0014917715520317
2021-04-12,-0.0010124760869036,-0.0005558043846365,0.0004622631960997,0.0006081916903511
2021-04-13,0.0026514071394485,0.0015601605428836,0.0087713447922964,0.0016682728313801
2021-04-14,-0.0020645959967589,-0.0007059431149825,0.0243380273994216,0.0009826729341756
2021-04-15,0.0086761035880774,0.0037382745368426,0.0071623754041256,-0.0012510761976336
2021-04-16,0.0039259919646494,-0.0016963527117739,-0.000275870232159,0.0049103365676644
2021-04-19,-0.0038928446076751,-0.0007257354706656,0.0055138770932464,-0.0019191538883969
2021-04-20,-0.0099798786404399,0.0013685466438122,-0.0024058178230117,-0.0015945339254698
2021-04-21,0.0065501846740198,0.000349452583201,-0.0044327648616057,0.0013573334631081
2021-04-22,-0.0035595831105942,0.0002781809509989,0.0081179339158868,0.0004948394186877
2021-04-23,0.0069789087639071,-0.0008560645126698,0.0058919829462132,-0.0010965126610149
2021-04-26,0.0023129343106508,-0.0005092346222202,0.0089163699418731,0.0022299103552543
2021-04-27,-0.0010702384922884,-0.0015489383476454,0.010742831293699,0.0044763859380948
2021-04-28,0.0007603929653653,-0.0002789202143801,0.0066776239746191,0.0036245666597356
2021-04-29,0.0040298060601043,-0.0013292153822504,0.0029375510967632,0.0008829298842585
2021-04-30,-0.0061833760752381,0.0002330049394669,-0.0031880434851744,-0.0033486471958199
2021-05-03,0.0026819518230443,0.0014738173823289,0.0077147063695541,-0.000735065235882
2021-05-04,-0.0068110292176794,0.0009557531134,0.0113401973104475,0.0003500014505366
2021-05-05,0.0039987123035365,0.0001490981735121,0.003695974535494,0.0051485740444989
2021-05-06,0.006696512378037,0.0008361642447573,-0.0003813415858634,-0.0003562976637939
2021-05-07,0.0072888328361875,8.187797319202193e-05,0.0079584652744017,0.0045725368728386
2021-05-10,-0.0063076884295716,-0.0007457379444897,-0.0041509928662673,0.006002963241708
2021-05-11,-0.0125193393353349,-0.0016695294253116,0.0070677915657534,-0.0028956324898005
2021-05-12,-0.0150500288833752,-0.0030490682183216,0.0049682801522637,0.0028138422299787
2021-05-13,0.0062403506986674,0.0005663326340912,-0.0244067547245777,-0.0033780891008348
2021-05-14,0.014767088085835,0.0011299276747532,0.0072501434144562,0.0009334076823849
2021-05-17,-0.0022914801299015,-0.0003837712023178,0.0165803369756397,0.001977215841207
2021-05-18,-0.003554413706501,0.0002850592546401,-0.0053048150162091,0.0003346597865252
2021-05-19,-0.0063581795316209,-0.0012592028587539,-0.0227822468355916,-0.0023209851327616
2021-05-20,0.0101112361078913,0.0019934528281781,-0.0105406091116171,-0.0063567714633232
2021-05-21,0.0011963623456889,0.0003369267130386,0.0051543329701435,-0.0007178711789781
2021-05-24,0.00783150925979,0.0011193527210511,0.0123980157503676,-0.0003045249603127
2021-05-25,-0.0003487483642982,0.0021974867730186,-0.0010014029497853,0.0012423080612574
2021-05-26,0.0012861052531105,0.0007486230756601,0.0049981456169433,-0.0038208392073487
2021-05-27,0.0012470914403424,-0.0016126406319209,0.0077897630267063,0.0006693537725399
2021-05-28,0.0033018453483371,0.0005808261705904,-0.000636656318863,0.0032973688262668
2021-05-31,-0.0014506269157651,-6.030948032717263e-05,0.001498695452759,0.0008772642554584
2021-06-01,0.0008676105841685,-0.0006722900305022,0.01756200366182,0.0011518752257354
2021-06-02,0.0021708032406038,0.0009893611730784,0.005728709692536,-0.0002509986298757
2021-06-03,-0.0021083779726672,-0.0015881855755593,-0.0083988062733685,0.0008091677414458
2021-06-04,0.0062536980504414,0.0029824702863073,0.0137992678214401,-0.002420728829942
2021-06-07,0.0002985060938124,-0.0005824324134949,-0.0032300660441951,6.431635939222178e-05
2021-06-08,0.0003523207111613,0.0021752997672427,0.0091325764175582,-0.0030907573797683
2021-06-09,-0.0016582686140767,0.0021964283720231,0.0002625531428474,-0.0052081713967646
2021-06-10,0.0035625775753775,0.0010339348409724,0.004132879945014,0.0014339757094532
2021-06-11,0.002551337012551,0.0006973123004491,0.0058585296189038,-0.0009246693628169
2021-06-14,0.0026063813184495,-0.0017478153141013,-0.002235810927264,0.0005755163207068
2021-06-15,-2.397661304752937e-05,-0.0004165538407544,-0.0051512718600673,0.0031447960523516
2021-06-16,-0.0038188202619939,-0.00288968553347,0.0003385934022577,0.0031488245716009
2021-06-17,-0.0009627231058027,8.280651902391436e-05,-0.0252828835022985,-0.0207747317303014
2021-06-18,-0.0127760698055881,0.0013056024994483,0.0072622558945669,0.0043165910100648
2021-06-21,0.0090552213149464,-0.0003572126067168,0.0084897389572912,0.0023038668756784
2021-06-22,0.006058307095293,-1.037119287045844e-05,0.0025536865986213,0.0043057302338068
2021-06-23,-0.0020829364766449,-0.0004578046352279,0.0087410078745175,0.0060702271488463
2021-06-24,0.0057209925510533,0.0003526778732393,0.0033790676060884,-0.0010827737453381
2021-06-25,0.0033769149120797,-0.0020851725377557,0.0046263833854154,0.0045557411078624
2021-06-28,-8.463015039638462e-05,0.0022548982833531,0.0028134524728585,-0.0043457208158883
2021-06-29,0.0006017641786682,9.565655160369994e-05,0.003307682950133,0.0010551634513524
2021-06-30,-0.0004007548511999,0.0016425834524898,0.0117165923681059,0.0009274234986223
2021-07-01,0.0041014285415158,-0.0005788419416649,0.0070142021648638,0.0007120202951805
2021-07-02,0.0055879672113562,0.002271681227941,0.0039270239975206,-0.0002628660497487
2021-07-05,0.0002756285561881,-0.0001228391006055,0.002591903068585,0.0014038646010308
2021-07-06,-0.0028333413287164,0.003289733063931,-0.026674618351349,-0.0013144696034676
2021-07-07,0.0036059282813099,0.0021670228431362,-0.0072333902997964,-0.0052239115673408
2021-07-08,-0.0103043615018354,0.0017660052917571,0.0065032414112539,-0.0056528352953631
2021-07-09,0.0105315220870932,-0.0027324290544732,0.0115805440220734,0.0056256197541341
2021-07-12,0.0046925873134514,0.0003242620268895,0.0046045006426441,0.0033894801201582
2021-07-13,-0.0020052372207028,-0.0012542703177027,0.006752485547796,0.0034558939111993
2021-07-14,0.0004651010898361,0.002064857064621,-0.0066183381805333,-0.0004778260416964
2021-07-15,-0.0049574745335506,0.0014040000779036,-0.0079948699989062,-0.0020771388957094
2021-07-16,-0.0066642868215506,0.0004259613579149,0.0043156401381304,0.0027807091505406
2021-07-19,-0.0163816769120029,0.004557706030684,-0.0310613009964469,-0.0057242855543411
2021-07-20,0.0114244114037191,0.0004209733359923,0.0139176836994686,-0.0011392502165313
2021-07-21,0.0091539545747308,-0.0027094176359842,0.0238803723806331,0.0045590675001891
2021-07-22,0.0020733034793654,0.0012222551441265,0.0118165526744937,-0.0030768726555748
2021-07-23,0.009239674021644,-0.0004114337976153,0.0034998928478147,0.0109085409568249
2021-07-26,0.0015101775298529,0.0003391374882566,0.0072386365989534,0.0042370454729157
2021-07-27,-0.0040920060355333,0.0011287260349094,-0.0083497916465276,-0.0034501078652891
2021-07-28,0.0001528449831502,-0.0005239649757863,0.0047835644176235,0.0010935479800859
2021-07-29,0.0050331605058181,-0.0001692494748426,0.01521297839736,0.0083031504484939
2021-07-30,-0.0054683176756414,0.0008522522364719,-0.009547006219578,-0.0011384947537466
2021-08-02,0.0007402866322396,0.0024763746703985,-0.0111722094545272,-0.0034924969696334
2021-08-03,0.0056212724100088,0.0007428418428141,-0.0026456303417859,-0.0015088354936474
2021-08-04,-0.0021161666556983,-0.0006321884588535,-0.0070999613113007,-0.0005329660065833
2021-08-05,0.0049678736964271,-0.0008957722658168,0.0061224693963621,-0.0034104849290577
2021-08-06,0.0021746993014809,-0.0033927879220042,-0.0044455628916764,0.006809292072013
2021-08-09,-0.0001175285778644,-0.000621905336494,-0.018141137264946,-0.0003369350099107
2021-08-10,0.0014685645328527,-0.0010150438063206,0.015980480467336,0.0034306418705713
2021-08-11,0.0032010317328434,-0.0002184039383593,0.0055920898373823,0.0017240417614313
2021-08-12,0.0025734996454668,-7.695526247002007e-05,-0.0025404962387264,0.0009921108195367
2021-08-13,0.0015945621808762,0.0020581196219339,-0.0034891225535756,-0.0041947208286289
2021-08-16,-0.0010298680357362,0.0018753968016391,-0.0036475459352071,-0.0012595845382661
2021-08-17,-0.0052394131943983,-0.0001225094315088,-0.0114421632155432,-0.0035462494201328
2021-08-18,-0.0071442867522658,-0.0004015752916971,-0.0064022028679601,-0.001305696639124
2021-08-19,-0.0030863194406627,0.0010600324474551,-0.0199285524519082,-0.0031996444844488
2021-08-20,0.005963608537649,-0.0004298476219696,-0.0101897758902849,-0.0008384967655747
2021-08-23,0.0087074167916083,-0.0003762894349926,0.0311012575338531,0.0031006830026873
2021-08-24,0.0017162012909599,-0.0010539854255784,0.0161405091657445,0.0035235940935749
2021-08-25,0.0018764184296541,-0.0028038911978261,0.0075934760955412,0.003455844200578
2021-08-26,-0.0048806340419434,-0.0001775671490705,0.0044465767346326,0.0005856888127693
2021-08-27,0.0066576836438436,0.0013022761864253,0.0175575380065778,0.0045417030471735
2021-08-30,0.0034500720990947,0.0014108855336332,-0.0011357317592921,-0.0005741874286084
2021-08-31,-0.0002687919109033,-0.001639576267142,-0.0018677448271278,-0.0017935438333623
2021-09-01,0.0022489554515496,-0.000158424441559,0.0044778605080843,-0.002657258340875
2021-09-02,0.0026679175584892,0.0008142177823606,0.0113308693857132,0.0004055717123472
2021-09-03,0.0002988280436356,-0.0011173476030708,0.0012779124252906,0.0011006932034436
2021-09-06,0.0029681862460014,-3.848786161674791e-05,-0.0009010849450932,2.0902785503101766e-05
2021-09-07,-0.0027590062948333,-0.0026798852210439,-0.0140247891093072,0.0016258594573786
2021-09-08,-0.0023906597995393,0.0010015383497761,0.0151475242271406,0.0021500423188977
2021-09-09,-0.0047103582300522,0.0019973146837622,-0.0027160565770366,0.001329790890904
2021-09-10,-0.0047575067350256,-0.0019608309552374,0.0076947277016565,0.0016274788739942
2021-09-13,0.002767755303656,0.0004129308988128,0.0110330138282911,-0.0015728536882318
2021-09-14,-0.0039650282136036,0.0015468586133352,0.0020190359318309,-0.0051342640136063
2021-09-15,0.0045008509715281,-0.0012540724340732,0.0221663935495879,0.0035455078748046
2021-09-16,-0.0009648556780089,-0.0015674365713365,-0.0066956638742504,-8.613698657491477e-05
2021-09-17,-0.008356400464329,-0.0021673957124397,-0.0112778040611739,0.0002681223304833
2021-09-20,-0.0154711879335581,0.0025910514986892,-0.0179223042772524,-0.0038396686044637
2021-09-21,0.0001224516797537,0.0002324173083332,-0.0045524701211889,-0.0004268325427378
2021-09-22,0.0084287178536088,-0.0005687236721493,0.0159520932680485,6.598605434229831e-05
2021-09-23,0.0104979968225491,-0.0040705377013189,0.0151899819665056,0.0031526104662907
2021-09-24,0.000743681139668,-0.0028103988870833,0.0103557653059402,-0.0007424277372893
2021-09-27,-0.0017072928640087,-0.0011620970343336,0.0252171391687067,0.0032781030734833
2021-09-28,-0.0180686816400694,-0.0026548742743403,0.0009358381663996,0.0028188642803349
2021-09-29,0.0016953811444818,0.0005214798573496,-0.0126572937075899,0.001211987221842
2021-09-30,-0.0089539033605139,-0.0002686863027898,0.0128844673963626,-0.0012963233197284
2021-10-01,0.0043545915915263,0.0030780560924124,0.0015688715559242,0.0002801805660628
2021-10-04,-0.01017444514608,-0.0004680560688023,0.0159376482826117,0.0005827491775534
2021-10-05,0.0078881688921405,-0.0024140609782035,0.0224743576047868,0.0068578701992153
2021-10-06,0.0001942533623082,-0.0005845707161712,-0.0255007548504387,-0.0005356959186088
2021-10-07,0.0105469556078816,-0.0008973039430521,0.0080672977925532,0.0026884288650176
2021-10-08,-0.00064514786641,-0.0020944486710609,0.0028272797187908,0.0058589477372184
2021-10-11,-0.003846355182029,-0.001971975983416,0.0014717049720146,9.795929756577244e-05
2021-10-12,-0.0029402153013988,0.0009359514416745,0.0007135466646971,-0.0006826657223127
2021-10-13,0.0036856923239272,0.0012423145250558,0.003024467792439,0.0018335826715591
2021-10-14,0.0152664883768102,0.0025133572836735,0.011705058101539,0.0025422894713986
2021-10-15,0.0080830933741879,-0.0024458343795494,0.0039028744614676,0.0029620287785101
2021-10-18,0.0012778857817068,-0.0018294247546479,-0.0126695699118241,-0.0010954574371766
2021-10-19,0.0065472597014477,-0.0014779479794188,0.0050504898404635,-0.0015423820639847
2021-10-20,0.0035121444290751,0.0004062003785347,0.0122713991252604,0.0017035067251796
2021-10-21,0.0004309214253974,-0.0024733371868828,-0.0174494489762359,0.0055183001631132
2021-10-22,0.0005071867348951,0.0006539853645893,0.0079090246596202,0.0031812086142003
2021-10-25,0.0029597434865636,0.0013447147280184,0.0237306946212364,0.0018728375378345
2021-10-26,0.0033543985144623,5.5357833801514126e-05,0.0004168803468453,0.00334003674243
2021-10-27,-0.0045662954858711,0.0037093287597122,-0.0072712758480298,0.0009774526851106
2021-10-28,0.0065514058306842,-0.002401534978703,-0.0098190509926078,-0.0073896353574199
2021-10-29,0.0010461609561818,-0.0028341134520881,-0.0087090323835282,-0.0032230692008045
2021-11-01,0.0049434512162082,-1.2574394317493512e-05,0.0005611697615382,-0.0037975980546999
2021-11-02,0.0027359826228681,0.0034254314852822,0.0100988395351287,-0.0057601666222424
2021-11-03,0.0048543669175414,-0.0007040726378877,-0.012557356385751,0.0040388006541403
2021-11-04,0.0051106610570036,0.004287035388624,-0.0079404445899471,0.0025831809554844
2021-11-05,0.0025959151525071,0.0038544306469236,0.004909788670564,0.0001197906735743
2021-11-08,0.0004534387427865,-0.0022963025105799,0.0002751198310048,0.0069715459684518
2021-11-09,-0.0030887909527879,0.0029329617916001,-0.0032428760589222,0.0015880970138936
2021-11-10,-0.0053356544039778,-0.0055352891062357,-0.0105114021472416,0.0073670345313223
2021-11-11,0.0013681112933575,-0.0022063914408456,0.0123069878640825,0.0003679142275012
2021-11-12,0.0067673007247962,0.0009214117694426,-0.0111009484718647,0.002080903481556
2021-11-15,0.0007725295761501,-0.0010514548390657,0.0059057368883667,0.0047626273103373
2021-11-16,0.0031106353982234,-0.0008365318344106,0.0057020412138552,-0.0016077453157634
2021-11-17,-0.0020523970443427,0.0009814062325235,-0.0185345588800911,-0.0037761450339561
2021-11-18,0.0012392627296369,0.0013259365648086,0.0047028878366892,-0.0003102531729092
2021-11-19,-0.0013999590158948,0.0026304033610871,-0.007861261771172,-0.00596198377593
2021-11-22,-0.0024937573410385,-0.0043354456761829,-0.000236903797315,-0.0054215516998642
2021-11-23,-8.751942043794196e-05,-0.0026254863595038,0.0174337071619853,-0.0025470505894865
2021-11-24,0.0008016516099246,-0.0004190982903013,0.0035564913879864,0.0017375716991533
2021-11-25,0.0011170507477877,0.0006572118888981,-0.0008608212726491,0.0013618213065378
2021-11-26,-0.0253026195596974,0.0085691758535494,-0.0489892967986676,-0.0063929111986715
2021-11-29,0.0080316018799881,-0.0011832839455582,-0.0096646391899995,0.0026409974075571
2021-11-30,-0.0164775360067223,0.0029925626176959,-0.0379641381434759,-0.0077677587981506
2021-12-01,-0.0039630520800567,-7.1142550118201e-05,-0.0093862001393869,-0.0078178421469338
2021-12-02,0.0076707616626586,1.485050687248266e-06,-0.0016188306246894,0.0047048095509698
2021-12-03,-0.0061359303578467,0.0038617013018574,0.0061425850302312,-0.0016441751104848
2021-12-06,0.011043094843991,-0.002392436243103,0.0004947277497807,0.0023263864378326
2021-12-07,0.0207205161141126,-0.0021190010372271,0.0180054235735337,0.0049626794873535
2021-12-08,0.0021719638681601,-0.0016501160551586,0.0090523033237055,0.0049921090552099
2021-12-09,-0.0057182172754811,0.0014908425765275,-0.0075051254746309,-0.0031153017952161
2021-12-10,0.0051454240164062,0.0003831994585225,0.007459485207233,-0.0040060110706506
2021-12-13,-0.0066638520919481,0.0026408827098359,-0.0084287064584369,-0.0026553016272631
2021-12-14,-0.0066763274350069,-0.0009933433669532,-0.0059418619873567,-0.0079883904260598
2021-12-15,0.0110908090953731,-0.0006203531765062,-0.0015853778728638,0.0025084834259411
2021-12-16,-0.0025405978160073,0.0020709658238377,0.0141970861444177,0.0046816891337704
2021-12-17,-0.0097206984545181,0.0008276454851978,-0.0113847270887111,-0.0036775574536425
2021-12-20,-0.0117431319365054,-4.3241615579925306e-05,-0.0109911324910914,-0.0001261200479373
2021-12-21,0.0170405213748836,-0.0043749834282297,0.0232652999229799,0.0074685292438876
2021-12-22,0.0082323834392008,3.628688029079226e-05,0.0178515102825286,0.0034500304572658
2021-12-23,0.0072746167384832,-0.0018217926656317,-0.0008230926556131,-0.0006671669972687
2021-12-24,7.93784514609328e-05,-9.992595914934862e-06,-0.0025761111950485,-0.0047103070420281
2021-12-27,0.0105885564634096,-2.8624398957778085e-05,0.0269598717517695,0.0078873157066068
2021-12-28,0.0011015588410895,0.0003164959357771,-0.0020948190270632,0.0012364299715726
2021-12-29,0.0004509120475061,-0.002722077211263,0.0024472092080105,0.0016223555126884
2021-12-30,-0.0017043418194725,0.000125125937065,-0.0115098283248973,0.0054917531761301
2021-12-31,-0.0024778167604046,0.0003026618846694,-0.0030927858704978,-0.0020722695077731
2022-01-03,0.0049575247806603,-0.0043427861293809,0.008622820973582,0.0028744132379062
2022-01-04,0.0028344245341447,-0.0018580776572063,0.0074545790294726,0.0013121476370293
2022-01-05,-0.0130531571057119,-0.0020442674935702,0.0101325661185703,-0.0075920914352579
2022-01-06,-0.0051248117749518,-0.0028929481116846,0.0011029703002404,-0.0094925278893143
2022-01-07,-0.0029673710808847,-0.0015978773762417,0.0036352883719163,0.004825249782174
2022-01-10,-0.0026116201193415,-0.0005492922163267,-0.0020334667471125,-0.0028248335356748
2022-01-11,0.0072643189442854,0.0005048056790156,0.0245755823150361,0.0055530383971836
2022-01-12,0.0046253819702566,0.0019584502284516,0.0233217067762048,-0.0028668787060846
2022-01-13,-0.0099647724172853,0.001231070892366,-0.0168021069894126,-0.0029537635394188
2022-01-14,-0.0018685791544382,-0.0033559924381994,0.0112329982657347,-0.0027116185144281
2022-01-17,0.0018519522726582,-0.0009119798924758,0.0016475015178068,0.0002944858246761
2022-01-18,-0.0145799562686032,-0.0037061680584029,0.0057474731610901,0.0012833363381588
2022-01-19,-0.0089404430029537,0.0008337559069399,0.0045544779486442,-0.0033840038178974
2022-01-20,-0.0059740383189053,0.0007000973825202,-0.0046043254810664,0.0039007888029824
2022-01-21,-0.0179320214338826,0.0034922510761713,0.0014874634973399,-0.0025301001648781
2022-01-24,-0.0040882803043766,0.0012434793849502,-0.007513184710225,-0.0008445165931251
2022-01-25,-0.009170853743642,-0.0018450663189566,0.0130039164577993,0.0069415987060514
2022-01-26,0.0020757298635263,-0.0030705183073443,0.0176011492275699,0.0004648392385451
2022-01-27,-0.00560038703821,0.0002794758531888,0.0048598705228651,-0.0024601491059233
2022-01-28,0.0171276179185811,0.0012487053459112,0.0163381645949233,0.00517463750562
2022-01-31,0.0150148076749777,-0.0008586453329625,0.0110595903631224,0.0015042507365674
2022-02-01,0.0072523677387976,-0.001276473373013,0.0019729870841061,-0.0007267971069929
2022-02-02,0.0087119942158233,0.0013784807282906,0.0256458440119059,-0.0047835439236047
2022-02-03,-0.0199965540934201,-0.0048944111775438,-0.00223564853386,-0.0043302904884995
2022-02-04,0.0031963013954878,-0.0055011022537791,0.0039413336715531,0.001380939989689
2022-02-07,-0.0016343352701024,-0.0003320695445622,-0.0082512196500719,-0.0025032762771151
2022-02-08,0.0061811662137195,-0.002501113128354,-0.0086017314527974,0.0036818202780486
2022-02-09,0.0142157416464948,0.0020385528840089,0.0018725362939411,0.001399043421118
2022-02-10,-0.0118421116495874,-0.0057625049114601,-0.0021520621711152,0.0034090111492359
2022-02-11,-0.0149502072777494,0.0019020495310844,0.0102177764334323,0.0014061824028662
2022-02-14,-0.0078934113981268,-0.0017185980624546,0.0181988323307069,0.0013030517519349
2022-02-15,0.0132688209587793,-0.0017475980913069,-0.0138325129962807,0.0018184932229355
2022-02-16,0.0025111932184406,0.0011628105061272,0.0230746445137376,-0.0014573216641895
2022-02-17,-0.0171614925022793,0.0036341081456856,-0.0110786815527989,-0.0011087576313597
2022-02-18,-0.0067552805481972,0.0018203055151294,0.00054163447227,-0.0042084569319015
2022-02-21,-0.0030176573666889,-0.0004178940795608,0.0035679636006345,9.814479492805548e-05
2022-02-22,-0.008655087736928,-0.0011819832473983,0.015695663703081,0.0030160877796073
2022-02-23,-0.0128701705393745,-0.0007793807709025,0.0077367689380671,0.0068714266423826
2022-02-24,0.0024615816712292,0.0027563242001631,0.0118609509669185,0.0097852778463152
2022-02-25,0.0229385803241767,-0.0019727504958021,-0.0243660201905037,-0.0010657699776747
2022-02-28,-0.0025268212023755,0.0068375325563823,0.0231487109802675,0.0071487245879681
2022-03-01,-0.0145598538435395,0.010976902826457,0.0510207018191252,0.005520474477153
2022-03-02,0.0137174789766537,-0.0064054175503164,0.0426212355192452,0.0082727760784764
2022-03-03,-0.0069549133564305,-0.0004058973695249,0.0001674795385981,0.0002428986541379
2022-03-04,-0.0138792982756871,0.0062976339818923,0.0455276647519606,-0.0027804900428635
2022-03-07,-0.0252069895708237,-0.00287801115656,0.0242541291600997,0.0052237555004924
2022-03-08,-0.0073567919739761,-0.0059764840151909,0.0155532712743617,0.0126578419634048
2022-03-09,0.0277019362475171,-0.0046454194824364,-0.066650656968448,-0.0078152385571285
2022-03-10,-0.0029659799444643,-0.0048694195933873,-0.011317344357542,0.0051796476921983
2022-03-11,-0.0084195786591307,-0.0004416721497261,0.0187996011652339,0.0098671554432762
2022-03-14,-0.0030536657737722,-0.0068145395267435,-0.0280115730483685,-0.004225965483196
2022-03-15,0.0139148785552824,-4.0373137410532864e-05,-0.0290886819855781,-0.0090219553275185
2022-03-16,0.0239299574132441,-0.0025946128452354,-0.0034613913391032,-0.0029641348027928
2022-03-17,0.0125478527506745,0.0008004895330151,0.0518521220912765,0.0050872973248807
2022-03-18,0.0096249682060577,0.0017622060748064,-0.0010657838070829,0.0043357786665569
2022-03-21,0.0002336143676478,-0.0079431022782002,0.0322222917936389,-0.0019484548392446
2022-03-22,0.0107596932840394,-0.0039329493205482,0.0060990761969218,0.004630093613603
2022-03-23,-0.0085735228892164,0.002220491967798,0.0321960231686738,0.0020133980676524
2022-03-24,0.0100657523477211,-0.0017633541211962,-0.0019237143141405,0.0026409465584223
2022-03-25,0.0038186348007306,-0.0068515614086141,0.0107560564332333,-0.0006276124707111
2022-03-28,0.0050930162881375,-0.0002382502496867,-0.0373054627778233,0.0021356233845999
2022-03-29,0.0131774594905559,0.0015304611420093,-0.0216493787549346,-0.0114993661765735
2022-03-30,-0.0050325034560151,0.0019049342511353,0.0279714694285947,0.0030818638360166
2022-03-31,-0.0121277142183935,0.0030966854102995,-0.0259374485458797,0.001465435038309
2022-04-01,0.001559956991527,-0.0035291979904238,-0.0007420176730186,-0.0097656082600482
2022-04-04,0.0079472764300209,0.0004601250343882,0.0183501425764077,0.0019763615057913
2022-04-05,-0.0094467747840998,-0.0076689624207859,0.0056405377544324,0.0015517783578553
2022-04-06,-0.0105529365456344,-0.0029694544320124,-0.0204259505800804,-0.0020980335694031
2022-04-07,0.0012398817540923,-0.0006438759885476,0.0055518544711852,0.0004892303397716
2022-04-08,0.0010744291298353,-0.0024070435901313,0.0133611107938917,0.0082396230548358
2022-04-11,-0.0130336483734623,-0.0039778481004041,-0.0064845673835859,0.0004524233111625
2022-04-12,-0.0044467052631463,0.0037301516475894,0.0327089797251017,0.0005300440340069
2022-04-13,0.009101121406636,0.0020519120959039,0.0256869970585145,-0.0079298957448194
2022-04-14,-0.0063033989556855,-0.0049059713818175,0.0202296064472392,0.0086440056519619
2022-04-15,-0.0002971045606489,-0.0002570268118095,,0.0014805961069547
2022-04-18,-0.0009777576662425,-0.0014606474239957,0.021056808699272,0.0034470278845754
2022-04-19,0.0115484414384925,-0.0039572749361035,-0.0362651576296756,0.0032413944843711
2022-04-20,0.0013201680616023,0.0024951984915981,-0.0017366864000318,-0.0036013912194468
2022-04-21,-0.0085889298972124,-0.0043188212864906,0.0052951259186877,0.0050130711218857
2022-04-22,-0.0242957013770677,-3.323039667942763e-05,-0.0186723884807793,0.0007601309508836
2022-04-25,-0.0015465561610511,0.0055051247559577,-0.0181833049684436,-0.0055396962172829
2022-04-26,-0.0211334196499905,0.0028582257302011,0.0196520241561137,-0.0038079517809466
2022-04-27,0.0017125439135162,-0.0014309950456213,0.0149737577145934,0.0011878930156805
2022-04-28,0.0208554010195058,-0.0034462725562798,-0.0002607391047342,0.0086060813649324
2022-04-29,-0.0237034260992124,-0.0019659397680893,0.0059747439401898,-0.0032102210304063
2022-05-02,0.0010759370781403,-0.0046906809990279,0.0057482393087445,-0.0100333246268497
2022-05-03,0.0046639115227331,0.0005856036716877,-0.0059752987215739,0.003993765067519
2022-05-04,0.0194673477391985,0.0013878542386922,0.031517904223935,-0.0056673490357289
2022-05-05,-0.025722436590469,-0.0052505166461088,0.0085831681734911,0.0073101590422204
2022-05-06,-0.0064240315116306,-0.0038583064081299,-0.0135709912373366,0.0008190238519186
2022-05-09,-0.0295016058959484,0.0024847752460668,-0.0514708257247946,-0.004531841701991
2022-05-10,0.0019759183744877,0.0047218602314446,-0.0032397854026795,-0.0130609425976526
2022-05-11,-0.0084004344763913,0.0030638054152837,0.0309823130759751,0.0043392000949735
2022-05-12,-0.0039534391209506,0.0069479119928435,-0.0004604809539125,-0.0028481624395756
2022-05-13,0.0228583600405364,-0.0051181670409097,0.0155836905061967,0.0085774774394921
2022-05-16,-0.0019667546237024,0.0023949942820124,0.0210222745242688,-0.0009570113576787
2022-05-17,0.0168865632186874,-0.0059580464458899,0.0020400481786418,0.0040114094554402
2022-05-18,-0.0291073023288639,0.0030725937958859,-0.0179933478180084,-0.0003072054353525
2022-05-19,-0.0088333983842704,0.0022901837355688,0.013480908004181,-0.0046096529445518
2022-05-20,0.0030322799879742,0.0017533086334731,-0.0022781663078754,-0.0115298784499477
2022-05-23,0.0159933372400332,-0.0035889133937102,0.0152043584760849,0.0078387810337144
2022-05-24,-0.0077959064088487,0.0050014622592019,-0.002425544466245,-0.002245808780265
2022-05-25,0.0075436044348094,0.0014166957179129,0.0045444030123941,-0.002411193366591
2022-05-26,0.0154677904911566,-0.0010717482921986,0.0139661436078626,0.0065839041893449
2022-05-27,0.0205706671572192,0.0003679491128386,0.005360345534969,0.004635165808596
2022-05-30,0.0034047751476422,-0.0017231414867255,0.0051579429035421,
2022-05-31,-0.0063860094591001,-0.0056541668187476,-0.0195227112658179,0.0069380402500416
2022-06-01,-0.0062623331327741,-0.0040678198838743,0.0158339641840318,-0.0063019678424755
2022-06-02,0.0141698656668009,-0.0005396883986254,0.0049211251588549,0.0018831031567391
2022-06-03,-0.0111109138052121,-0.001790866404622,0.0060625038282166,0.0078544366480189
2022-06-06,0.004617561024321,-0.0042849078376581,0.0210001209127924,0.0005456187052875
2022-06-07,0.0056511093460356,0.0031489790321524,0.0016222112152492,-0.0036050571137125
2022-06-08,-0.0077688090573209,-0.0027836978009706,-0.0002170434570051,0.0019164695040196
2022-06-09,-0.0193621185284112,-0.0031953864658717,0.0051883973329005,0.0017802323566345
2022-06-10,-0.0268446238567178,-0.0073638560618967,-0.0108899724434749,0.0019197673411906
2022-06-13,-0.0340619081537976,-0.0112095166542513,-0.0130829149159946,-0.0034763017706001
2022-06-14,-0.0052217456847735,-0.0074677511162967,-0.032154704197932,-0.0082556039688901
2022-06-15,0.0112147130210235,0.0033410570180013,0.0013157462571285,0.0010055919628373
2022-06-16,-0.0283490132512238,0.0049145425663534,0.0067534022982179,-0.0081040231602146
2022-06-17,-0.0013482023322403,0.0033601111649896,-0.0362110684455146,0.0003041039141212
2022-06-20,0.0021741303333161,-0.0009063369010589,0.0026180264564445,
2022-06-21,0.0197075121266993,-0.0024677296172457,-0.0027957345055188,0.0027901673798116
2022-06-22,-0.0030524934823788,0.0086713593662438,-0.0134329113250365,-0.0075567085717558
2022-06-23,0.0048541793853065,0.0082602231378366,-0.0316647064875705,-0.0060387873607437
2022-06-24,0.0277047596268069,-0.0010500660889893,0.0090589928952893,0.0073747486278403
2022-06-27,0.0006451817430128,-0.0049935807089897,0.007946066353967,0.0027722229282913
2022-06-28,-0.0124919808886126,-0.0022364901952652,0.0086072225598821,-0.0061264751888211
2022-06-29,-0.0035819113408629,0.0066767708785315,-0.0070960217012881,-0.0091319570977424
2022-06-30,-0.0103081071221261,0.00668773209985,-0.0504943049166982,-0.0026665131371792
2022-07-01,0.005475289653992,0.007619533848604,0.0140334912523776,-0.0021572836598145
2022-07-04,0.0027308016048017,-0.002645558662168,0.0039263292916052,
2022-07-05,-0.0033826215682778,0.0058269829863549,-0.0573403850726112,-0.0040730061968192
2022-07-06,0.0042289447087388,-0.0022946451279892,-0.0134844882204658,-0.0016441510741394
2022-07-07,0.0152471904636375,-0.0050967153364946,0.0515799945953264,0.0067463662776832
2022-07-08,0.0006290921484748,-0.0040371828042777,0.0060740320839312,0.0017090589605949
2022-07-11,-0.009691301964194,0.004519070733795,0.0094674768165118,-0.0036451190236922
2022-07-12,-0.0062873930367816,0.0040921925835862,-0.0465325077030282,-0.0008618505048446
2022-07-13,-0.0048453198339676,0.0006391348658697,0.0177437002944442,0.0033513701637285
2022-07-14,-0.0047984668788371,-0.0031960238311137,-0.0151332940972369,5.7301273916091305e-05
2022-07-15,0.0163592481027713,0.0019226209558287,0.0212584847990557,0.0031402314614315
2022-07-18,-0.0032951512846832,-0.0021342011574805,0.0375381139587703,0.0036812167657288
2022-07-19,0.0225763407336941,-0.0030059268893138,-0.0074284176744197,0.0020991748430152
2022-07-20,0.0062029226823185,-0.0009086323246602,0.0147334232935925,0.0005436489356792
2022-07-21,0.0071637951497727,0.0058448097285806,-0.0198381822628994,-0.0085991491949798
2022-07-22,-0.0054294667641363,0.0082113513664052,0.0046811869228275,-0.0012121910288219
2022-07-25,0.0007878209255762,1.3532195352542416e-05,0.0168390607694163,0.0052024688208436
2022-07-26,-0.008793718522395,0.0026868220441046,0.0077638812116737,0.0001988325677024
2022-07-27,0.0194810462961963,0.0026062809922798,0.0089920877583195,0.0024264078325723
2022-07-28,0.0102315104529514,0.0050986633023016,-0.0023517895925262,0.005793350221455
2022-07-29,0.0127187458229862,0.0015330079182311,0.0131295131788212,0.0103915562403051
2022-08-01,-0.0015754618510108,0.0024408102244945,-0.0241559552912117,-0.0060448185967178
2022-08-02,-0.0064450787078897,-0.0055304833600678,-0.0145112097029995,-0.0037793654695477
2022-08-03,0.0121363262031488,-0.0017294494974047,-0.0020349324230356,0.0034276439441743
2022-08-04,0.0008185735457118,0.0044144238176214,-0.007794683958858,-0.0047754513113939
2022-08-05,-0.0012348527770491,-0.0078729725946138,-0.0003583601766764,0.0027703242082348
2022-08-08,0.0007346783303809,0.0025163570149661,-0.0028960899365862,0.0007825086102859
2022-08-09,-0.0046930110755306,-0.0022040193028392,0.0123941790967572,0.0002711379261704
2022-08-10,0.0152807599820401,0.0017549228427935,0.0189436697703524,-0.0043258861513075
2022-08-11,0.0007087104111181,-0.0048332046438089,0.0281382692182883,0.003008816951805
2022-08-12,0.014279667328491,-0.0001443862260132,-0.0061713274194081,0.0014896311864366
2022-08-15,0.0038328390498726,0.0042315443363956,-0.0175568563577323,-0.0041781250517261
2022-08-16,0.0023816331910355,-0.0030205211260541,-0.001847748425259,0.0019743025657186
2022-08-17,-0.0058706232403478,-0.0057058981284698,0.0048971158858933,0.0011879979565638
2022-08-18,0.0019479766957794,-1.652042063154862e-05,0.0082292695349554,-0.003098395692701
2022-08-19,-0.0103852182313054,-0.0065191202300395,0.0074385689431748,0.0119926995213058
2022-08-22,-0.0178116558318628,-0.0040763193642615,0.0075464464220964,0.0035144512706508
2022-08-23,-0.0038086951344101,-0.0014322538100623,0.0100909294537664,0.0015071719004312
2022-08-24,0.0024547871793406,-0.0032850401463797,0.0088493514618515,0.0021776045249375
2022-08-25,0.0112164746486724,0.0035374053651051,-0.0081601632535524,0.0012603024905263
2022-08-26,-0.0259256205014618,-0.002125351973954,0.006141393262876,-0.0020721475051226
2022-08-29,-0.0078651167524454,-0.0048349935497084,0.0143324994670348,0.0009594692210372
2022-08-30,-0.0077950597887014,-0.000751047511324,-0.0328087738583315,-0.0044859220353357
2022-08-31,-0.0077495858526592,-0.0016194548165305,-0.0116370651487681,-0.0019286563029236
2022-09-01,-0.0030250486069419,-0.0058404522851458,-0.020924603794189,-0.0073987283267329
2022-09-02,-0.0030600042185716,0.0046718921452339,-0.0009914613030246,0.000466960394862
2022-09-05,-0.0018923733054138,-0.0007359980785688,0.0075736401186425,
2022-09-06,-0.0024217361068745,-0.0057189625299225,-0.0201810025037169,0.0009637403273636
2022-09-07,0.0116119779664469,0.003477652882388,-0.0245721024606259,-0.0044018758563542
2022-09-08,0.0066064643202175,-0.0029058311816319,0.0059782537321952,-0.0034884183885102
2022-09-09,0.0147273654602513,-0.0009422907545606,0.023891083744175,0.0012485667318862
2022-09-12,0.0117309275699223,0.0012502620212051,0.0176864168331757,-0.0009179018104509
2022-09-13,-0.0325671268306106,-0.0040584801860285,-0.004701903855468,0.0033935074146177
2022-09-14,-0.0013858845375335,-6.895124103437273e-05,0.0121139086501292,0.001435180203592
2022-09-15,-0.0088779453531726,-0.0029785361736779,-0.0349838215095922,0.0001435172636353
2022-09-16,-0.0089109485779757,0.0003484702579061,-0.0085095831897531,-0.0076865622586425
2022-09-19,0.0053021193175103,-0.0016471469092023,0.0040991644768999,-0.0022006407330803
2022-09-20,-0.0095950163642977,-0.0054357484895611,0.0002108559249829,0.0021864045895765
2022-09-21,-0.0122776422556772,0.0022440438786627,-0.0045590160776252,0.001348830521651
2022-09-22,-0.0097119492160515,-0.0084235694449731,-0.0068627357802433,0.0002254815826713
2022-09-23,-0.0166156398254444,-0.0037121916899616,-0.0366244189392044,-0.0045109351114788
2022-09-26,-0.0101019814035525,-0.0101722811960581,-0.0169338784510599,0.0002029034346916
2022-09-27,-0.0016012302204263,-0.0070473435159843,0.0051258163989074,-0.0034805077938436
2022-09-28,0.0127702300427849,0.0131260489293633,0.0268594462401616,-0.0018626939733316
2022-09-29,-0.016429828835877,-0.0026298792153835,-0.0042577498468606,-0.006078817718907
2022-09-30,-0.0089353519430164,0.0002366488484954,-0.0142355181147899,-0.0088415825477171
2022-10-03,0.0191088569349438,0.0107441790572148,0.01605544166582,0.0045359034589669
2022-10-04,0.0307270302467323,0.0034843397271833,0.0332353065916774,0.0043742098918662
2022-10-05,-0.0023925091537768,-0.0086579171136629,0.0122893120645835,-0.0015688868637405
2022-10-06,-0.0078063699284646,-0.0052367031321543,0.0043751822811353,7.309712978987955e-05
2022-10-07,-0.0223339893337017,-0.0052314279812895,0.0112586922902747,0.0049982183687647
2022-10-10,-0.0065427780406984,-0.0049961557251944,-0.012268718255525,-0.0002270461678356
2022-10-11,-0.0085519848925951,6.983767762517329e-05,-0.0084192993188485,0.0012209999926295
2022-10-12,-0.0030292390546707,0.0004256604785775,-0.0084791192804247,-0.0003401104905913
2022-10-13,0.0193590689738386,7.809179157946697e-05,0.0166826597580393,0.001924511557635
2022-10-14,-0.0125612578786967,-0.0028347287170565,-0.0236579476488696,0.0074774969948926
2022-10-17,0.0196329520748136,0.0038583828831526,-0.0065780398915672,0.0025902555887058
2022-10-18,0.0113206672311846,0.0021901929634472,-0.0165392997103231,-0.0002791892257128
2022-10-19,-0.0054005072129288,-0.0057048239171701,-0.0015070105781843,-0.0015218408410338
2022-10-20,-0.0065570666457061,-0.0038002937049826,-0.0003738380149208,0.0075250339297782
2022-10-21,0.0159964744540508,-0.0006738745493725,-0.0057150565474996,0.0031740097369015
2022-10-24,0.0107486878617694,0.0043216868124364,0.0070304492333141,0.0029944280448161
2022-10-25,0.0143272878619871,0.0081361709312546,0.0152076557286775,-0.003082038319731
2022-10-26,-0.0033232939795328,0.0048896902079214,0.0123189150838551,-0.0053919487908753
2022-10-27,-0.0038424085780554,0.0067901206636829,-0.0033417508903182,-0.0008014331080647
2022-10-28,0.0156271337496878,-0.0036013521417301,-0.0139265494759432,0.004446667302034
2022-10-31,-0.0028953954063783,-0.0044594949301427,0.0155771855708913,0.0004663688664333
2022-11-01,-0.0006185093334585,0.0012423392932149,-0.0052315457192846,0.0020735876788682
2022-11-02,-0.0182778354189201,-0.0002480717177796,0.0236604537824993,-0.0002521358219053
2022-11-03,-0.0092216320461589,-0.0055108697722948,-0.0121557800205853,-0.0073709141280366
2022-11-04,0.0134221882172985,-0.0017319849519305,0.0366815210189875,0.0050376092112755
2022-11-07,0.0078088444768629,-0.0026481618140113,0.006255594556245,0.0041333661840227
2022-11-08,0.0058516277754614,0.0046283904673949,-0.0235639707856452,-0.0007838791021839
2022-11-09,-0.0153233919972859,0.003586474667584,-0.0230695212163301,-0.0047788098805893
2022-11-10,0.0421337952290538,0.0157809245254088,0.013229687872522,-0.0061752433639728
2022-11-11,0.0104606216379175,-0.0034579868279539,0.0072742629576278,0.0017541685937625
2022-11-14,-0.0062335777439013,-0.0011720109203784,-0.008990337149974,-0.0024893361713897
2022-11-15,0.0068515005987744,0.0042615708058619,0.0088998144423836,0.0001905779863592
2022-11-16,-0.0063849619410366,0.0052820132152361,-0.0039913859650264,-0.0025156171710143
2022-11-17,-0.0029805893785734,-0.0028484006843314,-0.0175530533876764,-0.0026543838417388
2022-11-18,0.004941489202026,-0.0010774883523226,-0.006332344674542,-0.0048294620833959
2022-11-21,-0.0029007894911342,0.0005867648562611,0.0070623034274146,0.0033845369372237
2022-11-22,0.0108502253993594,0.0016108737229446,0.0123791215698295,0.0013866547489926
2022-11-23,0.0046835749186478,0.0038463566581826,-0.0060477940061381,-0.0001917056049095
2022-11-24,0.0014165289485783,0.0018452260667719,-0.0001603266172091,0.0015840836080146
2022-11-25,7.447115039735824e-05,-0.0030524799560401,-0.0186567242945939,-0.0001817283716248
2022-11-28,-0.0123189807114118,-0.000546873900623,-0.0035567582937211,-0.0018667020119121
2022-11-29,-0.0012974266400576,-0.0003722943824352,0.0081775601554069,-0.0025921466871602
2022-11-30,0.0225987391994175,0.0010049286132209,0.013392905183363,0.0026522679653298
2022-12-01,0.0014332453750257,0.0082894157893724,-0.0049344790781174,0.0074220553890985
2022-12-02,-0.0024649056064577,-0.0004994223801362,-0.0204697092829023,0.0052751148935679
2022-12-05,-0.0122322576829029,-0.0030240315989264,-0.0361304916050179,-0.0038523579929943
2022-12-06,-0.0117425255238605,0.0038001738063752,-0.0201477992977123,-0.0038018830175906
2022-12-07,-0.0031845736859697,0.0045795092137978,-0.0025825153449386,-0.0062619005323163
2022-12-08,0.0044840472652928,-0.0040254175011899,0.0030491367208192,0.0032892230471808
2022-12-09,-0.0032064900955043,-0.0035938833731795,0.0056527731421306,-0.0009214723327799
2022-12-12,0.0086676342930186,-0.002026935268619,0.0210286929140113,0.0019714951155653
2022-12-13,0.0077062503407504,0.0042462147635423,0.0266285900145617,-0.0025583183238434
2022-12-14,-0.003895310689183,-0.0008353514994461,0.000749042912026,-0.0043654895538848
2022-12-15,-0.023348182522455,-0.0019759909232197,-0.0006273213667255,-0.006239030398976
2022-12-16,-0.0120519830524135,-0.0030018043236027,-0.0183088097371994,-0.0025396742444719
2022-12-19,-0.0063134276277517,-0.0046678097949032,-0.0137678600450206,0.003720305202618
2022-12-20,-0.0020514326633326,-0.0083476664114695,-0.0061532432804009,0.0052081540860532
2022-12-21,0.0135168704719501,-8.437409331966354e-05,0.0158948807254131,0.0036856801425085
2022-12-22,-0.0113199107140131,-0.0004047780828106,-0.0156674957821527,-0.0041758499806723
2022-12-23,0.0032112019348614,-0.0033759553423853,0.0183124728986532,-0.0007134752247276
2022-12-26,0.000569064228538,-0.0003946783278164,,
2022-12-27,-0.0021169952871195,-0.0053157501926714,0.010282648784247,0.005914703846161
2022-12-28,-0.0095857368549918,-0.0019364973811172,-0.016152895895532,-0.0013665632666873
2022-12-29,0.0123014600725646,0.0017749389512391,-0.0070278911343031,-0.0006801496584966
2022-12-30,-0.0039236783047437,-0.0023888560772345,0.0066204061784377,-0.0002875789299063
2023-01-02,0.0020076273202774,0.0014701744879271,,
2023-01-03,-0.0008631716326368,0.0033497772057528,-0.0395381086079386,-0.0022632568678732
2023-01-04,0.0075543763552287,0.0064347855619892,-0.020227824977838,-0.0036359472387549
2023-01-05,-0.0075951418564133,-0.0013805175007734,-0.0130735174614586,-0.0010418074639648
2023-01-06,0.0184145702033311,0.0084523469050322,0.0026057882298915,-0.0020220004414147
2023-01-09,0.0018714179183813,0.0015042081508869,0.0167223427248572,0.0009898769558671
2023-01-10,0.0043830880831745,-0.004064844205251,-0.009266687527033,0.0006411464016267
2023-01-11,0.0110990099038887,0.0052896367884044,0.0167613368715209,-0.0017259524274368
2023-01-12,0.0042120668731208,0.0043334258650343,0.0117552788180448,-0.0009713334723524
2023-01-13,0.0030045472406332,-0.0029025578191712,0.0024789684753709,-0.0025450955034402
2023-01-16,0.0001455049047537,3.060234066665785e-05,-0.0014262424347054,
2023-01-17,-0.0004847046224766,0.0017319112159335,0.0081407219334399,-0.0014801336398473
2023-01-18,-0.0095313745339446,0.0098199845326044,-0.0080021926025676,-0.0029017007196002
2023-01-19,-0.008838942250225,-0.0012163208762982,0.0046951600727258,0.0019011625789446
2023-01-20,0.0145080239583089,-0.0045623387927351,0.0038244880683871,0.0057528811988574
2023-01-23,0.0106453093325546,-0.0013847465375578,0.0124656867804161,0.0031829592020358
2023-01-24,0.000303214685022,0.002320741421651,-0.0158946392020587,0.0003379383869033
2023-01-25,-0.0005658156466823,0.0005041253076573,-0.0088746836202992,-0.0008354732437368
2023-01-26,0.0084852524238714,-0.0023526584878605,0.0043945398448633,0.0030775765473656
2023-01-27,0.0017717099907031,-0.0029930720267738,-0.0086723840573926,-7.211236717761494e-05
2023-01-30,-0.009111601246665,-0.0022516795660902,-0.019180838581398,-0.0009628798315833
2023-01-31,0.0095328342555538,0.0006375008170732,0.0098915795555544,-0.0042646411796506
2023-02-01,0.0070754623330617,0.0043898521083733,-0.0323712425099358,0.0008627033293213
2023-02-02,0.012392145980597,0.0073335187341682,-0.0042339188639367,0.0002712276181739
2023-02-03,-0.0057141548684519,-0.0069574615373754,-0.0215691880176029,-0.0007382581303525
2023-02-06,-0.0057468800310558,-0.0072343661597919,0.0016336711646613,0.0020754318781876
2023-02-07,0.0084606655124307,-0.0021635682984768,0.0262016071717764,0.0021766736343838
2023-02-08,-0.0071449592021815,-0.0001468122569794,-0.0047092822940405,0.0057341950885839
2023-02-09,-0.0058390071053669,-0.0008947821079117,-0.0032817621232454,-0.0019274267729063
2023-02-10,-0.0004131127296124,-0.0036451060857164,0.017444064935539,0.0007960128149658
2023-02-13,0.0092998743655031,0.0004921119685504,-0.0034827667811549,-0.000737151201114
2023-02-14,0.0004531380774342,-0.0030389089918122,0.0069478141728283,-0.001180878043191
2023-02-15,0.0025614358374501,-0.0023225319199827,-0.0140364095030072,0.0027847718354198
2023-02-16,-0.0085889871715984,-0.0013981068686602,-0.0050836618143916,0.0032635155395479
2023-02-17,-0.003448228895255,0.0005025462773263,-0.0195969976565106,-0.002533961730916
2023-02-20,0.0001218265429004,9.913033333329088e-05,0.005320586603612,
2023-02-21,-0.0152891740025034,-0.0069165767879982,-0.0098885104552892,0.0048702798890091
2023-02-22,-0.0026101624394878,0.0008255897382888,-0.0062305934887173,-0.0003346758678703
2023-02-23,0.0036213042575894,0.0020095576896781,0.0105926540713358,-0.0019268338600695
2023-02-24,-0.0087380600519288,-0.0032807692060722,0.0085132978078888,-0.0016352587019327
2023-02-27,0.0038481642891306,6.562932072425639e-05,0.010811862326049,-0.001386654761769
2023-02-28,-0.0029433360792097,-0.0005476301785647,0.0058129212263655,0.0028047473791091
2023-03-01,-0.0033711252979805,-0.0042232018559145,0.0122095874666769,0.0030888368351267
2023-03-02,0.0059280904358796,-0.003380359535608,-0.0019537266580885,0.0054708274598752
2023-03-03,0.0142383217898084,0.0037522945713927,0.0221754861287293,0.0036170249412507
2023-03-06,0.0014899060031449,-1.7804904016700807e-05,-0.0196841297752237,-0.0001959799999751
2023-03-07,-0.0118182516625288,0.0005518761940125,-0.0116921178095953,-0.0094993164997802
2023-03-08,0.0011726596351942,0.0016073925288049,-0.0124524691873365,-0.006251177117146
2023-03-09,-0.0132726714491955,0.0016249931543165,-0.0119594524017365,0.0006792348592233
2023-03-10,-0.0156061551652062,0.013254235168847,7.603962632198166e-05,-0.0033855792120566
2023-03-13,-0.0062790151423639,0.0123032280183408,0.0024900654927112,-0.0021301374446866
2023-03-14,0.0118398805593566,-0.004781066794543,-0.0169241135028435,0.0078954816096606
2023-03-15,-0.0110751849786959,0.0100756100934598,-0.0355435269710674,-0.0029804932372044
2023-03-16,0.0144202267156093,-0.0042489865673502,0.0122911993516858,-0.00248361981057
2023-03-17,-0.0098482473766927,0.0092827279796616,-0.0147595617409926,-0.0126036326401531
2023-03-20,0.0070319536162111,-0.0020395831753272,-0.0039146576136674,0.0064938018112712
2023-03-21,0.0127540951701078,-0.0067252613901424,0.0155683532068161,0.0059224038306188
2023-03-22,-0.0091961294002363,0.0020465893590432,-0.0047416066477278,0.0033616264043778
2023-03-23,0.0003679766495567,0.006882633567268,-0.0065893313931847,0.0014874524673707
2023-03-24,0.0012859010407664,0.0024319270461727,0.0046549536516749,-0.0051801211268429
2023-03-27,0.003521889377127,-0.0069083340160156,0.0106249462113501,0.0028102647639078
2023-03-28,-0.00038217566262,-0.0037106451835496,0.0013754508067834,0.0065593228065963
2023-03-29,0.0131489598717895,-0.0002705841274076,-0.0017856610043164,0.0012072886269572
2023-03-30,0.0068844700235464,-0.0015886272509038,-0.0012185674329903,0.0019249500364244
2023-03-31,0.0117948437058797,0.0023080498198778,0.0185474250079749,-0.0011831007307237
2023-04-03,0.0036692559638958,0.0031774013422205,0.0146795666290978,-0.0029691707918152
2023-04-04,-0.0040876722373688,0.0028876270391005,-0.0024641249378165,-0.0058170619511565
2023-04-05,-0.0035713067720709,0.0026328078496066,0.0043629422240398,-0.0005083580678166
2023-04-06,0.0030895791037351,0.0003026686329814,-0.010560545243895,0.0002751100731002
2023-04-07,5.476944146993392e-05,-0.003135180106409,,0.0021813829230957
2023-04-10,0.0010828052343385,-0.0015211162874023,0.0060237436922756,0.0019691992779692
2023-04-11,0.0022264495388254,-0.002963533491926,0.007247643907091,0.0011752929652298
2023-04-12,-0.0021514301975305,0.0002668162519112,0.0024676084078564,0.0013297037476107
2023-04-13,0.0101293050637772,-0.0013332031474776,-0.0074354541514445,-0.0012985109439704
2023-04-14,0.0002236081739332,-0.0042074427344787,0.0084384623038612,0.0011261917191101
2023-04-17,0.0024173816839684,-0.0039365391781482,0.0051762765735995,0.00168534507033
2023-04-18,0.0015480151454763,0.000887463820993,0.0073434906582576,-0.0021811316848459
2023-04-19,-0.0003950076605412,-0.00296920433015,-0.0203991888509021,0.0012139608771991
2023-04-20,-0.0044918319844206,0.003382905953646,-0.0118444942976244,-0.0013195248592117
2023-04-21,0.0009384023824063,-0.0007195753867605,-0.0027699094737613,0.0006436545621304
2023-04-24,0.000725873947103,0.0020240754338389,0.0087218071890512,-0.0004449198125628
2023-04-25,-0.0118155648795582,0.0063122024359347,-0.0167755139071037,-0.001288600418045
2023-04-26,-0.004810292298733,-0.0006844709980084,-0.0223763917115557,0.0015751750959043
2023-04-27,0.0135851568886573,-0.0054584215891831,0.0011675856473893,0.0015322246168719
2023-04-28,0.0076845316535256,0.0054476914923285,0.0161607692073868,-0.00735687781188
2023-05-01,0.0002777383325364,-0.003365538042784,-0.0115965416228147,0.001221880967659
2023-05-02,-0.0109545350951093,0.0056090646981906,-0.0299250536745391,-0.0024809236324219
2023-05-03,-0.0045309376066281,0.0018565035057894,-0.019507111808825,-0.0009066380137698
2023-05-04,-0.0065320009890341,0.0037159532125582,-0.0034767167806693,-0.000428204032811
2023-05-05,0.0152499174418002,-0.0057007628958135,0.0232386589894661,0.0036795666996393
2023-05-08,0.0007164777337213,-0.0029739553574035,0.0181992137046838,0.0014274259944792
2023-05-09,-0.0034353026157731,-0.0009056526371617,0.001436866995665,-0.0012571568382072
2023-05-10,0.0018402111498292,0.004477228412315,-0.0103077690178129,-0.0021929308864898
2023-05-11,-0.0012024353512248,0.0027674027403836,-0.0144006273983603,-0.0019748205859094
2023-05-12,0.0004267889340145,-0.0035106697160115,0.0009453506671245,0.0007489686287219
2023-05-15,0.0032336401515716,-0.0023154923983133,0.0180779535496591,0.0013783665632524
2023-05-16,-0.0051786146629404,-0.0020136551155485,-0.0068103502341498,-0.0002609277809545
2023-05-17,0.0079471642730714,-0.0009204998930543,0.0094887772678412,0.0025648948751718
2023-05-18,0.009135634317942,-0.0061835342021161,0.0049451334519894,-0.0003890585081996
2023-05-19,0.0008299024849711,-0.0017505101914119,-0.0026372777450959,0.0006485448479507
2023-05-22,0.000283897051187,-0.0007136408500403,-0.0061018547072906,0.0009910921239616
2023-05-23,-0.0095892660109882,-0.00094155424269,-0.002118924880301,0.0025670121003845
2023-05-24,-0.0096470750023456,-0.0010499506430677,0.0106374582687695,-0.0019240593942049
2023-05-25,0.0049737381023562,-0.0055406725301024,-0.0196777579379488,6.851125231944024e-06
2023-05-26,0.0115086401289648,-0.0018366960295165,0.0053539670171444,-0.0002831093882913
2023-05-29,0.0003857281432377,0.0017168743627374,-2.448713239174851e-05,
2023-05-30,-0.0015749243030922,0.0061804898199082,-0.0281518710874577,-0.0007420559953238
2023-05-31,-0.0082399629261738,0.0040018694606125,-0.0104435145859727,-0.0016206005910645
2023-06-01,0.0085857728839791,0.002165794333166,0.0091455184167501,-0.0032933462110278
2023-06-02,0.0145154405067819,-0.0042870981150086,0.0134888532237524,0.0027549139268562
2023-06-05,-0.0005400090150101,-0.0019547426094807,0.0076360231091759,0.0012495404505804
2023-06-06,0.0021514439412476,-0.0004515177465332,0.0012627620489109,-0.0009940670419886
2023-06-07,-0.0039735917531547,-0.0038008363276016,0.0064472135070166,0.0020222230393769
2023-06-08,0.0032605508880744,0.0018279284856053,-0.0012140250672776,-0.0007324310688785
2023-06-09,0.0016797035814739,0.0001427119205279,-0.0107857709758237,-0.0010660101541669
2023-06-12,0.0072542850412843,-0.0001577985475695,-0.0159228805619791,-0.0005320811309213
2023-06-13,0.0071140572589294,-0.0042114608492102,0.0226228554347818,0.0004775696541788
2023-06-14,0.0019705217376989,0.0003912743986396,-0.0033608541404467,0.0019767537075975
2023-06-15,0.0079927977399318,0.0018782662566836,0.0353116761813586,0.0002455315323392
2023-06-16,-0.0007928408525934,-0.0003729439336449,0.0210503423734301,0.0013935740415152
2023-06-19,-0.0022294273909426,-0.0016612594261485,-0.0026242908825964,
2023-06-20,-0.0040408257966188,0.0042688169255631,-0.0164560476209223,-0.0003914207912336
2023-06-21,-0.0045367125861703,-0.0008188739043356,0.0188269028165138,0.0011876884652634
2023-06-22,-0.0001306230047304,-0.0034633740859674,-0.0183875435275328,0.0007161889072732
2023-06-23,-0.0079221458991483,0.0043920779019836,-0.0019071765100761,-0.0021171458891863
2023-06-26,-0.002889371941129,0.0021433938095638,0.0044952589992277,-7.977563389856369e-05
2023-06-27,0.0085913392439909,-0.0032879357654205,-0.0170853042767486,-0.0003636296719643
2023-06-28,0.0026100309306573,0.0025471355318469,-0.0049835516899378,-7.304922005278058e-08
2023-06-29,0.0030706135117749,-0.0068526725515084,0.0019869345404324,0.0020636061048879
2023-06-30,0.0104446298923462,0.0004459901660687,0.0159222544392276,0.0010144231471608
2023-07-03,0.0015815371841753,-0.0022373127073994,-0.0096210214009707,0.0023769789923938
2023-07-04,-0.000697614283539,-0.0005295095372436,0.0041137616533536,9.347571146179687e-05
2023-07-05,-0.0032560386856285,-0.0030063822136464,0.0075857840236015,0.0011145140961818
2023-07-06,-0.0124136069637401,-0.0076195705171864,-0.0057230517261849,-1.9848486952279928e-05
2023-07-07,-0.0029553442611705,-0.0006731206707503,0.0089138392338481,0.0002383364733989
2023-07-10,0.0015905397395287,0.0010863255811726,0.0037085046332332,-0.0008427076952153
2023-07-11,0.0060972529066603,0.0005881058282296,0.0140424733879375,-0.0016227720260722
2023-07-12,0.0079186602772618,0.0067712378210694,-0.0014773685288731,0.0014564331004164
2023-07-13,0.0085369172947567,0.0059479435339518,0.0077878875307261,-0.0023592608636041
2023-07-14,-0.0011550872673207,-0.002447620524393,-0.0035136473951526,-0.0009165684315898
2023-07-17,0.0012410261995126,0.0006648861283618,-0.0111371086267413,0.0009490177158094
2023-07-18,0.0061757477811876,0.0029429322862329,0.0182927204999941,-0.0025065135372939
2023-07-19,0.0035408029729304,0.0021067735269708,0.0037109812577664,-0.0002728554444052
2023-07-20,-0.0050481676395102,-0.0055370614632904,0.0115440217249136,0.0047653199003419
2023-07-21,0.0002190574733093,0.0009876632351951,0.0062037902409635,0.0015005507742919
2023-07-24,0.0034314893689117,0.0003530768696524,0.0155102693874654,0.0030218357274151
2023-07-25,0.0026740681133749,-0.0028905952532718,0.0072991383001165,0.0006957360150182
2023-07-26,-0.0011670515005417,0.0023127071275753,-0.0069191495228255,-0.0020743277826833
2023-07-27,-0.0011772060482871,-0.0053777446787381,-0.0018326308816653,0.0016096729053206
2023-07-28,0.0063516173800968,-0.0002384958996344,0.0056334808650679,0.0021842477549588
2023-07-31,0.0024685860637024,-0.0003724767763435,0.0024799443918897,-0.0014333226451883
2023-08-01,-0.0033196396171518,-0.0038671341847187,-0.0054387345228627,-0.0004675929987053
2023-08-02,-0.0147800099351215,-0.0008050187187463,-0.01992832141902,-0.0023138873699421
2023-08-03,-0.0049982610972724,-0.0047458695535133,0.0129657057401847,0.0012975763426571
2023-08-04,-0.0023787344175605,0.0050243516849676,0.0059880317657698,0.0007169702908075
2023-08-07,0.0062810055026276,-0.0002396336595817,0.0023497727037014,0.0021182855018333
2023-08-08,-0.0045705790863189,0.004050146002423,0.005280722679803,-0.0031217142581771
2023-08-09,-0.0037503185257379,0.0002730005697976,0.0192198682198186,-0.0023644994673739
2023-08-10,0.0028609228083101,-0.0032485000945727,-0.0144909387520678,0.0008250340506058
2023-08-11,-0.0029358640073787,-0.0056376613534974,-0.0011198437108919,0.0028397213732381
2023-08-14,0.0025554558269081,-0.0021643179196016,-0.0052285061701725,-0.0013692780712893
2023-08-15,-0.0103978865492022,-0.0023514058853592,-0.0183170705834806,-0.0006721794862661
2023-08-16,-0.007075433814096,-0.0006772395350888,-0.0071058692203786,-0.0003302268430101
2023-08-17,-0.0078228832274265,-0.003342276408721,0.0068741668829116,0.0001585718200666
2023-08-18,-0.0017224701233486,0.0037408474750076,0.0040446265162594,-0.0017599341744373
2023-08-21,0.0046716871619602,-0.0045012451195456,-2.191874214202329e-05,0.0023112887014759
2023-08-22,-0.0003751580140389,0.0010919457870116,-0.0068375436299028,0.000850485252335
2023-08-23,0.0086915191949253,0.0077433503762219,-0.0014649247540788,0.0005187803538581
2023-08-24,-0.0093903757196399,-0.0006341735916508,0.0047559651648388,-0.0003971897475115
2023-08-25,0.003106164616579,-0.001730904228057,0.0097749138480876,-0.002155921906306
2023-08-28,0.0077025825283454,0.0008855328391333,0.0006157323079293,-0.0003785642914563
2023-08-29,0.0125745136245075,0.0046934875336099,0.0014367303319904,-0.0026285157972605
2023-08-30,0.0029718321320222,-7.761621356241168e-05,0.0067712146322121,-0.0006610626543991
2023-08-31,-0.0009935090527426,0.0025389399050679,0.0032422133398153,-0.0021012131876981
2023-09-01,0.0009398266901641,-0.0031385496564029,0.0099531969265508,-0.0009148704178461
2023-09-04,0.0006164220184952,-0.0016119027860248,0.0003762341914681,
2023-09-05,-0.0038671535447572,-0.0041878600293159,-0.003583107178091,0.0027352999141977
2023-09-06,-0.0055270129444843,-0.002030718118727,-0.0017244683633748,0.0005114467298692
2023-09-07,-0.0033945854704888,0.002254125866855,-0.0021805975984825,5.366571113836835e-05
2023-09-08,0.0004807061932922,0.0007798702811108,0.0047281751260344,0.0024339156124072
2023-09-11,0.0050680618224371,-0.002974817025887,0.0035681484018305,0.0007753151284105
2023-09-12,-0.0032689922892192,0.0006895498515525,0.0068592706889024,4.831638909093454e-05
2023-09-13,-0.0002143313084972,0.000722041824033,0.0013967893934514,-4.507396510423859e-06
2023-09-14,0.0099769382151503,0.0008946947498748,0.0091444021347204,-0.0005531257860606
2023-09-15,-0.0067190376083873,-0.003091441042606,-0.0052445489773995,0.0009085472436152
2023-09-18,-0.0019897157387163,-0.0013679085962726,0.0009927844679495,0.0003952207073363
2023-09-19,-0.0029029300606676,-0.0020872357266439,0.0019376345060256,0.0009219767261939
2023-09-20,-0.0052232556271219,0.0016893685293541,-0.0082966679039927,-8.970806192033342e-05
2023-09-21,-0.0159143976209165,-0.0053723833052729,-0.0086322481355377,-5.55413833615894e-05
2023-09-22,-0.0023350221640881,0.0010964650610222,0.0007004038754002,-0.0002213244388778
2023-09-25,0.0017664993037516,-0.0037130726941931,-0.0023676876765621,-0.0005879331788103
2023-09-26,-0.0123970476334803,-0.0012217606278726,-0.0030197447692403,-0.0036445805074214
2023-09-27,-0.0008619931528433,-0.0032074191174867,0.0130344181625545,3.328051100569428e-05
2023-09-28,0.0042565356464018,-0.0024781324973782,-0.0001009685914951,0.0036072164780356
2023-09-29,-0.000889042290505,0.0039162566970973,-0.0099273460150939,-0.0026960704600941
2023-10-02,-0.0030100933177091,-0.0053614472933863,-0.0135458746360281,0.0014577235809445
2023-10-03,-0.0131529975592134,-0.0049212442068166,0.0020989141944069,-0.0011253723535893
2023-10-04,0.0029710900158195,0.0010067916473922,-0.0253396883223196,-0.0008265806164555
2023-10-05,0.0009574788717863,0.0027806970011875,0.0004428980754176,-0.0019086666926569
2023-10-06,0.0098475037568433,-0.0027471682171197,0.0093372538244657,0.0006331117459275
2023-10-09,0.0036633365465972,0.0068979294293017,0.0155663113892266,
2023-10-10,0.0096524221906463,0.0013310874308139,-0.0007750678193501,-0.0002781064865157
2023-10-11,0.0035807475182685,0.0032777234607698,-0.0089044111705934,0.0009216287137566
2023-10-12,-0.003194982178778,-0.0044557599045914,0.0029746757196427,0.0007584744806925
2023-10-13,-0.0069419657333508,0.0022342040689963,0.0226001177231668,0.0010844915460919
2023-10-16,0.0064043359891226,-0.0032960356600698,-0.0089464677885818,0.0022295449829858
2023-10-17,0.0011251211362639,-0.0068683459925047,-1.538420068631632e-05,0.0019595229368472
2023-10-18,-0.0116707155517823,-0.0040178706436841,0.0106270697644206,0.0028898179091527
2023-10-19,-0.0100848364399601,-0.0031415115464189,-0.0007849618896045,0.0050660619939925
2023-10-20,-0.0123776224317518,0.0039305358860206,-0.0041787639595603,-0.0021497727580268
2023-10-23,-0.0020763640577223,0.002706002209187,-0.0123966888269093,-0.005264737994236
2023-10-24,0.0058296604767074,0.0008041089808501,-0.0064836418324298,-0.0005842383214137
2023-10-25,-0.00928594546603,-0.0045625923878163,0.0088358195941691,0.0035631648848695
2023-10-26,-0.0114185420525436,0.0031425652020668,-0.003956045661072,-0.0012755188961794
2023-10-27,-0.0035902127600413,0.001676933504834,0.0124641176520147,-0.0001701067128757
2023-10-30,0.0079229610342107,-0.0010903202208301,-0.0208190923784403,0.0004795121762343
2023-10-31,0.0052928632821854,-0.0005334581682215,0.006312137734751,-0.0008064209846541
2023-11-01,0.0104947165072857,0.004268263235393,-0.0063311355438922,-0.0002864523788953
2023-11-02,0.0175268503106299,0.0055590523454798,0.0113406799559204,0.0005713698346449
2023-11-03,0.0072010073471329,0.0062507331761232,-0.0043302156600087,-0.0012223776205237
2023-11-06,0.0025767001499805,-0.0049507356791824,-0.0054178265799445,0.0009911249275649
2023-11-07,0.0003434626349828,0.0040094065954054,-0.0260388063324554,-0.0021202714209415
2023-11-08,0.000651312662529,0.0026213803099588,-0.0123654994227075,-0.0025023060845709
2023-11-09,-0.0029793734968257,-0.0041002187470456,-0.0037956168142668,-1.4575717337051174e-05
2023-11-10,0.0088275534936331,-0.0021194028630512,0.0008393454038022,-0.002130900944619
2023-11-13,0.0006834918591063,-0.000469740544873,0.0183404038370906,0.0002956382537161
2023-11-14,0.0163621484806959,0.0105219854279905,-0.0013031575988584,-0.0026010585959616
2023-11-15,0.0041943374253626,-0.0025543441552537,-0.0029375007902458,0.0008830685554457
2023-11-16,-0.0005533004346464,0.0046610160116677,-0.0283804158368357,-0.0020671203637728
2023-11-17,0.0026966297093716,-9.807004826348278e-05,0.0073106164890904,0.0002679637170025
2023-11-20,0.0051326204381152,0.000298226803312,0.0093501801156399,0.0017706488178108
2023-11-21,-0.0020810667412504,0.0019938376422102,-0.0003426531894002,-0.0027627419293912
2023-11-22,0.0030886729266751,-0.0013211005256573,-0.0057039815201197,-0.0005735803960533
2023-11-23,0.0003932116206806,-0.0014401727813378,-9.913874872310428e-05,0.000215863030018
2023-11-24,0.0006392306900655,-0.0032986541605997,-0.0120204844224571,0.0002704978187564
2023-11-27,-0.0023290511676629,0.0048481826785796,-0.0083905732874324,-0.0031225180732454
2023-11-28,-0.0002254605675746,0.0039568256439234,0.0083988679852824,0.000835350490187
2023-11-29,-0.0001875038953667,0.004960903405442,0.0046556016736393,-0.001431329297177
2023-11-30,0.0040101850978802,-0.0040194672664303,-0.0101058144392103,0.0018157690710376
2023-12-01,0.0050196050407895,0.0053890942392222,-0.0094790331233825,-0.0013297601457283
2023-12-04,-0.0039913967786579,-0.0016372827126458,-0.0149445931129364,-0.0005858009014354
2023-12-05,-0.0006176709866589,0.0066456198262138,-0.0047254362956435,-0.0020413541828385
2023-12-06,-0.0001030664507513,0.002466287665353,-0.0301470194351322,-0.0044498688267709
2023-12-07,0.0033222860798008,-0.0014205051234504,0.0009148429238764,6.45712078360084e-05
2023-12-08,0.0032098329705317,-0.0057154562345967,0.0081521152955184,0.0056936374151789
2023-12-11,0.0043107424954724,-0.0004398710974103,-0.009487235467238,-0.0008701042535777
2023-12-12,0.0028515523218631,0.0029480200402407,-0.0221572843971758,-0.0027420174458033
2023-12-13,0.0101783616856931,0.0088568193961309,0.0065258450902484,-0.0038599084699007
2023-12-14,0.0030238371421302,0.0051333336543368,0.0239975263192713,0.0059141090305729
2023-12-15,-0.0004392799466361,0.0005889333279838,0.0082389893681005,0.0006790002662245
2023-12-18,0.0027800551602646,-0.0007383747670605,0.0056011198401669,0.0006110988200407
2023-12-19,0.0057441331391742,0.0028499653195673,0.0044476606305241,-0.0022911100858681
2023-12-20,-0.0088667997930907,0.0039939552445725,-0.0028952098853358,-0.0007099129778335
2023-12-21,0.0053896562862197,-0.0005709256730672,0.0030095444916996,-0.0004846321295786
2023-12-22,0.0012628994799273,-0.0007718510722996,0.001661741665071,0.0001457045897011
2023-12-25,0.0002873025488146,0.0002567670559311,,
2023-12-26,0.0028453831682456,0.0003834427593232,0.0062037718294964,-0.0004095486904644
2023-12-27,0.0027470608162054,0.004752297542695,-0.0038590279831216,-0.0024323082974264
2023-12-28,-0.0006872616621348,-0.0025366729537967,-0.0049471956038322,0.0006556312904617
2023-12-29,-0.0014428461279578,-0.0024898140994827,-0.0082804318804542,0.0001635729576162
2024-01-02,-0.0050807761737092,-0.003759016024896,-0.0050920349955857,0.0032826819254571
2024-01-03,-0.0080743009255322,0.0009500905503879,0.0180713532553611,-0.0013440379931791
2024-01-04,-0.0018576077306238,-0.0036627353346112,0.0017997807290378,0.0007725745900624
2024-01-05,0.0002631055136365,-0.0017832223916292,0.009439732363538,4.0344078296941005e-05
2024-01-08,0.0102322248058418,0.0014089812090875,-0.0182244552452399,-0.0009574132006702
2024-01-09,-0.0007135629092695,-0.0010206671498669,0.0169250995646012,9.344807040932936e-05
2024-01-10,0.0048517516036593,-0.0006942018188744,-0.0135165356028083,-0.0016431867208665
2024-01-11,-0.0004403989199634,0.0023017688085404,0.0045345296758843,0.0024798073456477
2024-01-12,0.0021446147704718,0.0024543709061336,0.0061813139880144,0.0020184590700765
2024-01-15,-2.9234757311581065e-06,-0.0001954108865708,-0.0005962519416901,
2024-01-16,-0.0043204492905724,-0.0046845768578951,-0.0082287015999649,0.0021768123689
2024-01-17,-0.0070873498629033,-0.0044714682829886,-0.0046227360580663,-0.0017795013953297
2024-01-18,0.0072449673993284,-0.001841746664315,0.0050184267154906,0.0024743861215681
2024-01-19,0.0092287771218536,-0.0001701532087283,-0.0123018934511247,0.0010029240435241
2024-01-22,0.0039463031005644,0.0030098465811487,0.0004229261951062,-0.0037997345676812
2024-01-23,0.0017106914498293,-0.0024928717343125,0.0061535944720387,-0.002134204784448
2024-01-24,0.0022221448389208,-0.0024775456995772,0.0123696274758648,0.001772463794152
2024-01-25,0.0040155457604894,0.0023781185724874,0.0063950548100307,-0.0008939591550798
2024-01-26,0.0002613321788891,-0.0010632241653327,0.003351104251489,0.0001556382124059
2024-01-29,0.006221010706132,0.0036076472710636,-0.0158821311997633,-0.0002944343999456
2024-01-30,9.49605642009906e-05,0.0001301956967035,0.0097152689319841,-0.0007046612105933
2024-01-31,-0.0114042895232838,0.0053453639912053,-0.006425300957078,-0.0018368786821687
2024-02-01,0.0061867181172727,0.0039239130577173,-0.0152073854514907,0.0005873599118851
2024-02-02,0.008261085763637,-0.0076280748287366,-0.0103840930998584,-0.0009734030009546
2024-02-05,-0.0029057855361463,-0.0072235191437658,0.0009422486810319,0.0039186527897057
2024-02-06,0.0028993392646334,0.0034613419553646,0.0002254174745444,-0.0010465743142027
2024-02-07,0.0047869179069347,-0.000469885447881,0.0019491010398909,-0.0013575003448825
2024-02-08,0.0018632384721327,-0.00342016027848,0.0081935757637262,0.0010812077929886
2024-02-09,0.0033907740337875,-0.0017277019795132,-0.0011263848018368,0.000430344078989
2024-02-12,0.0005770603906012,0.0010160604816848,-0.0077067469811343,-0.0011323719394993
2024-02-13,-0.0098561177142846,-0.0059451571728201,-0.0035709152317409,0.0037568660543608
2024-02-14,0.007360404363924,0.0025982732771381,-0.0163555865300889,0.000355323603427
2024-02-15,0.0065304016650309,0.0016705404639764,0.0027423318670753,-0.0004301641198736
2024-02-16,-0.0012021844272754,-0.0032256424392808,0.0073314813171132,0.0017962214778962
2024-02-19,6.768727789037521e-05,-0.0001310490081966,-0.0002426108751702,
2024-02-20,-0.0037097988553251,0.0018594527607963,-0.0101795832274969,-0.0020373527075145
2024-02-21,-6.770144184401725e-05,-0.0026440090945523,0.023346866967875,0.0012977319693957
2024-02-22,0.017403851710091,-0.0002487787975802,-0.0006335456767446,-0.0007271908979769
2024-02-23,0.0013773160592463,0.0029227574035143,-0.022968641318882,-0.0029294483996297
2024-02-26,-0.0033129586750666,-0.001620114318737,0.0109863950978787,0.0020166617557426
2024-02-27,0.0018144308414759,-0.0011756828290351,0.0131540095703467,-0.0007608677162719
2024-02-28,-0.0021430611170856,0.0012461696021339,0.0016534862807445,0.0010542375089876
2024-02-29,0.0036770753422924,0.001161964966954,-0.0007601017720747,-5.653333468167693e-05
2024-03-01,0.0080419996332689,0.0029865109941512,0.006807924264208,0.0022856193809726
2024-03-04,-0.0012033430530564,-0.0009576303489411,0.003237235413908,0.001999716849931
2024-03-05,-0.007377207636647,0.0049623573300976,-0.0046713419584327,-3.776347771051223e-05
2024-03-06,0.0045981367829682,0.0009270097599285,0.0052644286982507,-0.0010807044135104
2024-03-07,0.0077166672001279,0.0009318602184961,-0.0037482483960476,-0.0023265208549171
2024-03-08,-0.0040437808234825,0.0012276107233693,-0.0070757722597869,-0.0005506608804008
2024-03-11,-0.0029588909897287,-0.001425671240781,-0.0008218319031653,-0.000186534510487
2024-03-12,0.0094931707664709,-0.0019819840769504,-0.0032544416387962,0.0020468460534707
2024-03-13,-0.0004990085827546,-0.0016932894194445,0.0090154285736197,-1.8890739545749969e-06
2024-03-14,-0.0022011828440715,-0.0055588393266516,0.0107484323978953,0.0014773296018994
2024-03-15,-0.0053352889783019,-0.0013274322718753,-0.0038132600964755,0.0005029078163224
2024-03-18,0.0056880092096152,-0.0008172984225774,0.0118312928829714,0.0002834354512765
2024-03-19,0.0042710980177111,0.0023439450789946,0.0036066090963415,-0.0007164925246588
2024-03-20,0.006172550069818,0.0016512925590657,-0.009115014457492,-0.0006539896841327
2024-03-21,0.0061233480668834,-5.761929654758786e-05,-0.0012690154595788,0.0055621920403803
2024-03-22,-0.0013722284432137,0.0029321927255246,-0.0063260252626862,-5.708065221106517e-05
2024-03-25,-0.0028468798510892,-0.0019508964925289,0.0054010135452329,-0.0002631862217212
2024-03-26,-0.0008092618058415,0.000806438526355,-0.0064597081924033,-0.0005128677509656
2024-03-27,0.0064866552404328,0.0024051427244228,-0.008699649261722,-0.0014351821020426
2024-03-28,0.0003467150123514,-0.0003149827672545,0.0154629635462363,0.0014778965396701
2024-03-29,0.0002713648610484,-0.0003493171672149,,0.0001837957534819
2024-04-01,-0.0025664990076981,-0.0043765767619253,0.0078753803434308,1.945577248980408e-05
2024-04-02,-0.0059015327329665,-0.0038771766884766,0.0114276695698865,0.0011575934422749
2024-04-03,0.0001987029111334,0.0002446453070714,0.006489737379052,-0.0012708478859347
2024-04-04,-0.0081080951252159,0.0027482776911554,0.0008640435658478,-0.0007145884597102
2024-04-05,0.0040187342476301,-0.0031327177542864,0.0052228970786062,0.0028124265330472
2024-04-08,0.0019522691874281,-0.0026531502038057,-0.0008181021972858,0.0015534243551053
2024-04-09,0.0006384409760453,0.0032641577600996,-0.003398353185231,-0.0007967750177066
2024-04-10,-0.0070484072969695,-0.0082657043750151,0.0036544356246232,0.0029571607627069
2024-04-11,0.0031459318279736,-0.0031257201970173,-0.010900431049649,-3.044690777442884e-05
2024-04-12,-0.0101504121874151,0.0049877721015582,0.0084571198448493,-0.0005009081237006
2024-04-15,-0.0090863820689665,-0.0057209205279965,-0.0090295165178895,0.0026174666395749
2024-04-16,-0.0064696479732837,-0.0024185104450066,0.0027820890891082,-0.0004581980360704
2024-04-17,-0.0042006287865566,0.0024433071898215,-0.0132537179810364,-0.0025806494945027
2024-04-18,-0.0004752794466778,-0.0016948429884402,-0.0018503975980311,0.0010159958146968
2024-04-19,-0.0082367185995285,0.0010718793022832,0.0062296321683809,0.0002074329517662
2024-04-22,0.0087798343152914,-0.0002024993504274,0.0058002479306983,0.0007221939786422
2024-04-23,0.0107514075734274,0.0007806499237192,0.0072434646906456,-0.0005349820569957
2024-04-24,0.0010336307294816,-0.0037952647800754,-0.0102624049848122,0.0009395867049762
2024-04-25,-0.005922572017452,-0.0027598975559983,0.003814891625745,0.0009192397502452
2024-04-26,0.0093699998510357,0.0018601475086022,-0.0030416932882333,0.0009131659900675
2024-04-29,0.0033774893158332,0.0031100765087263,0.0062189075453099,-0.0002180160341227
2024-04-30,-0.012634571981076,-0.0030356063525955,-0.0133100530147211,-0.0007922249630714
2024-05-01,-0.003681247414844,0.0027923268890936,-0.0215092664575493,-0.0055052270702922
2024-05-02,0.0061879638012006,0.0021181927724202,0.0096932788554329,0.0015123026510821
2024-05-03,0.0095039069290815,0.0038048152640571,0.0082395828309018,-0.0005332814073085
2024-05-06,0.0096192913612143,0.0007230919314778,0.0101367402301088,-0.0002448230956829
2024-05-07,0.0040946880176546,0.0024697608889602,0.0008038883124687,-0.001579652962154
2024-05-08,-0.0006718517773871,-0.001720545478212,-0.0019068116261997,-0.0001196098773651
2024-05-09,0.0040117026060973,0.0001266109893893,0.0048619500634452,0.0014525141059229
2024-05-10,0.0028473663858833,-0.0023674840958267,-0.0050525224725744,0.0007819258176335
2024-05-13,-0.0003950232395415,0.0002340944534129,0.0100172491866084,-0.0004449375169372
2024-05-14,0.003773518504374,0.0004847264606983,-0.00770037593065,-0.0001248393451402
2024-05-15,0.0092827775326155,0.0056226380568506,0.0081520539017151,-0.0009649053967756
2024-05-16,-0.0008247073405166,-0.000358933028969,0.0072615817984639,-0.0003142016519663
2024-05-17,0.0007794391370347,-0.0031243369523974,0.0154153271326147,0.0017260661827951
2024-05-20,0.0017043428184185,-0.001555485569801,0.0122569584140098,0.0009021119763076
2024-05-21,0.0008182521311845,0.0012594368928064,-0.0063601816752075,0.0001086713257425
2024-05-22,-0.0036702589953756,-0.0020072536542878,0.0027160242443443,-6.143388216744643e-05
2024-05-23,-0.0051239440037378,-0.0025285560431867,-0.0115079213109177,-0.0006592684527679
2024-05-24,0.0034128587993473,3.915553474631385e-05,-0.0040607578081471,-0.0002144656159573
2024-05-27,0.000867862943165,0.0009112112689294,0.0025451054231209,
2024-05-28,-0.0006882511363388,-0.0031996987784546,0.0148556435351554,0.0021252422262638
2024-05-29,-0.008739763612929,-0.005402391522144,-0.0154769022195696,0.0019152555986316
2024-05-30,-0.0037698942250777,0.0026897305605538,-0.0180222277903917,0.0007776080832988
2024-05-31,0.0073201691738952,0.0015378371610676,-0.0069881270438526,-0.0001938388583497
2024-06-03,0.0014219636885788,0.0054165159782124,-0.0061243537406154,-0.0032394875813423
2024-06-04,-0.0008593653141871,0.0037563711785344,-0.0168621591353278,-0.0010039617362379
2024-06-05,0.0095650880254269,0.0026344918939912,0.012012697331484,-0.0011699586257124
2024-06-06,0.0013576264189116,0.000100065145278,0.0179014248066943,-0.0006828909375848
2024-06-07,-0.0019790799466855,-0.006616421728422,-0.0025101915474066,0.0007873813905249
2024-06-10,0.0012245900423495,-0.0037942390685415,0.0093604769453877,0.0001818883007619
2024-06-11,-0.0003227918415355,0.002703465291935,0.011053454492392,-0.00063410173902
2024-06-12,0.0071879299111612,0.0066224569513385,0.0018945407328226,-0.0044001061935291
2024-06-13,-0.00194570178873,0.0019882911177283,-0.0020674057790065,0.0005059752076569
2024-06-14,-0.0022621167663424,0.0033180094825542,-0.0067930722505691,-0.0041550324427107
2024-06-17,0.0041395201283168,-0.0025706028952981,-0.0014512326132649,0.0022607139699245
2024-06-18,0.0034100914743643,0.0023432553454993,0.0131107696315547,0.0006407770243159
2024-06-19,3.6254886616120496e-05,-0.0010946095947507,0.0019512770998324,1.2472160854027606e-05
2024-06-20,-0.0001565287534658,-0.0010157568175635,-0.0069743369324383,0.0024572877077831
2024-06-21,-0.0024981949719508,-0.0004398862822559,-0.0063506516793059,-0.0018101202225516
2024-06-24,0.0001465896442909,7.020492612355837e-05,0.0114601875906255,-0.0002081069829565
2024-06-25,0.0021201513347439,0.0002949630231206,-0.0115590198041887,-0.0006344574634528
2024-06-26,0.0007877217696113,-0.0043174595921379,-0.0053061429300055,0.0023809784480981
2024-06-27,-0.0007634342823948,-0.0004804556026604,0.0014796133850641,0.0018515117033932
2024-06-28,-0.0031745775796428,-0.0015868288858598,-0.0079414980543101,0.0011950805524472
2024-07-01,0.0026351009059387,-0.0054698394684775,0.0033229795782283,0.00266888906463
2024-07-02,0.0039355217174834,0.0010594709438764,-0.0027099737882562,-0.0011062992315043
2024-07-03,0.0057676514898731,0.0043452452892172,0.0060297714076841,-0.0022844959397858
2024-07-04,0.0016758584610212,-0.0008107327903579,0.0001260749446877,-0.0001518400789439
2024-07-05,0.0027765554624009,0.004820681453488,-0.0066663922297596,0.0003694929396766
2024-07-08,0.0002375992132216,0.0004790597799241,-0.00815800350772,0.000317792575462
2024-07-09,0.0001765009343823,-0.001883377800748,-0.0099555336303654,-0.0009260699183356
2024-07-10,0.0096557440037008,0.0014789781820394,-0.0021887625976193,0.0005472671172179
2024-07-11,-0.003535073749518,0.0043328776945785,-0.0011773479021225,-0.0035083878291385
2024-07-12,0.003686919427007,0.0003210163382925,0.0013776880038073,-0.0010936377535369
2024-07-15,0.000661193747513,-0.0003098182937994,-0.0160752703219066,0.0026335901476418
2024-07-16,0.0035941619891686,0.0026396467813775,-0.0036170113984103,0.0008497238930429
2024-07-17,-0.0101035276941424,0.0002779745381744,-0.003699175373656,-0.0010812135066713
2024-07-18,-0.0071477891154498,-0.0006776606251145,0.0041970354161706,0.0003201200670081
2024-07-19,-0.0073880825381395,-0.0032458129522519,-0.0153575033529021,-0.0009801557718084
2024-07-22,0.0084695880580084,-0.0007613708863502,0.0106533603479903,-0.0009701842758746
2024-07-23,-0.0015494832655648,0.00058646396584,-0.0118276572682128,-0.0010325107787488
2024-07-24,-0.0180331179717348,-0.0012063313727733,-0.0012089477786166,-0.0008421806117951
2024-07-25,-0.0076113167269724,0.0010651751087757,-0.0028665864969137,-0.001180311998446
2024-07-26,0.0094603076215728,0.0023811588345683,-0.0123466582379427,-0.0004540511093884
2024-07-29,0.0012682201393261,0.0021231661454561,-0.0090702572338227,-6.814367689748178e-05
2024-07-30,-0.0031271330969875,0.001683115587294,-0.0005439602316078,-1.2378180342755514e-05
2024-07-31,0.0139310863298331,0.0012036981273351,0.0122989442558274,-0.000917240756237
2024-08-01,-0.0152015815276876,0.005943185442359,-0.0144657893787789,-0.0045890389779844
2024-08-02,-0.0222676445537142,0.0082685092153653,-0.0157694506637641,-0.0102198464190223
2024-08-05,-0.0329337893812379,0.0031681669167982,-0.0071465706064606,0.0010685093861223
2024-08-06,0.0117824806968177,-0.0054479377509235,0.0061689650874523,0.004281071674873
2024-08-07,0.0004038250804837,-0.0034566485852851,0.0179101441712573,0.0003537412703208
2024-08-08,0.0157356340694201,-0.0005315890321464,0.0057512922632578,-0.0002413286004483
2024-08-09,0.0043182121429057,0.0019276129526714,0.0041919704987667,-0.0009220717449484
2024-08-12,0.0007431109936594,0.0011819725104967,0.0175863064286776,-0.0001458055531315
2024-08-13,0.0142532863725947,0.0033702717213847,-0.0155331477771196,-0.0022723539665682
2024-08-14,0.0041316804520034,0.0014508946323626,0.0006294503514886,-0.001317065165372
2024-08-15,0.0146516071676169,-0.0055446633249483,0.00665927114397,0.0034460905577176
2024-08-16,0.0048075456687989,0.0001051613180462,-0.0147365516102874,-0.0033670499744069
2024-08-19,0.0062319182958232,0.0001622346141941,0.0032868763955739,-0.0004939545997048
2024-08-20,-0.0007204386646337,0.0023929764655187,-0.0051289860081914,0.000515487861635
2024-08-21,0.0030459659282776,0.0021427525989511,-0.0059294724300965,-0.0007389007814427
2024-08-22,-0.0049306349000724,-0.0038261009471516,-0.0063826603139731,0.0018659962250582
2024-08-23,0.008857256001564,0.0022265238781756,0.0127994518988651,0.003600120080066
2024-08-26,-0.0022184118382658,-0.0005018675124841,0.0098963287044141,0.0016154385693322
2024-08-27,0.0012813389777908,-0.0018293702064945,-0.00896566436727,4.9726187786262016e-05
2024-08-28,-0.00398239856707,5.514934569604202e-05,-0.0090862294514092,-8.952528509436525e-05
2024-08-29,0.001398444425373,-0.0012535293510185,0.0131150437834464,0.0008045297222851
2024-08-30,0.0071873663167285,-0.0013463331239021,-0.0111087769633553,-0.0009502816946333
2024-09-02,-0.00040183242844,-0.0011180039416868,0.0036488028740545,
2024-09-03,-0.0160877426003287,0.0028232451511663,-0.0162667518564675,-0.0060655962490382
2024-09-04,-0.0065859038876913,0.0047169018654209,-0.0103980017099567,-0.0048987444009013
2024-09-05,-0.0037679320052932,0.0011773469530127,0.0038473832039449,-0.0033121998149577
2024-09-06,-0.014533599813696,0.002476620220521,-0.0147249322839019,-0.0002299449629148
2024-09-09,0.0093650334419386,-0.0004880849833953,0.0025407056399682,0.0008744298346917
2024-09-10,0.0019948267974046,0.0024143627836296,-0.0165646767770215,-0.0025281349957034
2024-09-11,0.006569441116718,0.0015821374290196,0.0121637478488707,0.0025084112223005
2024-09-12,0.0089894703263233,-0.0016423734813475,0.0176670003319693,0.0013217059750239
2024-09-13,0.0040380680624842,0.0015771553825831,-0.0024679535619424,0.0007446197628071
2024-09-16,0.0007963079522445,0.0011662539488638,0.0098306452096455,0.0009155230208161
2024-09-17,0.0009699982145446,-0.0011091139155469,0.0058255325452119,0.0016786453466502
2024-09-18,-0.0032881426941482,-0.0025986181517386,-0.0007559083131876,0.0006245690553265
2024-09-19,0.0165423316696572,-0.0022501135164469,0.0105078450089409,0.0030487296544187
2024-09-20,-0.002973430911531,-0.0004662844371442,0.0052248504187785,-0.0004830159651876
2024-09-23,0.0035606874271857,3.9868924636748256e-05,0.0093523718353419,0.0010504570971475
2024-09-24,0.0026667839124099,0.0019052568741308,0.0084825238676109,0.0014308329533643
2024-09-25,-0.0020537166321065,-0.0026963460285472,-0.0044858001183223,-0.0006607010688288
2024-09-26,0.0076879051328645,-0.000657622659884,-0.0131333297722093,0.000678654299117
2024-09-27,0.0017942548127271,0.0025413257952287,0.0109612719519937,-0.001364025485567
2024-09-30,-0.0020160830309501,-0.0027736794509979,0.0026311493799755,0.0013423753119902
2024-10-01,-0.0061512925532406,0.0034900347702937,0.0118170156080994,0.0017746854936917
2024-10-02,-0.0009837819052807,-0.0022110920738863,0.0029671641212205,0.0013612706968425
2024-10-03,-0.0015932799804325,-0.003027716345878,0.0211945249078192,-0.000624532675864
2024-10-04,0.0072037666306757,-0.0070092164366523,0.0002870525472145,0.0014647005384329
2024-10-07,-0.0047436191153574,-0.0037220087973085,0.0098723447263547,0.0033760531896592
2024-10-08,0.0041158171010576,0.0002408550134346,-0.0248835313008337,-6.496460107786697e-05
2024-10-09,0.0067295946293779,-0.0014257943572969,-0.0091362896456562,0.000696836820686
2024-10-10,-0.0013111919972127,-0.0011813629651852,0.0169057693357229,0.0043786357873785
2024-10-11,0.0050767825646099,0.0008374378504353,-0.0030673426792337,0.0003452734627408
2024-10-14,0.0068256395916959,-0.0017775461967773,-0.0195534543426694,
2024-10-15,-0.0061913563661476,0.004085279840244,-0.0203137554814384,-0.0025587005806129
2024-10-16,0.0015901616692331,0.0022800051792936,-0.0061062441237568,-0.0022351976632492
2024-10-17,0.0015169308726071,-0.0031496438194684,0.0017349712972359,0.0024092677083841
2024-10-18,0.0027679558614815,0.0014683259518666,-0.011786057779316,7.6282674455142115e-06
2024-10-21,-0.0027268000635245,-0.0051123694248598,0.0098458046098172,0.000584797719096
2024-10-22,-0.0021567814513137,-0.0021591519711534,0.0190237183061878,0.0012942136783993
2024-10-23,-0.0076906551059126,-0.0017660128357996,-0.0046999839158095,-0.0019570959132667
2024-10-24,0.0016636827679442,0.0026883948363353,0.0030113034931908,-0.0006131533629328
2024-10-25,-0.0007491995439586,-0.0014765116668113,0.0114384716530748,-0.0031478122870627
2024-10-28,0.0041946057568032,-0.0022206680109231,-0.0394927216695694,0.0002111560257104
2024-10-29,0.0004651732788052,-0.0009194498755622,-0.0011770516755954,-0.0002522435998991
2024-10-30,-0.0038103670669851,-0.0009742887903083,0.0098849236987508,0.0026807983187184
2024-10-31,-0.0166064665789074,-0.0016314862706547,-0.0045137377458183,0.0004085611455324
2024-11-01,0.0029335913946699,-0.002483068792992,-0.0010906694559525,0.0024864449479937
2024-11-04,-0.0021341585438671,0.0017680333956489,0.0189520371924075,-0.0012994423595766
2024-11-05,0.0095696079563623,-0.0004044805025196,-0.0011744298080281,0.0005488939205659
2024-11-06,0.0180029446908286,-0.0052330384625774,-0.001974916157311,0.0062617222033722
2024-11-07,0.0064502504555072,0.0028393083537309,0.0065703612833857,-0.0011878565767996
2024-11-08,0.0010036590598288,0.0021169683327685,-0.0145622060263903,-0.0004092938506359
2024-11-11,0.0025623268543965,-0.0007699085272292,-0.004376016479602,
2024-11-12,-0.0059209109269114,-0.0032911969157098,-0.0018215414793687,0.0014953351853466
2024-11-13,-0.0010940986304524,-0.0015293688812782,0.0031707392419834,-0.0016512409681454
2024-11-14,-0.0022989545281596,0.0012450168370558,-0.0089721820774055,-0.0016640350270739
2024-11-15,-0.0103444351429184,9.64298254192101e-05,-0.0030480031916194,-0.0008036737978302
2024-11-18,0.0024326180620348,0.000133476728531,0.0218824511013677,0.0006182237021149
2024-11-19,0.0016710810733291,0.0016963518092828,0.0023608741149676,-0.0008049556084272
2024-11-20,-0.0005963679286079,-0.0015815672051912,0.0062632817942657,0.0014795548047796
2024-11-21,0.0045590442858461,-0.0009064647503671,0.0093552042854881,-0.0007675940584879
2024-11-22,0.0042520937352608,0.0018155666931484,-0.0026168547182881,-0.0005507091606888
2024-11-25,0.0031866465904917,0.0056318005330451,-0.0062716326857359,-0.0032357599790355
2024-11-26,0.0018980863025238,-0.0008938123559654,0.0019500689676528,-0.0011100227608718
2024-11-27,-0.0032221100806803,0.0024842226060348,-0.0140027094176124,-0.0027746039193106
2024-11-28,0.002152276801502,0.0007974646174016,0.0003581664335142,0.0002230824531596
2024-11-29,0.0041129398959891,0.0031510107570944,0.0041109596189953,-0.0006816130225496
2024-12-02,0.0027550125029762,-0.0001150292719286,-0.0105403063316817,0.0010467498459176
2024-12-03,0.0025816369764008,-0.000696627439122,0.0047098810311168,0.0014092591112264
2024-12-04,0.0045443587817085,0.001941514824622,-0.0073196397474251,0.0002634509516597
2024-12-05,-0.0001035590549432,-0.0007049337543626,0.0008371673643423,-0.002545175966216
2024-12-06,0.0008697865170601,0.0015256169506345,-0.0051144201961146,-0.0013715593080441
2024-12-09,-0.0028588456307661,-0.0009352950932163,0.0129023289887468,0.0017721125238116
2024-12-10,-0.0034908284787786,-0.0013599325026061,0.0012183292873724,0.0008242571009361
2024-12-11,0.0056319962462832,-0.0019032006478263,0.0177756455888703,0.0006315332442938
2024-12-12,-0.0031775758993996,-0.0025553682754397,-0.0006917683529907,0.0015297087839785
2024-12-13,-0.0019782138073145,-0.0035349384205675,0.0001120264364015,0.0007275664603188
2024-12-16,0.0018015539930997,-0.0007403998610725,-0.0091348916717817,-0.0018954065139352
2024-12-17,-0.0035200247302718,-0.00030356085019,-0.0057127789958687,-0.0022077236099187
2024-12-18,-0.0220018057892667,-0.0043900357791465,0.0014864923521593,0.0016064293422195
2024-12-19,-0.0045594485019441,-0.0039494584767307,0.0025340952360112,-0.0013660294726165
2024-12-20,0.0067545321497486,0.0027522604706962,0.0102626823169846,-0.0020149132493434
2024-12-23,0.0052353601904225,-0.0033171808058219,-0.0046734726679202,0.0019186985943104
2024-12-24,0.0074754891590438,-0.000107510821339,0.0132157699820203,0.0026503795571647
2024-12-25,0.0001430451658554,5.876081299670615e-05,,-2.8821800033707404e-05
2024-12-26,0.0003017117520743,-0.0008192257749179,9.372604434418862e-07,0.0010777164129864
2024-12-27,-0.0055430509670273,-0.0011951792847509,-0.0006844062308723,-0.0009534098203142
2024-12-30,-0.009289148890022,0.0030982848045405,0.0280416754166796,-0.00279121142398
2024-12-31,-0.0027196332299976,-0.0003326298269958,-0.0070032667821735,0.0011251674706093
2025-01-02,-0.0009721296048718,3.8435860844899074e-05,0.0106372636753881,0.0013647054310011
2025-01-03,0.0079266285713627,-0.0016932156761102,-0.0155171308949449,-0.0019008226213791
2025-01-06,0.0054056105560955,-0.0016300464938954,0.0101581318058194,0.0005594571737932
2025-01-07,-0.0055931370533468,-0.0025470243059977,8.636255825130015e-05,0.0033641128576054
2025-01-08,0.0006388724174846,-0.001980206494634,3.213762222039132e-06,0.003033067430234
2025-01-09,0.0002641296665984,-2.388365787120362e-05,0.0111531041101701,-0.0008748434497547
2025-01-10,-0.0134601283229629,-0.0055230252763771,0.0283676501482908,0.0029444836379862
2025-01-13,-0.0004483897760887,-0.0017278961472792,0.0110166449312797,0.0009221663865945
2025-01-14,0.0001874778426736,-0.0004437500667786,-0.0044881507654991,-0.0007389524319516
2025-01-15,0.0147842491462747,0.0074571228604729,0.019045810529079,-0.0031536353514415
2025-01-16,0.0013031392950842,0.0028980127815037,0.0017956557496595,0.0006771923088066
2025-01-17,0.0085484202296245,0.000306508362359,-0.0106684869966999,0.0011982598207261
2025-01-20,0.0016210558161182,0.0002497051886923,-0.0009010823747122,
2025-01-21,0.0067714702342001,0.0019013262698298,-0.0103827370788759,-0.0021565525014252
2025-01-22,0.0058322579492288,-0.0012880512007648,0.0039089999761289,0.0008049913669271
2025-01-23,0.0048928250410571,-0.001634095471205,-0.0040759827543223,0.0014493980733524
2025-01-24,-0.0020175066504957,-0.0001205317266084,-0.0004785252372813,-0.000162875068203
2025-01-27,-0.0105764364048187,0.0043614002743365,-0.0204149201627357,-0.0026032668611272
2025-01-28,0.0058100046849716,-0.0004327555812872,-0.0030127107644143,0.0015991811551043
2025-01-29,-0.0015380679493303,-0.0003756476621922,0.0031246925214486,3.658855765254703e-05
2025-01-30,0.0053996503698522,0.0021357865024252,-0.0047787567370246,-0.0011247741722019
2025-01-31,-0.0032962123506398,-0.0012764016172726,-0.003470724980613,0.0025670002252142
2025-02-03,-0.0097194425044926,0.0023046028335217,0.0229339765157736,0.0031721188969531
2025-02-04,0.0057629820651813,0.0001346252512951,-0.0023653464531318,-0.0001911711003259
2025-02-05,0.0034007542160185,0.0038022933880413,-0.0037076837743084,-0.0022754269297259
2025-02-06,0.005504417177739,-0.0007493224919321,0.0016118266202144,0.0004823371519022
2025-02-07,-0.0077082698712714,-0.003057582282355,-0.0014402720151912,0.0009546860304734
2025-02-10,0.005909237492575,0.000344899500671,0.015796239855622,0.0006016755649584
2025-02-11,0.0009988314726618,-0.0027619995431023,0.0084450468707698,0.0009890005579263
2025-02-12,-0.001107588461964,-0.0045987187862365,-0.0068094366841031,0.0030877887371124
2025-02-13,0.0100345387363102,0.0049433669521604,0.0018303936805136,-0.0026885136852675
2025-02-14,-0.0015171224758005,0.0014345961672913,0.0035157950938687,-0.0013271696352532
2025-02-17,0.0012009162316538,-0.0013221582995331,0.0007584435233638,
2025-02-18,0.0024699474091407,-0.0033928036636578,0.0177753442208317,0.0011126361501727
2025-02-19,-0.0006953834037394,-0.0007349833098171,0.0092228353882504,-0.0002169346665499
2025-02-20,-0.0043825923244835,0.0009423500695473,-0.0001490208137525,-0.0001314355189605
2025-02-21,-0.0117307815961844,0.0041606413639121,-0.0116719682074651,-0.0039453725681749
2025-02-24,-0.0034570057259625,0.0011972094215682,-0.0087147991782084,-0.0002393431447821
2025-02-25,-0.0045307640992501,0.0043579671903477,-0.0067245784786656,-0.0032349189793968
2025-02-26,0.002333108535119,0.0021751864889632,-0.0106755193035994,-0.0004902715366023
2025-02-27,-0.0119828310576802,-0.001301889789967,0.0047679897118673,-0.0012867616740569
2025-02-28,0.0082239682043577,0.0031938077582395,-0.0137140102558706,-0.0006152568158157
2025-03-03,-0.0083328528906395,-0.0007912419881419,0.0041928015211774,0.0031437771852271
2025-03-04,-0.0140686734153605,-0.0001880002264943,0.0046794636793817,-0.0017793919331619
2025-03-05,0.0105041587059229,-0.0074321298742318,-0.0020033759388436,-0.0008664590290441
2025-03-06,-0.0115246687639225,-0.0037076464313155,-0.0016727354718893,-0.0008797740580149
2025-03-07,0.000599317906478,0.0007217336789602,0.0086880115495225,0.0005834889255519
2025-03-10,-0.0205110610873285,0.003156033857404,-0.0034806492365662,-0.0016304510363109
2025-03-11,-0.0092604681369559,-0.002338137068349,0.0012886584860399,-0.0009930102706823
2025-03-12,0.0050010248295659,-0.0017701423364784,-0.004896959232884,0.0032137694690203
2025-03-13,-0.0106356511185073,0.0015618127227142,-0.0023901123477355,-0.0016917047406634
2025-03-14,0.0175975957816789,-0.0008063301351778,0.0017651830632357,0.0011778834298735
2025-03-17,0.0073471823705262,0.0017054189739056,0.0040075737533256,-0.0009117921965542
2025-03-18,-0.0057707006425028,0.0006023883085251,-0.0024879273102939,9.406573168374598e-05
2025-03-19,0.0079700480488372,0.001029239024113,0.0096704543889351,0.0008809518041975
2025-03-20,-0.0030829529694628,0.0006156590438959,-0.0030216187949323,0.0024777887834902
2025-03-21,-0.0007305046753761,-0.0003888508282405,-0.0020710366675258,-0.0003415222162232
2025-03-24,0.0119329430618287,-0.003211837050543,0.000319296306596,0.0014971622387356
2025-03-25,0.002834082624844,3.7568183024245184e-06,-0.0020657758837944,0.000134014855669
2025-03-26,-0.0087856644519116,-0.0011063947878363,0.0021194777210078,0.0022622634042139
2025-03-27,-0.0039044694309805,-0.000683839929289,0.0040576926551503,0.0014125109948848
2025-03-28,-0.0162700044794918,0.0053631608316145,0.001877779846946,-0.0009981241935193
2025-03-31,-0.0014873851886128,0.0012130069899168,0.0132467882538636,0.0033878183962895
2025-04-01,0.0048122361878906,0.0034870055026573,-0.0033023540381629,-0.0069707711173628
2025-04-02,0.0041893469663558,-0.0009996508854153,0.0063922117905887,-0.0007992741377917
2025-04-03,-0.0418052064237601,0.0085593132986329,-0.0322814329779499,-0.0020105612558213
2025-04-04,-0.0535776187925018,0.0057233395470799,-0.051670610742108,-0.0095553463487644
2025-04-07,-0.019037334011856,-0.0051742793965089,-0.0184272085457064,-0.0021780464615269
2025-04-08,-0.0007989535363379,-0.0051682365798075,-0.0160144964705586,0.005087767910215
2025-04-09,0.0574318125939795,-0.0056242790826301,0.0329096853878606,-0.0004734119588406
2025-04-10,-0.0102881313022539,0.0005868113784146,-0.0155064942637744,-5.250786914431956e-05
2025-04-11,0.0095839705027051,-0.0030899008228846,0.012751672413111,0.0002387889520461
2025-04-14,0.0129337309807514,0.0063510983289659,-0.0062323087397239,0.0013550969223711
2025-04-15,0.0018461137090583,0.0003379380174483,-0.0009714641994862,-0.0017854894733338
2025-04-16,-0.0163678453944098,0.0032941863266014,0.0083345425286693,-0.0016772205668999
2025-04-17,0.0020397974969884,-0.0005472753045478,0.0128828491521397,0.0037698412141287
2025-04-18,0.0006567460077055,0.0004202942598555,,0.0005996411239641
2025-04-21,-0.0177945354351293,-0.0020053568016067,-0.0214965934225637,-0.0009180519764335
2025-04-22,0.0189436514946314,-7.726320789099502e-05,0.0082482658108557,0.0022460582048767
2025-04-23,0.0164360897759962,-0.0015398732829973,-0.0064136786838416,0.0025519520559186
2025-04-24,0.0154175285462583,0.0044324815994595,0.0036057157779734,0.0019596505377643
2025-04-25,0.0073266356056261,0.0005110344589501,0.0018200854785441,-0.0017863226897453
2025-04-28,0.0011333190538235,0.0017630396762432,0.0062580299851141,-0.0007335919639804
2025-04-29,0.0045987698887248,0.0013319537485638,-0.010255973161399,-0.0019073661398646
2025-04-30,0.0009269815686926,0.0011850242708566,-0.0200413448473792,0.0006581352609313
2025-05-01,0.005564674436297,-0.0009050161300635,0.0104467607614574,-0.0003475441506408
2025-05-02,0.0150575423343427,-0.0043454346113188,0.0042022927484601,0.0015525292523976
2025-05-05,-0.0044507665454993,-0.0005689104040775,-0.0108899546339572,0.0002281879062202
2025-05-06,-0.0061634195929115,0.000635353247028,0.011355526877503,0.0024609983033958
2025-05-07,0.0024496890765392,0.0020963464723031,-0.0056125396509079,-0.0008482709414245
2025-05-08,0.0057903065881432,-0.0044838463840838,0.012198653400578,0.0007482469866272
2025-05-09,0.0007159042046127,-0.0010926583433177,0.0148310187688043,0.001435533973577
2025-05-12,0.0256472019539628,-0.0051019858218568,0.0033417594869011,0.0016525295062982
2025-05-13,0.0058454491995611,-0.002323735833421,0.0125089309682178,0.0007622467677199
2025-05-14,0.0002322969225861,-0.0017186843037227,-0.008154287464377,0.0026427857452837
2025-05-15,0.0035951412736231,0.0031721673604416,-0.0155315967321424,-0.002886986346579
2025-05-16,0.0060117751701347,0.0018399191652493,-0.0012649296530741,0.0012665830088678
2025-05-19,0.0004426244962701,-0.0014238939940897,-0.0088197265938533,0.0017033202791524
2025-05-20,-0.0006263594853852,-0.0005679618970778,0.0166512717478098,-0.0018648899754947
2025-05-21,-0.0120981444382136,-0.0042440106321971,-0.0006181444963862,0.0010964060054757
2025-05-22,-0.0024013774187664,0.0004745793072223,-0.0085287192715768,-0.0025031946535403
2025-05-23,-0.006393999947653,0.0025801938615775,0.0059772899116927,0.0002983643723327
2025-05-26,0.0026413480537589,0.0010001907487456,-0.0004417235994895,
2025-05-27,0.0156265055411004,0.0033095345513037,-0.0052265259523267,-0.0003555099937221
2025-05-28,-0.0052032614185395,-0.0025579142852345,-0.0056725628860142,0.0006455043862398
2025-05-29,0.0033907033584946,0.0030158839302807,-0.0076344389902233,-0.0017708464006919
2025-05-30,-0.001499658626007,0.0006018235133894,-0.009598402015412,0.0004323033012697
2025-06-02,0.0027824496216171,-0.0014894006338784,0.0256425989700026,-0.0009690625519531
2025-06-03,0.0045986051911678,0.0005082178331703,0.0079649595163707,-0.0016489768289061
2025-06-04,0.0013820638039133,0.0022510480841853,-0.0038501795417687,-0.0015675020483194
2025-06-05,-0.0041842367778791,-0.001700883846509,0.0059118624328494,0.0004233626986504
2025-06-06,0.0078836798151369,-0.0038795611188117,0.0116065502184088,0.001480651083625
2025-06-09,0.0008411937859325,0.0007445883229981,-0.0025981776371098,0.0006049864284777
2025-06-10,0.0044423805794641,0.0015246602943213,-0.005480582990637,-0.0010222444757822
2025-06-11,-0.0017127328385674,0.0023235402186255,0.0146426282799974,-0.0013827255931108
2025-06-12,0.0011014068152287,0.0026949645056668,-0.0023589237997419,-0.0009664337404557
2025-06-13,-0.0107671680604444,-0.0022782464245715,0.0344730518473759,0.0011920120944712
2025-06-16,0.0087507359469725,-0.0012425937379573,0.0050827223771541,0.0017112627134522
2025-06-17,-0.0070539650134036,0.0009338146743456,0.0225386361046255,0.0007910099503814
2025-06-18,-0.0004757368325532,0.0008003596610935,0.008353473979827,-0.0009748406065279
2025-06-19,-0.0026135962167558,7.655006121433402e-05,0.0078127387662326,0.0012186273666271
2025-06-20,-0.001541879371438,0.0011412548717144,-0.0109969772345907,0.0018242365612035
2025-06-23,0.0064805373724211,0.0025219437243133,-0.0328047895871099,-0.0019262345763321
2025-06-24,0.0108969843056543,0.0011322509828419,-0.0387638767467864,-0.0019992148065652
2025-06-25,-0.0011446012027237,-0.0003248441714232,-0.0028359791450991,0.0015459316164783
2025-06-26,0.0065678450168499,0.0015070699624682,0.0018143071955273,-0.000647380893417
2025-06-27,0.0063876570466845,-0.001745135917859,0.0093845638185376,0.0018586967780999
2025-06-30,0.003417733786043,0.0014984714008022,-0.0138513505254378,-0.0002924961736531
2025-07-01,-0.0017229553859305,-5.885613968298893e-05,0.0015291537601023,-0.000798246119916
2025-07-02,0.0035842275198364,-0.0033323826446229,0.0202471165564855,0.0018789944274602
2025-07-03,0.0060119673845366,-0.0011864632129108,-0.0045875115707497,0.001730250266066
2025-07-04,-0.000786832982192,0.0004109531445845,-0.0013781919285411,-4.187362769676839e-06
2025-07-07,-0.0050722942069021,-0.0022256184175424,0.0006927576600988,0.0016095906312109
2025-07-08,0.000765981842532,-0.0019234361869055,0.0011669717162335,0.0011285716491448
2025-07-09,0.005242639892359,0.0020481531907931,-0.0067593605375481,-0.0013011540279028
2025-07-10,0.0029920120292395,-0.0005234486807452,-0.001502369730788,-9.407838445418748e-05
2025-07-11,-0.0048161790891764,-0.0032521340839673,0.0096534589742088,0.0028962965813701
2025-07-14,0.001347268066634,-0.0007747203713285,-0.0001095566806906,0.0007702341253533
2025-07-15,-0.0032197995722285,-0.0023152684507158,0.000621226537656,0.0008259858193832
2025-07-16,0.0013479300775886,0.0018075681483391,0.0015535824754395,0.000681868861646
2025-07-17,0.0068567684740998,-0.0001660714036296,0.008277082527321,0.0011700074702292
2025-07-18,-0.0005550647024005,0.0010934871503198,0.0044109471088296,-0.0015053301034404
2025-07-21,0.0007168406136743,0.0039281326824714,-0.0110000434305172,-0.0002070060257615
2025-07-22,-0.0008377431640301,0.0020135997012244,-0.0074753670118404,-0.0020448698849006
2025-07-23,0.010027353650329,-0.0036799787780073,-0.0081822961505544,-0.0012002480716235
2025-07-24,0.002022666648199,-0.0026357914864166,0.0035981625816771,0.0009355336372857
2025-07-25,0.0012801016686558,0.000298964104039,-0.0059906921391949,0.0007805228971003
2025-07-28,-0.0018144913452602,0.0002922059030674,0.0028398053721832,0.0005340494143815
2025-07-29,-0.0006190652317307,0.003061137785152,0.0157937489411551,-0.0011925544212937
2025-07-30,-0.0013052698046487,-0.0014758776439518,-0.0035417610252849,0.0016587800007325
2025-07-31,-0.0032150806375269,0.0008824276035422,-0.0036099629932307,-0.0032873157190829
2025-08-01,-0.016203840826608,0.0053037843832653,-0.0154814259080046,-0.0064084978128141
2025-08-04,0.0108165778343617,0.0025485332666896,-0.0100145000124241,0.0026385763218719
2025-08-05,-0.0014547722508198,0.0004129818166551,-0.0036158748824021,-0.001006381506513
2025-08-06,0.0060001314143222,-0.0010721948347486,0.0015228538581319,0.0013445397621172
2025-08-07,0.0008165168189348,-0.0005354384466378,-0.0004725868465853,-0.0002640297065816
2025-08-08,0.006579368347493,-0.0021048716177378,-0.0034553171856597,0.0030459893950049
2025-08-11,-0.0015794543293332,0.0002838185395035,0.0002502450148967,0.0004249108212041
2025-08-12,0.0093790817268927,-0.0015984678216564,-0.010186709098878,-0.0005636106028633
2025-08-13,0.0046263755554934,0.0027127726957052,-0.0012263773854211,0.0001764411141192
2025-08-14,5.343147535375218e-05,-0.0030075083891884,0.0042388268609224,0.0009840703241004
2025-08-15,-0.0003751698719893,-0.0025861874496879,0.0015743974262929,-0.0007482029537766
2025-08-18,-0.0002931953164494,-0.0009606332270839,0.0012859162943755,-0.0006170654213235
2025-08-19,-0.0026578692207862,0.0012024227835935,-0.0112503898944438,-0.0014746268196556
2025-08-20,-0.002446256572531,0.0009662173004581,0.0078802408645042,-0.0005708492764935
2025-08-21,-0.0029710563517652,-0.002304143613397,0.0127690701915787,0.0018171695891691
2025-08-22,0.0112740900278904,0.0035087214136722,-0.0018620730015193,0.0025417883182419
2025-08-25,-0.0037790425095826,-0.0017331749063331,0.0057617230388737,0.0003881273254643
2025-08-26,0.0006362287632313,0.0007713358099803,-0.0108589859624888,0.0008646213276717
2025-08-27,0.0018829449734112,0.0011203904077887,0.008692175053646,0.0021498070365804
2025-08-28,0.0027697069264808,0.0012404975683206,0.0068634130336,-0.0019770144023068
2025-08-29,-0.0057850447053739,-0.0005702414066273,0.0030727653272484,-0.0008389316775636
2025-09-01,-0.0006108243448916,-0.0011631426318365,0.002323754323444,
2025-09-02,-0.0069289779624307,-0.0024200294055768,0.010995500690603,-0.001269519291645
2025-09-03,0.0037759919580141,0.0027216775932432,-0.0066774173925926,-0.0002748645614826
2025-09-04,0.0080655598770254,0.0023971885549328,-0.0056807021868143,-0.0021750192789888
2025-09-05,-0.0017566865744791,0.0045506118000196,-0.0121276672680382,-0.000717893227572
2025-09-08,0.0035374175392393,0.0016835650929314,0.0074022380588098,-0.000678397308662
2025-09-09,0.0015479648478271,-0.0012228275747431,0.0023350054500929,0.0006954302480922
2025-09-10,0.002210241048693,0.0011755287857629,0.0032704133196717,-0.0015154746749391
2025-09-11,0.0075978058378984,0.0005665612051774,-0.0096909158301918,0.0001323131611923
2025-09-12,-0.0001330846594192,-0.0030124020005054,0.0056125783135508,9.424647634202848e-05
2025-09-15,0.0042531710063414,0.0012621867109381,0.0109324124938675,-0.0003819083731393
2025-09-16,-0.0030113509858238,0.0001447432912664,0.0115430351139448,0.0001121479742688
2025-09-17,-0.0010573231785919,-0.0013392090518013,-0.0086626023827028,0.0002369889984041
2025-09-18,0.005958168338676,-0.0014745508303862,-0.0108720682006264,0.0026371723167633
2025-09-19,0.0028557151509587,-0.0026377034208742,-0.0094790777087039,-0.001350737607092
2025-09-22,0.0037547651484992,-0.0003577718230317,-0.0061069029179893,-4.756290752108908e-05
2025-09-23,-0.0033445911318373,0.0006848068136215,0.010729468530653,-0.0004535359541553
2025-09-24,-0.0028339787313888,-0.0009720648433478,0.0093469750681782,0.0006455009466937
2025-09-25,-0.0043631653545948,-0.002483031712441,0.0057334570795018,0.00020644158221
2025-09-26,0.0045958054043635,-8.042798983774245e-05,0.0055858048480206,-0.000144767681906
2025-09-29,0.0030682909844822,0.002178675085671,-0.0100421790744989,-0.0016185310842412
2025-09-30,0.0031980117456456,-0.000208994657577,-0.0064741099926522,-0.0002409164598504
2025-10-01,0.0038166584795691,0.0015322473790279,0.005832643110975,0.0009591703459097
2025-10-02,0.0029134332100764,0.0002591502723636,-0.0093672906547387,-0.0009211257519526
2025-10-03,0.0020830808453385,-0.0006347255424237,0.0015975492244185,-0.0006097179904223
2025-10-06,0.0052460375242788,-0.0019322485077539,0.0052390688964202,0.0008904805338396
2025-10-07,-0.0035432304749522,0.0010859920381356,0.0042789978125858,0.0003741917288549
2025-10-08,0.0052791021076067,0.0003950782722739,0.0017092496539113,0.0014441976039255
2025-10-09,-0.0016285780422848,-0.0009001339653044,-0.0102691671675767,-0.0003084388239706
2025-10-10,-0.0233023573137486,0.0043880258523603,-0.0256712887555669,-0.0038016548985426
2025-10-13,0.0104845165788673,0.0003430215863843,0.0078920912953563,
2025-10-14,-0.0018388788858851,0.0030251139532096,-0.0103314029179843,-0.0003804229407408
2025-10-15,0.0060664635882487,0.0004860610248455,-0.0023853473834192,-0.0010257817965025
2025-10-16,-0.0028710130272192,0.0020446803781934,-0.0034964250165126,-0.0014953547066213
2025-10-17,0.0001247223874654,-0.0008537791724009,0.0038418404928542,1.3914140284963653e-05
2025-10-20,0.0119335391587199,-0.0001292179363312,0.0163496871791634,-6.3392627537949e-05
2025-10-21,-0.0001144427553868,0.001418921793259,-0.0002179867409072,0.0002652781629856
2025-10-22,-0.0039306888294214,0.0006206270884413,0.0081957453044733,0.0008018432835945
2025-10-23,0.003923027700882,-0.0018170757822506,0.0270030690822896,0.0018293899199589
2025-10-24,0.0068063788343564,-0.0009572853125207,-0.0035503997217874,-0.0010880143504234
2025-10-27,0.0103953432488904,-1.849823755347858e-05,-5.585372720944893e-05,-0.0009035741266401
2025-10-28,0.0012850359318664,0.0007364268293879,-0.0122366932002498,0.0001103772017461
2025-10-29,4.916696427406767e-05,-0.0028250441091888,0.004076699169949,0.0004457671464773
2025-10-30,-0.0066764343251462,-0.0011220873947857,0.0052716633788261,-0.0002898249660166
2025-10-31,0.0020289299670187,-0.0004220398030796,0.0094905560802527,0.0013654593116563
2025-11-03,0.0010908529233825,-0.0005407895217714,0.0105368876216606,0.0016376772979442
2025-11-04,-0.010413752999258,0.0005065685527346,-0.0026556280732803,-0.0009912684412414
2025-11-05,0.0023278166719363,-0.0022763298982586,-0.006610754772672,0.0006823852811849
2025-11-06,-0.0088928147943527,0.0020935839253294,0.0001616250505388,-0.0023693392876793
2025-11-07,-0.0012998485496209,-0.0003427452856834,0.0016953969264335,0.0002451088951365
2025-11-10,0.0149677791435513,-0.0009049641224628,0.0101169358759646,3.297540063119959e-05
2025-11-11,0.0040156454148349,0.0023734675261469,0.016255652595035,0.0009847287360587
2025-11-12,0.0018755569187526,0.0001501414138761,-0.0153426703561277,-0.0011669680250471
2025-11-13,-0.0131987452778445,-0.0018424279505025,0.0026377345737903,0.0003070365315992
2025-11-14,-0.0039907963590699,-0.0024623767497473,0.0033138664906785,0.0008752474177134
2025-11-17,-0.0078833342491241,0.0004262186204128,-0.0048163877822754,-0.0007793484634225
2025-11-18,-0.0111518117773912,0.0005266162569888,0.0070191458904085,-0.0009392852835681
2025-11-19,0.0026838745136019,-0.0009535251213009,-0.0076723185432904,-0.000891591585466
2025-11-20,-0.008413095705536,-0.000216029857423,-0.0096164819895126,-0.0015965981240241
2025-11-21,0.0041471488736048,0.0026462675036197,-0.0067523324640517,-0.0002911024206138
2025-11-24,0.0119141903159455,0.0007149162448073,0.0004615210533578,-0.0014260312733303
2025-11-25,0.0077873010908748,0.0017995370648481,-0.0115783726513666,-0.0012222169244565
2025-11-26,0.0082476061522698,0.000175354818112,0.0108664549976572,0.0014908429882714
2025-11-27,0.0006635331754203,-9.034833656327274e-06,0.001253625287953,0.0001013199660135
2025-11-28,0.0038747419140248,-0.0011391163530339,0.0133995048759714,-0.0005717264298943
2025-12-01,-0.0052453947235081,-0.0047472722367252,0.0076148611411641,0.0027512295861213
2025-12-02,0.0015346171430217,0.000395499831599,-0.0079439750027184,-0.000366801693329
2025-12-03,0.0029749254700313,0.0010837469186788,0.0066441724464412,-0.0004087265717435
2025-12-04,0.0032821291241989,-0.0026695880038329,0.0074001969414372,0.0012284507670649
2025-12-05,0.0003586890861372,-0.0019137437208104,0.0101001779584886,0.0010729951664895
2025-12-08,-0.0025267572586236,-0.0030083994273892,-0.0235342318259443,0.0001678373971353
2025-12-09,-0.0008045266259823,-6.434067415638193e-05,-0.0143006118706573,-0.0004260666451166
2025-12-10,0.0039792131760788,0.0003640921165861,0.0028131419444364,-0.0004652955885573
2025-12-11,0.0021069853760778,0.0021445279210438,-0.0122867855964717,0.001124521138558
2025-12-12,-0.007186513359621,-0.0022426771491069,-0.0125536079559615,0.0008128379343784
2025-12-15,-0.0001708982788661,0.0012663726704427,-0.0081572816668354,-0.0013861287859716
2025-12-16,-0.00472714147905,0.0010048515954773,-0.0185538267776506,-0.0017751809766249
2025-12-17,-0.0073204830387018,-0.000449194579393,0.0115846210561272,-0.0006678571917453
2025-12-18,0.0064019499579597,0.0016143838328459,-0.0048133032762804,-0.0019320080208056
2025-12-19,0.0073787764927182,-0.0028992193184324,0.0049969314903345,0.0015260678890457
2025-12-22,0.0053800719363644,-0.0019292166177395,0.0096148126829395,-0.0012968556341989
2025-12-23,0.0037427352611813,0.0016901268373478,0.0199191613195456,0.0009832715113318
2025-12-24,0.0016821006460866,0.0009657868102679,-0.003576028394884,-0.0004248719534508
2025-12-25,0.0002389603368939,-0.0001887469879518,,-0.0002744472841768
2025-12-26,-4.873836111820159e-05,0.0002623896143641,-0.0053447837887566,-0.0009791131923187
2025-12-29,-0.0028350043310965,0.001316334377176,0.0081064961668085,-0.0003650819917537
2025-12-30,0.0003806115126555,-0.0012249154562774,0.0034510407033541,0.0006337182431329
2025-12-31,-0.005503480527078,-0.0006112172245582,-0.0188920097744795,0.0008281031178814
2026-01-02,0.0020658104957671,-0.002398986276827,-0.0043936957754298,0.0004597021551314
2026-01-05,0.0072940335594581,0.001053174947167,0.0106459529504089,-0.000543565924805
2026-01-06,0.0066195778597822,2.071665607807867e-05,-0.0068137680013467,0.001190406079313
2026-01-07,-0.0038308958118791,0.0024194369424839,-0.0033543637498993,-0.0007836054908856
2026-01-08,-0.0012272775615921,-0.0005977269358153,0.0059887585335938,0.0003616063920131
2026-01-09,0.007451070010449,4.132041405519302e-05,0.0009726430679699,-0.0004699565166639
2026-01-12,0.00192702040766,-5.710318110383496e-05,0.0157752225424841,0.0003676004449041
2026-01-13,0.0006952933486141,-0.0006142102331195,0.013912795790702,0.0006609195575272
2026-01-14,-0.0025686718472004,0.0013717079313935,-0.0005704224423541,-0.0009217965150741
2026-01-15,0.0024086481320357,-0.0008398366938498,-0.0190594859834318,-0.0001831842834544
2026-01-16,-0.0013134243711118,-0.0028551574924461,0.0024380837269748,0.0011823544896159
2026-01-19,-0.002841746709949,-0.0008298224889932,0.0003616047369136,
2026-01-20,-0.0174655131826386,-0.0029813447273258,0.039101272582248,0.0002561157810306
2026-01-21,0.0081848911164679,0.0015000779972907,0.0209385647534919,0.0007810921610053
2026-01-22,0.0062840507877202,0.0001619536961261,-0.0044857149941712,0.0007275193454534
2026-01-23,-0.0003459052785286,-0.0001080857973308,0.0172656702832537,-0.0004271101861622
2026-01-26,0.0028481975817136,0.0018155639544439,0.0126261424398253,-0.0001490796999177
2026-01-27,0.0042869309846293,-0.0009686557983307,0.007182370176916,0.0016314037767811
2026-01-28,-0.0008546766872519,6.330248493527165e-05,0.0059476981062967,0.0007478191988875
2026-01-29,-0.0022767483563754,0.0010885675051363,0.0219809707745276,0.0009261092171946
2026-01-30,-0.0029369767845733,-0.0004317554845775,0.0067791612247564,-0.0022828169493231
2026-02-02,0.0047022943234886,-0.0008935769526804,-0.0677912518064482,0.0022342674052693
2026-02-03,-0.0036052963405,-0.0009377124629521,0.0177332149017146,0.0016172287177578
2026-02-04,-0.0021576120402897,0.0002672061356414,0.0172820215150675,-0.0012401535636602
2026-02-05,-0.0112409254229369,0.0024947857453994,-0.010350344666075,-0.0025621463575242
2026-02-06,0.0149544558393603,1.5313516940248346e-05,-0.0009078125741012,0.0001728818180326
2026-02-09,0.00712067909364,-0.0004659354243595,-0.0007392054098894,0.0005956638448461
2026-02-10,-0.0001842005863195,0.0031738386446051,-0.0048217760384498,-0.0013967548600886
2026-02-11,0.0006531031134804,-0.000636796354336,0.0100632669326803,0.0006978378602617
2026-02-12,-0.0125789665298172,0.0028815633464154,-0.0131855018883169,-0.0022358926734822
2026-02-13,-0.000432977608372,0.0029631231333488,0.0005159054889899,-0.0028904661130638
2026-02-16,0.0001931293041964,0.0002673258748135,0.0021272360085521,
2026-02-17,0.0018461932256488,0.0013377648120936,-0.0168294358892248,-0.0011468298545626
2026-02-18,0.0067324264584047,-0.0008936678282422,0.0238053389488618,0.0012712931477546
2026-02-19,-0.0020221256433493,-0.0002519512675026,0.012225675673028,-5.8130635187408185e-05
2026-02-20,0.0054835120008708,0.0007580737146584,0.005777786038343,-0.0003377322013328
2026-02-23,-0.0074680738438652,0.0025377478121542,-0.0024520193172877,-0.0021232776623747
2026-02-24,0.0063511959600219,-0.0001443863263534,-0.006415513685703,-0.0009808540137779
2026-02-25,0.0087905055448517,-0.000605271802199,0.0058822965383217,0.0015423759508221
2026-02-26,-0.0032650482644373,0.0014387076897148,-0.0023476250371712,0.0008723707372784
2026-02-27,-0.0024096066404588,0.0033068739162594,0.0139465287527968,-0.0027444557179576
1982-05-04,,0.0034111971954425,-0.0008249819693606,
1982-05-05,,0.0008468616187989,-0.0011927009987233,
1982-05-06,,0.0069744682884447,-0.0016448894806197,
1982-05-07,,0.0018752453961456,4.420390958290434e-05,
1982-05-10,,-0.0008302423208191,-0.0002065100361108,
1982-05-11,,0.0008316615384615,0.0009578748562377,
1982-05-12,,-0.0024907269624573,0.0001771142983998,
1982-05-13,,-0.0016690291595197,-0.0010623891956727,
1982-05-14,,0.0033495490533562,0.0007823990748292,
1982-05-17,,-0.0031187307692307,-0.0008109805667627,
1982-05-18,,0.0014647974193548,0.0010428520130719,
1982-05-19,,-0.0027121723842195,0.0001209430182068,
1982-05-20,,0.0041959637774903,0.0005841850601324,
1982-05-21,,-0.000624012825994,-0.0004893173929236,
1982-05-24,,-0.0002082714041095,-0.0019231443966717,
1982-05-25,,-0.0016668847965738,-0.0006180264651783,
1982-05-26,,-0.0023008349097162,0.0003138697653375,
1982-05-27,,-0.0010508034557235,-0.0001939664803601,
1982-05-28,,-0.0004212311688311,-0.0012454516510338,
1982-06-01,,-0.0054807504332755,-0.0029582838706531,
1982-06-02,,0.0017055985977212,0.0010792637654101,
1982-06-03,,-0.0006373650655021,-0.0010288771327009,
1982-06-04,,-0.0023400708351552,-4.987874906540993e-05,
1982-06-07,,0.0010688093145869,0.0041567228208445,
1982-06-08,,-0.0006398798772468,-0.0009652437523312,
1982-06-09,,0.000213574187884,-0.0008128380460139,
1982-06-10,,-0.0014943633172444,0.0002190756504303,
1982-06-11,,0.0032120730633802,0.0012895396308821,
1982-06-14,,-0.0074456799300393,-0.0034305892459556,
1982-06-16,,-0.0015122797513321,-0.0004838441947453,
1982-06-17,,-0.0041175581291759,-0.0023896502604138,
1982-06-18,,-0.0052455202156334,-0.0003401674627751,
1982-06-21,,-0.0008837820163487,0.0003957583992464,
1982-06-23,,-0.0015494331210191,0.0016409399318441,
1982-06-25,,-0.0006661643085348,9.232843781013208e-05,
1982-06-28,,0.0020012330895795,-0.0005216803355789,
1982-06-29,,0.0015501383705052,0.0013242157025663,
1982-06-30,,0.004856390199637,-0.0009947828678526,
1982-07-01,,0.0013113800539083,8.428021787450067e-05,
1982-07-02,,-0.0034876129032257,-0.0013812731261247,
1982-07-06,,0.001317297833935,-0.0025478032752997,
1982-07-07,,0.0017516543654364,-0.0007131127753126,
1982-07-08,,0.0065451390134529,0.0021213708895453,
1982-07-09,,0.0043055044247787,0.0029072039899421,
1982-07-12,,0.0034141894736842,-0.0007498534933823,
1982-07-13,,-0.0048736959930313,0.0031534865104292,
1982-07-14,,-0.001712351957765,-0.0006711539090744,
1982-07-15,,0.0034367999999999,-0.0008307680475355,
1982-07-16,,0.0076785585269618,0.0010471320967796,
1982-07-19,,0.0008399171342252,-0.0018040810347037,
1982-07-20,,0.0016769392503231,0.001988145252333,
1982-07-21,,-0.0027156659510519,-0.0006458023905958,
1982-07-22,,0.0027309093264249,5.101619404040151e-05,
1982-07-23,,-0.0020889738085014,-0.0001133503583646,
1982-07-26,,-0.0079723311772315,-0.0018193852500517,
1982-07-27,,0.001066466462078,-0.000912511761736,
1982-07-28,,-0.0031924015748031,-0.0023838134862765,
1982-07-29,,0.0059985099075296,-9.13344853129168e-05,
1982-07-30,,0.0033859730317528,1.25102287318783e-05,
1982-08-02,,0.0073556241900647,0.0021437398372683,
1982-08-03,,-0.0033124902127659,-0.0007650336607881,
1982-08-04,,-0.0008337994858611,0.0010576588813508,
1982-08-05,,-0.0010440386266094,-0.0015676484619536,
1982-08-06,,-0.0050221625806451,-0.0016509358658192,
1982-08-09,,0.0044402268578878,-0.0022278450624549,
1982-08-10,,-0.0002095271317829,-0.0007782522872879,
1982-08-11,,-0.0006288522188711,8.446640966120839e-05,
1982-08-12,,0.0048274400345125,-0.0024773769645355,
1982-08-13,,0.0058191439555745,0.0002421640324702,
1982-08-16,,0.0051342549598987,-0.0018485970696907,
1982-08-17,,0.0111774060150376,0.0016830458584598,
1982-08-18,,0.0049665373621886,0.0035899365403224,
1982-08-19,,-0.0005899620048504,0.0001060558168923,
1982-08-20,,0.0066943537029542,0.001619185090585,
1982-08-23,,-0.0060208311377245,0.002172619857797,
1982-08-24,,0.0043263880355699,0.0010865156027369,
1982-08-25,,-0.0031187307692307,0.0009854898252992,
1982-08-26,,-0.0035312080645161,0.0008252976956339,
1982-08-27,,-0.0065935219712525,-0.0040668399597876,
1982-08-30,,0.0030382306411323,-1.0518471746394278e-05,
1982-08-31,,-0.001811625155151,0.0005031941649905,
1982-09-01,,0.0026265722591362,0.0001233156270925,
1982-09-02,,0.003818223048327,0.003049754583618,
1982-09-03,,0.0033897024590163,0.0011825991283743,
1982-09-07,,-0.0011880879120879,-0.000450508625411,
1982-09-08,,0.0007939975520195,0.0007257049599405,
1982-09-09,,-0.0009908798370672,-0.0016496525255763,
1982-09-10,,-0.006751733877551,-0.002503071890528,
1982-09-13,,0.0050343749999999,0.0025960478342153,
1982-09-14,,0.0003986251536255,-0.0007083013179231,
1982-09-15,,-0.0007965976258698,0.0004428260297794,
1982-09-16,,-0.0009973800738007,0.0003943670558945,
1982-09-17,,0.0031981725554642,-0.0022823209989128,
1982-09-20,,0.0011914824489796,-0.0013197841341156,
1982-09-21,,0.0083200016286644,0.0011032492361301,
1982-09-23,,0.0023371753402721,0.0006969117003756,
1982-09-24,,-0.0032951689243027,-0.0009888632656158,
1982-09-27,,0.000390310469314,-0.0005115996208912,
1982-09-28,,0.0035099783567134,-0.0005852787984978,
1982-09-29,,-0.0003872041384798,-0.0021041589757088,
1982-09-30,,0.0021313189964157,7.401469396067794e-05,
1982-10-01,,0.005787335448057,-0.0002165731743898,
1982-10-04,,-0.0080070235109717,-0.0033715815144808,
1982-10-05,,0.0015506677290837,0.0007082958408962,
1982-10-06,,0.0054100937251786,0.0011549087503732,
1982-10-07,,0.0122299324430478,0.0044460252220866,
1982-10-08,,0.002609696551724,-0.0020854585415778,
1982-10-11,,0.0118663902439024,0.0035013654361096,
1982-10-12,,-0.0005429933035714,-0.0003944474110742,
1982-10-13,,0.0021743999999999,0.002467561248495,
1982-10-14,,-0.0055922068965517,-0.0025184065294065,
1982-10-15,,-0.0040148102025506,-0.002169131798185,
1982-10-18,,0.0047842556732224,4.516767590280571e-05,
1982-10-19,,0.002186615730337,-0.0012201127915638,
1982-10-20,,-0.0025396375838926,0.0021496148341392,
1982-10-21,,0.0005470637181409,-0.0023000552048049,
1982-10-22,,-0.0040072946461999,0.0004076430166815,
1982-10-25,,-0.0075301630804076,-0.0026047490713295,
1982-10-26,,0.005596495398773,0.0020266065232795,
1982-10-27,,-0.0020287119029567,7.337957716451238e-05,
1982-10-28,,0.0050004164446135,0.0004100122627019,
1982-10-29,,0.0042162795779955,-0.0006090558817442,
1982-11-01,,0.0034530885319387,0.0014980781813753,
1982-11-03,,0.003428752967359,0.0003019074077189,
1982-11-04,,0.0008959889502762,0.0016822599929376,
1982-11-05,,-0.0026830257352941,0.0012231243417617,
1982-11-08,,-0.0016187423290203,-0.0014699297625663,
1982-11-09,,0.0010827640949554,0.000968101275295,
1982-11-10,,0.0003601199111768,-0.0005205440580083,
1982-11-11,,-0.0035985355029585,0.0005980423941601,
1982-11-12,,0.0019939426229507,0.0002532530115096,
1982-11-15,,-0.0021663317254174,-0.0006336872391065,
1982-11-16,,-0.0030826962355571,0.0011977606785128,
1982-11-17,,0.0045622843210802,-0.0005520849526298,
1982-11-18,,0.0030735317725752,0.0010794055132034,
1982-11-19,,0.0005389830132939,0.0004576965236099,
1982-11-22,,-0.0016151597196606,-0.0001885497789026,
1982-11-23,,-0.0021607194670614,-0.0002664342720441,
1982-11-24,,-0.000542589591078,0.0005433288109582,
1982-11-26,,-0.0012783986486486,0.001303431944005,
1982-11-29,,-0.0058595047045539,-0.0014034997890905,
1982-11-30,,0.0005560251428571,0.0009523966893742,
1982-12-01,,0.0005553904109589,-0.0010393824175782,
1982-12-02,,0.0018491904218928,-0.0007775566088282,
1982-12-03,,0.006631878833775,-0.0005516037787003,
1982-12-06,,0.0001817415016809,0.0018959232591445,
1982-12-07,,-0.0005450209111277,0.0018434291736865,
1982-12-08,,-0.0045469345794392,-0.0025079090527976,
1982-12-09,,0.001101559245283,0.0013869150202904,
1982-12-10,,-0.0038467477409638,-0.0016206009030428,
1982-12-13,,0.0027695749525616,0.0006748522278816,
1982-12-14,,0.003304677735849,-0.0019729146898331,
1982-12-15,,-0.0009117728635682,0.0003218770080658,
1982-12-16,,-0.003471242208036,-0.0004153289513265,
1982-12-17,,0.0011040590015128,0.000293459116683,
1982-12-20,,-0.001101559245283,0.0004837175042575,
1982-12-21,,0.0060723245083206,0.0009976452295301,
1982-12-22,,-0.0012721905117669,-0.000857320596778,
1982-12-23,,0.0025510516853932,0.0002358956892295,
1982-12-27,,0.0023564776453055,0.0012733884558671,
1982-12-29,,-0.001443150166852,9.083189651274564e-06,
1982-12-30,,0.000180930457419,-0.0013852447425671,
1983-01-03,,0.0047024431226766,-4.064322062786335e-05,
1983-01-04,,-0.0017913181148748,-0.0001689748427346,
1983-01-05,,0.0001797937915743,0.0010138362009505,
1983-01-06,,-0.0007189094939046,-0.0004087603888068,
1983-01-07,,0.000359986681465,0.0019441193569752,
1983-01-10,,0.00035972051756,0.0020870013003916,
1983-01-11,,0.0025161832286664,-0.0002481276166467,
1983-01-12,,0.000536407938258,0.0029113615910958,
1983-01-13,,0.0005358171806167,-0.0004843110780051,
1983-01-14,,0.0008920462046204,0.0006151434371301,
1983-01-19,,-0.0033835717423133,-0.0021756559170404,
1983-01-20,,-0.0008966494655363,0.0002198729747877,
1983-01-21,,-0.0050305081240767,-0.0004611772926228,
1983-01-24,,-0.0030861470149253,0.0004881800185785,
1983-01-25,,0.0029231513330829,0.0004013361904745,
1983-01-26,,-0.0021792698768196,0.0006605998063172,
1983-01-27,,0.0005472688413948,0.0008523075581274,
1983-01-28,,-0.0012755258426966,-0.0008951021173332,
1983-01-31,,-0.0023750604581299,0.0027859085017575,
1983-02-01,,0.0005507796226415,-0.0004410066109149,
1983-02-03,,-0.0022006272144741,-0.0012797792181725,
1983-02-04,,-0.0018421885649375,-0.0004197563498769,
1983-02-07,,0.0012944332953249,-0.0005186469757353,
1983-02-09,,-0.0003688567096284,0.0001409308850266,
1983-02-10,,0.004060502276176,0.0023688561181142,
1983-02-11,,0.0018304063205417,0.0003466470479177,
1983-02-14,,0.0001823545727136,0.0019843460586902,
1983-02-15,,-0.0014582899962533,-0.0008542714222933,
1983-02-16,,0.0018283427282976,-0.0007936996508953,
1983-02-17,,0.003642995132909,0.0005279309996399,
1983-02-18,,0.0037967157190635,0.0004420662988625,
1983-02-22,,0.0035879203539823,-0.0033191920914602,
1983-02-23,,-0.0016027445095168,-0.000699595277627,
1983-02-24,,0.0019894951672862,-6.217345415494277e-05,
1983-02-25,,0.005583925212884,-0.0033991799102217,
1983-02-28,,-0.0017808272327964,-0.0043856488729415,
1983-03-01,,0.0025023174136663,0.0002785280442363,
1983-03-02,,-0.000177822368421,0.0028518187369378,
1983-03-03,,0.0008894369287019,4.576075024640604e-05,
1983-03-04,,-0.0019531905109488,-0.0008263782846636,
1983-03-07,,-0.004456962257237,0.0007002144759546,
1983-03-08,,-0.002339048076923,-0.0014024906146616,
1983-03-09,,0.000180795986622,0.0013814701584941,
1983-03-10,,-0.0012651017830609,-0.0001072950921617,
1983-03-11,,-0.000906,-0.0006832776592219,
1983-03-14,,0.0034492231343283,0.0020471386637387,
1983-03-15,,0.0016223408669878,-0.0013411015543043,
1983-03-16,,-0.0017966100443131,0.0007612211487091,
1983-03-17,,-0.0007213076352854,0.0019313455466441,
1983-03-18,,0.0005417839643652,0.0001294934876153,
1983-03-21,,-0.0009019688542825,0.001830605387689,
1983-03-22,,-0.0005421864784546,-0.0002200803142895,
1983-03-23,,0.0023520959464485,0.0034448323889611,
1983-03-24,,0.0010803597335306,-0.0010097832408918,
1983-03-25,,-0.002874576070901,-0.0008942332019074,
1983-03-28,,0.0003614576523031,0.0012846899226117,
1983-03-29,,0.0010835679287304,0.0009987775672944,
1983-03-30,,0.0005405799999999,-0.001462484060767,
1983-03-31,,-0.0008999667036625,0.0009491782398412,
1983-04-04,,0.0012622883617494,0.0018105972122007,
1983-04-05,,0.0037770654343807,-0.0007817787373208,
1983-04-06,,0.0005354240645634,-0.0009010211601187,
1983-04-07,,-0.0012479494320263,0.0007636335576692,
1983-04-08,,-0.0010724217487142,0.0003533587918098,
1983-04-11,,0.0035826362297496,-6.0158336046043954e-05,
1983-04-12,,-0.0003556447368421,-0.0005413199795347,
1983-04-13,,0.0012456671543526,0.0003433954377578,
1983-04-14,,0.0039049558555271,-0.0004852883418373,
1983-04-15,,-0.0010565081433224,-0.0007083113882821,
1983-04-18,,0.0014117431991295,0.0010242762048079,
1983-04-19,,-0.0042229757685352,-0.0012071857177485,
1983-04-20,,0.0007099919737322,-0.0003044681040053,
1983-04-21,,-0.0021268721311475,-0.0001117293434554,
1983-04-22,,0.0001780175631174,0.0030794029858152,
1983-04-25,,0.0010677147037308,-0.0006939836093759,
1983-04-26,,0.0012429394160583,0.000438539941014,
1983-04-27,,0.0026566545322169,-0.0013169829538028,
1983-04-28,,0.0001761484431571,-0.0002531450385797,
1983-04-29,,0.0008804234527687,0.0004318844889374,
1983-05-02,,0.0001757666184971,-0.0001136295142703,
1983-05-03,,0.0008785157096424,-9.661938257912012e-05,
1983-05-04,,0.0029815695746215,0.000434604669785,
1983-05-05,,-0.0019174998208527,-0.0004511685900917,
1983-05-06,,0.0008750395683453,0.0001367357442362,
1983-05-09,,-0.0033191806104129,-0.0005216233470316,
1983-05-10,,0.0024625119305857,0.0004179052270256,
1983-05-11,,-0.0005250237410072,-0.0020977498609618,
1983-05-12,,-0.0012263788260712,-0.0009536138203436,
1983-05-13,,0.0007025588447653,0.0007100128791241,
1983-05-16,,-0.0047354340302811,0.0006600002908937,
1983-05-17,,-0.0008855515107389,0.0007085448537955,
1983-05-18,,-0.0003548665207877,-0.0001117816652176,
1983-05-19,,-0.0026634416058394,-0.0003205824851704,
1983-05-20,,-0.0008927009174311,-0.0006802079879598,
1983-05-23,,-0.0007154735294117,0.0004122471025013,
1983-05-24,,0.0005373954344624,0.0010545455375976,
1983-05-25,,-0.0001789341669731,-0.0005811403843669,
1983-05-26,,-0.002167135857461,-0.0012102731526432,
1983-05-27,,-0.0003628053691275,-0.0006386441468393,
1983-05-31,,-0.0056276798507462,-0.0024405892277183,
1983-06-01,,0.002020287655719,-0.0014558461553221,
1983-06-02,,-0.0003658060150376,0.0017260441349816,
1983-06-03,,-0.0005491218961625,0.0002890606006872,
1983-06-06,,0.0014659796610169,-0.0006385107330254,
1983-06-07,,-0.0025577574164476,0.0008775834707409,
1983-06-08,,-0.0029386002265005,-0.0013896308116763,
1983-06-09,,0.0020325643752374,0.0014692518170927,
1983-06-10,,-0.0003680196671709,-0.0002791195640395,
1983-06-13,,0.0053403247539742,0.0017885984559854,
1983-06-14,,-0.0012750482965181,-0.0004996365825158,
1983-06-15,,0.0010957702702703,0.0010800544287708,
1983-06-16,,0.0027332696629213,0.0018256700238281,
1983-06-17,,-0.0016308,-0.0007607205641058,
1983-06-20,,-0.0032725695067264,0.0014245716836157,
1983-06-21,,0.0009152031602709,0.0001759984068089,
1983-06-22,,-0.0012788787082237,-0.0004129995197696,
1983-06-23,,-0.0007327138554216,0.0013668619782408,
1983-06-24,,-0.0044029140271493,0.0004051556422458,
1983-06-27,,-0.0033323424657534,-0.0025203730722655,
1983-06-28,,0.0022368827586207,-7.729401535992546e-06,
1983-06-29,,0.0022266453089244,-0.0004616322357445,
1983-06-30,,0.0016623758542141,0.0020746680882076,
1983-07-01,,0.0005522383654937,0.0008263157779846,
1983-07-05,,-0.0093774081632652,-0.0007632408845784,
1983-07-06,,0.001312390751445,0.0009852081933729,
1983-07-07,,-0.002617720215219,0.0025469776272111,
1983-07-08,,-0.0024438894899536,-0.0002593600137847,
1983-07-11,,0.0024562275728155,0.0033174154669322,
1983-07-12,,-0.0045117959814528,6.867160765022519e-05,
1983-07-13,,0.0005692535101403,9.220770777087903e-05,
1983-07-14,,0.0011371764705882,-0.0008099506721184,
1983-07-15,,-0.0030253991449669,0.0004843970720737,
1983-07-18,,0.0045664951114587,0.0006077711539021,
1983-07-19,,0.0013195094924447,0.0014360360562902,
1983-07-20,,0.0016919234930448,0.0045588177702187,
1983-07-21,,-0.0018734000770119,-0.001667179246426,
1983-07-22,,-0.0033851550057982,0.0011072190700648,
1983-07-25,,0.0017044367458154,-0.0003829104128045,
1983-07-26,,-0.0022646485647788,-0.0009079841252931,
1983-07-27,,-0.0005688098207326,0.000634423799326,
1983-07-28,,-0.0041761545064377,0.0022798229195639,
1983-07-29,,-0.0028720306965761,-0.0013144901421764,
1983-08-01,,-0.0001926057007125,0.0036152687557468,
1983-08-02,,0.000578045940594,0.0014994302009146,
1983-08-03,,-0.0001924533227847,0.0021940628953065,
1983-08-04,,-0.0051982960031657,-0.0009367336970817,
1983-08-05,,0.0005838264,0.0024798289094489,
1983-08-08,,-0.0021381310427486,-0.0016424260123132,
1983-08-09,,0.0009761677367576,-0.0011496845530006,
1983-08-10,,-0.0015587408890669,0.0043793127233028,
1983-08-11,,0.0029320329449578,0.0004892600487919,
1983-08-12,,0.0040802563897764,0.0008360396851391,
1983-08-15,,0.0055877774257425,0.0042720437423105,
1983-08-16,,0.0007619765074393,0.0001766047619337,
1983-08-17,,0.0034235324472244,-0.0011664383629133,
1983-08-18,,-0.0026441413043478,-0.0040141953826039,
1983-08-19,,-0.0015191943793911,-0.0006325703155115,
1983-08-22,,0.0070482826938136,0.0035833376419052,
1983-08-23,,-0.0013144168274797,0.0018314464487506,
1983-08-24,,0.0007531300309597,-0.0002689131489148,
1983-08-25,,-0.0022558979907264,-1.5779867310058786e-05,
1983-08-26,,-0.0001888672360248,0.0013825936588154,
1983-08-29,,-0.0064869599999999,-0.0025619251970406,
1983-08-30,,-0.0015469697933227,-0.0025097328875096,
1983-08-31,,-0.0023278564593301,0.0013715195543608,
1983-09-01,,0.0019492067307692,-0.0020348381250444,
1983-09-02,,-0.001359,0.0021168965769011,
1983-09-06,,0.005840600240096,-0.0002043932530021,
1983-09-07,,0.0034627900355871,-0.0002740746066251,
1983-09-08,,-0.0009550883392226,6.888239731093595e-05,
1983-09-09,,0.0013397537372147,0.0008278873007446,
1983-09-12,,0.0032447524519419,-0.0022789088896223,
1983-09-13,,-0.0005688098207326,-0.0014215351890191,
1983-09-14,,-0.0039863293015996,-0.0010265117637832,
1983-09-15,,-0.0017225405192761,-0.0020096627573845,
1983-09-16,,0.0040335420450058,0.0020169551097513,
1983-09-19,,0.0007619765074393,0.0026160610612779,
1983-09-20,,0.0022823549648162,-0.0013636240817281,
1983-09-21,,-0.0015144653696498,0.0030947102078885,
1983-09-22,,0.0015191943793911,-0.0020512717353422,
1983-09-23,,0.0037861634241245,-0.0011986011280464,
1983-09-26,,0.0018784633204633,-0.0025995789504047,
1983-09-27,,-0.0014969907692307,0.0009587482768789,
1983-09-28,,-0.0009385069444444,-0.0037259748101984,
1983-09-30,,0.0013164491689215,-0.0003241106340821,
1983-10-03,,-0.0007502266769467,-0.0035387611899911,
1983-10-05,,0.0041326193050193,0.0019253527394426,
1983-10-07,,-0.001117584992343,2.2084394606246348e-05,
1983-10-10,,-0.0020536231772832,0.0024782972163071,
1983-10-11,,-0.0041246566473988,-0.0018482365068365,
1983-10-12,,-0.0005672623396813,-0.0007341991428003,
1983-10-13,,-0.0015144653696498,0.0031226982932122,
1983-10-14,,0.0024686908665104,0.0003848277129672,
1983-10-17,,0.0030230493203883,-0.0004535673674107,
1983-10-18,,-0.001877738324971,-0.0009573996821207,
1983-10-19,,0.0018850135606353,-0.0033092943059618,
1983-10-20,,-0.000187773832497,-0.0019936027866098,
1983-10-21,,0.001690616988417,0.0014911494754947,
1983-10-24,,-0.0067390504040015,0.0005974625112904,
1983-10-25,,-0.0009491260241904,0.0015896477940354,
1983-10-26,,0.000190196247068,-0.0045480267513753,
1983-10-27,,-0.000190121922626,0.001172240083622,
1983-10-28,,-0.000380392494136,5.73108227164262e-05,
1983-10-31,,-0.0013324154929577,-0.0014470804546271,
1983-11-01,,0.0017178101216162,0.0011307433992613,
1983-11-02,,-0.0005041205561101,0.0021122595421423,
1983-11-03,,-0.0017518534587258,0.000947666996247,
1983-11-04,,-0.0027313818384213,0.0005297305661936,
1983-11-07,,0.0004903234050807,0.0002248271217993,
1983-11-08,,0.0009932730045017,0.0001565754567778,
1983-11-09,,-0.0007270282340628,-0.0002074314323741,
1983-11-10,,0.0040861958211708,-0.0012360430301621,
1983-11-11,,0.004816284826071,-0.0024856318307092,
1983-11-14,,-0.0027430551016781,-0.0009816429449962,
1983-11-15,,-0.0008582440295534,-0.0001129893285768,
1983-11-16,,-4.526506194656743e-05,-0.0048260739769836,
1983-11-17,,-0.0005931913831603,-0.0019706195313395,
1983-11-18,,-0.0005475375135995,-0.0005068779383032,
1983-11-21,,0.0030575888837197,-0.0017548954419284,
1983-11-22,,0.0027886692800385,-0.0006499578149302,
1983-11-23,,-0.000673540431997,0.0011920718143902,
1983-11-24,,-0.0003519109408033,,
1983-11-25,,0.0012964184262389,0.0014815471655968,
1983-11-28,,-0.0030765388000098,0.0044015772246098,
1983-11-29,,0.0019908756288041,-0.0005873365864487,
1983-11-30,,-0.0010855534217953,-0.0010643871538689,
1983-12-01,,-0.0005189998177182,0.0015424720538158,
1983-12-02,,-0.004165296713579,-0.0015344077992077,
1983-12-05,,-0.0005573718411552,-0.0038822779897464,
1983-12-06,,0.000582899676158,-0.0002991968812142,
1983-12-07,,-0.0008181288802446,0.0013211844629261,
1983-12-08,,-0.0030875094417721,0.0004958501284705,
1983-12-09,,-0.0007977662203637,0.0005909597488409,
1983-12-12,,0.0008426647062318,0.0009653103277828,
1983-12-13,,-0.0025705766795546,-0.0026237786129154,
1983-12-14,,-0.000438072101252,0.000272226077274,
1983-12-15,,0.0011841579822678,-0.0052350412423695,
1983-12-16,,0.0021814205407695,-0.0007145451954167,
1983-12-19,,0.0006759593909659,0.0034280905120521,
1983-12-20,,0.0001245766541151,0.0042298870174584,
1983-12-21,,0.0009820288819875,0.0005151064956389,
1983-12-22,,0.0024299925442586,0.0041997005038894,
1983-12-23,,-0.0003678631668412,0.0051445656333294,
1983-12-27,,0.0017293436018956,0.006708282068293,
1983-12-28,,-0.0023820225164446,-0.0003774673064204,
1983-12-29,,0.0009465186359267,-0.0040123486832363,
1983-12-30,,-0.0006911327032406,0.0006606703327895,
1984-01-03,,-0.0014842689791702,-0.0084056128601508,
1984-01-04,,0.0025986929259187,0.000849160886965,
1984-01-05,,6.12504628405227e-05,0.0017110211752053,
1984-01-06,,0.001427583637529,-0.0047558002748763,
1984-01-09,,-0.0003756150761391,0.0011603721327552,
1984-01-10,,0.0012361266513974,0.0035602599049794,
1984-01-11,,-0.0016971614100471,0.001625472549759,
1984-01-12,,-0.0003184445286,0.0017409831134878,
1984-01-13,,0.0063877037270814,0.0022127998276265,
1984-01-16,,0.0005449555900534,-0.0020459011792738,
1984-01-17,,-0.0013949424594922,-0.0015718919075632,
1984-01-18,,-0.0010322805471955,-0.000450052785073,
1984-01-19,,0.0005696978922716,0.0020040836009257,
1984-01-20,,-0.0012364322214906,-0.0021624465990335,
1984-01-23,,0.0006553829040022,-0.0026807066800923,
1984-01-24,,1.9711378526163188e-05,0.0051046841785221,
1984-01-25,,-0.0002550869158878,-0.0021448434649922,
1984-01-26,,0.0007014655568502,-0.0019016874382457,
1984-01-27,,-0.0003367859067057,0.0046463822127268,
1984-01-30,,-0.0001108259451445,-0.0039897318180046,
1984-01-31,,-0.0001618095554964,0.0003743537694046,
1984-02-01,,0.0006083319507261,0.0056412120995972,
1984-02-02,,0.0024228378388623,-0.0019039124394388,
1984-02-03,,-0.0003159707584035,-0.0008483969509866,
1984-02-06,,-0.0023621452427184,-0.0022288035259974,
1984-02-07,,-0.000464818457358,-0.002457051160438,
1984-02-08,,-0.0004781449503375,0.0013616577248332,
1984-02-09,,-0.0005477977751093,-0.0046279060538331,
1984-02-10,,-0.0018025585929412,-0.0008460122204151,
1984-02-13,,-0.0024356579189421,-0.0053920305017434,
1984-02-14,,0.0019135358833984,0.000841945456235,
1984-02-15,,0.000689754825689,0.0024793656179058,
1984-02-16,,-5.403720000000047e-05,0.0013345694638005,
1984-02-17,,-0.0026742473498233,0.0043204230348943,
1984-02-20,,-8.499492860002904e-05,,
1984-02-21,,0.0011460832722577,-0.0014083263333338,
1984-02-22,,-0.0006984999744884,0.0050266205007627,
1984-02-23,,-0.0037315449482939,0.0013983441996245,
1984-02-24,,0.0020032230566731,0.0022183415022508,
1984-02-27,,-0.0016042452952671,0.0059359016629741,
1984-02-28,,-0.0006728346852197,-0.0036049666081544,
1984-02-29,,0.0019958056663708,0.0041960158604077,
1984-03-01,,-0.0004930638804265,0.0025980744743799,
1984-03-02,,0.0018650180491832,0.0022663729193721,
1984-03-05,,-0.0027234338264694,0.004688861066494,
1984-03-06,,-0.0005747674777681,-5.5844006195431256e-05,
1984-03-07,,-0.0032193901082978,-0.0026410125872992,
1984-03-08,,-0.0006914451716375,0.0022307016287415,
1984-03-09,,-0.0007898084415584,0.0028876154026342,
1984-03-12,,0.0010141284161893,-0.0022698979536922,
1984-03-13,,-0.0004332110885839,-0.0011122353509158,
1984-03-14,,-0.0015902816123939,-0.0008752240367513,
1984-03-15,,-0.0001095821721214,0.000780350234651,
1984-03-16,,-0.0009410494167488,-0.0040614765892548,
1984-03-19,,-0.0030111899686424,0.0018242399510275,
1984-03-20,,0.0004458413729939,0.0020616048362702,
1984-03-21,,0.0001995578342904,-6.660756479993636e-05,
1984-03-22,,-0.0008597185525678,0.0015479485558379,
1984-03-23,,-0.0002668030722636,0.001255994587636,
1984-03-26,,0.0009541054982451,0.0013427853790348,
1984-03-27,,-0.0003146121991822,-0.001831548703782,
1984-03-28,,0.0021747833094139,0.0008669996049684,
1984-03-29,,0.0012549416645763,0.0013771582654645,
1984-03-30,,-0.0037328261859325,0.0002188224544983,
1984-04-02,,-0.0004925671735684,-0.0003156785086011,
1984-04-03,,-0.0023093304310021,0.0028878474762212,
1984-04-04,,-0.0005401164871731,0.0003744651585481,
1984-04-05,,0.00139284185456,-0.0037554529738091,
1984-04-06,,0.0036718052585413,0.0004834186554222,
1984-04-09,,0.0009898035750511,0.0002725613860031,
1984-04-10,,-0.0015242217405618,-2.050707491064156e-05,
1984-04-11,,0.0004890535502055,-0.0025304439739172,
1984-04-12,,0.0019898650306747,-0.003059109982282,
1984-04-13,,-0.0045115496194287,0.0009972753108878,
1984-04-16,,-0.0014574342705795,0.0002398518053981,
1984-04-17,,0.0012258489164837,6.140249519411879e-06,
1984-04-18,,-0.0041390811311181,0.0017461592283606,
1984-04-19,,-0.0019870794362231,0.0007971996567086,
1984-04-24,,0.0013401199982305,-0.0004396500292444,
1984-04-25,,0.0012611002660415,-0.0028780393637445,
1984-04-26,,0.0010539457317072,-0.0035968773917394,
1984-04-27,,-0.0031504937156299,-6.887950818414346e-05,
1984-04-30,,-0.0009583202294071,-0.0032841159047166,
1984-05-01,,-0.0001392235674822,0.0015137243814431,
1984-05-02,,-0.0003920642576903,0.0032934930924994,
1984-05-03,,-0.000658783380488,-0.0002372237074595,
1984-05-07,,-0.0018413364171572,-0.0010498906969931,
1984-08-27,,-0.0043884723247232,0.0026755694145326,
1984-09-07,,0.0032830923093473,-0.0022630370225318,
1984-10-03,,-0.0009087721657965,-0.0013114711970781,
1984-12-26,,-0.0039371722543352,0.0027047439712213,
1985-03-14,,4.0290187891444464e-05,0.000989198096984,
1985-03-21,,0.0019166777470515,0.0031479208997405,
1985-03-27,,-0.0025401208958075,-0.0008181819538932,
1985-04-08,,-0.0001925294815987,0.0032024616805155,
1985-04-16,,0.003722184879484,-0.0012922052666742,
1985-05-06,,0.0007424982830981,0.0004823864837247,
1985-06-27,,0.0055437383967474,0.0007388457268582,
1985-08-07,,0.0035844085562469,0.0016963905548421,
1985-08-09,,0.0009240120742548,0.0020610710190988,
1985-08-26,,-0.0010470344332855,-0.000745093424754,
1985-12-26,,0.0009861932432432,0.0042603942379692,
1986-01-29,,-0.0018721777424014,-0.0073822642283011,
1986-03-31,,0.0034272606431853,-0.0181100883420568,
1986-05-05,,0.0045117959814528,-0.0034732246994692,
1986-05-21,,-0.0001791166518537,-0.0087515542843758,
1986-08-20,,0.0015481192710392,0.0049854442205249,
1986-08-25,,0.0014654277108433,0.0009837513868287,
1986-09-18,,-0.0063947170697265,0.0078670107613666,
1986-12-26,,-0.0001457088948787,0.000249401752932,
1986-12-31,,-0.0001563995378217,0.0062439646760435,
1987-04-20,,-0.0056786479495268,0.0034995864027289,
1987-08-31,,0.000493930964467,0.0020136036456384,
1987-12-11,,-0.0006689886558955,-0.0015108366110707,
1988-04-04,,-0.0033465319358008,0.0004599127130131,
1988-05-02,,-0.0019428499168053,-0.0097515534250164,
1989-03-27,,-0.0001667884813164,0.0002318676250173,
1989-05-01,,-0.0034102009345794,0.0037351170148331,
2000-12-25,,-0.0003854443460289,,
2001-12-25,,-6.013531020584067e-05,,
2007-04-06,,-0.0024258629757021,,-0.0011993234664899
2009-12-25,,-0.000223975981128,,4.705008226865903e-05
2011-04-22,,0.0002544032096288,,0.0001490007971042
2013-03-29,,-0.0006485917837751,,-0.0001858230048493
2020-12-25,,-8.246348203709912e-05,,-0.0002049305119658
1980-10-03,,,0.0006196492002456,
1980-10-06,,,0.0009852370411124,
1980-10-07,,,-0.0001830168537735,
1980-10-08,,,-6.895658708530606e-05,
1980-10-09,,,9.21058112759624e-05,
1980-10-10,,,8.040172024867199e-05,
1980-10-13,,,0.0013754649217134,
1980-10-14,,,0.0003431631278173,
1980-10-15,,,-5.48636496040722e-05,
1980-10-16,,,-0.0004175541699235,
1980-10-17,,,0.0004776357397652,
1980-10-20,,,-9.875456928732996e-05,
1980-10-21,,,0.0007150474184859,
1980-10-22,,,0.0010585629604677,
1980-10-23,,,-0.0002313253674796,
1980-10-24,,,0.0006346713140676,
1980-10-27,,,-0.0008326088626609,
1980-10-28,,,0.001276301743421,
1980-10-29,,,-0.0003706965573248,
1980-10-30,,,-0.0005822015241157,
1980-10-31,,,0.0001688773579978,
1980-11-03,,,0.0008827638494041,
1980-11-05,,,0.0004315630471398,
1980-11-06,,,-0.0041681700717923,
1980-11-07,,,-0.0017024865975745,
1980-11-10,,,-0.0012553996197987,
1980-11-11,,,-0.0004318562595229,
1980-11-12,,,0.0028313856163721,
1980-11-13,,,-0.0011654536494536,
1980-11-14,,,0.0019412276675786,
1980-11-17,,,-0.001169286450814,
1980-11-18,,,0.002210212357027,
1980-11-19,,,0.0010908938035747,
1980-11-20,,,0.0025212277306336,
1980-11-21,,,-0.0002400232089055,
1980-11-24,,,-0.0042388035358174,
1980-11-25,,,0.0013890065218437,
1980-11-26,,,8.184672502118925e-05,
1980-11-28,,,0.0013971452523324,
1980-12-01,,,-0.0021253352489464,
1980-12-02,,,-0.0014555111942472,
1980-12-03,,,-0.0009250693963604,
1980-12-04,,,-0.0011681579284912,
1980-12-05,,,-0.0008217191117109,
1980-12-08,,,-0.0023374891280143,
1980-12-09,,,-0.0044257053747991,
1980-12-10,,,-0.0042401355951472,
1980-12-11,,,-0.0057583992850919,
1980-12-12,,,0.0037555729702568,
1980-12-15,,,0.0040322828080412,
1980-12-16,,,-0.0001499736310434,
1980-12-17,,,0.0013540011536728,
1980-12-18,,,-0.0006893623790874,
1980-12-19,,,0.0018145812832969,
1980-12-22,,,0.0010689106355713,
1980-12-23,,,0.0016636778654656,
1980-12-24,,,-0.0006617582618683,
1980-12-29,,,-0.0018984144586153,
1980-12-30,,,-0.0014635005122571,
1980-12-31,,,0.0028437846649169,
1981-01-02,,,0.001320197782456,
1981-01-05,,,0.0008870049917725,
1981-01-06,,,0.0005004550879999,
1981-01-07,,,-0.0026380028997497,
1981-01-08,,,-0.0016905913307039,
1981-01-09,,,-5.058110592202642e-05,
1981-01-12,,,0.0004133656803758,
1981-01-13,,,-0.0002857653666286,
1981-01-14,,,0.0008094568156004,
1981-01-15,,,-0.0026637259025337,
1981-01-16,,,0.0008244881488136,
1981-01-19,,,-0.001973876285786,
1981-01-20,,,0.0010336962129246,
1981-01-21,,,-0.0016835441276053,
1981-01-22,,,-0.0030690548764697,
1981-01-23,,,-0.0033919793269339,
1981-01-26,,,-0.0014046212506271,
1981-01-27,,,-2.488229563423481e-05,
1981-01-28,,,-0.0014876361511838,
1981-01-29,,,-0.0015113925971974,
1981-01-30,,,-0.0001340691617922,
1981-02-02,,,-0.0009638988786872,
1981-02-03,,,0.0035155665716712,
1981-02-04,,,-0.0019000840398305,
1981-02-05,,,0.0015565419754896,
1981-02-06,,,0.0013503600792533,
1981-02-09,,,-0.0023613446662929,
1981-02-10,,,-5.2963906729277e-05,
1981-02-11,,,-0.0004252676314356,
1981-02-12,,,-0.000732164392817,
1981-02-13,,,0.0007690751750257,
1981-02-17,,,0.0012752824365328,
1981-02-18,,,-0.001542547435439,
1981-02-19,,,0.0025798745543622,
1981-02-20,,,0.0003578252209538,
1981-02-23,,,-0.0015530474555195,
1981-02-24,,,0.0001741390524999,
1981-02-25,,,-0.0011769149872918,
1981-02-26,,,-0.0016285876836993,
1981-02-27,,,-0.0013507055624877,
1981-03-02,,,-0.005334840009922,
1981-03-03,,,0.0019602214831066,
1981-03-04,,,-0.0030346771867935,
1981-03-05,,,0.0004690517505451,
1981-03-06,,,0.0005608234759614,
1981-03-09,,,0.0015730508406005,
1981-03-10,,,-0.0009253369582309,
1981-03-11,,,-0.0011262244292497,
1981-03-12,,,0.0023607498852421,
1981-03-13,,,0.0005246531940931,
1981-03-16,,,0.000282296712754,
1981-03-17,,,0.0026315937887284,
1981-03-18,,,0.0005405107266261,
1981-03-19,,,0.0004776722689316,
1981-03-20,,,0.0007703406831317,
1981-03-23,,,0.0016955187214481,
1981-03-24,,,0.0010483052926964,
1981-03-25,,,-0.0008049328076199,
1981-03-26,,,-0.0006195488729771,
1981-03-27,,,-0.0010624018849833,
1981-03-30,,,-0.0007662758845593,
1981-03-31,,,0.0013360021999583,
1981-04-01,,,-0.0009919662592774,
1981-04-02,,,0.0016311308543313,
1981-04-03,,,-0.0008964938278099,
1981-04-06,,,0.0006026628844908,
1981-04-07,,,0.0017490799520379,
1981-04-08,,,-9.586093302001474e-05,
1981-04-09,,,-0.0014767801627558,
1981-04-10,,,-0.002052927209369,
1981-04-13,,,-0.0023546504604857,
1981-04-14,,,0.0001525592258497,
1981-04-15,,,-0.0003060120299484,
1981-04-16,,,0.0018579702189434,
1981-04-20,,,0.0006601201547902,
1981-04-21,,,0.0003320075184348,
1981-04-22,,,-0.0006441005242098,
1981-04-23,,,0.0001975309807025,
1981-04-24,,,-0.0006004681635814,
1981-04-27,,,-2.221596818004581e-06,
1981-04-28,,,-0.0019381455064511,
1981-04-29,,,-0.0007859713065301,
1981-04-30,,,0.001118802449653,
1981-05-01,,,0.0009018122590096,
1981-05-04,,,-0.0027715245880841,
1981-05-05,,,-0.0010018912922243,
1981-05-06,,,0.001419522144993,
1981-05-07,,,-0.0001249660608797,
1981-05-08,,,0.0004439147263447,
1981-05-11,,,-0.0017884885841153,
1981-05-12,,,-0.0022008948489497,
1981-05-13,,,-0.0002669139910076,
1981-05-14,,,-7.515928743414852e-05,
1981-05-15,,,-0.001072425284729,
1981-05-18,,,0.0005705471349618,
1981-05-19,,,-0.001201725467546,
1981-05-20,,,0.0005102847756365,
1981-05-21,,,-0.0024610138559047,
1981-05-22,,,-0.0004464289868309,
1981-05-26,,,1.7092696904088736e-05,
1981-05-27,,,0.0016126258000322,
1981-05-28,,,0.0005894866900549,
1981-05-29,,,0.0003163513266257,
1981-06-01,,,-0.0023193558919237,
1981-06-02,,,-0.0007017385879127,
1981-06-03,,,-0.0021982763997273,
1981-06-04,,,-0.0016663778996205,
1981-06-05,,,-0.0008252602379138,
1981-06-08,,,3.47835634423687e-05,
1981-06-09,,,-0.0002680527869373,
1981-06-10,,,0.0031231014569944,
1981-06-11,,,-0.0019123930633163,
1981-06-12,,,0.0023665515701608,
1981-06-15,,,-0.0001023136815645,
1981-06-16,,,-0.0016963816702742,
1981-06-17,,,-0.0017779177231456,
1981-06-18,,,0.0002327426449537,
1981-06-19,,,-0.0001962649525052,
1981-06-22,,,-0.0009993604736092,
1981-06-23,,,-0.0010632085715932,
1981-06-24,,,-0.0012664551344244,
1981-06-25,,,-0.0038884317537622,
1981-06-26,,,-0.0011875027257224,
1981-06-29,,,-0.0015414532834253,
1981-06-30,,,0.0014321195551019,
1981-07-01,,,0.0019946039701209,
1981-07-02,,,-0.0006835287782742,
1981-07-06,,,0.0023224312554968,
1981-07-07,,,-0.0008245816403004,
1981-07-08,,,0.0014145754319248,
1981-07-09,,,-0.0001019353526511,
1981-07-10,,,0.0027345778573539,
1981-07-13,,,0.0007928257571033,
1981-07-14,,,-0.0025871003738102,
1981-07-15,,,-0.0003165035838874,
1981-07-16,,,0.0008189179679006,
1981-07-17,,,2.9370360035214175e-05,
1981-07-20,,,-0.0023315879568174,
1981-07-21,,,0.0012727747620042,
1981-07-22,,,0.0018625820649015,
1981-07-23,,,0.0021793910879656,
1981-07-24,,,-0.0002562832281159,
1981-07-27,,,-0.0016231298068028,
1981-07-28,,,0.0019557415842667,
1981-07-29,,,-0.00182718872344,
1981-07-30,,,-0.0017149617772094,
1981-07-31,,,0.0010795820403084,
1981-08-03,,,-0.0042252768390799,
1981-08-04,,,-2.764971341570881e-05,
1981-08-05,,,-0.001791502070328,
1981-08-06,,,0.0019472506930679,
1981-08-07,,,-0.0016708948381169,
1981-08-10,,,-0.0016853403643384,
1981-08-11,,,0.0015263603101105,
1981-08-12,,,0.0001350552924833,
1981-08-13,,,-0.0016549104941914,
1981-08-14,,,0.0003377482915315,
1981-08-17,,,0.0008038243469406,
1981-08-18,,,0.0006396953969146,
1981-08-19,,,0.0013848592096964,
1981-08-20,,,-0.0018443439770364,
1981-08-21,,,-0.0018597166887432,
1981-08-24,,,-0.0042914811234257,
1981-08-25,,,-0.0009808539643022,
1981-08-26,,,0.0009980873175611,
1981-08-27,,,-0.0011069331124494,
1981-08-28,,,0.0011400148151334,
1981-08-31,,,-0.0002699753190399,
1981-09-01,,,0.0002936301046407,
1981-09-02,,,0.0014787982049831,
1981-09-03,,,0.002839725604321,
1981-09-04,,,-0.0017602388483976,
1981-09-08,,,-0.0026276198973315,
1981-09-09,,,0.002243716862865,
1981-09-10,,,0.0005963198584288,
1981-09-11,,,0.0003291298004926,
1981-09-14,,,0.0017566972315817,
1981-09-15,,,-0.0001936239249827,
1981-09-16,,,-0.0012075747279901,
1981-09-17,,,-0.0004997191298415,
1981-09-18,,,0.0004723275476149,
1981-09-21,,,0.0017529816939749,
1981-09-22,,,-0.0009329427822071,
1981-09-23,,,-0.001399943688109,
1981-09-24,,,-0.0001250719091228,
1981-09-25,,,-0.0013461301012482,
1981-09-28,,,-0.0006851462413457,
1981-09-29,,,0.0003328954755256,
1981-09-30,,,0.0004343694255993,
1981-10-01,,,-0.0005701371709718,
1981-10-02,,,0.0017961931371088,
1981-10-05,,,0.0015913337279687,
1981-10-06,,,0.0022534243745404,
1981-10-07,,,-0.001110148319621,
1981-10-08,,,-0.0003889512991562,
1981-10-09,,,-0.0002333158557404,
1981-10-12,,,0.0006489177028079,
1981-10-13,,,0.001918014750045,
1981-10-14,,,-0.0006007925877136,
1981-10-15,,,-0.0012980982849185,
1981-10-16,,,-0.001161412551747,
1981-10-19,,,-0.0009814382681297,
1981-10-20,,,-0.0019675546391905,
1981-10-21,,,0.0010152678390288,
1981-10-22,,,-0.0002741782897927,
1981-10-23,,,0.0007473885143249,
1981-10-26,,,-0.001174379092607,
1981-10-27,,,0.0019555507562054,
1981-10-28,,,-0.0011126167831919,
1981-10-29,,,0.000878214643779,
1981-10-30,,,-0.0001035428318373,
1981-11-02,,,0.0011213186921174,
1981-11-03,,,0.0002506484249386,
1981-11-04,,,-0.0006040071323243,
1981-11-05,,,-0.0001446175528291,
1981-11-06,,,-0.0010723286041567,
1981-11-09,,,-0.0010563134124874,
1981-11-10,,,-0.0022685639710471,
1981-11-11,,,-0.0001204616169012,
1981-11-12,,,0.0012982512202199,
1981-11-13,,,-0.0007315246413088,
1981-11-16,,,-0.0018497443228004,
1981-11-17,,,5.635572686032991e-05,
1981-11-18,,,-0.0009463918173403,
1981-11-19,,,0.0003859025918892,
1981-11-20,,,-0.000727977048026,
1981-11-23,,,-0.0023528424317188,
1981-11-24,,,-0.0008614807045199,
1981-11-25,,,0.0015944824992212,
1981-11-27,,,-0.0003343188874537,
1981-11-30,,,-0.0006981659282191,
1981-12-01,,,0.0007445968687724,
1981-12-02,,,0.0017554370456871,
1981-12-03,,,0.0002215583337782,
1981-12-04,,,0.0006436488507291,
1981-12-07,,,-0.002429786754938,
1981-12-08,,,-0.0031678388151866,
1981-12-09,,,0.0001139837468733,
1981-12-10,,,-0.001430651271594,
1981-12-11,,,0.0016751502415509,
1981-12-14,,,-0.001002245125295,
1981-12-15,,,-0.0010499731991327,
1981-12-16,,,0.0009868840379236,
1981-12-17,,,0.0002679214238133,
1981-12-18,,,-0.0015183804941628,
1981-12-21,,,-0.0024476390140883,
1981-12-22,,,0.0012181652278925,
1981-12-23,,,-0.0007073185259532,
1981-12-24,,,0.0009536888880447,
1981-12-28,,,0.0013826361257555,
1981-12-29,,,-0.0009389781659057,
1981-12-30,,,0.0001420250474743,
1981-12-31,,,-0.0001308950727909,
1982-01-04,,,0.0014239418687783,
1982-01-05,,,-5.1548053517807416e-05,
1982-01-06,,,0.0012108267653726,
1982-01-07,,,-0.000328686054535,
1982-01-08,,,-0.0008828163340992,
1982-01-11,,,-0.0016678715015034,
1982-01-12,,,-0.0002453851216695,
1982-01-13,,,-0.0010477328409921,
1982-01-14,,,0.0005053546986513,
1982-01-15,,,-0.0005822995359488,
1982-01-18,,,0.0004637360258517,
1982-01-19,,,-0.0020921248416632,
1982-01-20,,,0.0012949177486927,
1982-01-21,,,0.000164597676581,
1982-01-22,,,0.0003278708305448,
1982-01-25,,,-0.0010726850069318,
1982-01-26,,,0.0013855991488772,
1982-01-27,,,0.0023145119939007,
1982-01-28,,,-0.0009656291346256,
1982-01-29,,,0.0013598732497558,
1982-02-01,,,0.0005128246741318,
1982-02-02,,,-0.0013416327325781,
1982-02-03,,,-0.0001768384387816,
1982-02-04,,,0.0008016129633635,
1982-02-05,,,-0.0009709836772097,
1982-02-08,,,-0.0017883560727431,
1982-02-09,,,-0.0001447308945762,
1982-02-10,,,0.0004688997456277,
1982-02-11,,,-0.000408522155161,
1982-02-12,,,-0.0003227662032829,
1982-02-16,,,-0.0004441907659195,
1982-02-17,,,-0.0004115764764579,
1982-02-18,,,-0.001419139022475,
1982-02-19,,,-0.0018235204931409,
1982-02-22,,,-0.0006440071133864,
1982-02-23,,,-0.000653355959332,
1982-02-24,,,0.0006838715688366,
1982-02-25,,,-0.000315523442334,
1982-02-26,,,-0.000234160610731,
1982-03-01,,,0.0008785073846298,
1982-03-02,,,-2.438368843864832e-05,
1982-03-03,,,-0.0016712171372525,
1982-03-04,,,-0.000712248467468,
1982-03-05,,,-0.0019042346671729,
1982-03-08,,,-0.0014096175588563,
1982-03-09,,,0.0004755394390994,
1982-03-10,,,0.0008253032101519,
1982-03-11,,,-0.0017776194533875,
1982-03-12,,,-0.0022428952395888,
1982-03-15,,,0.0019703908411978,
1982-03-16,,,-0.002514779757619,
1982-03-17,,,0.0011962154054477,
1982-03-18,,,0.0008922589020795,
1982-03-19,,,-0.0003900224534792,
1982-03-22,,,0.0022082270024751,
1982-03-23,,,0.0003910277813863,
1982-03-24,,,0.0002162929915138,
1982-03-25,,,-0.0019783100634963,
1982-03-26,,,-0.0008678983176397,
1982-03-29,,,0.0006743332490178,
1982-03-30,,,0.0006367607923286,
1982-03-31,,,0.0008637497018233,
1982-04-01,,,0.000700087017071,
1982-04-02,,,0.0010848900124798,
1982-04-05,,,0.0034772902819546,
1982-04-06,,,0.0010477847836705,
1982-04-07,,,-0.0016653101606443,
1982-04-08,,,0.0020113972211409,
1982-04-12,,,-0.0009680922622255,
1982-04-13,,,-4.542652478221264e-05,
1982-04-14,,,0.0012078340867225,
1982-04-15,,,-0.000324258715558,
1982-04-16,,,-0.0010501525211023,
1982-04-19,,,-0.0028887735869135,
1982-04-20,,,0.001524500816456,
1982-04-21,,,-7.1195155781245e-05,
1982-04-22,,,-0.0008459143943729,
1982-04-23,,,0.0025231849898407,
1982-04-26,,,0.0005752408735251,
1982-04-27,,,-0.0005749002560433,
1982-04-28,,,-0.0002986004287731,
1982-04-29,,,0.0012632901421215,
1982-04-30,,,-0.0023858512044681,
1982-05-03,,,-0.000258186468209,
1982-06-15,,,7.484779547934449e-05,
1982-06-22,,,0.0003220782268814,
1982-06-24,,,-4.363670479940336e-05,
1982-09-22,,,-0.0005999417446126,
1982-12-28,,,0.000562839558815,
1983-01-17,,,-3.992828340394292e-05,
1983-01-18,,,0.0007440690741399,
1983-02-02,,,0.0002263434019663,
1983-02-08,,,-0.0005524561493052,
1983-09-29,,,-0.0017051899658575,
1983-10-04,,,-0.000269611095756,
1983-10-06,,,0.0014267688712585,
1984-04-23,,,0.0028958430047794,
1985-06-04,,,-0.0023558934147107,
1986-08-21,,,0.0026237259312351,
2007-01-01,,,,0.0028728447152228
2008-01-01,,,,-0.0018475031642749
2009-01-01,,,,0.0022538372441051
2010-01-01,,,,0.004204311099938
2013-01-01,,,,0.0051634132160572
2014-01-01,,,,0.0019326389922157
2018-01-01,,,,0.003087125469712
2020-01-01,,,,3.614070057118079e-05
2021-01-01,,,,-0.0001643244341292
2025-01-01,,,,0.000223430413688
2026-01-01,,,,0.0005945140134987
