,px_last,px_last,px_last,px_last,px_last,px_last,px_last,px_last,px_last,px_last,px_last,px_last,px_last,px_last,px_last
security,AUDUSD Index,BCOMCOT Index,BCOMGCTR Index,EURUSD Index,GBPUSD Index,I02981JP Index,LEATTREU Index,LSG1TRGU Index,LUATTRUU Index,NKYTR Index,SPXT Index,SX5T Index,TUKXG Index,USDCNH Index,USDJPY Index
date,,,,,,,,,,,,,,,
03/01/2000,0.6585,192.924,79.6723,1.0243,1.6362,,105.8053,,953.47,,2002.11,6067.89,,,101.45
04/01/2000,0.655,189.986,78.0611,1.0296,1.636,,105.2575,,957.56,,1925.41,5828.4,3021.19,,103.22
05/01/2000,0.6579,186.246,77.6325,1.0321,1.6426,,105.1691,,953.2,,1929.28,5683.15,2962.29,,104.14
06/01/2000,0.6533,185.07,77.7267,1.0328,1.6474,,105.0316,,956.22,,1931.51,5631.77,2922.11,,105.23
07/01/2000,0.6549,181.729,77.876,1.0295,1.6393,,105.5858,,958.71,,1983.83,5816.44,2948.17,,105.34
10/01/2000,0.6561,186.056,77.856,1.0256,1.6374,,105.8193,,957.12,,2006.07,5899.13,2994.84,,105.16
11/01/2000,0.6578,192.22,78.3451,1.0336,1.6475,,105.2167,,952.75,,1979.92,5845.9,2954.61,,105.95
12/01/2000,0.6587,193.854,78.1808,1.0309,1.6466,,105.1249,,951.77,,1971.36,5818.12,2960.91,,105.79
13/01/2000,0.6679,196.326,78.5974,1.0258,1.6472,,105.3233,,956.36,,1995.35,5867.31,2960.28,,106.17
14/01/2000,0.6657,200.759,78.5816,1.0122,1.6313,,105.1503,,954.42,,2016.64,6043.79,3017.71,,105.87
17/01/2000,0.6642,,,1.0122,1.6333,,105.1499,,,,,6112.79,3023.04,,104.9
18/01/2000,0.6654,207.399,79.9405,1.0137,1.6379,,104.8181,,952.8,,2002.89,5958.23,2948.3,,105.67
19/01/2000,0.6638,206.159,80.1714,1.0133,1.645,,105.0834,,954.27,,2004.02,5967.46,2921.51,,105.32
20/01/2000,0.6658,206.953,79.9371,1.0168,1.6537,,105.0402,,953.19,,1989.81,5980.4,2877.67,,105.47
21/01/2000,0.6629,208.256,80.0312,1.0098,1.6487,,105.1258,,953.86,,1984.01,5906.04,2876.57,,104.78
24/01/2000,0.6543,206.229,79.6016,1.0072,1.6531,,105.1532,,957.53,,1929.2,5905.37,2892.13,,105.57
25/01/2000,0.6554,209.908,79.1753,1.0009,1.6452,,105.5042,,958.05,,1940.9,5823.84,2844.2,,106.04
26/01/2000,0.6523,206.291,79.2147,1.0019,1.6403,,105.4654,,959.59,,1932.78,5908.21,2890.21,,105.66
27/01/2000,0.6541,202.928,79.4458,0.9882,1.6396,,104.9258,,960.67,,1925.31,5990.55,2919.85,,105.12
28/01/2000,0.635,202.874,78.389,0.9747,1.6201,,105.0165,,963.18,,1872.61,5984.44,2890.22,,107.13
31/01/2000,0.637,206.615,78.4792,0.9707,1.6162,,105.368,98.0452,960.87,,1919.84,5862.81,2842.13,,107.32
01/02/2000,0.6324,209.705,78.2721,0.9711,1.615,,105.7792,,963.07,,1940.24,5997.43,2852.29,,107.85
02/02/2000,0.6389,206.425,78.915,0.9765,1.6088,,105.7491,,964.65,,1940.21,6135.19,2857.68,,108.16
03/02/2000,0.6348,209.855,79.5308,0.9894,1.5972,,105.8879,,970,,1962.21,6315.41,2867.43,,107.56
04/02/2000,0.638,213.796,85.8804,0.9832,1.5918,,105.6042,,967.97,,1961.44,6407.61,2804.24,,107.19
07/02/2000,0.6337,212.026,83.5882,0.9815,1.598,,105.5034,,964.21,,1961.3,6309.1,2774.18,,108.62
08/02/2000,0.6317,210.019,82.8326,0.9855,1.6113,,105.7839,,968.14,,1985.49,6478.17,2849.98,,109.47
09/02/2000,0.6362,213.197,84.7398,0.9942,1.6169,,105.615,,964.99,,1944.57,6497.73,2863.4,,108.79
10/02/2000,0.6265,215.952,87.5264,0.9854,1.6097,,105.3355,,962.1,,1951.65,6475.89,2847.26,,109.27
11/02/2000,0.6305,216.666,86.1393,0.9875,1.5936,,105.3628,,964.19,,1910.92,6502.59,2808.04,,108.82
14/02/2000,0.6263,221.275,85.4652,0.9783,1.588,,105.6652,,968.61,,1914.88,6465.54,2751.5,,108.96
15/02/2000,0.6305,222.586,83.5822,0.9815,1.596,,105.5765,,967.12,,1931.58,6311.92,2722.75,,109.22
16/02/2000,0.6319,223.982,83.8425,0.9863,1.6077,,105.4449,,966.98,,1912.12,6337.46,2787.22,,109.44
17/02/2000,0.6323,218.398,83.5255,0.9878,1.609,,105.4218,,967.59,,1912.96,6400.96,2815.31,,110.56
18/02/2000,0.6293,215.366,84.5007,0.9839,1.6013,,105.5001,,971.15,,1854.85,6357.3,2795.19,,111.09
21/02/2000,0.6258,,,0.9877,1.6005,,105.7591,,,,,6299.4,2761.83,,111.26
22/02/2000,0.6221,219.076,84.6628,1.0038,1.6126,,106.2098,,977.25,,1863.26,6287.79,2731.45,,110.69
23/02/2000,0.6216,220.644,83.2179,1.0036,1.6039,,106.0941,,973.51,,1875.16,6365.32,2790.2,,111.07
24/02/2000,0.6155,221.702,82.8182,0.992,1.6003,,106.4538,,976.68,,1865.2,6404.64,2764.14,,111.37
25/02/2000,0.6151,222.163,81.0973,0.9749,1.5953,,106.263,,975.78,,1837.7,6520.16,2814.67,,110.29
28/02/2000,0.6148,222.779,81.0256,0.9709,1.5958,,106.0861,,973.18,,1858.17,6416.84,2773.25,,109.45
29/02/2000,0.6178,227.165,81.0384,0.9642,1.5792,,106.022,99.9254,975.32,,1883.5,6487.3,2833.68,,110.33
01/03/2000,0.6057,236.243,80.8034,0.9727,1.5854,,106.1247,,975.5,,1901.51,6553.04,2893.85,,107.28
02/03/2000,0.6063,236.963,79.8244,0.9656,1.5766,,106.0074,,975.83,,1905.09,6767.37,2924.4,,107.74
03/03/2000,0.6084,235.721,80.0024,0.9586,1.5778,,106.2779,,977.74,,1942.89,6822.26,2949.57,,107.9
06/03/2000,0.6019,240.612,79.7925,0.9586,1.5749,,106.3073,,976.21,,1918.44,6840.05,2990.76,,107.54
07/03/2000,0.6051,258.41,80.9908,0.9584,1.5804,,106.4189,,977.11,,1869.33,6792.39,2944.65,,106.12
08/03/2000,0.6095,235.653,80.1007,0.961,1.5817,,106.3485,,976.7,,1884.81,6714.99,2919.45,,107.17
09/03/2000,0.6148,237.733,80.7566,0.9669,1.5827,,106.8391,,977.56,,1933.11,6700.41,2974.5,,106.53
10/03/2000,0.6151,233.985,80.0451,0.9637,1.5765,,106.6784,,975.59,,1923.98,6780.44,2991.18,,106.35
13/03/2000,0.6163,235.602,80.4942,0.9642,1.5792,,106.9077,,976.97,,1908.42,6577.16,2949.97,,105.52
14/03/2000,0.6148,235.732,79.9874,0.9686,1.5776,,106.744,,980.43,,1874.69,6582.06,2959.2,,105.12
15/03/2000,0.6135,231.534,79.9729,0.9669,1.5732,,106.9052,,982.11,,1920.28,6362.78,2940.9,,105.69
16/03/2000,0.6113,234.795,79.247,0.9696,1.5771,,107.3023,,983.68,,2012.03,6478.05,2991.19,,105.37
17/03/2000,0.6067,233.543,78.7124,0.9721,1.5748,,107.3983,,985.66,,2020.31,6548.29,2991.53,,106.73
20/03/2000,0.6077,229.233,79.1882,0.9728,1.5689,,107.4477,,986.42,,2009.53,6617.59,3022.15,,106.3
21/03/2000,0.6099,231.851,80.2963,0.9615,1.5717,,107.5832,,987.69,,2060.9,6591.95,3019.12,,106.78
22/03/2000,0.6044,229.031,79.7341,0.961,1.5795,,107.4528,,988.15,,2070.27,6594.61,3015.35,,107.11
23/03/2000,0.6058,229.805,78.9527,0.9715,1.5867,,107.6888,,989.8,,2107.13,6584.65,3008.51,,107.24
24/03/2000,0.6086,232.517,78.8833,0.9779,1.5941,,107.4914,,984.81,,2107.28,6735.65,3074.15,,106.87
27/03/2000,0.6128,231.892,77.6338,0.9672,1.5882,,107.2095,,985.37,,2102.31,6722.33,3051.78,,106.79
28/03/2000,0.6164,231.652,77.3721,0.9605,1.5893,,107.448,,986.14,,2080.08,6794.27,3034.88,,105.84
29/03/2000,0.6105,226.705,76.4249,0.9514,1.5936,,107.2405,,986.61,,2081.45,6781.43,3011.47,,105.69
30/03/2000,0.6134,226.188,76.5468,0.9613,1.5948,,107.4681,,992.26,,2053.05,6575.66,2941.34,,105.57
31/03/2000,0.6071,226.593,77.1898,0.9555,1.5911,,107.6971,101.0932,994.69,,2067.76,6573.34,2984.72,,102.78
03/04/2000,0.6086,224.763,76.9526,0.9553,1.5964,,107.8234,,996.42,,2077.97,6409.08,2949.73,,104.9
04/04/2000,0.6047,219.626,78.6664,0.9596,1.5932,,107.8399,,1002.58,,2062.53,6482.13,2933.71,,105.16
05/04/2000,0.6061,220.769,77.9104,0.9625,1.5847,,108.1965,,1000.85,,2052.52,6316.18,2911.93,,104.88
06/04/2000,0.6014,218.125,77.6209,0.9584,1.5815,,107.8108,,1000.22,,2072.16,6486.21,2944.71,,104.77
07/04/2000,0.5986,212.152,77.5784,0.9553,1.5795,,107.9485,,1004.11,,2092.87,6585.83,2998.92,,105.37
10/04/2000,0.5953,200.883,78.0275,0.9627,1.5855,,108.068,,1006.17,,2076.46,6614.84,2985.61,,106.44
11/04/2000,0.5958,202.765,77.9575,0.9592,1.5856,,108.1364,,1001.46,,2071.22,6479.75,2915.16,,106.92
12/04/2000,0.5981,215.008,77.9149,0.959,1.5886,,108.042,,997.72,,2025.23,6485.88,2902.18,,105.78
13/04/2000,0.5983,211.989,77.8448,0.9524,1.5866,,107.959,,1000.27,,1988.43,6488.45,2905.01,,105.88
14/04/2000,0.5976,207.673,78.2421,0.9622,1.5868,,107.7226,,1001.98,,1872.55,6304.27,2823.27,,104.74
17/04/2000,0.5909,210.271,78.1694,0.9527,1.5805,,107.8522,,996.51,,1934.5,6235.9,2740.32,,104.54
18/04/2000,0.5948,213.36,77.8517,0.9453,1.5771,,107.7691,,996.32,,1990.04,6338.89,2776.64,,104.74
19/04/2000,0.5957,219.32,77.7264,0.9402,1.582,,107.643,,1000.44,,1970.58,6359.92,2827.33,,104.82
20/04/2000,0.5924,220.003,77.4636,0.9374,1.5793,,107.5105,,1000.51,,1980.36,6413,2853.07,,105.77
21/04/2000,0.5944,,,0.9385,1.5795,,,,,,,,2853.07,,105.77
24/04/2000,0.5946,220.142,77.43,0.938,1.5785,,,,999.92,,1973.91,,2853.07,,105.78
25/04/2000,0.5935,216.655,77.0566,0.9208,1.5812,,107.4292,,995.51,,2039.6,6465,2872.8,,106.31
26/04/2000,0.5882,212.98,76.3252,0.9235,1.5756,,107.7188,,994.97,,2017.04,6574.02,2860.7,,106.27
27/04/2000,0.5872,218.855,76.6953,0.9099,1.572,,107.6034,,990.36,,2022.68,6482.33,2825.38,,106.43
28/04/2000,0.5839,219.817,75.688,0.9119,1.5513,,107.6682,102.2121,991.54,,2005.55,6649.03,2893.12,,108.18
01/05/2000,0.5827,219.921,75.7513,0.9158,1.5536,,107.6847,,990.89,,2027.4,6655.72,2893.12,,108.76
02/05/2000,0.5845,229.329,76.37,0.91,1.5604,,107.3644,,988.26,,1997.09,6815.75,2914.66,,108.41
03/05/2000,0.5923,226.86,76.9613,0.8948,1.5611,,106.9626,,984.01,,1954.23,6667.93,2828.41,,109.02
04/05/2000,0.5912,228.939,77.5528,0.8895,1.5412,,106.7182,,980.43,,1946.65,6655.18,2835.18,,108.03
05/05/2000,0.5965,231.204,77.262,0.897,1.5303,,106.72,,978.68,,1978.52,6712.99,2853.13,,108.56
08/05/2000,0.5813,238.895,76.6057,0.8977,1.5332,,106.9959,,976.16,,1967.01,6631.94,2843.53,,109
09/05/2000,0.5856,245.182,76.7946,0.9075,1.5311,,107.2158,,978.49,,1950.5,6505.74,2801.22,,109.19
10/05/2000,0.5807,244.332,76.9447,0.9068,1.5118,,107.3429,,981.78,,1910.79,6362.19,2790.63,,109.53
11/05/2000,0.581,251.719,76.3551,0.9016,1.5035,,106.8087,,982.92,,1945.38,6496.66,2857.06,,108.52
12/05/2000,0.5811,253.107,76.4773,0.9197,1.5202,,106.9555,,978.96,,1963.59,6581.69,2874.25,,108.47
15/05/2000,0.5713,255.639,76.4066,0.9112,1.5054,,107.1326,,981.82,,2007.03,6511.65,2859.61,,109.3
16/05/2000,0.5767,257.414,76.3649,0.9003,1.4932,,107.2953,,983.77,,2025.96,6703.05,2891.95,,109.66
17/05/2000,0.5688,257.17,75.6938,0.8959,1.4968,,106.7887,,981.47,,2000.94,6572.04,2836.05,,109.32
18/05/2000,0.5714,262.603,75.6793,0.8946,1.4835,,106.7794,,977.61,,1986.4,6593.83,2852.85,,108.65
19/05/2000,0.5742,262.07,75.9111,0.8975,1.487,,106.7273,,979.76,,1944.65,6363.02,2767,,106.98
22/05/2000,0.5716,253.442,76.3878,0.9031,1.4925,,107.0915,,983.9,,1936.04,6216.76,2762.73,,107.14
23/05/2000,0.5745,253.676,75.962,0.9071,1.4769,,107.1268,,983.49,,1898.94,6266.46,2786.19,,106.42
24/05/2000,0.571,261.329,75.7552,0.9044,1.4753,,107.3649,,982.6,,1933.85,6164.9,2800.76,,107.8
25/05/2000,0.5685,265.418,74.9182,0.9115,1.4702,,107.6565,,987.66,,1909.67,6309.31,2852.25,,107.35
26/05/2000,0.5736,263.245,75.3688,0.9309,1.49,,108.0325,,990.35,,1904.98,6303.04,2845.75,,107.15
29/05/2000,0.5724,,,0.9266,1.4925,,,,,,,6399.61,2845.75,,107.04
30/05/2000,0.5752,263.512,75.5549,0.9301,1.4966,,107.8102,,988.56,,1966.59,6489.44,2911.93,,106.55
31/05/2000,0.5725,254.102,75.375,0.938,1.5014,,107.9435,102.6772,993.06,,1964.4,6545.85,2911.83,,107.66
01/06/2000,0.5721,261.667,75.5517,0.9312,1.4944,,108.2905,,997.54,,2003.45,6639.38,2962.74,,108.52
02/06/2000,0.5798,263.446,77.9779,0.9463,1.5098,,108.5682,,999.88,,2042.79,6832.03,3034.1,,108.03
05/06/2000,0.582,258.651,79.113,0.9479,1.5196,,108.6231,,1002.27,,2029.5,6772.2,2999.32,,107.33
06/06/2000,0.5887,259.755,80.114,0.9548,1.5284,,108.4529,,1001.8,,2015.98,6704.57,2999.36,,105.8
07/06/2000,0.5937,264.529,79.6328,0.9622,1.5224,,108.503,,1002.81,,2034.91,6637.22,2979.69,,105.32
08/06/2000,0.5887,260.806,78.7671,0.956,1.5108,,107.9831,,1003.5,,2021.56,6655.31,2976.37,,105.84
09/06/2000,0.5881,263.263,78.67,0.9536,1.5096,,108.2508,,1003.16,,2015.03,6663.15,2952.19,,106.91
12/06/2000,0.5918,274.501,79.4499,0.9538,1.5131,,108.3061,,1005.08,,1999.92,6665.26,2947.23,,106.85
13/06/2000,0.5963,280.151,79.188,0.9596,1.5068,,108.5076,,1002.97,,2032.58,6679.94,2954.67,,106.93
14/06/2000,0.5995,275.46,80.8774,0.9579,1.499,,108.3224,,1006.09,,2034.19,6776.43,2995.54,,106.63
15/06/2000,0.6028,274.731,80.3132,0.9547,1.5121,,108.4274,,1005.68,,2045.52,6725.08,2974.7,,106.46
16/06/2000,0.6063,265.008,80.0787,0.965,1.5153,,108.7514,,1009.17,,2026,6653.38,2990.83,,106.41
19/06/2000,0.6011,261.558,79.2376,0.9567,1.5116,,108.7006,,1008.44,,2055.84,6645.99,2974.82,,105.91
20/06/2000,0.6028,270.986,79.2777,0.9548,1.5186,,108.6535,,1007.6,,2041.94,6696.8,2991.65,,105.53
21/06/2000,0.6023,273.933,79.2903,0.9442,1.4986,,108.2396,,1003.8,,2046.35,6622.64,2969.11,,105.55
22/06/2000,0.5966,281.72,79.0552,0.9355,1.5126,,108.1022,,1003.44,,2009.13,6597.47,2939.8,,104.57
23/06/2000,0.5946,284.766,78.4072,0.9359,1.5011,,107.9512,,1000.52,,1994.33,6608.38,2929.57,,104.75
26/06/2000,0.5971,278.705,78.6374,0.9369,1.4969,,108.1047,,1004.48,,2013.47,6601.84,2935.84,,105.66
27/06/2000,0.6015,283.303,79.2007,0.9459,1.5073,,108.1145,,1005.67,,2006.88,6569.23,2922.16,,105.36
28/06/2000,0.6022,281.991,81.0866,0.9401,1.5131,,108.1196,,1004.75,,2013.08,6593.99,2893.84,,105.57
29/06/2000,0.6008,287.85,80.1076,0.952,1.5188,,108.3389,,1009.7,,1995.89,6382.72,2859.67,,105.32
30/06/2000,0.5974,284.892,80.3408,0.9525,1.5141,,108.31,103.0642,1009.8,,2012.83,6488.3,2893.46,,106.12
03/07/2000,0.5983,284.892,,0.9502,1.5135,99.9481,108.1205,,1012.48,,2033.58,6542.06,2966.24,,105.69
04/07/2000,0.5983,,,0.9513,1.5152,,108.1355,,,,,6540.63,2941.74,,106.1
05/07/2000,0.5895,273.97,78.6959,0.9525,1.5074,99.9497,108.3322,,1013.44,,2001.71,6516.4,2925.91,,106.96
06/07/2000,0.59,274.597,78.5156,0.9507,1.5073,100.1021,107.9989,,1010.77,,2016.41,6498.91,2942.94,,107.44
07/07/2000,0.5919,274.836,78.5284,0.9484,1.5139,99.995,108.2377,,1013.38,,2047.19,6624.13,2978.67,,107.91
10/07/2000,0.5927,271.962,78.6496,0.9553,1.513,99.9438,108.165,,1012.97,,2042.65,6640.02,2964.32,,107.01
11/07/2000,0.5877,273.464,78.221,0.9527,1.5172,99.8768,108.329,,1012.77,,2049.99,6598.85,2968.72,,107.12
12/07/2000,0.5888,277.593,77.706,0.9424,1.5064,99.8064,108.1935,,1012.27,,2066.79,6621.32,2988.28,,108.09
13/07/2000,0.5848,283.03,77.5819,0.9372,1.5034,100.2443,108.2697,,1016.62,,2070.86,6685.96,2968.67,,108.13
14/07/2000,0.5844,284.385,77.8675,0.9385,1.5006,100.2242,108.033,,1011.85,,2090.44,6711.84,2968.5,,107.72
17/07/2000,0.5878,278.403,78.5742,0.9366,1.4948,100.2745,108.0188,,1009.4,,2091.14,6758.69,2992.46,,108
18/07/2000,0.5814,284.973,78.2896,0.9248,1.4977,100.3519,108.0185,,1009.76,,2067.97,6705.39,2958.11,,108.14
19/07/2000,0.5766,282.41,77.3555,0.9246,1.4982,100.2728,108.1479,,1009.76,,2051.76,6679.92,2964.95,,108.29
20/07/2000,0.5838,278.04,77.5579,0.9331,1.5116,100.29,108.3346,,1017.91,,2070.61,6707.66,2966.58,,107.67
21/07/2000,0.5856,275.275,77.625,0.9369,1.517,100.2999,108.3728,,1018.93,,2049.31,6608.63,2925.04,,108.92
24/07/2000,0.5856,268.081,77.3389,0.9337,1.5153,100.2581,108.4452,,1017.91,,2027.41,6611.29,2926.36,,108.78
25/07/2000,0.5854,268.729,77.352,0.9385,1.5166,100.1298,108.6236,,1018.65,,2041.51,6579.59,2930.69,,109.12
26/07/2000,0.5911,269.076,77.4733,0.9428,1.5155,100.2062,108.8793,,1018.49,,2011.01,6592.21,2929.01,,109.19
27/07/2000,0.5883,271.132,77.1883,0.9317,1.5141,100.3686,108.8732,,1020.88,,2007.29,6433.9,2912.98,,109.16
28/07/2000,0.588,272.585,77.0387,0.923,1.5027,100.4927,108.768,,1019.98,,1966.2,6388.99,2905.44,,109.59
31/07/2000,0.5808,267.293,76.8065,0.9266,1.4997,100.5378,108.7419,103.1657,1020.2,,1981.36,6466.42,2919.9,,109.43
01/08/2000,0.5796,267.439,76.8196,0.9147,1.492,100.5068,109.0638,,1022.52,,1991.43,6442.98,2926.36,,109.33
02/08/2000,0.5842,271.006,76.7242,0.9136,1.4957,100.533,108.9668,,1023.47,,1992.41,6427.37,2931.83,,108.99
03/08/2000,0.5858,272.763,75.842,0.9061,1.4977,100.5405,108.9162,,1025.08,,2011.8,6306.14,2897.82,,108.33
04/08/2000,0.5866,281.365,75.6107,0.9083,1.5065,100.5963,108.8881,,1027.41,,2026.4,6376.35,2919.09,,108.65
07/08/2000,0.587,277.381,75.7851,0.9071,1.5136,100.5793,109.1097,,1025.75,,2049.14,6425.54,2934.04,,109.1
08/08/2000,0.5836,278.033,75.6894,0.9022,1.505,100.5016,109.0291,,1027.74,,2054.11,6447.15,2920.42,,108.62
09/08/2000,0.5793,285.334,75.3221,0.9006,1.502,100.2976,109.0965,,1028.29,,2040.55,6513.58,2946.07,,107.82
10/08/2000,0.5828,291.528,75.4164,0.9083,1.4976,100.1855,109.2441,,1030.13,,2023.33,6543.8,2933.81,,108.66
11/08/2000,0.5783,289.663,76.1628,0.9026,1.5015,100.3296,109.1711,,1027.58,,2039.51,6540.81,2932.52,,108.53
14/08/2000,0.5827,292.432,76.0116,0.9056,1.5055,100.3253,109.1098,,1029.33,,2066.9,6590.63,2957.62,,109.43
15/08/2000,0.5827,292.986,76.0246,0.9135,1.5043,100.1927,108.8768,,1028.05,,2057.03,6571.12,2983.23,,109.02
16/08/2000,0.5914,293.44,76.7717,0.9161,1.5005,100.0976,108.8528,,1026.86,,2050.93,6597.1,3009.27,,108.54
17/08/2000,0.5927,297.928,76.8663,0.9162,1.4977,100.1757,108.8727,,1028.11,,2073.44,6557.13,3002.88,,108.53
18/08/2000,0.5908,301.308,76.6346,0.9064,1.4895,100.0674,108.8618,,1029.99,,2067.48,6543.8,3014.62,,108.41
21/08/2000,0.5878,303.783,76.2114,0.9017,1.4872,100.0145,108.7074,,1029.51,,2078.25,6524.52,3014.26,,108.7
22/08/2000,0.5797,297.778,75.7617,0.8964,1.4816,99.8739,108.8343,,1030.19,,2076.38,6519.44,3033.91,,108.32
23/08/2000,0.5718,306.916,75.0669,0.9017,1.4873,99.6424,108.9364,,1032.91,,2087.4,6517.83,3025.34,,106.96
24/08/2000,0.5728,302.323,75.5698,0.9021,1.4813,99.7229,108.9567,,1033.88,,2090.66,6472.16,3021.11,,106.85
25/08/2000,0.5743,303.89,75.8823,0.9021,1.4692,99.5179,108.9048,,1033.96,,2088.1,6537.42,3024.18,,106.86
28/08/2000,0.5724,304.046,75.894,0.9002,1.4692,99.4591,108.9509,,1031.65,,2098.72,6574.87,3024.18,,106.53
29/08/2000,0.5698,311.78,75.6345,0.8921,1.4561,99.3902,108.7103,,1029.97,,2092.99,6555.61,3034.92,,106.05
30/08/2000,0.5765,318.203,75.8383,0.894,1.4598,99.4798,108.7249,,1030.79,,2083.48,6527.78,3048.22,,106.44
31/08/2000,0.5764,315.831,76.9145,0.8878,1.4473,99.4788,108.772,102.9688,1035.18,,2104.43,6538.16,3074.73,,106.67
01/09/2000,0.5765,317.807,76.6006,0.8997,1.4642,99.1378,109.3544,,1037.33,,2108.76,6694.21,3131.11,,106
04/09/2000,0.5747,,,0.8978,1.458,99.2746,109.3504,,,,,6812.96,3134.2,,105.87
05/09/2000,0.5692,326.926,76.326,0.8903,1.4548,99.1584,109.2513,,1038.19,,2089.77,6729.65,3113.19,,105.84
06/09/2000,0.5635,337.508,75.8478,0.8702,1.4367,99.0569,109.0706,,1036.02,,2069.4,6694.97,3086.56,,105.89
07/09/2000,0.5595,342.627,75.8061,0.8713,1.438,99.2142,109.0494,,1034.79,,2083.68,6732.64,3084.01,,105.17
08/09/2000,0.556,325.574,75.5733,0.8672,1.4151,99.6093,108.9532,,1036.47,,2072.58,6606.28,3043.23,,106.12
11/09/2000,0.561,340.367,75.6118,0.8577,1.4024,99.7117,109.0396,,1034.92,,2065.34,6612.61,3034.89,,106.12
12/09/2000,0.5581,331.628,75.5697,0.864,1.4066,99.7426,108.9887,,1034.41,,2055.26,6598.09,3022.7,,106.83
13/09/2000,0.5538,325.83,75.555,0.8594,1.4094,99.6513,109.0639,,1036.65,,2059.77,6510.69,2987.05,,107.09
14/09/2000,0.5502,328.567,75.4309,0.8644,1.4074,99.5377,109.1029,,1033.46,,2054.21,6575.65,3022.69,,107.58
15/09/2000,0.5443,342.112,75.3888,0.8543,1.3977,99.5446,109.0183,,1030.96,,2033.32,6568.73,2958.97,,107.12
18/09/2000,0.5416,347.198,75.1804,0.8537,1.4063,99.6658,108.8995,,1030.02,,2003.81,6480.66,2956.55,,106.9
19/09/2000,0.5453,340.35,75.3297,0.8509,1.4091,99.7557,109.0462,,1031.04,,2025.17,6465.14,2953.48,,106.99
20/09/2000,0.5389,339.151,74.549,0.8493,1.4105,99.6655,109.0548,,1028.92,,2013.34,6382.07,2896.46,,106.53
21/09/2000,0.5455,332.717,74.8351,0.8599,1.4375,99.5829,109.2341,,1030.93,,2010.21,6242.66,2859.24,,106.63
22/09/2000,0.5443,321.989,75.2853,0.8766,1.4537,99.7967,109.4614,,1032.08,,2009.76,6248.12,2862.35,,107.92
25/09/2000,0.5484,316.182,75.9251,0.8745,1.4526,99.7562,109.2302,,1032.95,,1996.32,6297.28,2887.03,,107.77
26/09/2000,0.5495,319.273,75.9379,0.8828,1.4638,99.5825,109.3827,,1035.37,,1979.92,6234.86,2866.77,,107.59
27/09/2000,0.5505,319.013,77.1282,0.8834,1.4645,99.6692,109.268,,1034.08,,1979.31,6253.79,2892.67,,107.32
28/09/2000,0.5438,308.272,76.4016,0.8791,1.4623,99.6904,109.382,,1034.56,,2023.33,6233.85,2890.23,,107.63
29/09/2000,0.5428,312.412,75.8666,0.8828,1.4754,99.8307,109.5812,103.8782,1036,,1993.33,6209.96,2904.16,,108.14
02/10/2000,0.5461,322.005,75.7405,0.8773,1.4662,99.8957,109.5866,,1034.41,,1992.94,6268.97,2900.09,,108.83
03/10/2000,0.5406,324.367,75.3422,0.8757,1.4596,99.9627,109.5772,,1033.18,,1979.44,6321.5,2928.04,,108.87
04/10/2000,0.5375,319.177,74.9163,0.8746,1.4597,99.9872,109.5507,,1032.54,,1990.62,6265.85,2923.38,,109.28
05/10/2000,0.5298,315.139,74.9839,0.8691,1.4439,100.0691,109.439,,1034.95,,1993.7,6313.65,2945.09,,109.11
06/10/2000,0.5338,316.872,74.6401,0.8684,1.4459,100.0315,109.5634,,1037.58,,1955.82,6264.53,2949.36,,108.81
09/10/2000,0.5373,324.276,74.8976,0.8687,1.4487,100.0518,109.8005,,,,1946.16,6120.59,2892.03,,108.85
10/10/2000,0.5343,337.352,75.5142,0.8716,1.4546,99.9887,109.7783,,1039.61,,1925.41,6149.96,2884.11,,107.75
11/10/2000,0.5329,336.779,74.9506,0.8683,1.4628,100.0248,110.0599,,1040.51,,1894.37,5993.46,2824.07,,107.77
12/10/2000,0.5306,357.951,76.5557,0.863,1.4714,99.9149,110.0559,,1043.2,,1846.08,5999.01,2830.68,,107.7
13/10/2000,0.5285,337.63,75.4703,0.856,1.4498,99.9651,109.9922,,1043.52,,1907.71,6043.07,2866.52,,107.83
16/10/2000,0.5224,322.775,75.2617,0.8498,1.4477,99.9246,109.9721,,1042.79,,1908.34,6056.21,2902.14,,108.05
17/10/2000,0.521,325.143,75.1371,0.8543,1.4503,100.0176,109.9493,,1046.93,,1874.12,6015.5,2864.06,,108.02
18/10/2000,0.5215,324.042,74.93,0.8389,1.4436,100.1818,109.9782,,1047.01,,1863.35,5886.54,2838.66,,107.7
19/10/2000,0.5215,319.785,74.8603,0.8436,1.4464,100.1601,109.9829,,1047.67,,1928.1,6111.45,2871.3,,108.45
20/10/2000,0.5291,328.149,75.148,0.8421,1.4512,100.1125,109.9674,,1049.36,,1939.44,6177.97,2897.78,,108.85
23/10/2000,0.5262,331.789,74.8289,0.8354,1.4537,100.0383,109.9993,,1052.73,,1937.86,6199.67,2916.16,,108.24
24/10/2000,0.5242,326.899,74.8693,0.8359,1.45,99.9931,110.041,,1050.83,,1941.13,6356.79,2972.71,,107.75
25/10/2000,0.5202,325.376,73.7266,0.8272,1.432,100.0659,109.7797,,1048.26,,1895.03,6288.62,2940.13,,108.22
26/10/2000,0.5217,330.17,73.3815,0.8303,1.4364,100.1003,109.9315,,1048.88,,1894.42,6224.54,2909.89,,108.34
27/10/2000,0.5235,319.696,73.2015,0.8393,1.455,100.1284,110.054,,1047.92,,1915.55,6274.53,2939.54,,108.65
30/10/2000,0.5224,321.862,73.2119,0.8411,1.4493,100.2812,110.0596,,1047.8,,1942.2,6294.05,2949.64,,108.98
31/10/2000,0.5185,317.808,73.3898,0.8489,1.4477,100.308,110.0697,104.795,1046.1,,1984.91,6390.85,2972.73,,108.84
01/11/2000,0.5251,321.658,73.127,0.8612,1.4516,100.1718,110.176,,1047.59,,1973.72,6426.25,2981.59,,108.17
02/11/2000,0.5214,316.653,73.2774,0.8584,1.4433,100.2674,110.1663,,1047.79,,1983.73,6435.29,2951.3,,108.22
03/11/2000,0.5263,319.027,73.3452,0.8666,1.4485,100.274,110.1691,,1043.14,,1981.5,6446.37,2948.27,,107.08
06/11/2000,0.5275,322.251,73.3557,0.8625,1.4271,100.3168,110.1421,,1041.96,,1989.19,6434.14,2969.77,,107.44
07/11/2000,0.5288,325.79,73.2031,0.86,1.4333,100.2779,110.0875,,1042,,1988.8,6415.88,2986.36,,107.07
08/11/2000,0.5268,325.399,73.4085,0.8555,1.4232,100.2449,110.0012,,1043.04,,1957.62,6388.39,2991.19,,107.25
09/11/2000,0.5274,333.498,73.6411,0.8666,1.4333,100.3319,110.1116,,1045.63,,1945.24,6341.18,2974.95,,107.44
10/11/2000,0.5194,332.319,73.2699,0.8596,1.4254,100.3316,110.2063,,1045.43,,1897.78,6236.01,2955.56,,107.87
13/11/2000,0.5199,334.091,73.2753,0.8571,1.4379,100.5272,110.3928,,1048.25,,1877.51,6126.05,2899.97,,107.69
14/11/2000,0.5193,337.356,73.3154,0.8576,1.4307,100.486,110.415,,1049.4,,1921.67,6332.87,2963.77,,108.17
15/11/2000,0.5208,343.608,73.3828,0.8575,1.4269,100.5305,110.464,,1051.97,,1931.44,6386.4,2972.75,,108.78
16/11/2000,0.5207,340.128,73.5869,0.8532,1.4255,100.6148,110.5669,,1053.74,,1907.2,6332.28,2971.89,,108.94
17/11/2000,0.5188,344.834,73.5723,0.8478,1.4227,100.6334,110.5663,,1052.31,,1900.88,6270.22,2976.36,,108.77
20/11/2000,0.5141,346.562,73.7747,0.8514,1.424,100.7967,110.6665,,1053.87,,1866.01,6128.41,2933.48,,109.88
21/11/2000,0.5094,348.172,73.5685,0.844,1.418,100.8871,110.5977,,1054.82,,1872.72,6184.8,2950.66,,110.07
22/11/2000,0.5261,348.897,73.7455,0.8457,1.4072,100.876,110.8837,,1059.84,,1838,6045.03,2876.32,,110.15
23/11/2000,0.5222,,,0.8393,1.3997,100.883,110.8864,,,,,6113.44,2906.79,,110.22
24/11/2000,0.5235,348.897,,0.838,1.3994,101.0829,110.949,,1058.2,,1865,6244.09,2925.42,,111.28
27/11/2000,0.5256,348.202,74.8224,0.8529,1.4176,101.0496,111.006,,1057.73,,1875.01,6250.56,2947.52,,110.57
28/11/2000,0.5224,339.282,74.7257,0.8559,1.4178,100.9994,111.2623,,1060.16,,1857.3,6184.99,2889.77,,110.17
29/11/2000,0.5222,342.778,73.9162,0.8578,1.4222,101.1816,111.3178,,1062.45,,1865.89,6202.87,2850.51,,111.24
30/11/2000,0.5278,337.182,74.9434,0.8729,1.4251,101.4478,111.6964,107.1435,1067.54,,1828.42,6054.33,2840.02,,110.38
01/12/2000,0.5382,321.157,74.5724,0.8799,1.4423,101.4011,111.7111,,1064.39,,1828.81,6116.64,2853.07,,111.29
04/12/2000,0.5433,312.892,75.1321,0.8857,1.4516,101.3336,111.9927,,1064.51,,1842.36,5984.49,2848.13,,111.12
05/12/2000,0.5394,302.955,75.0075,0.8799,1.4321,101.4734,112.0049,,1069.79,,1914.09,6208.47,2913.02,,111.16
06/12/2000,0.5487,304.782,76.1178,0.892,1.4439,101.3088,112.0902,,1075.06,,1879.58,6154.83,2901.15,,110.19
07/12/2000,0.5467,301.946,75.8011,0.8885,1.4448,101.6054,112.147,,1075.84,,1868.64,6194.15,2881.75,,110.53
08/12/2000,0.5488,294.334,75.5392,0.8888,1.4518,101.4746,112.0362,,1073.72,,1905.29,6180.41,2908.09,,111.04
11/12/2000,0.541,302.589,75.0278,0.8783,1.4568,101.2193,112.0132,,1073.64,,1919.65,6282.71,2946.41,,110.79
12/12/2000,0.542,302.195,75.0677,0.8794,1.4486,101.1855,111.9845,,1074.48,,1907.1,6253.71,2955.68,,111.44
13/12/2000,0.5416,289.908,74.5305,0.877,1.4561,100.9736,112.2856,,1078.63,,1891.93,6180.97,2961.49,,112.27
14/12/2000,0.5436,281.618,74.6253,0.8923,1.4733,101.1701,112.4602,,1081.72,,1865.45,6080.83,2897.13,,111.91
15/12/2000,0.5456,286.335,75.0224,0.8966,1.4757,101.2169,112.7339,,1083.42,,1825.42,5963.36,2856.43,,112.58
18/12/2000,0.5424,292.592,74.8122,0.896,1.4758,101.0639,112.9315,,1084.26,,1840.18,5996.55,2889.52,,112.24
19/12/2000,0.5484,279.734,74.8243,0.8953,1.4694,101.2522,112.6826,,1083.04,,1816.36,6085.51,2911.96,,112.41
20/12/2000,0.5534,255.077,75.5791,0.9093,1.4762,101.5696,112.8127,,1087.38,,1759.62,5866.22,2857.25,,112.77
21/12/2000,0.5546,262.686,75.8664,0.9166,1.4735,101.7937,112.8064,,1090.45,,1773.71,5832.21,2828.92,,112.27
22/12/2000,0.5565,261.838,75.8236,0.9232,1.4765,101.6954,112.8579,,1092.12,,1817,5884.83,2820.62,,112.88
25/12/2000,0.5568,,,0.9257,1.4797,,,,,,,,2820.62,,112.95
26/12/2000,0.5583,262.007,75.9827,0.9303,1.4829,101.6341,,,1091.58,,1829.83,,2820.62,,113.57
27/12/2000,0.5594,266.171,76.2702,0.9312,1.4965,101.6918,113.0298,,1088.24,,1849.34,5967.76,2880.17,,114.14
28/12/2000,0.5543,263.539,75.401,0.9296,1.4932,101.3813,112.8653,,1087.65,,1856.76,6030.22,2882.51,,114.33
29/12/2000,0.5588,266.144,75.3855,0.9427,1.493,101.4635,113.2278,107.7154,1087.91,,1837.37,6032.1,2882.16,,114.41
01/01/2001,0.5591,,,0.9423,1.4959,,,,,,,,,,114.36
02/01/2001,0.5623,270.104,74.4416,0.9517,1.5026,,113.8495,,1099.3,,1785.86,5943.23,2860.18,,114.36
03/01/2001,0.5566,278.399,74.2605,0.928,1.4894,,114.0046,,1089.3,,1875.56,5891.16,2797.71,,113.58
04/01/2001,0.5663,280.228,74.0242,0.9495,1.5009,101.6351,113.9795,,1095.18,,1855.82,6007.74,2865.21,,115.55
05/01/2001,0.5719,278.377,74.2015,0.957,1.5038,101.7169,114.2236,,1100.13,,1807.13,5984.69,2870.99,,116.53
08/01/2001,0.5674,268.914,74.237,0.9467,1.496,101.7369,114.2387,,1101.9,,1804.04,5955.41,2848.53,,116.16
09/01/2001,0.5635,272.984,74.1098,0.9434,1.4884,102.0218,113.9543,,1098.86,,1810.98,5867.53,2820.06,,116.88
10/01/2001,0.5537,279.453,73.3228,0.937,1.4867,101.8566,113.6801,,1093.97,,1828.5,5813.64,2806.96,,116.43
11/01/2001,0.5603,283.264,73.1135,0.9519,1.4988,102.1505,113.8428,,1090.89,,1847.37,5925.38,2832.45,,117.81
12/01/2001,0.5573,283.395,73.0917,0.9513,1.4786,102.2946,113.4487,,1085.17,,1835.54,5989.95,2855.91,,118.55
15/01/2001,0.5541,,,0.942,1.4773,102.2505,113.5602,,,,,6022.29,2858.12,,118.99
16/01/2001,0.5557,283.441,72.9414,0.9427,1.472,102.1059,113.4514,,1087.18,,1847.13,5934.16,2817.81,,117.72
17/01/2001,0.5532,276.294,72.8973,0.9358,1.4734,102.0127,113.5717,,1092.06,,1851.16,6052.53,2870.65,,118.88
18/01/2001,0.5585,283.524,73.2092,0.943,1.4727,102.3428,113.6933,,1097.15,,1876.94,6011.47,2876.45,,118.14
19/01/2001,0.5563,294.523,73.2473,0.9342,1.4628,102.437,113.6103,,1092.17,,1869.38,5967.3,2876.19,,117.18
22/01/2001,0.556,288.83,73.8823,0.9387,1.4654,102.7391,113.5637,,1089.86,,1869.89,5996.82,2887.26,,116.41
23/01/2001,0.5513,292.297,73.8105,0.9358,1.4687,102.6869,113.7499,,1086.45,,1894.25,5997.5,2879.24,,116.73
24/01/2001,0.5437,289.026,73.2178,0.9236,1.4546,102.6236,113.4972,,1085.59,,1899.71,6034.59,2902.26,,117.73
25/01/2001,0.5466,290.781,73.2831,0.9244,1.4592,102.8322,113.4567,,1088.11,,1890.27,6042.28,2898.22,,116.79
26/01/2001,0.5442,295.621,72.745,0.9244,1.4554,102.9133,113.5688,,1088.05,,1886.8,6018.07,2916.15,,117.18
29/01/2001,0.5436,291.976,72.7761,0.9172,1.4581,102.8489,113.6854,,1087.14,,1899.75,6014.15,2927.14,,116.76
30/01/2001,0.5475,293.732,73.5546,0.9268,1.4625,102.6019,113.9009,,1092.46,,1913.13,5975.66,2935.27,,115.86
31/01/2001,0.5506,291.143,73.5648,0.9366,1.4646,102.7017,114.0708,108.3037,1096.76,,1902.55,6043.62,2918.13,,116.57
01/02/2001,0.5531,305.592,74.3162,0.9388,1.4776,102.6807,114.0785,,1102.28,,1913.11,5954.22,2896.95,,115.59
02/02/2001,0.553,315.699,73.9422,0.9364,1.4707,102.3952,114.1201,,1097.72,,1879.69,5898.59,2899.08,,115.75
05/02/2001,0.5503,308.51,73.4514,0.9375,1.4741,102.6551,114.2926,,1098.97,,1886.48,5902.87,2905.01,,114.77
06/02/2001,0.5489,310.498,72.9121,0.931,1.4598,102.5872,114.2598,,1096.74,,1883.72,5951.24,2916.23,,114.78
07/02/2001,0.5464,323.702,72.7848,0.9285,1.4517,102.7998,114.3726,,1097.36,,1868.29,5859.69,2884.84,,116.23
08/02/2001,0.5365,325.12,72.0529,0.9175,1.4445,102.819,114.1684,,1097.16,,1856.66,5883.39,2875.78,,116.78
09/02/2001,0.5365,322.188,72.0079,0.9242,1.4446,103.0039,114.3363,,1101.14,,1831.96,5795.63,2856.39,,117.5
12/02/2001,0.5397,314.307,72.23,0.9322,1.4525,103.024,114.3956,,1099.11,,1853.65,5851.79,2892.13,,117.41
13/02/2001,0.534,315.953,72.1024,0.9208,1.4523,103.2049,114.4307,,1097.79,,1837.77,5853.68,2886.16,,116.82
14/02/2001,0.5282,309.925,71.8373,0.918,1.4545,103.1042,114.3064,,1095.76,,1834.1,5761.15,2862.18,,116.31
15/02/2001,0.5239,303.208,70.6645,0.9053,1.4488,103.1701,113.9537,,1091.69,,1849.15,5825.82,2872.22,,115.5
16/02/2001,0.5288,306.343,71.4719,0.915,1.4483,103.1734,114.1011,,1096.15,,1814.22,5714.95,2821.42,,115.73
19/02/2001,0.53,,,0.9214,1.4477,103.3906,114.22,,,,,5710.35,2824.05,,116.03
20/02/2001,0.5237,303.99,70.9058,0.9114,1.4468,103.2818,114.1553,,1097.14,,1782.75,5665.75,2771.3,,115.67
21/02/2001,0.5246,301.967,71.411,0.9101,1.4423,103.3822,114.0362,,1095.14,,1749.86,5579.42,2772.12,,116.56
22/02/2001,0.5244,303.5,71.5309,0.9038,1.4465,103.0541,113.9663,,1095.5,,1746.5,5493.87,2786.41,,117.08
23/02/2001,0.5265,304.573,72.174,0.9176,1.455,103.2069,114.1116,,1099.36,,1736.82,5358.55,2758.82,,115.8
26/02/2001,0.5221,300.454,73.4979,0.911,1.4448,103.4058,114.207,,1102.53,,1767.29,5451.29,2746.31,,116.47
27/02/2001,0.5258,299.576,73.9483,0.9176,1.4442,103.5089,114.5916,,1108.06,,1753.88,5480.61,2757.67,,116.24
28/02/2001,0.5263,295.139,73.7928,0.9236,1.4455,103.6738,114.639,108.5185,1110.02,,1729.08,5462.33,2750.98,,117.37
01/03/2001,0.528,298.162,73.3616,0.9304,1.4555,104.3525,114.6555,,1113.29,,1730.92,5416.84,2746.66,,117.4
02/03/2001,0.5303,299.464,72.5169,0.9358,1.4681,104.2316,114.7278,,1107.25,,1721.09,5438.91,2723.4,,119.01
05/03/2001,0.5212,306.472,72.6558,0.9286,1.4667,104.2213,114.5997,,1107.51,,1731.42,5498.41,2757.21,,119.18
06/03/2001,0.5198,305.593,71.9484,0.9337,1.4666,104.339,114.6756,,1106.96,,1748.74,5580.25,2794.74,,118.75
07/03/2001,0.5108,314.25,72.3716,0.9295,1.4616,104.5435,114.7004,,1111.39,,1760.36,5582.17,2792.76,,119.88
08/03/2001,0.5119,309.855,73.4002,0.933,1.4695,104.3934,114.9509,,1112.89,,1764.39,5527.7,2793.39,,119.74
09/03/2001,0.5089,305.901,74.8846,0.9328,1.4698,104.1773,114.9631,,1111.02,,1720.71,5481.76,2753.42,,119.53
12/03/2001,0.5097,304.715,75.167,0.9291,1.465,104.3548,115.0297,,1112.37,,1646.42,5334.93,2711.2,,120.57
13/03/2001,0.5033,299.378,73.9023,0.9152,1.45,104.3647,114.9081,,1111.4,,1671.19,5291.94,2661.97,,119.69
14/03/2001,0.4967,287.787,72.6503,0.9114,1.4457,104.5882,115.1074,,1116.57,,1628.02,5215.83,2623.95,,121.03
15/03/2001,0.4926,288.394,71.9464,0.8974,1.4355,104.6777,115.1215,,1118.68,,1637.61,5312.08,2672.12,,122.34
16/03/2001,0.4943,287.746,71.4343,0.8978,1.4318,104.7351,115.3578,,1120.79,,1605.48,5194.1,2594.51,,123.03
19/03/2001,0.4992,286.943,71.9003,0.8999,1.4245,104.7485,115.2367,,1118.11,,1633.81,5167.21,2589.25,,122.83
20/03/2001,0.5021,283.669,72.1286,0.9094,1.4358,104.755,115.1976,,1120.64,,1594.5,5259.4,2633.68,,122.19
21/03/2001,0.4935,288.382,72.4942,0.8965,1.4312,105.2199,115.4876,,1121.58,,1565.98,5144.1,2585.76,,123.49
22/03/2001,0.4942,283.738,72.2835,0.8892,1.4216,105.0897,115.8788,,1125.18,,1559.65,4924.32,2480.3,,123.52
23/03/2001,0.4964,290.05,72.3747,0.8899,1.425,104.703,115.7903,,1120.63,,1590.7,5064.87,2521.17,,122.76
26/03/2001,0.5007,289.928,72.511,0.8965,1.435,104.6917,115.7823,,1117.97,,1608.65,5243.67,2602.5,,122.57
27/03/2001,0.499,294.758,72.2448,0.8938,1.4346,104.4187,115.5599,,1110.18,,1649.79,5352.44,2673.21,,122.25
28/03/2001,0.4938,288.74,71.8413,0.8866,1.438,103.9047,115.6303,,1110.47,,1609.67,5261.01,2621.88,,122.38
29/03/2001,0.4935,281.921,71.5475,0.8821,1.4263,103.8217,115.495,,1111.04,,1602.26,5271.38,2609.93,,123.67
30/03/2001,0.4856,283.896,71.2262,0.8767,1.4161,104.2014,115.5553,108.5729,1113.58,,1619.54,5296.73,2631.09,,126.34
02/04/2001,0.479,279.426,70.5368,0.8792,1.4187,103.8496,115.5035,,1112.26,,1599.36,5304.08,2623.97,,126.8
03/04/2001,0.4873,285.173,70.9023,0.8976,1.433,103.9619,115.5172,,1114.03,,1544.35,5112.15,2551.42,,125.52
04/04/2001,0.4891,292.52,71.3228,0.9011,1.4331,104.0601,115.2836,,1114.78,,1540.17,5141.21,2586.11,,125.33
05/04/2001,0.4901,292.668,71.2485,0.8968,1.4275,104.1081,115.3349,,1112.5,,1607.46,5262.81,2626.31,,124.01
06/04/2001,0.4985,293.274,71.7517,0.9042,1.44,104.2543,115.6238,,1118.79,,1575.71,5247.18,2616.82,,123.77
09/04/2001,0.4909,296.348,71.309,0.8967,1.4445,104.2203,115.6182,,1116.77,,1588.5,5320.94,2645.71,,125.13
10/04/2001,0.4961,309.761,71.0415,0.8888,1.4324,104.0346,115.3975,,1107.79,,1631.69,5450.59,2710.97,,124.45
11/04/2001,0.5038,308.079,71.4343,0.8879,1.4366,104.0517,114.914,,1106.75,,1628.23,5480.04,2704.25,,124.79
12/04/2001,0.5105,310.743,71.7996,0.8926,1.4395,103.502,114.8413,,1104.88,,1652.83,5495.35,2694.23,,123.59
13/04/2001,0.5078,,,0.8882,1.4389,103.5376,,,,,,,,,124.2
16/04/2001,0.5111,310.875,72.7108,0.8891,1.4372,103.5127,,,1098.48,,1647.5,,,,124.34
17/04/2001,0.5038,313.772,72.0858,0.8835,1.4323,103.4693,114.756,,1103.28,,1664.44,5438.84,2691.64,,123.36
18/04/2001,0.5037,312.09,72.1491,0.8835,1.4278,103.2424,114.6223,,1107.05,,1729.26,5626.41,2755.14,,122.05
19/04/2001,0.5158,307.775,73.2587,0.8975,1.4467,103.2877,114.3831,,1099.96,,1750.98,5601.57,2746.45,,120.94
20/04/2001,0.515,304.375,73.1018,0.9022,1.4412,103.4812,114.5211,,1100.08,,1736.02,5554.74,2750.29,,122.54
23/04/2001,0.507,305.28,72.8236,0.8962,1.4372,103.8444,114.677,,1105.34,,1710.01,5488.79,2746.29,,121.25
24/04/2001,0.5068,302.447,72.9413,0.8942,1.4342,104.0179,114.4897,,1104.46,,1689.23,5540.58,2731.79,,122.25
25/04/2001,0.5071,307.404,72.37,0.8975,1.4412,103.9777,114.5489,,1101.73,,1716.17,5528.8,2726.85,,122.11
26/04/2001,0.5118,313.966,72.901,0.9034,1.4418,104.1162,114.8803,,1106.31,,1724.38,5582.37,2745.97,,123.17
27/04/2001,0.5097,315.144,72.8533,0.8918,1.4367,104.1608,114.5085,,1098.95,,1750.32,5671.53,2784.84,,124
30/04/2001,0.5124,317.074,72.9032,0.8891,1.432,104.1807,114.0934,106.7863,1099.74,,1745.39,5739,2792.12,,123.48
01/05/2001,0.5171,321.923,73.0214,0.8927,1.4345,104.0934,114.1138,,1102.61,,1769.12,5741.48,2773.9,,121.98
02/05/2001,0.5209,314.506,73.3051,0.8939,1.4341,103.996,114.2594,,1104.13,,1770.66,5702.66,2764.14,,121.44
03/05/2001,0.5188,322.566,73.5612,0.8899,1.4356,,114.4907,,1109.11,,1744.54,5585.08,2699.35,,121.36
04/05/2001,0.5191,323.519,73.514,0.8925,1.4393,,114.6866,,1110.23,,1769.78,5605.18,2748.26,,121.35
07/05/2001,0.5177,323.624,73.538,0.8903,1.4387,104.1975,,,1109.92,,1765.49,5636.69,,,121.13
08/05/2001,0.5165,319.922,73.2697,0.885,1.4264,104.3493,114.791,,1108.76,,1762.41,5638.23,2755.81,,121.29
09/05/2001,0.5255,322.642,74.6386,0.8863,1.4219,104.4521,114.9454,,1111.6,,1754.72,5606.67,2759.32,,122.27
10/05/2001,0.5239,326.678,74.3984,0.8814,1.4221,104.4954,115.0918,,1105.53,,1754.46,5738.1,2792.24,,122.58
11/05/2001,0.5218,322.986,74.0977,0.8753,1.419,104.6067,114.6882,,1094.69,,1741.33,5691.18,2760.77,,122.51
14/05/2001,0.5193,322.141,74.2029,0.8741,1.42,104.6834,114.3755,,1098.14,,1746.01,5627.27,2664.18,,123.35
15/05/2001,0.5222,324.534,74.1554,0.8785,1.4245,104.5508,114.371,,1095.79,,1746.75,5661.8,2735.55,,123.32
16/05/2001,0.5243,323.859,75.2085,0.883,1.4308,104.559,114.4834,,1097.82,,1796.72,5656.28,2757.09,,123.44
17/05/2001,0.5276,323.301,75.684,0.8828,1.432,104.5999,114.5948,,1099.4,,1801.63,5726.54,2766.7,,122.58
18/05/2001,0.5301,334.193,79.5171,0.8814,1.4395,104.7201,114.5822,,1100.44,,1806.83,5786,2771.59,,123.5
21/05/2001,0.5274,334.413,78.9633,0.8768,1.4403,104.5357,114.6575,,1101.16,,1836.02,5806.22,2784.06,,122.65
22/05/2001,0.5233,331.73,78.8885,0.8654,1.4275,104.5198,114.4456,,1100.89,,1831.2,5835.91,2800.47,,122.89
23/05/2001,0.5168,332.117,78.4833,0.8568,1.4193,104.5368,114.3447,,1100.88,,1802.84,5777.81,2763.51,,120.15
24/05/2001,0.5213,321.993,77.1967,0.8566,1.408,104.6346,114.2928,,1096.14,,1808.64,5810.18,2772.16,,119.83
25/05/2001,0.5205,320.135,76.8739,0.8611,1.4225,104.6408,114.1589,,1096.48,,1787.28,5730.29,2759.92,,120.65
28/05/2001,0.5213,,,0.8603,1.4202,104.7275,,,,,,5748.74,,,121.08
29/05/2001,0.5172,326.168,75.8025,0.8555,1.4233,104.6993,114.5189,,1096.68,,1773.46,5709.72,2747.77,,120.26
30/05/2001,0.5129,325.137,73.6884,0.8568,1.4261,104.7223,114.5239,,1097.11,,1746.11,5628.98,2717.7,,120.35
31/05/2001,0.5065,325.406,73.5581,0.8453,1.4184,104.9189,114.3679,106.3931,1103.17,,1757.09,5646.42,2717.37,,119.23
01/06/2001,0.5085,324.966,73.8686,0.8475,1.4184,104.8823,114.9412,,1105.97,,1763.87,5632.32,2723.68,,119.24
04/06/2001,0.5078,327.31,73.4775,0.8457,1.4143,104.8861,115.0274,,1107.89,,1772.92,5654.9,2745.66,,119.28
05/06/2001,0.5101,331.718,73.6503,0.854,1.4138,104.9712,115.3756,,1111.16,,1795.96,5733.41,2776.63,,120.24
06/06/2001,0.5162,325.247,73.6301,0.8478,1.3926,104.7822,115.2384,,1111.22,,1777.25,5702.1,2768.68,,120.16
07/06/2001,0.5207,321.495,73.7202,0.8509,1.3927,104.8403,115.0337,,1108.68,,1786.99,5678.44,2790.64,,120.15
08/06/2001,0.525,328.742,75.7133,0.8505,1.3784,104.7775,115.0639,,1106.84,,1770.21,5681.08,2791.71,,120.94
11/06/2001,0.522,331.799,74.1914,0.8424,1.3727,104.9131,115.1984,,1110.48,,1755.43,5649.77,2749.46,,121.91
12/06/2001,0.5259,331.713,75.2196,0.8535,1.3746,105.005,115.0836,,1113.42,,1757.48,5476.31,2722.95,,121.7
13/06/2001,0.5288,329.023,75.3649,0.8553,1.392,105.0839,115.0097,,1113.54,,1737.94,5536.23,2731.24,,122.12
14/06/2001,0.5276,330.121,76.2829,0.8624,1.4014,105.1914,115.4031,,1115.94,,1707.56,5468.23,2699.49,,121.34
15/06/2001,0.5246,329.088,75.1589,0.861,1.4031,105.0875,115.3978,,1114.83,,1699.85,5410.52,2685.61,,122.93
18/06/2001,0.5229,318.175,75.4846,0.8608,1.4047,105.1372,115.56,,1115.25,,1691.59,5328.42,2661.51,,123.27
19/06/2001,0.5212,316.193,75.7679,0.854,1.4013,105.1813,115.49,,1116.04,,1697.41,5362.27,2665.62,,122.85
20/06/2001,0.5194,305.802,75.499,0.8547,1.3957,105.1151,115.586,,1117.78,,1712.26,5337.28,2674.92,,123.83
21/06/2001,0.5159,306.897,75.5615,0.8546,1.4154,105.1601,115.8163,,1119.22,,1731.76,5334.95,2647.61,,124.6
22/06/2001,0.5163,309.769,75.4859,0.8576,1.4132,105.1743,115.9368,,1123.97,,1715.39,5361.67,2659.01,,124.5
25/06/2001,0.5174,314.715,75.8943,0.8591,1.413,105.3121,115.9622,,1123.4,,1705.94,5383.15,2657.23,,123.81
26/06/2001,0.5215,314.271,76.5369,0.8635,1.4152,105.3528,115.8493,,1118.79,,1703.37,5296.21,2607.39,,123.79
27/06/2001,0.5188,301.976,75.3836,0.8597,1.4173,105.3842,115.9071,,1118.05,,1695.61,5271.28,2632.2,,124.34
28/06/2001,0.5057,299.397,74.617,0.8442,1.4088,105.4382,115.7445,,1112.88,,1716.81,5329.11,2646.51,,124.78
29/06/2001,0.5119,307.604,74.9833,0.849,1.4153,105.1778,115.2985,106.2708,1109.09,,1714.32,5424.23,2648.43,,124.65
02/07/2001,0.5116,302.831,74.6728,0.8478,1.4176,104.7975,115.398,,1113.19,,1731.53,5502.55,2683.24,,124.12
03/07/2001,0.5172,300.964,74.1826,0.8484,1.4074,104.7663,115.1866,,1110.6,,1728.65,5425.04,2647.21,,124.4
04/07/2001,0.5183,,,0.8463,1.407,104.8651,115.2179,,,,,5387.73,2628.96,,124.45
05/07/2001,0.5146,305.767,73.5062,0.8364,1.4028,104.9399,115.2613,,1108.87,,1707.68,5350.47,2605.08,,125.68
06/07/2001,0.5091,315.879,73.7348,0.8476,1.4118,104.9403,115.4926,,1111.71,,1667.9,5211.13,2572.05,,125.87
09/07/2001,0.5107,309.569,73.8675,0.85,1.4085,104.5102,115.3775,,1114.26,,1679.4,5212.9,2567.17,,125.33
10/07/2001,0.5097,309.242,73.792,0.855,1.412,104.4941,115.54,,1117.43,,1655.31,5156.14,2566.72,,125.42
11/07/2001,0.5053,305.242,74.3783,0.8588,1.4078,104.7337,115.787,,1116.76,,1653.54,5081.56,2531.14,,124.31
12/07/2001,0.5059,304.126,73.9178,0.8536,1.4076,104.841,115.7137,,1119.82,,1692.73,5128.97,2573.26,,123.89
13/07/2001,0.5083,302.246,74.0845,0.8547,1.4037,104.7089,115.6593,,1120.03,,1703.31,5171.9,2599.26,,124.94
16/07/2001,0.5073,300.782,74.0243,0.8522,1.3995,104.5138,115.8249,,1123.57,,1684.77,5129.91,2589.94,,125.46
17/07/2001,0.5096,298.78,74.3883,0.8595,1.4012,104.3964,115.9472,,1123.96,,1701.57,5110.03,2547.99,,124.96
18/07/2001,0.516,293.19,74.9993,0.8735,1.4215,104.4284,116.0767,,1130.2,,1692.27,5001.66,2538.12,,123.89
19/07/2001,0.5131,290.349,74.7598,0.8708,1.4283,104.3664,116.1407,,1129.21,,1702.52,5103.93,2553.55,,123.33
20/07/2001,0.5057,296.836,74.9044,0.8711,1.4277,,116.3971,,1128.78,,1696.67,5048.18,2529.89,,122.98
23/07/2001,0.5083,298.957,74.6248,0.869,1.4202,104.4225,116.4491,,1130.33,,1668.9,5086.15,2538.45,,124.4
24/07/2001,0.5099,298.986,74.8791,0.8739,1.4211,104.2812,116.478,,1131.65,,1641.76,5025.96,2498.47,,124.09
25/07/2001,0.5083,301.887,74.2823,0.8813,1.4283,104.3395,116.3747,,1127.8,,1668.16,4937.2,2477.7,,123.53
26/07/2001,0.5093,300.839,73.8776,0.8777,1.4278,104.5651,116.499,,1128.5,,1685.62,5007.42,2482.55,,123.76
27/07/2001,0.5086,300.988,74.2143,0.8774,1.4236,104.6792,116.7966,,1132.11,,1689.79,5098.04,2537.51,,123.53
30/07/2001,0.5063,299.161,73.5218,0.8742,1.4262,104.6606,116.8651,,1134.2,,1688.03,5176.29,2557.97,,125.14
31/07/2001,0.51,296.556,73.9685,0.8764,1.4252,104.6335,117.0277,108.8135,1136.76,,1697.45,5232.97,2596.67,,125
01/08/2001,0.5181,299.937,74.278,0.881,1.4339,104.6327,116.9117,,1135.13,,1704.24,5234.05,2606.77,,124.63
02/08/2001,0.5205,310.982,74.2852,0.8836,1.4315,104.5923,116.8151,,1131.34,,1711.17,5201.06,2624.45,,123.7
03/08/2001,0.5169,308.138,74.4298,0.8844,1.4293,104.4271,116.9367,,1130.52,,1702.43,5151.02,2607.07,,123.66
06/08/2001,0.5175,311.342,74.2041,0.8813,1.4183,104.2502,117.0305,,1131.05,,1683.03,5175.82,2597.14,,123.9
07/08/2001,0.5156,315.444,74.2112,0.8777,1.416,104.029,117.0237,,1130.84,,1688.6,5173.81,2602.01,,123.54
08/08/2001,0.5193,310.922,74.4383,0.8804,1.417,104.3596,117.0075,,1137.36,,1659.58,5084.56,2575.81,,123.61
09/08/2001,0.5127,311.671,75.9578,0.8923,1.4254,104.4444,117.448,,1135.94,,1659.76,4972.04,2541.21,,121.91
10/08/2001,0.5129,314.217,76.1301,0.8934,1.4232,104.7077,117.6983,,1138.1,,1669.21,4899.9,2552.63,,122.01
13/08/2001,0.5174,313.468,76.647,0.8965,1.4193,104.8193,117.7518,,1139.86,,1670.96,4959.41,2554.45,,122.49
14/08/2001,0.5219,314.576,76.7917,0.9032,1.4289,104.911,117.6318,,1139.34,,1664.61,5023.41,2590.52,,121.75
15/08/2001,0.5286,309.091,76.6063,0.914,1.4409,104.964,117.6143,,1138.07,,1652.71,4985.14,2574.31,,119.58
16/08/2001,0.5244,307.801,76.4759,0.9115,1.4444,104.8936,117.6752,,1140.93,,1657.88,4926.78,2540.46,,120.38
17/08/2001,0.5358,297.278,77.6113,0.9182,1.4451,104.7668,118.0294,,1145.91,,1630.35,4813.46,2518,,120.24
20/08/2001,0.5327,302.038,76.6974,0.9144,1.4438,104.699,117.9674,,1143.15,,1643.59,4821.05,2525.22,,120.74
21/08/2001,0.5357,306.025,76.3741,0.9182,1.4552,104.6281,117.781,,1144.35,,1623.74,4852.71,2559.56,,119.65
22/08/2001,0.5339,305.333,76.3537,0.9144,1.4488,104.7606,117.7083,,1144.16,,1635.16,4856.82,2552.89,,120.39
23/08/2001,0.5343,309.321,76.4709,0.9151,1.4472,104.6158,117.6625,,1146.41,,1630.67,4886.83,2547.15,,119.87
24/08/2001,0.5346,312.709,75.707,0.9142,1.443,104.6675,117.4466,,1144.14,,1662.74,4981.01,2582.72,,120.03
27/08/2001,0.5285,312.796,75.7281,0.9115,1.4435,104.5446,,,1143.43,,1654.72,4984.6,,,119.91
28/08/2001,0.5308,317.747,75.5974,0.9129,1.4533,104.6593,117.9507,,1148.41,,1629.91,4896.47,2565.15,,120.06
29/08/2001,0.5293,317.656,75.9902,0.9089,1.4513,104.6675,117.9661,,1152.18,,1612.05,4908.35,2557.12,,120.13
30/08/2001,0.5325,313.244,76.4657,0.9161,1.4576,104.6758,118.2542,,1152.26,,1584.77,4786.06,2517.01,,119.4
31/08/2001,0.5296,317.596,76.1973,0.9123,1.4539,104.6695,118.1721,110.4947,1151.82,,1591.18,4794.84,2522.82,,118.79
03/09/2001,0.5272,,,0.9075,1.454,104.5137,118.2465,,,,,4728.35,2507.31,,118.74
04/09/2001,0.5211,314.713,75.4542,0.8889,1.4448,104.5916,117.6226,,1142.05,,1590.29,4786.05,2539.17,,119.33
05/09/2001,0.5205,315.343,75.5715,0.8865,1.4575,104.6469,117.5257,,1143.08,,1588.93,4658.42,2510.3,,120.67
06/09/2001,0.5224,322.22,75.8267,0.8957,1.4572,104.5603,117.8167,,1149.68,,1553.41,4547.1,2457.55,,120.8
07/09/2001,0.5197,330.9,75.8614,0.9075,1.4616,104.5531,118.1758,,1153.88,,1524.47,4427.05,2394.25,,120
10/09/2001,0.5135,328.951,75.4967,0.898,1.4568,104.5553,118.0463,,1152.13,,1533.98,4406.73,2376.96,,121.04
11/09/2001,0.5218,,,0.9131,1.4763,,,,,,1533.98,4124.46,2241.1,,119.42
12/09/2001,0.5165,,,0.9066,1.4677,,,,,,1533.98,4176.5,2305.85,,119.52
13/09/2001,0.5163,,,0.911,1.4716,,,,,,1533.98,4218.66,2334.89,,118.91
14/09/2001,0.5149,352.875,80.654,0.9207,1.4682,104.639,118.5926,,1169.14,,1533.98,3959.17,2246.16,,117.35
17/09/2001,0.5026,342.733,80.4548,0.9247,1.4655,104.9888,118.5375,,1164.83,,1459,4104.86,2313.75,,117.82
18/09/2001,0.4968,330.886,79.9637,0.9271,1.468,104.932,118.497,,1158.19,,1450.54,4085.62,2290.06,,117.26
19/09/2001,0.4939,322.639,80.6871,0.9267,1.4685,104.6944,118.4981,,1160.57,,1427.25,3977,2231.64,,117.58
20/09/2001,0.4925,320.313,80.0027,0.9277,1.4662,104.5484,118.3872,,1156.37,,1382.93,3801.29,2153.75,,116.38
21/09/2001,0.4848,314.894,80.8642,0.9149,1.4567,104.6557,118.2803,,1158.85,,1356.61,3685.68,2095.52,,116.58
24/09/2001,0.4919,276.372,80.3294,0.9171,1.4635,,118.2989,,1158.78,,1409.5,3929.51,2180.67,,117.55
25/09/2001,0.4927,277.875,80.5832,0.9228,1.4702,104.7093,118.6414,,1160.34,,1421.91,3964.98,2204.1,,117.63
26/09/2001,0.4913,283.585,81.417,0.9231,1.4751,104.5815,118.7919,,1165.5,,1415.01,4041.73,2221.24,,117.72
27/09/2001,0.488,282.985,80.9805,0.9183,1.4744,104.6663,119.0831,,1170.07,,1431.29,4096.94,2253.18,,119.74
28/09/2001,0.4913,288.819,81.2069,0.9114,1.4744,104.6312,119.0113,110.5088,1170.1,,1462.69,4222.3,2319.29,,119.56
01/10/2001,0.4954,286.526,81.0021,0.9175,1.4792,104.7472,119.1595,,1172.82,,1459.33,4109.14,2263.59,,120.23
02/10/2001,0.4953,277.262,80.3719,0.9189,1.4691,104.8573,119.5592,,1175.69,,1477.29,4182.06,2285.68,,120.8
03/10/2001,0.4959,273.071,80.5705,0.9145,1.4777,104.7901,119.8853,,1176.86,,1507.03,4181.23,2309.32,,120.57
04/10/2001,0.4991,278.907,80.5757,0.9178,1.476,104.7587,119.7902,,1177.24,,1503.31,4347.85,2372.91,,120.45
05/10/2001,0.5069,273.849,80.8296,0.9183,1.4842,104.7495,119.9536,,1177.58,,1506.11,4288.08,2382.27,,120.51
08/10/2001,0.5082,273.036,81.094,0.9205,1.4744,,119.8917,,,,1493.54,4294.99,2380.7,,119.88
09/10/2001,0.5008,276.025,80.0765,0.9132,1.4581,104.7301,119.6725,,1173.64,,1485.63,4299.73,2369.86,,120.11
10/10/2001,0.5019,276.909,79.2522,0.911,1.4515,104.6909,119.7519,,1174.62,,1519.77,4442.79,2437.8,,120.37
11/10/2001,0.5008,281.755,78.1236,0.9023,1.4446,104.8093,119.6346,,1169.71,,1542.98,4496.89,2443.41,,121.42
12/10/2001,0.5058,272.112,78.9853,0.9115,1.453,104.7268,119.7799,,1169.92,,1534.86,4481.65,2434.22,,121.12
15/10/2001,0.5162,271.295,78.1704,0.9092,1.4494,104.7533,120.0874,,1174.22,,1532.52,4347.1,2397.21,,120.85
16/10/2001,0.5111,267.223,78.2304,0.9084,1.449,104.9,120.1843,,1176.35,,1543.15,4426.08,2404.46,,121.25
17/10/2001,0.5099,262.78,78.5394,0.9036,1.447,104.7951,120.1188,,1177.34,,1514.5,4524.06,2462.07,,121.31
18/10/2001,0.5068,258.336,77.3827,0.9031,1.444,104.8922,120.2699,,1178.16,,1502.61,4429.45,2420.73,,121.1
19/10/2001,0.5089,267.273,77.6364,0.8992,1.433,104.8574,120.3016,,1175.25,,1509.46,4364.16,2374.19,,121.2
22/10/2001,0.5108,263.481,76.3784,0.892,1.4253,104.8724,120.5073,,1176.02,,1532.55,4458.09,2399.15,,122.44
23/10/2001,0.5077,262.257,76.4937,0.8905,1.4258,104.9624,120.442,,1174.94,,1525.35,4586.49,2457.31,,122.58
24/10/2001,0.5083,265.372,76.443,0.8942,1.4289,105.0065,120.7321,,1179.74,,1525.96,4623.83,2445.33,,122.77
25/10/2001,0.5035,262.413,76.9732,0.8925,1.4268,105.0179,121.1068,,1183.3,,1546.9,4513.39,2406.99,,122.87
26/10/2001,0.5027,261.933,77.0056,0.893,1.4366,104.9949,121.1587,,1183.96,,1553.26,4626.69,2455.29,,122.7
29/10/2001,0.5053,262.352,77.4069,0.9054,1.4558,105.0074,121.5888,,1187.24,,1516.39,4518.66,2406.66,,121.98
30/10/2001,0.5043,260.011,77.8264,0.9046,1.4515,104.9666,121.9205,,1190.71,,1490.44,4374.13,2367.72,,122.08
31/10/2001,0.5031,254.075,77.6372,0.9005,1.4545,105.0069,122.0117,114.1909,1202.51,,1490.58,4456.79,2385.93,,122.42
01/11/2001,0.5092,244.293,77.6969,0.9025,1.4637,105.0379,122.7749,,1204.9,,1524.96,4495.64,2400.86,,121.9
02/11/2001,0.5088,244.555,77.7291,0.9027,1.4628,105.0726,122.4468,,1196.29,,1529.35,4488.33,2428.46,,121.73
05/11/2001,0.5089,241.249,77.3825,0.8977,1.4588,105.1277,122.6392,,1201.62,,1551.39,4621.21,2466.14,,121.66
06/11/2001,0.5132,238.285,77.5806,0.8947,1.4573,105.1168,122.59,,1203.54,,1573.93,4599.67,2468.48,,121.24
07/11/2001,0.5156,240.159,77.8894,0.8976,1.4637,105.2106,122.946,,1210.05,,1570.16,4655.23,2469.8,,121.03
08/11/2001,0.5152,253.151,76.7312,0.8924,1.4543,105.095,122.7294,,1203.89,,1574.09,4771.68,2499.07,,120.11
09/11/2001,0.515,266.361,76.9125,0.8939,1.4562,104.9833,122.6971,,1202.61,,1576.61,4697.17,2483.03,,120.32
12/11/2001,0.5201,255.183,77.1907,0.8936,1.4542,105.0394,122.8225,,,,1573.82,4571.31,2436.64,,120.53
13/11/2001,0.521,259.581,77.0291,0.881,1.4413,105.0136,122.2122,,1198.88,,1603.28,4764.06,2498.59,,121.57
14/11/2001,0.5196,239.522,77.0329,0.8823,1.4417,104.9616,121.8603,,1190.19,,1606.64,4751.74,2484.31,,121.56
15/11/2001,0.5183,218.221,76.3182,0.8817,1.4321,104.8948,121.3393,,1175.33,,1608.09,4745.95,2483.11,,122.4
16/11/2001,0.5225,222.941,76.2115,0.8843,1.4268,104.8354,121.1409,,1166.43,,1603.17,4796.68,2508.13,,122.94
19/11/2001,0.5217,224.214,75.6702,0.8791,1.4132,104.9174,121.2652,,1175.68,,1620.66,4863.67,2530.4,,123.13
20/11/2001,0.5202,232.034,75.7571,0.8833,1.4198,104.8555,121.3229,,1168.59,,1608.9,4801.58,2511.78,,122.58
21/11/2001,0.5162,229.691,75.7611,0.8786,1.4167,104.9117,120.7729,,1162.3,,1601.02,4779.51,2520.16,,123.22
22/11/2001,0.5172,,,0.8779,1.4108,104.9416,120.7078,,,,,4831.08,2535.41,,123.91
23/11/2001,0.5181,,,0.878,1.4095,,120.8777,,1159.29,,1619.78,4833.52,2510.4,,124.22
26/11/2001,0.5178,226.653,75.6429,0.8803,1.4122,104.8108,121.1669,,1159.01,,1629.76,4809.62,2514.79,,124.06
27/11/2001,0.5224,234.229,75.8682,0.8834,1.415,104.6216,120.2741,,1162.27,,1618.62,4716.73,2497.48,,123.96
28/11/2001,0.5216,233.621,76.0935,0.8877,1.4263,104.7754,120.7144,,1162.62,,1589.38,4653.58,2469.16,,123.06
29/11/2001,0.5182,229.914,75.987,0.8875,1.4265,104.6274,121.0406,,1172.84,,1605.99,4650.51,2470.72,,123.87
30/11/2001,0.5219,238.731,76.0464,0.8964,1.4241,104.7616,121.3839,113.5937,1172.74,,1604.92,4687.54,2468.37,,123.48
03/12/2001,0.5168,245.466,76.8885,0.8911,1.4246,104.62,121.7212,,1175.51,,1591.48,4671.31,2449.91,,124.16
04/12/2001,0.5143,242.005,76.4495,0.8906,1.4233,104.6526,121.8091,,1179.91,,1612.46,4728.62,2472.44,,124.18
05/12/2001,0.5175,242.637,75.9828,0.8883,1.4165,104.707,120.8023,,1164.54,,1649,4897.19,2530.4,,124.14
06/12/2001,0.5187,231.112,76.0972,0.8953,1.4286,104.619,120.446,,1157.69,,1644.48,4906.11,2547.59,,124.6
07/12/2001,0.5144,238.69,76.0178,0.8902,1.4338,104.7696,119.822,,1148.25,,1632.1,4860.1,2497.76,,125.53
10/12/2001,0.5147,229.296,75.5584,0.8907,1.4352,104.8868,120.1551,,1151.45,,1606.23,4767,2459.95,,126.01
11/12/2001,0.5173,225.709,75.5342,0.8925,1.4385,104.9541,120.5051,,1155.14,,1601.76,4798.21,2448.43,,126.02
12/12/2001,0.5197,229.07,75.9806,0.8985,1.4468,104.9676,120.989,,1161.1,,1602.45,4731.37,2429.13,,126.01
13/12/2001,0.5188,226.226,76.0118,0.8936,1.4409,105.0477,120.8387,,1154.5,,1577.58,4622.28,2407.72,,126.07
14/12/2001,0.5199,237.157,77.1226,0.9039,1.4543,104.9935,120.8577,,1150.59,,1582.81,4572.92,2401.15,,127.3
17/12/2001,0.5175,236.818,77.0504,0.9021,1.4592,105.0388,120.3385,,1147.31,,1598.74,4731.96,2436.87,,127.55
18/12/2001,0.5153,236.457,77.7739,0.9039,1.4577,105.0472,120.5786,,1154.39,,1610.83,4716.2,2443.88,,127.85
19/12/2001,0.511,239.572,76.421,0.9003,1.4505,105.0135,120.7626,,1159.67,,1620.27,4678.99,2429.96,,128.19
20/12/2001,0.5052,233.625,76.5631,0.9,1.4486,105.0884,120.6378,,1158.93,,1606.92,4635.37,2410.83,,128.66
21/12/2001,0.509,236.864,77.0652,0.8892,1.4411,105.1527,120.3951,,1157.3,,1613.94,4736.56,2448.32,,129.59
24/12/2001,0.5088,,,0.877,1.4424,,120.34,,1154.93,,1613.6,4737.25,2456.94,,129.95
25/12/2001,0.5083,,,0.8787,1.4434,105.1523,,,,,,,,,130.88
26/12/2001,0.5068,236.921,77.4438,0.8807,1.4524,105.1207,,,1152.46,,1620.26,,,,130.89
27/12/2001,0.5076,248.48,76.9212,0.8829,1.451,105.0002,120.1333,,1157.16,,1631.69,4841.57,2474.09,,131.79
28/12/2001,0.5106,247.002,76.6756,0.8855,1.4513,104.8908,119.8189,,1155.25,,1637.23,4877.12,2487.95,,131.12
31/12/2001,0.5095,242.194,77.296,0.8895,1.4546,104.908,119.8176,111.1348,1161.32,,1618.98,,2476.05,,131.66
01/01/2002,0.5097,,,0.8895,1.4534,,,,,,,,,,131.65
02/01/2002,0.5148,253.892,77.3588,0.9033,1.4468,,120.1421,,1153.38,,1628.51,4812.9,2476.79,,132.13
03/01/2002,0.5155,249.681,77.1685,0.8989,1.4385,,120.3554,,1155.69,,1643.48,4912.26,2524.49,,131.8
04/01/2002,0.5207,265.345,77.3662,0.8949,1.4473,104.7071,120.1158,,1154.41,13213.53,1653.69,4896.01,2526.85,,131.04
07/01/2002,0.5183,262.525,77.2941,0.8931,1.4404,104.7937,120.8038,,1161.83,13299.67,1642.95,4811.43,2512.52,,131.09
08/01/2002,0.5234,259.928,77.3808,0.8932,1.4394,104.7495,120.7895,,1161.6,12999.75,1637.48,4772.5,2492.02,,132.86
09/01/2002,0.5244,250.18,78.6353,0.8913,1.4374,104.7674,120.5106,,1162.34,12961.32,1629.7,4771.15,2481.76,,133.15
10/01/2002,0.5234,252.607,79.6726,0.8916,1.4391,104.7468,120.652,,1169.7,12808.72,1631.72,4699.18,2463.84,,132.39
11/01/2002,0.5202,248.784,79.7593,0.8924,1.4486,104.7222,120.7577,,1175.3,12691.02,1616.35,4738.45,2467.57,,132.22
14/01/2002,0.5183,237.399,79.1965,0.8942,1.4495,,121.3007,,1175.06,,1606.2,4599.82,2427.19,,132.05
15/01/2002,0.5174,238.651,78.9234,0.8834,1.4411,104.6726,121.112,,1177.82,12407.17,1617.18,4662.23,2452.11,,131.14
16/01/2002,0.5152,240.772,79.7564,0.8831,1.4372,104.7298,121.2166,,1176.84,12370.14,1591.04,4584.56,2433.93,,132.07
17/01/2002,0.5142,232.835,78.9578,0.8813,1.4357,104.5893,121.0853,,1171.47,12310.1,1607.02,4677.91,2439.09,,132.54
18/01/2002,0.5145,233.342,78.6016,0.8848,1.4383,104.5282,120.8822,,1174.81,12510.82,1591.08,4666.55,2433.56,,132.57
21/01/2002,0.5171,,,0.8837,1.4358,104.4363,121.0636,,,12494.93,,4618.72,2439.13,,132.72
22/01/2002,0.5195,234.872,78.2001,0.8871,1.4289,104.4421,120.7693,,1174.24,12216.27,1579.41,4634.93,2444.19,,133.87
23/01/2002,0.5181,239.23,77.4016,0.8784,1.4253,104.4738,120.9636,,1167.35,12204.03,1591.94,4678.77,2459.6,,134.57
24/01/2002,0.5197,240.359,77.2945,0.8782,1.4258,104.3609,120.4667,,1166.12,12244.31,1597.55,4757.42,2484.52,,134.69
25/01/2002,0.5168,243.724,77.4918,0.865,1.4082,104.2649,120.0024,,1164.84,12329.5,1599.14,4746.08,2465.48,,134.47
28/01/2002,0.5158,247.236,77.3366,0.8616,1.4095,104.3938,120.0712,,1165.63,12424.62,1598.86,4795.51,2480,,133.44
29/01/2002,0.5087,242.775,78.1427,0.8657,1.4139,104.2866,120.2641,,1172.41,12187.79,1553.23,4724.74,2436.21,,133.46
30/01/2002,0.5069,237.693,78.2848,0.8613,1.4142,104.1747,120.3975,,1172.28,12058.27,1571.69,4655.6,2416.44,,132.9
31/01/2002,0.5077,242.798,78.2885,0.8594,1.4108,104.1369,120.518,112.8627,1169.14,12153.48,1595.35,4707.08,2452.26,,134.68
01/02/2002,0.5096,252.005,79.3715,0.8618,1.4162,103.9883,120.6992,,1172.16,11902.61,1584.06,4723.01,2464.09,,133.07
04/02/2002,0.5108,249.432,80.2961,0.8698,1.4233,104.1026,121.0469,,1177.64,11708.72,1544.89,4641.63,2453.47,,132.35
05/02/2002,0.5095,248.076,82.7911,0.8677,1.4157,103.974,121.194,,1177.49,11518.68,1538.7,4534.5,2418.35,,133.93
06/02/2002,0.5087,245.851,82.5737,0.8674,1.4124,104.0037,121.1313,,1175.88,11452.13,1529.68,4469.96,2409.33,,133.69
07/02/2002,0.5095,245.117,83.2143,0.8702,1.414,103.9502,120.4119,,1174.02,11649.57,1525.26,4514.27,2434.6,,133.75
08/02/2002,0.5112,250.474,84.2703,0.8722,1.415,104.2224,120.6376,,1177.47,11774.52,1547.94,4498.28,2435.11,,134.71
11/02/2002,0.5125,265.8,83.2859,0.8766,1.4218,,120.5931,,1176.46,,1570.21,4560.65,2451.1,,133.38
12/02/2002,0.5093,257.856,83.4283,0.8768,1.4327,104.39,120.3512,,1172,12007.83,1563.95,4544.21,2438.72,,132.64
13/02/2002,0.5103,261.722,83.0723,0.8709,1.4287,104.23,120.2463,,1170.74,12117.67,1580.03,4580.48,2447.43,,133.27
14/02/2002,0.5161,260.865,83.1317,0.8737,1.431,104.1822,120.4359,,1173.91,12254.72,1577.29,4637.66,2473.46,,132.12
15/02/2002,0.5175,261.25,82.7756,0.8734,1.432,104.3397,120.6825,,1178.93,12215.83,1559.98,4559.44,2460.99,,132.61
18/02/2002,0.5178,,,0.8705,1.4282,104.3226,120.7572,,,12270.72,,4536.84,2447.6,,132.71
19/02/2002,0.5188,256.202,81.3237,0.8763,1.4314,104.2142,120.6832,,1178.34,11971.54,1530.58,4423.28,2418.26,,133.57
20/02/2002,0.5172,246.886,81.0506,0.8698,1.4273,104.1988,120.5543,,1178.46,11955.7,1551.37,4402.9,2390.55,,133.73
21/02/2002,0.5171,253.241,81.3038,0.8704,1.4264,104.3768,120.4804,,1179.73,12516.51,1527.34,4463.81,2413.94,,134.21
22/02/2002,0.5128,252.881,81.3078,0.8755,1.4327,104.341,120.8055,,1182.11,12591.11,1539.91,4399.17,2403.24,,134.15
25/02/2002,0.5138,248.688,81.1533,0.8695,1.4251,104.3591,120.6502,,1181.19,12520.04,1567.59,4480.14,2426.99,,133.86
26/02/2002,0.5132,258.652,82.6257,0.864,1.4171,104.2445,120.6146,,1176.82,12405.93,1567.65,4514.1,2445.17,,134.68
27/02/2002,0.5153,258.167,82.1863,0.8655,1.4192,104.2693,120.6329,,1182.48,12856.39,1569.01,4605.71,2468.86,,134.28
28/02/2002,0.5181,265.023,82.3288,0.8694,1.4174,104.3546,120.6504,112.4507,1179.67,12874.31,1564.59,4648.69,2431.92,,133.36
01/03/2002,0.5193,272.75,82.6931,0.8655,1.4177,104.4389,120.495,,1173.04,13146.89,1600.02,4675.1,2464.36,,133.46
04/03/2002,0.5204,273.66,82.3448,0.8692,1.4231,104.5819,120.3974,,1172.26,13922.94,1631.25,4807.48,2499.15,,132.22
05/03/2002,0.5204,284.501,81.6005,0.8717,1.4243,104.6616,120.0767,,1172.76,13799.19,1620.37,4786.35,2485.83,,132.24
06/03/2002,0.5225,284.141,81.4659,0.8765,1.4228,104.7346,119.8196,,1170.45,13811.45,1644.2,4807.63,2503.44,,130.67
07/03/2002,0.5253,291.872,80.5274,0.8816,1.4283,104.8428,119.5569,,1159.8,14163.85,1636.86,4830.9,2520.91,,127.56
08/03/2002,0.5231,293.934,80.476,0.8749,1.423,104.7428,119.538,,1154.5,14452.58,1646.44,4860.49,2522.59,,128.65
11/03/2002,0.5216,301.889,80.7647,0.8752,1.4198,104.5985,119.6519,,1154.25,14493.33,1652.04,4831.01,2509.83,,128.37
12/03/2002,0.5205,299.594,81.4772,0.8758,1.4152,104.7259,119.6936,,1154.95,14113.99,1648.28,4775.93,2506.76,,129.04
13/03/2002,0.5198,298.577,81.4814,0.876,1.4151,104.8177,119.5839,,1157.42,13880.5,1632.46,4748.92,2519.47,,129.47
14/03/2002,0.5238,303.52,80.7945,0.8825,1.4202,104.9326,119.4128,,1149.27,14067.16,1631,4759.89,2514.44,,129.16
15/03/2002,0.5263,302.525,80.4946,0.8828,1.4248,104.8205,119.3703,,1152.44,14163.45,1649.56,4816.71,2529.4,,129
18/03/2002,0.5253,309.647,81.115,0.8828,1.4267,104.8994,119.5475,,1155.37,13981.51,1648.73,4846.17,2532.84,,131.33
19/03/2002,0.5233,307.894,81.3127,0.8824,1.4241,104.9087,119.5754,,1154.14,14339.54,1655.44,4868.67,2540.55,,132.08
20/03/2002,0.5303,306.772,81.151,0.8855,1.4285,104.9189,119.5603,,1149.5,14016.05,1629.43,4805.83,2523.54,,131.4
21/03/2002,0.5301,314.625,81.3487,0.8828,1.4264,,119.3982,,1151.11,,1631.93,4774.3,2517.02,,132.07
22/03/2002,0.5306,313.25,82.5971,0.8779,1.4258,104.9118,119.2914,,1149.75,13795.11,1625.02,4804.58,2515.68,,132.88
25/03/2002,0.5299,309.127,82.6651,0.877,1.426,104.8426,119.2045,,1150.07,13692.98,1601.21,4762.73,2493.21,,133.37
26/03/2002,0.5278,313.062,82.4204,0.8768,1.4257,104.9453,119.4051,,1154.58,13679.37,1610.81,4789.66,2489.31,,133.04
27/03/2002,0.5283,316.618,83.8904,0.8725,1.4248,105.0686,119.5144,,1155.36,13820.66,1619.45,4792.53,2499.63,,132.64
28/03/2002,0.5336,320.048,84.0053,0.8712,1.4251,105.1823,119.4429,,1151.29,13832.17,1623.43,4855.48,2526.98,,132.76
29/03/2002,0.5328,,,0.8717,1.4259,105.1632,119.4429,110.3629,1151.29,13456.44,,,,,132.73
01/04/2002,0.5341,320.113,84.1607,0.8806,1.4412,105.1137,,,1151.37,13461.03,1622.23,,,,133.48
02/04/2002,0.5347,344.033,84.9395,0.8794,1.4358,105.1953,119.3997,,1157.07,13675.59,1608.39,4804.97,2517.24,,133.21
03/04/2002,0.5319,338.991,83.9754,0.881,1.4361,105.1944,119.7157,,1161.33,13915.09,1592.6,4810.72,2516.21,,132.74
04/04/2002,0.5314,335.845,83.5645,0.8785,1.4341,105.2543,120.0835,,1161.98,13888.84,1593.96,4737.13,2497.81,,132.33
05/04/2002,0.5306,320.556,83.292,0.8783,1.4321,105.2914,120.1384,,1166.02,13835.49,1588.88,4719.96,2509.39,,131.58
08/04/2002,0.5286,329.586,83.3875,0.875,1.4308,105.3753,120.0375,,1164.71,13856.73,1592.88,4626.28,2482.98,,131.68
09/04/2002,0.5285,319.227,82.8933,0.8811,1.4369,105.2512,119.9852,,1166.53,13565.75,1582.36,4649.73,2483.47,,130.88
10/04/2002,0.5315,320.128,83.7275,0.8802,1.4364,105.3502,119.9384,,1165.67,13692.8,1600.36,4698.78,2507.67,,130.72
11/04/2002,0.5347,308.249,83.8699,0.8824,1.4385,105.4606,120.1665,,1167.55,13605.76,1562.52,4614.41,2463.7,,131.49
12/04/2002,0.5344,290.548,83.8462,0.8794,1.4372,105.3429,120.2697,,1170.23,13380.83,1572.89,4637.98,2475.02,,131.96
15/04/2002,0.5313,301.979,83.2492,0.8795,1.4375,105.4636,120.4921,,1172.69,13593.6,1560.92,4687.35,2494.4,,132.17
16/04/2002,0.5335,306.549,82.9209,0.8827,1.4405,105.4036,120.0473,,1170.29,13849.13,1597.48,4806.32,2522.42,,131.2
17/04/2002,0.5383,315.676,83.8384,0.8904,1.4455,105.3214,120.0698,,1167,14089.64,1594.32,4811.83,2527.57,,130.71
18/04/2002,0.539,320.501,84.5068,0.8911,1.4479,105.254,119.9667,,1168.29,14128.72,1592.08,4758.11,2510.99,,130.03
19/04/2002,0.5406,322.794,83.9016,0.8926,1.4476,105.3027,120.0638,,1169.45,14050.95,1593.07,4765.09,2517.83,,130.36
22/04/2002,0.5411,324.738,84.0795,0.8894,1.451,105.2884,120.3647,,1171.12,14306.81,1568.52,4711.79,2507.2,,130.01
23/04/2002,0.5386,326.02,84.3604,0.8885,1.4474,105.2331,120.1879,,1171.67,14325.35,1558.79,4702.17,2492.56,,130.22
24/04/2002,0.5436,322.617,84.4198,0.8927,1.4494,105.1487,120.4653,,1176.7,14247.3,1547.74,4660.88,2506.37,,129.61
25/04/2002,0.5438,325.544,85.4762,0.898,1.4552,105.119,120.7318,,1177.49,14217.81,1545.4,4596.67,2496.47,,128.66
26/04/2002,0.544,328.851,86.4497,0.9019,1.4582,105.2277,120.9087,,1179.6,14086.81,1524.08,4579.56,2477.96,,127.87
29/04/2002,0.539,334.216,86.2957,0.9033,1.459,,120.6757,,1178.33,,1508.75,4552.81,2475.48,,127.97
30/04/2002,0.5383,332.713,85.6627,0.9005,1.458,105.4685,120.7494,111.6231,1179.93,14027.02,1525,4599.14,2481.11,,128.54
01/05/2002,0.5401,325.13,85.7222,0.9064,1.4656,105.5018,120.7666,,1182.11,14100.56,1538.65,,2463.28,,127.41
02/05/2002,0.5364,319.572,85.5047,0.9032,1.4633,105.4787,120.4385,,1179.18,14098.39,1536.16,4561.94,2486.61,,127.91
03/05/2002,0.5395,324.781,86.5894,0.9173,1.469,,120.8282,,1182.74,,1520.44,4501.83,2500.54,,127.01
06/05/2002,0.5403,324.828,86.3248,0.9183,1.4685,,,,1182.65,,1491.05,4481,2500.54,,127.19
07/05/2002,0.539,322.943,86.4399,0.9148,1.4675,105.5629,120.951,,1183.31,13811.6,1486.57,4448.1,2460.58,,128.07
08/05/2002,0.5392,331.297,85.5024,0.9046,1.4564,105.4831,120.6251,,1174.43,14061.46,1542.53,4560.61,2503.71,,128.87
09/05/2002,0.5442,330.37,85.8664,0.9093,1.46,105.5294,120.42,,1177.02,14198.83,1520.39,4542.17,2498.17,,128.34
10/05/2002,0.545,336.195,86.2855,0.914,1.4641,105.559,120.3484,,1180.74,14074.1,1494.87,4465.47,2485.51,,127.59
13/05/2002,0.5472,338.607,86.2095,0.9121,1.4572,105.5509,120.4658,,1175.6,13837.12,1522.8,4526.72,2501.66,,127.79
14/05/2002,0.5484,346.618,85.3019,0.9026,1.4503,105.6055,120.1021,,1170.3,13860.6,1555.04,4611.76,2518.31,,128.49
15/05/2002,0.5485,335.159,85.6929,0.9119,1.4604,105.6898,120.1355,,1172.34,14210.62,1546.73,4637.7,2530.61,,127.67
16/05/2002,0.5485,333.886,86.0287,0.9109,1.4559,105.6844,120.2874,,1176.09,14327.45,1556.93,4616.15,2525.52,,128.13
17/05/2002,0.5526,333.902,86.254,0.9203,1.4579,105.6557,120.1771,,1172.02,14460.04,1569.17,4595.25,2510.82,,125.98
20/05/2002,0.556,334.466,87.676,0.9212,1.4579,105.5578,120.5979,,1176.15,14471.29,1548.31,4553.18,2506.06,,125.32
21/05/2002,0.5564,327.646,87.7355,0.92,1.4599,105.5029,120.7256,,1179.07,14403.7,1531.32,4545.28,2500.83,,124.2
22/05/2002,0.5588,326.501,88.3479,0.926,1.4593,105.5017,120.8324,,1182.42,14599.99,1540.12,4475.6,2479.28,,124.19
23/05/2002,0.5562,325.356,89.5961,0.9211,1.4549,105.3792,120.9272,,1179.83,14621.8,1555.82,4488.54,2490.55,,125.11
24/05/2002,0.5568,323.694,89.0199,0.9208,1.4581,105.4621,120.9118,,1180.58,14617.44,1537.02,4501.29,2487.55,,124.73
27/05/2002,0.5574,,,0.9206,1.4568,105.452,120.7773,,,14617.59,,4532.2,2471.76,,124.81
28/05/2002,0.5617,317.822,90.0046,0.9286,1.4593,105.5797,120.9341,,1181.1,14569.09,1523.89,4495.26,2441.9,,124.57
29/05/2002,0.5636,322.741,90.3684,0.935,1.4629,105.5271,121.0296,,1184.74,14467.68,1514.33,4486.37,2446.51,,124.36
30/05/2002,0.5636,310.368,90.3451,0.937,1.4654,105.6369,121.0865,,1187.64,14366.41,1510.25,4390.56,2426.19,,123.35
31/05/2002,0.5674,314.771,90.5707,0.9342,1.4553,105.6392,120.9455,111.5156,1186.54,14358.68,1513.77,4441.05,2447.51,,124.22
03/06/2002,0.5714,314.816,90.6391,0.9419,1.4634,105.6805,,,1187.52,14526.74,1476.26,4385.5,,,123.58
04/06/2002,0.5727,314.831,90.9477,0.9394,1.4583,105.6138,,,1189.37,14223.64,1476.28,4228.82,,,124.14
05/06/2002,0.5736,315.234,89.0988,0.939,1.4588,105.5912,121.328,,1187.12,14236.82,1489.88,4238.9,2403.5,,124.36
06/06/2002,0.5753,315.765,90.1266,0.9474,1.4603,105.686,121.3334,,1189.61,14128.27,1460.5,4251.56,2388.32,,124.13
07/06/2002,0.5715,314.489,90.0202,0.9435,1.4596,105.7836,121.3429,,1186.85,13961.77,1458.21,4165.68,2370.38,,124.33
10/06/2002,0.5697,309.629,88.401,0.9445,1.4605,105.8202,121.5616,,1188.79,13878.38,1462.78,4159.01,2374.15,,124.75
11/06/2002,0.5703,306.157,88.6819,0.9481,1.4718,105.7957,121.4393,,1192.47,13975.09,1438.47,4236.74,2377.33,,125.32
12/06/2002,0.5693,310.046,88.8521,0.9435,1.4708,105.7471,121.6728,,1194.84,13825.71,1448.16,4122.15,2338.21,,125.7
13/06/2002,0.567,320.908,88.1369,0.9434,1.4723,105.7648,122.1831,,1197.39,13603.29,1433.01,4077.61,2299.77,,124.9
14/06/2002,0.5604,325.185,88.5009,0.9461,1.4774,105.8424,122.4585,,1204.3,13329.62,1429.78,3963.8,2231.74,,124.13
17/06/2002,0.5584,326.781,88.0432,0.9448,1.4797,105.8347,122.2902,,1201,13016.51,1470.84,4143.53,2292.46,,124.28
18/06/2002,0.5656,320.726,88.4902,0.9517,1.491,105.8855,122.4701,,1201.81,13231.11,1472.25,4137.37,2266.08,,124.34
19/06/2002,0.5656,317.899,88.6604,0.9578,1.4922,105.8176,122.6403,,1208.95,12787.12,1447.98,4051.85,2242.38,,123.84
20/06/2002,0.5722,323.856,89.6058,0.9648,1.4985,105.9135,122.6266,,1203,12954.1,1428.55,3967.6,2207.63,,123.53
21/06/2002,0.5744,320.125,89.9975,0.9709,1.4976,106.0991,122.5834,,1207.37,12638.48,1404.21,3940.16,2219.68,,121.11
24/06/2002,0.571,326.372,89.8996,0.9707,1.5013,106.1222,122.962,,1203,12781.25,1409.3,3806.57,2189.09,,121.71
25/06/2002,0.5718,324.966,88.7409,0.9796,1.5083,106.1494,122.6752,,1203.16,12814.65,1385.77,3909.98,2232.03,,121.33
26/06/2002,0.5601,325.11,88.8282,0.9826,1.526,106.1961,123.2733,,1210.68,12299.44,1382.78,3833.01,2184.49,,120.05
27/06/2002,0.5646,327.968,88.5,0.9883,1.5288,106.0844,123.1873,,1203.66,12528.29,1407.11,3902.77,2189.14,,119.64
28/06/2002,0.5634,327.725,86.9258,0.9915,1.5335,106.2201,123.0171,114.1081,1203.29,12967.74,1405.94,4072.58,2244.93,,119.47
01/07/2002,0.5626,328.676,87.0764,0.9918,1.533,106.0423,122.8306,,1204.32,12935.51,1375.88,4072.97,2259.22,,119.73
02/07/2002,0.5643,329.596,86.7482,0.9865,1.5358,106.1125,123.1637,,1209.4,12968.33,1346.96,3900.98,2192.21,,119.85
03/07/2002,0.5602,328.577,86.226,0.9805,1.5271,106.1034,123.1653,,1209.49,13200.27,1355.4,3809.64,2118.28,,119.78
04/07/2002,0.5561,,,0.9787,1.526,106.1619,122.9005,,,12981.14,,3920.01,2156.2,,120.08
05/07/2002,0.5576,,,0.9727,1.5222,106.1759,122.6053,,1202.5,13217.11,1405.2,4117.29,2225.87,,120.43
08/07/2002,0.5645,321.287,86.5787,0.9908,1.5439,106.1924,122.7322,,1205.92,13147.66,1388.44,4104.82,2218.94,,118.43
09/07/2002,0.5675,322.078,87.691,0.9931,1.5484,106.1979,122.7766,,1210.9,13380.9,1354.23,4049.95,2190.81,,118.1
10/07/2002,0.5649,331.622,87.3133,0.9893,1.5484,106.324,123.2124,,1217.63,13127.46,1308.3,3881.18,2131.76,,117.66
11/07/2002,0.557,331.196,88.0193,0.9878,1.5531,106.3867,123.567,,1219.15,12801.59,1318.18,3751.67,2040.09,,117.12
12/07/2002,0.5588,336.618,87.5543,0.9914,1.5543,106.3384,123.7219,,1220.55,12942.86,1309.68,3754.78,2037.22,,116.88
15/07/2002,0.5602,332.288,88.6689,1.0027,1.5692,106.4411,124.0609,,1219.37,12666.58,1304.76,3524.41,1926.49,,116.35
16/07/2002,0.557,339.487,88.0126,1.0117,1.5758,106.4638,123.8749,,1213.16,12514.3,1280.78,3530.27,1939.72,,115.81
17/07/2002,0.5517,340.94,88.0442,1.0074,1.5712,106.4783,123.5808,,1216.48,12569.97,1287.98,3668.04,2021.33,,116.33
18/07/2002,0.5541,338.996,87.8832,1.0116,1.574,106.5057,123.6834,,1219.77,12816.88,1253.21,3708.03,2072.78,,116.5
19/07/2002,0.5565,340.58,89.759,1.0116,1.5771,106.5173,124.0507,,1223.03,12455.63,1205.16,3506.8,1976.8,,115.88
22/07/2002,0.5476,329.001,89.6615,1.0086,1.5794,106.5137,124.2721,,1229.33,12439.33,1165.48,3310.98,1878.97,,116.21
23/07/2002,0.5399,324.443,86.6374,0.9888,1.5625,106.3564,124.3458,,1231.29,12471.83,1133.99,3198.59,1860.88,,117.54
24/07/2002,0.5456,329.031,86.256,0.9957,1.5728,106.2697,124.8154,,1231.38,12144.75,1199.01,3172.24,1822.16,,116.64
25/07/2002,0.5417,327.217,85.8195,1.0048,1.5844,106.2743,124.7299,,1233.19,12123.01,1192.28,3272.28,1913.22,,116.47
26/07/2002,0.5362,324.749,84.0338,0.9865,1.5657,106.2099,124.8324,,1233.39,11709.79,1212.41,3300.55,1937.71,,118.8
29/07/2002,0.541,325.448,83.8527,0.9814,1.5643,106.12,124.4807,,1224.45,11802.14,1278.1,3542.63,2027.46,,119.63
30/07/2002,0.543,332.651,84.2697,0.983,1.5725,106.1518,124.4503,,1223.61,12213.65,1283.62,3502.18,2016.96,,120.23
31/07/2002,0.5426,329.138,84.0533,0.9776,1.5637,106.3011,124.8238,115.736,1231.8,12060.08,1296.34,3494.21,2050.32,,119.85
01/08/2002,0.5392,324.447,84.2776,0.9845,1.5612,106.3123,125.171,,1234.99,11957,1258.22,3328.56,1952.93,,119.21
02/08/2002,0.5391,327.6,85.1078,0.9867,1.57,106.4097,125.5665,,1244.05,11854.63,1229.19,3317.66,1967.91,,118.85
05/08/2002,0.5273,324.508,85.285,0.9802,1.5599,106.5497,126.1935,,1246.68,11848.86,1187.07,3187.68,1929.7,,119.69
06/08/2002,0.5312,330.799,84.6552,0.966,1.5371,106.4691,125.8057,,1239.04,11599.9,1222.59,3376.44,1994.7,,120.77
07/08/2002,0.5364,325.06,87.0832,0.9747,1.5395,106.5798,126.2308,,1244.43,12006.93,1247.28,3340.66,1977.87,,120.17
08/08/2002,0.5346,326.775,86.0127,0.9671,1.5318,106.579,125.9272,,1239.9,11964.41,1288.12,3514.42,2048.42,,120.99
09/08/2002,0.5357,328.881,87.0634,0.9701,1.5246,106.6597,126.0743,,1247.51,12208.86,1292.94,3583.42,2087.98,,120.16
12/08/2002,0.5395,335.464,87.02,0.9787,1.5315,106.7083,126.2777,,1250.65,11901.09,1286.09,3480.65,2039.28,,118.98
13/08/2002,0.538,335.087,87.0515,0.9837,1.5373,106.5815,126.5108,,1256.55,11828.8,1258.36,3517.41,2063.49,,118.37
14/08/2002,0.5374,337.064,86.394,0.9782,1.5357,106.6741,126.9143,,1259.07,11767.51,1309.04,3376.35,2022.52,,117.39
15/08/2002,0.5428,347.935,87.1145,0.9816,1.5358,106.6497,125.8991,,1252.65,11959.39,1324.32,3489.71,2098.36,,117.39
16/08/2002,0.5461,348.213,86.9255,0.9847,1.5392,106.5879,125.8295,,1244.28,11950.31,1322.36,3536.92,2099.58,,117.65
19/08/2002,0.5422,351.53,84.8152,0.9759,1.5267,106.6873,125.807,,1246.09,11719.52,1353.63,3682.14,2146.56,,118.68
20/08/2002,0.5461,351.154,85.5633,0.9788,1.5289,106.6968,126.1281,,1254.17,11745.88,1334.7,3611.78,2118.45,,118.8
21/08/2002,0.5446,354.833,85.2639,0.981,1.5321,106.7763,125.7135,,1252.68,11772.64,1351.82,3652.89,2120.32,,118.51
22/08/2002,0.5414,352.494,84.9921,0.9688,1.5212,106.8022,125.4943,,1246.74,11981.91,1370.85,3742.9,2154.29,,119.88
23/08/2002,0.5433,351.725,84.996,0.9731,1.5201,106.8688,125.7179,,1251.87,12047.14,1339.79,3676.47,2132.47,,119.65
26/08/2002,0.5445,351.773,85.7519,0.9718,1.5216,106.9374,,,1253.5,12291.67,1349.88,3613.09,,,119.74
27/08/2002,0.5531,356.369,86.5554,0.9827,1.5348,107.064,125.7737,,1248.17,12097.8,1331.2,3733.59,2161.57,,118.22
28/08/2002,0.5508,353.506,85.7321,0.9786,1.5329,107.0004,126.3358,,1252.45,11926.15,1307.28,3559.3,2076.36,,118.88
29/08/2002,0.5522,359.804,86.7012,0.984,1.5476,107.2276,126.5045,,1256.66,11747.15,1307.28,3477.47,2044.93,,118.28
30/08/2002,0.5505,359.428,86.5672,0.9823,1.5505,107.2695,126.5301,118.4442,1258.43,11746.12,1304.86,3532.81,2053.66,,118.46
02/09/2002,0.5516,,,0.9845,1.5481,107.3177,126.9847,,,11626.86,,3441.39,2031.11,,118.13
03/09/2002,0.5485,348.498,86.8863,0.9975,1.5657,107.2302,127.3798,,1269.93,11254.93,1250.68,3272.24,1957.16,,116.95
04/09/2002,0.5456,354.929,87.3039,0.9919,1.5642,107.1447,127.4351,,1271.33,11081.59,1273.03,3304.25,1957.17,,118.02
05/09/2002,0.5428,363.455,88.2181,0.9916,1.5653,107.1575,127.5833,,1274.72,11261.13,1252.77,3274.94,1949.42,,118.31
06/09/2002,0.5478,371.457,88.691,0.9819,1.5603,107.4195,127.7286,,1265.16,11147.51,1273.88,3414.01,1996.18,,118.54
09/09/2002,0.5477,372.948,89.0616,0.9796,1.5567,107.4324,127.6447,,1264.85,11363.88,1286.79,3344.42,1974.42,,118.91
10/09/2002,0.5485,374.962,88.1276,0.9748,1.5554,107.6943,127.2628,,1267.89,11367.6,1296.23,3442.24,2029.37,,119.84
11/09/2002,0.5482,374.214,87.7729,0.9761,1.5539,107.7609,126.9268,,1263.26,11478.44,1296.25,3550.87,2047.3,,120.31
12/09/2002,0.5521,364.939,88.4116,0.9815,1.5608,107.8157,127.4366,,1269.47,11496.94,1264.42,3377.5,1986.15,,120.14
13/09/2002,0.5502,375.948,87.781,0.9718,1.5519,107.7613,127.7177,,1274.24,11285.32,1268.57,3300.06,1948.77,,121.7
16/09/2002,0.5477,375.866,87.9034,0.9689,1.541,,128.1285,,1276.43,,1270.45,3281.17,1966.39,,122.25
17/09/2002,0.5478,368.958,87.8247,0.974,1.5415,107.6846,128.0288,,1277.2,11654.1,1245.39,3251.32,1957.1,,122.04
18/09/2002,0.5487,372.704,88.8223,0.9778,1.5499,106.8337,128.3224,,1277.37,11566.33,1239.7,3106.95,1880.7,,121.51
19/09/2002,0.5496,372.722,89.4061,0.9873,1.5575,107.1514,128.5686,,1281.94,11807.57,1202.46,3036,1855.46,,121.32
20/09/2002,0.5461,374.337,89.217,0.9826,1.5546,106.7355,128.2616,,1280.97,11577.34,1205.42,3009.58,1878.12,,123.4
23/09/2002,0.5438,383.048,89.4778,0.9786,1.5507,,128.5794,,1287.19,,1188.76,2891.51,1819.38,,123.91
24/09/2002,0.544,381.333,90.3377,0.9818,1.5599,106.8052,128.7479,,1289.54,11382.65,1168.22,2852.05,1786.18,,123.31
25/09/2002,0.5461,380.418,89.3478,0.9764,1.5572,107.052,128.5522,,1281.73,11227.94,1197.56,2918.41,1799.15,,122.87
26/09/2002,0.545,379.769,88.8272,0.9772,1.5587,106.9737,128.249,,1281.48,11418.45,1219.6,3094.35,1874.29,,122.06
27/09/2002,0.5436,379.919,88.6655,0.9807,1.5609,107.0335,128.2961,,1286.59,11675.12,1180.28,3055.47,1901.84,,122.52
30/09/2002,0.5426,379.304,89.8096,0.9866,1.5684,107.2199,128.9371,120.6482,1292.36,11494.86,1163.04,2874.45,1811.57,,121.81
01/10/2002,0.5447,381.985,88.9849,0.9826,1.5656,107.4073,128.7505,,1286.22,11224.09,1209.59,2955.5,1848.39,,122.63
02/10/2002,0.5439,380.402,89.1544,0.9866,1.57,107.3765,128.3448,,1286.99,11085.75,1181.32,3079.61,1901.11,,122.88
03/10/2002,0.5467,374.288,89.0478,0.988,1.5705,107.3956,128.2943,,1287.18,10947.44,1168.57,3005.87,1888.98,,122.61
04/10/2002,0.5468,372.038,89.3002,0.9788,1.5654,107.3414,128.6028,,1287.29,11059.07,1142.36,2900.98,1856.58,,123.29
07/10/2002,0.5499,373.285,89.2564,0.9829,1.566,107.2471,128.8966,,1290.27,10643.11,1120.52,2878.66,1840.59,,124.35
08/10/2002,0.5465,370.235,88.2382,0.9791,1.5534,107.3002,129.013,,1289.26,10668.71,1139.9,2830.3,1816.03,,124.3
09/10/2002,0.5487,369.052,88.6289,0.9902,1.5647,107.3565,128.9858,,1294.07,10460.99,1108.91,2803.86,1822.03,,123.28
10/10/2002,0.5482,364.802,87.6935,0.9862,1.5643,107.4046,128.5928,,1290.08,10338.83,1147.8,2914.52,1839.02,,123.64
11/10/2002,0.5497,367.484,87.6421,0.9875,1.5615,107.5272,128.2001,,1281.53,10449.07,1192.63,3067.37,1924.75,,124.05
14/10/2002,0.5468,372.733,88.0405,0.9872,1.5578,,128.0172,,,,1201.37,3023.93,1914.17,,124.33
15/10/2002,0.5472,371.549,86.6074,0.9818,1.5531,107.6928,127.3459,,1268.35,10825.3,1258.24,3241.25,2010.9,,124.68
16/10/2002,0.5489,367.965,86.9706,0.9809,1.5536,107.7018,127.0991,,1266.42,10884.27,1228.01,3188.72,1976.31,,124.51
17/10/2002,0.551,369.316,86.2837,0.9707,1.55,107.6744,127.3177,,1260.59,10976.16,1255.42,3308.18,2031.33,,125.12
18/10/2002,0.5506,368.666,86.5916,0.9714,1.5457,107.5928,127.2283,,1260.3,11130.82,1262.84,3296.35,2011.78,,125.51
21/10/2002,0.5544,352.844,86.1059,0.9736,1.5432,107.6913,127.3359,,1255.93,10998.86,1284.73,3325.65,2013.35,,124.91
22/10/2002,0.5531,350.325,86.6904,0.9776,1.5458,107.5922,127.0906,,1254.49,10644.8,1271.08,3270.43,2006.1,,125.15
23/10/2002,0.5534,351.409,86.4179,0.9753,1.5478,107.697,127.445,,1254.81,10675.59,1279.63,3129.92,1951.89,,124.6
24/10/2002,0.5546,351.425,86.0349,0.9779,1.5547,107.6956,127.1821,,1260.52,10552.82,1260.17,3221.03,1999.04,,124.44
25/10/2002,0.5557,338.233,86.7853,0.9758,1.5507,107.6953,127.4145,,1264.55,10690.01,1281.81,3204.45,1973.41,,124.33
28/10/2002,0.5588,341.349,87.2674,0.984,1.5593,107.8071,127.7814,,1266.17,10728.37,1271.2,3271.74,1992.59,,123.53
29/10/2002,0.557,336.293,87.9625,0.9831,1.5565,107.8441,128.2079,,1275.85,10668.76,1259.79,3108.7,1917.32,,123.07
30/10/2002,0.553,336.707,87.6344,0.984,1.5577,107.8614,127.8236,,1274.72,10727.22,1272.25,3219.96,1950.96,,122.93
31/10/2002,0.5547,342.194,88.053,0.9903,1.5651,108.0855,128.2525,119.6157,1278.06,10585.09,1265.41,3286.07,1969,,122.48
01/11/2002,0.5595,338.605,88.278,0.9966,1.5646,108.1292,127.9106,,1274.94,10640.62,1287.13,3245.2,1948.19,,122.17
04/11/2002,0.5616,332.643,88.1512,0.998,1.557,,127.9836,,1271.19,,1297.69,3382.86,2018.61,,122.19
05/11/2002,0.5613,321.176,88.127,0.9998,1.5626,108.1895,127.7079,,1269.52,10949.14,1307.8,3411.02,2020.89,,121.87
06/11/2002,0.5645,316.65,87.9368,1.0039,1.564,108.1124,127.6861,,1272.13,10968.41,1320.04,3364.33,2000.59,,121.72
07/11/2002,0.5669,311.99,88.7701,1.0097,1.58,108.0625,128.0627,,1282.11,10928.22,1290.15,3243.58,1989.64,,121.15
08/11/2002,0.5641,313.501,88.9948,1.0132,1.5917,108.0727,128.6091,,1286.01,10646.81,1278.94,3197.39,1966.88,,119.84
11/11/2002,0.5616,315.898,88.9777,1.0108,1.5878,108.2217,128.8362,,,10364.55,1252.42,3176.92,1957.62,,119.67
12/11/2002,0.561,316.61,89.8375,1.013,1.5901,108.2333,129.1689,,1286.7,10369.94,1262.14,3202.42,1991.48,,119.6
13/11/2002,0.5604,307.511,88.2389,1.0084,1.5863,108.2531,129.0867,,1288.06,10337.78,1261.97,3178.16,1966.99,,120.08
14/11/2002,0.564,309.679,88.0211,1.0041,1.5785,108.0367,128.7204,,1276.8,10172.24,1293.21,3295.67,1978.59,,120.43
15/11/2002,0.5636,313.733,88.8244,1.0098,1.5803,108.0104,128.8238,,1275.39,10417.5,1301.28,3308.7,1997.38,,120.49
18/11/2002,0.5621,326.303,88.4192,1.0091,1.5813,107.9689,128.7995,,1277.91,10224.59,1287.79,3356.89,2009.28,,121.07
19/11/2002,0.5591,324.022,88.2841,1.0024,1.5798,108.0964,128.9844,,1280.5,10248.17,1282.61,3327.95,1999.77,,122.29
20/11/2002,0.5608,330.775,87.9558,1.0013,1.5716,108.052,129.1637,,1273.98,10363.77,1307.61,3320,2000.24,,122.73
21/11/2002,0.5629,332.134,87.9312,1.0026,1.5821,107.845,128.6153,,1269.12,10619.13,1335.75,3450.12,2046.72,,122.62
22/11/2002,0.5636,337.674,88.8728,0.9968,1.5803,108.0017,128.5944,,1266.94,10747.15,1331.17,3455.38,2039.5,,122.81
25/11/2002,0.5597,332.314,88.0535,0.9923,1.5651,108.1639,128.5264,,1267.24,10957.5,1334.52,3442.3,2013.6,,122.14
26/11/2002,0.5599,333.674,88.0012,0.9937,1.5522,108.2589,128.942,,1273.92,10811.5,1306.79,3346.23,1988.57,,121.6
27/11/2002,0.5569,337.192,87.7557,0.9903,1.5464,108.1994,128.5522,,1262.17,10875.08,1343.47,3464.04,2024.62,,122.32
28/11/2002,0.5606,,,0.9937,1.5503,108.1711,128.6416,,,11243.75,,3483.77,2044.75,,122.29
29/11/2002,0.561,,,0.9943,1.5575,108.1292,128.9162,118.7778,1265.4,11291.26,1339.89,3466.76,2036.94,,122.55
02/12/2002,0.5602,339.676,87.9637,0.9968,1.5586,108.0822,128.756,,1265.4,11240.91,1337.35,3474.11,2029.55,,124.45
03/12/2002,0.5594,343.06,88.7124,0.9972,1.5712,107.9809,129.0324,,1264.96,11278.45,1317.65,3373.64,1991.01,,124.35
04/12/2002,0.5608,334.708,89.2401,1.0009,1.5702,108.0308,129.0851,,1269.03,11035.39,1313.54,3362.66,1978.64,,124.56
05/12/2002,0.5615,341.599,89.9336,1.0006,1.5698,107.9907,129.3189,,1272.92,10926.15,1297.8,3297.65,1970.73,,124.92
06/12/2002,0.5616,337.564,90.351,1.0091,1.5765,107.9722,129.537,,1274.57,10859.61,1305.98,3303.5,1961.47,,123.51
09/12/2002,0.5633,340.971,90.1943,1.0109,1.5813,108.0188,129.7617,,1278.21,10816.47,1277.05,3208.7,1922.6,,123.36
10/12/2002,0.5595,349.348,89.562,1.0082,1.5712,108.042,129.89,,1279.25,10787.64,1294.91,3245.14,1918.24,,123.77
11/12/2002,0.5603,343.962,89.9241,1.0087,1.5774,108.09,130.0452,,1283.46,10693.47,1295.91,3282.2,1942.64,,123.64
12/12/2002,0.5655,351.395,91.7504,1.0186,1.5817,108.1059,130.3008,,1283.34,10670.23,1291.16,3224.83,1923.31,,122.7
13/12/2002,0.5653,355.185,92.2231,1.0241,1.5902,108.1323,130.3751,,1279,10434.22,1273.83,3170.08,1895.33,,120.5
16/12/2002,0.5662,371.954,93.2822,1.0223,1.591,108.2927,130.2735,,1274.56,10354.42,1303.85,3293.03,1947.09,,121.38
17/12/2002,0.5665,370.887,93.3959,1.0277,1.5986,108.294,130.4088,,1275.87,10427.68,1293.26,3251.97,1910.31,,121.29
18/12/2002,0.5662,375.488,94.6977,1.0279,1.604,108.2904,130.756,,1280.44,10223.41,1276.36,3169.32,1875.09,,121.02
19/12/2002,0.566,374.556,95.7509,1.0271,1.603,108.3073,130.7403,,1286.93,10276.78,1266.79,3141.6,1878.14,,120.6
20/12/2002,0.5638,373.084,94.2342,1.0276,1.6032,108.3151,130.6869,,1287.21,10300.44,1283.26,3184.55,1901.83,,120.39
23/12/2002,0.5619,387.159,95.5149,1.0267,1.5942,,130.8807,,1286.44,,1285.6,3207.43,1924.81,,120.46
24/12/2002,0.5637,388.117,95.9878,1.0302,1.5935,108.365,130.8918,,1290.24,10429.69,1278.58,3205.39,1927.37,,120.29
25/12/2002,0.5636,,,1.0323,1.5957,108.4173,,,,10420.12,,,,,120.29
26/12/2002,0.5639,388.142,96.5746,1.0375,1.6005,108.3398,,,1291.57,10663.99,1274.56,,,,119.96
27/12/2002,0.5613,394.77,96.6607,1.0441,1.6039,108.4147,131.4634,,1298.2,10681.09,1254.66,3087.96,1872.8,,119.88
30/12/2002,0.5654,387.384,95.1223,1.0479,1.6027,108.4595,131.4706,,1300.42,10515.49,1260.42,3115.92,1907.64,,118.52
31/12/2002,0.5616,375.244,96.2589,1.0492,1.61,108.4647,131.4809,121.5751,1298.28,,1261.18,3131.9,1927.07,,118.79
01/01/2003,0.562,,,1.0492,1.61,,,,,,,,,,118.79
02/01/2003,0.5636,384.586,95.7953,1.0362,1.594,,130.8073,,1283.93,,1303.17,3293.89,1961.03,,120.08
03/01/2003,0.5676,399.588,97.2084,1.0428,1.6113,,130.7074,,1283.97,,1302.55,3267.71,1958.83,,119.63
06/01/2003,0.5759,390.58,97.3562,1.0456,1.6087,108.4859,130.9028,,1282.5,10680.2,1331.82,3303.85,1957.08,,119.21
07/01/2003,0.5738,383.164,96.1428,1.0409,1.6042,108.5141,131.0979,,1285.1,10610.54,1323.17,3271.26,1935.57,,120.48
08/01/2003,0.5763,377.505,97.971,1.0499,1.6135,108.5788,131.4561,,1288.7,10440.53,1304.95,3199.27,1919.96,,119.14
09/01/2003,0.5768,390.595,97.8135,1.0485,1.6078,108.7216,131.3587,,1277.14,10416.17,1330.31,3254.63,1924.44,,119.37
10/01/2003,0.5836,387.225,98.1483,1.0576,1.6076,108.6166,131.5547,,1277.5,10382.49,1330.29,3251.16,1944.08,,119.32
13/01/2003,0.5851,395.712,98.2132,1.054,1.6002,,131.4762,,1280.01,,1328.5,3262.4,1931.43,,118.99
14/01/2003,0.5845,400.332,97.4928,1.0552,1.6048,108.6533,131.5968,,1282.85,10483.75,1336.25,3277.83,1930.12,,118.15
15/01/2003,0.5843,406.304,97.1374,1.0559,1.6056,108.8064,131.6054,,1284.46,10555.69,1317.18,3239.02,1901.9,,118.1
16/01/2003,0.5883,411.14,99.0717,1.0619,1.6112,108.8848,131.5888,,1284.9,10552.53,1312.01,3232.7,1898.99,,117.81
17/01/2003,0.5925,412.147,98.7163,1.0678,1.6131,108.9416,132.128,,1288.47,10651.91,1293.63,3122.3,1869.03,,117.83
20/01/2003,0.5912,,,1.0684,1.6082,109.0003,132.3475,,,10490.81,,3073.26,1848.51,,118.03
21/01/2003,0.5889,413.62,98.95,1.0721,1.617,108.9918,132.4718,,1291.03,10674.38,1273.31,3039.45,1828,,118.16
22/01/2003,0.5855,410.653,99.6154,1.0732,1.6213,109.0381,132.6049,,1295.05,10554.82,1260.16,2976.15,1799.89,,118.28
23/01/2003,0.5915,406.693,100.9432,1.0745,1.6224,109.0348,132.7502,,1292.69,10775.3,1273.04,2964.16,1772.57,,118.12
24/01/2003,0.5917,415.646,101.9675,1.0827,1.6333,109.0231,133.151,,1296.58,10702.65,1235.84,2920.87,1763.55,,117.82
27/01/2003,0.5894,408.875,102.2533,1.0853,1.6368,109.1186,133.2979,,1293.75,10552.89,1215.86,2816.26,1703.41,,118.56
28/01/2003,0.5888,415.275,102.4221,1.0818,1.6394,109.1859,133.1005,,1293.13,10451.67,1231.74,2823.15,1707.88,,118.77
29/01/2003,0.5904,426.074,101.4042,1.0838,1.6478,109.2255,133.1472,,1289.36,10213.46,1240.31,2861.35,1704.92,,118.36
30/01/2003,0.5892,427.933,102.0422,1.0823,1.6552,109.3148,132.8227,,1292.59,10195.97,1212.23,2925.62,1751.35,,118.96
31/01/2003,0.5871,426.243,101.8798,1.0768,1.6463,109.0857,132.9725,122.9562,1294.33,10224.33,1228.14,2938.67,1745.84,,119.87
03/02/2003,0.5851,418.335,102.5796,1.0795,1.6442,109.0933,132.9534,,1294.06,10421.52,1234.79,2968.98,1805.52,,120.29
04/02/2003,0.5912,428.427,104.8741,1.0884,1.6497,108.9094,133.3102,,1297.99,10402.04,1217.4,2856.06,1756.94,,119.66
05/02/2003,0.5906,433.551,104.1321,1.0785,1.6405,108.8332,133.2778,,1292.64,10481.67,1211.04,2909.77,1800.31,,120.06
06/02/2003,0.5914,433.139,102.341,1.0832,1.6383,108.8192,133.2069,,1297.26,10401.17,1203.58,2837.12,1760.33,,119.8
07/02/2003,0.5903,444.227,102.2891,1.0821,1.6319,108.8985,133.4821,,1299.28,10357,1191.46,2789.69,1761.37,,120.27
10/02/2003,0.5897,435.609,100.5596,1.0718,1.626,109.0184,133.4823,,1295.59,10402.08,1200.51,2779.42,1751.54,,121.31
11/02/2003,0.5909,444.426,100.2315,1.0735,1.6192,,133.4546,,1296.6,,1190.83,2863.8,1795.65,,121.08
12/02/2003,0.5874,444.299,97.4735,1.0714,1.6162,108.9011,133.8265,,1299.33,10621.82,1176.15,2793.61,1769.94,,121.45
13/02/2003,0.5954,449.708,98.7744,1.0832,1.6197,108.9087,133.9452,,1303.77,10542.73,1174.43,2776.76,1767.35,,120.56
14/02/2003,0.5921,449.723,97.2589,1.0793,1.6155,108.9201,133.7866,,1298.02,10668.1,1199.61,2876.46,1767.88,,120.47
17/02/2003,0.59,,,1.0721,1.5974,108.7883,133.7812,,,10755.07,,2929.2,1807.26,,120.34
18/02/2003,0.5897,448.36,95.0897,1.0688,1.5912,108.7983,133.7532,,1299.14,10658.31,1223.11,2982.18,1825.45,,119.1
19/02/2003,0.5944,448.233,96.6671,1.0748,1.5961,108.8274,134.1669,,1303.63,10640.5,1214.66,2887.2,1793.21,,118.73
20/02/2003,0.598,439.3,97.5264,1.0821,1.5932,108.8763,134.2651,,1305.89,10606.76,1203.18,2842.21,1807.4,,118.34
21/02/2003,0.5976,449.54,97.1705,1.0772,1.579,108.999,134.1009,,1302.34,10438.32,1219.1,2887.29,1826.94,,118.7
24/02/2003,0.6051,461.514,98.4504,1.08,1.5875,109.1457,134.4811,,1305.76,10501.35,1196.71,2824.97,1814.55,,117.84
25/02/2003,0.6057,448.177,97.3487,1.0759,1.5741,109.2914,134.5181,,1308.39,10252.9,1205.32,2721.3,1775.16,,117.35
26/02/2003,0.6076,457.141,97.8215,1.0791,1.5836,109.222,134.4345,,1311.2,10248.39,1189.98,2692.11,1768.03,,117.17
27/02/2003,0.6052,455.593,95.6423,1.0745,1.5789,109.2306,134.0486,,1312.42,10251.54,1204.11,2751.51,1756.51,,117.75
28/02/2003,0.6085,452.057,96.7781,1.0807,1.5724,109.2645,134.41,123.8339,1316.6,10256.03,1209.71,2799.01,1798.68,,118.1
03/03/2003,0.6143,449.402,96.5113,1.0891,1.5787,109.2649,134.6985,,1317.8,10412.22,1200.6,2801.18,1812.99,,117.63
04/03/2003,0.6137,456.236,97.6197,1.0925,1.5837,109.4149,134.6988,,1319.46,10399.74,1182.17,2736.65,1783.8,,117.65
05/03/2003,0.6164,454.688,97.5952,1.0971,1.603,109.4033,134.7827,,1321.6,10390.42,1193.87,2720.39,1755.92,,117.28
06/03/2003,0.6139,462.092,98.6208,1.0969,1.6017,109.4694,134.838,,1319.63,10263.53,1182.82,2671.69,1751.92,,117.4
07/03/2003,0.6134,470.917,96.9661,1.1008,1.6033,109.5257,135.1727,,1322.06,9987.56,1192.62,2605.13,1720.47,,117.11
10/03/2003,0.6147,468.518,98.0528,1.1054,1.6019,109.5145,135.371,,1325.6,9862.64,1161.85,2531.84,1693.1,,116.84
11/03/2003,0.6043,465.188,96.896,1.1045,1.6071,109.6513,135.3341,,1324.47,9642.11,1152.15,2529.16,1701.32,,117.14
12/03/2003,0.5942,473.956,95.8114,1.0992,1.6125,109.7099,135.1651,,1324.56,9740.97,1157.61,2418.41,1624.17,,117.38
13/03/2003,0.5954,455.577,92.868,1.0785,1.5997,109.5952,134.188,,1313.87,9649.63,1197.56,2582.22,1722.93,,118.55
14/03/2003,0.5983,433.597,93.0362,1.0747,1.5836,109.5456,133.8097,,1315.79,9814.12,1199.55,2719.22,1779.71,,118.32
17/03/2003,0.5934,426.304,93.2099,1.063,1.5701,109.6183,132.9538,,1308.99,9653.41,1242.09,2821.59,1839.23,,118.51
18/03/2003,0.594,396.54,93.3782,1.0636,1.5667,109.6422,133.1974,,1303.66,9754.98,1247.4,2816.18,1851.58,,118.87
19/03/2003,0.5906,391.615,92.9674,1.0568,1.565,109.7095,132.6131,,1299.84,9873.42,1258.37,2859.72,1866.2,,120.44
20/03/2003,0.5934,375.316,92.0878,1.0615,1.5666,109.5288,132.7222,,1296.96,10050.03,1260.77,2820.13,1866.32,,120.32
21/03/2003,0.5903,361.56,90.1601,1.0525,1.5624,,132.338,,1290.86,,1289.74,2940.72,1913.6,,121.69
24/03/2003,0.5952,380.599,91.1062,1.0646,1.5749,109.547,132.7883,,1299.29,10344.38,1244.31,2778.15,1855.22,,120.74
25/03/2003,0.5975,364.448,90.8057,1.0657,1.5754,109.6851,132.8079,,1299.72,10103.63,1259.44,2856.87,1864.48,,120.07
26/03/2003,0.599,367.004,91.3051,1.0695,1.5743,109.683,132.8157,,1301.06,10296.87,1252.59,2840.73,1880.79,,119.94
27/03/2003,0.6007,381.684,90.8391,1.0686,1.5645,109.5832,133.1382,,1302.57,10317.52,1250.71,2788.26,1849.02,,119.97
28/03/2003,0.601,380.947,91.6972,1.0779,1.574,109.5496,133.2683,,1305.04,10208.4,1243.51,2791.21,1838.85,,119.89
31/03/2003,0.6045,390.414,92.9474,1.0915,1.5827,109.7808,134.0137,123.1036,1311.12,9829.38,1221.46,2666.53,1791.62,,118.09
01/04/2003,0.6053,379.348,92.4812,1.0924,1.5781,109.7924,133.9793,,1311.14,9846.65,1236.3,2706.28,1827.07,,117.92
02/04/2003,0.6016,366.486,91.1597,1.0769,1.5675,109.7599,133.5317,,1304.26,9949.14,1268.82,2828.03,1863.87,,118.96
03/04/2003,0.6017,370.239,89.8657,1.0764,1.573,109.8802,133.0762,,1305.11,9884.91,1262.43,2857.81,1872.63,,119.37
04/04/2003,0.6011,363.065,89.9513,1.0735,1.5611,109.7785,133.2356,,1303.58,9954.41,1265.9,2910.43,1894.14,,120
07/04/2003,0.5986,362.798,88.911,1.0695,1.5545,109.638,132.8086,,1299.89,10171.22,1267.49,3030.05,1954.45,,119.73
08/04/2003,0.6012,366.104,89.107,1.0712,1.5541,109.6399,133.0355,,1305.78,10025.04,1265.57,2987.76,1921.16,,119.88
09/04/2003,0.6057,378.094,90.0205,1.0774,1.5635,109.8506,133.1024,,1307.76,9934.05,1247.99,2984.2,1918.18,,120.09
10/04/2003,0.6062,367.325,90.3269,1.0782,1.5721,109.8581,133.6273,,1305.61,9838.51,1256.04,2912.52,1889.29,,119.67
11/04/2003,0.6051,372.128,90.6609,1.0752,1.5705,109.874,133.138,,1303.11,9636.77,1251.41,2945.38,1891.68,,120.55
14/04/2003,0.6047,371.714,89.6759,1.0774,1.5732,109.9854,133.0443,,1300.78,9557.39,1275.82,2980.09,1912.21,,120.33
15/04/2003,0.6063,376.219,89.8444,1.08,1.5707,109.9786,133.1369,,1304.14,9664.32,1283.96,3037.44,1945.71,,120.32
16/04/2003,0.6127,375.033,90.0682,1.0908,1.5805,110.0143,133.3649,,1306.2,9714.45,1268.28,3007.6,1916.63,,119.6
17/04/2003,0.6132,386.578,90.4299,1.088,1.5707,110.063,133.5681,,1305.74,9643.45,1287.99,3048.52,1933.69,,119.65
18/04/2003,0.6147,,,1.0877,1.5711,110.1604,,,,9708.31,,,,,119.77
21/04/2003,0.6143,386.628,92.1807,1.0871,1.5624,110.183,,,1305,9824.9,1285.72,,,,120.51
22/04/2003,0.6209,380.499,92.4321,1.0974,1.578,110.1587,133.8878,,1305.09,9604.68,1313.63,3075.06,1947.85,,119.95
23/04/2003,0.6171,363.733,91.6345,1.0965,1.586,110.1353,133.635,,1305.26,9608.28,1324.68,3104.42,1972.64,,120.37
24/04/2003,0.6177,365.693,92.5209,1.1035,1.5938,110.1887,133.9384,,1311.77,9683.72,1313.75,3038.01,1939.11,,120.01
25/04/2003,0.6168,363.607,92.1374,1.104,1.5915,110.2367,134.0683,,1313.28,9492.54,1295.57,2987.4,1924.77,,120.21
28/04/2003,0.6181,354.503,92.45,1.0987,1.5885,110.3345,133.9296,,1313.13,9379.42,1318.85,3083.56,1959.61,,120.46
29/04/2003,0.6229,349.72,92.232,1.1083,1.5948,,133.8149,,1311.23,,1323.26,3054.95,1953.43,,119.77
30/04/2003,0.6267,356.623,93.726,1.1184,1.5985,110.353,134.1382,122.9901,1317.22,9655.01,1322.07,3058.43,1952.9,,118.88
01/05/2003,0.6312,357.084,94.5574,1.1233,1.6111,110.3704,134.1583,,1317.65,9694.3,1321.39,3058.43,1930.1,,118.6
02/05/2003,0.6311,351.701,94.2566,1.1233,1.6038,110.3748,134.2264,,1313.82,9748.42,1341.28,3060.88,1966.14,,119.07
05/05/2003,0.6347,351.733,94.6244,1.1292,1.606,,,,1316.2,,1336.24,3100.09,,,118.55
06/05/2003,0.6424,355.341,94.6825,1.1438,1.6157,110.3694,134.401,,1321.79,9965.86,1347.54,3150.87,1992.9,,117.57
07/05/2003,0.638,361.796,94.5197,1.1357,1.5967,110.4085,135.0876,,1328.34,9998.17,1340.87,3110.44,1987.71,,116.44
08/05/2003,0.6418,368.546,96.3171,1.1489,1.602,110.4136,135.2235,,1330.26,9901.74,1327.42,3018.21,1955.83,,117.1
09/05/2003,0.6458,374.219,96.3752,1.1487,1.6053,110.5073,135.3989,,1329.99,10050.43,1346.68,3055,1975.98,,117.4
12/05/2003,0.6497,368.196,97.2116,1.1563,1.6109,110.569,135.5078,,1333.36,10135.45,1363.61,3060.15,1984.99,,117.02
13/05/2003,0.6484,379.616,96.7678,1.1532,1.6103,110.5623,135.6293,,1334.47,10097.4,1359.74,3053.41,1991.19,,116.78
14/05/2003,0.6469,388.05,97.4046,1.1483,1.6181,110.5182,135.6328,,1341.54,10164.78,1355.76,3049.49,1981.54,,116.27
15/05/2003,0.6408,381.744,97.4901,1.1386,1.622,110.4909,135.9596,,1341.33,10014.98,1366.59,3094.49,1999.52,,116.54
16/05/2003,0.6525,384.463,98.0719,1.1592,1.6215,110.5851,136.3642,,1346.55,10007.45,1363.32,3107.82,2018.43,,116.08
19/05/2003,0.6544,377.428,100.6992,1.1657,1.6328,110.4259,136.8714,,1347.05,9911.09,1329.38,2976.65,1964.75,,117.15
20/05/2003,0.6585,379.846,101.2811,1.1714,1.6413,110.4854,136.9582,,1353.92,9936.18,1327.87,2978.01,1979.84,,116.65
21/05/2003,0.6547,386.627,102.8554,1.1634,1.6338,110.5736,137.1342,,1352.77,9885.67,1333.33,2952.67,1962.45,,117.61
22/05/2003,0.6577,384.381,101.728,1.1693,1.6337,110.5838,137.1535,,1356.75,9926.54,1345.53,2995.77,1989.4,,117.22
23/05/2003,0.6603,387.401,101.9515,1.1837,1.6354,110.54,137.5957,,1357.24,10090.63,1347.49,2975.38,1984.12,,116.91
26/05/2003,0.6599,,,1.1876,1.6385,110.6672,,,,10143.21,,2969.53,,,116.88
27/05/2003,0.6553,389.852,101.6873,1.182,1.6396,110.743,137.4651,,1352.38,10011.84,1373.86,2992.71,1990.37,,117.27
28/05/2003,0.651,379.782,100.9733,1.1758,1.6394,110.7848,136.7271,,1350.24,10152.32,1376.58,3059.19,2031.44,,118.58
29/05/2003,0.6524,384.157,102.2172,1.1909,1.6543,110.7468,137.1874,,1356.08,10326.39,1371.51,3063.23,2037.3,,118.02
30/05/2003,0.6528,387.329,100.8141,1.1784,1.6364,110.7383,137.1879,125.6933,1355.21,10386.99,1391.72,3088.72,2019.61,,119.3
02/06/2003,0.6578,399.102,101.237,1.1767,1.6376,110.7144,136.9727,,1350.36,10538.22,1396.7,3155.46,2060.09,,118.59
03/06/2003,0.6614,398.662,101.0195,1.173,1.6291,110.7896,137.7746,,1357.4,10559.57,1403.29,3138.11,2053.33,,119.22
04/06/2003,0.6636,391.903,100.278,1.1643,1.6307,110.8006,137.59,,1360.3,10551.4,1424.91,3175.89,2060.1,,118.91
05/06/2003,0.6648,399.741,101.9082,1.1845,1.6607,110.816,138.0801,,1356.57,10673.92,1430.64,3137.38,2048.96,,117.65
06/06/2003,0.6586,406.676,100.5324,1.1699,1.6623,110.8743,137.6206,,1356.05,10832.53,1427.28,3211.86,2072.2,,118.66
09/06/2003,0.6572,410.326,100.0177,1.1717,1.6454,110.9329,138.3387,,1361.61,10877.98,1410.21,3167.6,2061.36,,118.18
10/06/2003,0.6558,410.94,97.3173,1.1674,1.6519,111.0492,138.4743,,1368.87,10836.5,1423.11,3196.79,2053.34,,117.79
11/06/2003,0.6622,414.714,98.2579,1.175,1.6657,111.127,138.8544,,1368.8,10961.29,1441.86,3253.96,2072.48,,117.79
12/06/2003,0.6652,405.393,97.6261,1.1766,1.6686,111.1712,138.8258,,1371.18,10996.18,1443.41,3292.85,2078.03,,117.69
13/06/2003,0.6686,392.458,98.5392,1.187,1.6724,111.0957,139.2723,,1375.93,11072.67,1429.11,3240.27,2064.48,,117.42
16/06/2003,0.6675,398.362,99.2371,1.1825,1.6772,111.0699,139.158,,1370.71,10899.06,1461.15,3309.26,2073.86,,117.64
17/06/2003,0.6696,399.124,100.3706,1.1784,1.6853,110.9728,138.6447,,1363.64,11137.23,1462.48,3327.46,2092.56,,118.14
18/06/2003,0.6733,394.015,98.7176,1.1692,1.6792,110.6631,137.6476,,1357.11,11211.17,1460.32,3355.95,2101.53,,117.84
19/06/2003,0.6707,393.723,99.8235,1.172,1.6785,109.8444,137.6329,,1358.09,11232.8,1438.09,3308.87,2063.79,,118.38
20/06/2003,0.6683,404.874,98.4187,1.1608,1.6642,110.3437,137.6596,,1354.46,11244.98,1439.54,3339.87,2078.12,,118.35
23/06/2003,0.6636,403.848,97.5151,1.1561,1.668,110.1213,137.8942,,1360.48,11265.63,1419.24,3260.71,2042.02,,117.77
24/06/2003,0.6637,399.942,95.6685,1.1513,1.6633,110.0905,137.8238,,1364.45,10997,1421.86,3255.66,2028.56,,117.86
25/06/2003,0.6679,414.708,96.4709,1.1529,1.6722,110.1249,138.0834,,1355.91,11015.96,1410.1,3264.92,2032.85,,118.04
26/06/2003,0.6645,404.779,94.983,1.1428,1.6615,110.1736,137.0654,,1344.9,11005.37,1425.82,3263.76,2019.76,,119.37
27/06/2003,0.6678,410.209,95.3439,1.1434,1.6495,109.7609,136.7297,,1342.89,11228.25,1411.97,3264.6,2032.84,,119.61
30/06/2003,0.6736,423.64,95.5711,1.1512,1.6546,109.2989,137.0653,124.9317,1346.91,11202.71,1409.48,3219.38,2014.51,,119.8
01/07/2003,0.6766,424.403,97.0638,1.1563,1.6625,109.183,137.1431,,1345.55,11443.68,1421.03,3150.22,1980.9,,119.43
02/07/2003,0.681,420.498,97.0385,1.1539,1.666,108.9763,136.757,,1347.02,11830.65,1437.61,3221.42,2002.75,,118.13
03/07/2003,0.681,424.123,96.9581,1.1502,1.6691,108.0113,136.4159,,1339.95,11870.81,1425.97,3224.82,2011.72,,118.18
04/07/2003,0.6787,,,1.149,1.6663,108.2349,136.7701,,,11775.76,,3206.89,2010.07,,118.14
07/07/2003,0.6774,417.99,96.1673,1.1316,1.6482,108.0547,136.4817,,1336.66,12080.93,1453.07,3310.53,2036.69,,118.18
08/07/2003,0.6608,420.561,95.0656,1.132,1.6354,107.7022,136.473,,1334.98,12208.66,1458.51,3319.49,2036.11,,118.14
09/07/2003,0.6574,431.208,94.93,1.1351,1.6372,108.0097,136.5043,,1336.56,12322.41,1450.51,3294.04,2027.41,,117.8
10/07/2003,0.6587,432.857,95.1363,1.138,1.6346,108.419,136.7826,,1338.47,12278.84,1430.96,3252.45,2014.45,,117.69
11/07/2003,0.6592,435.154,95.2929,1.1291,1.6307,108.6855,136.8715,,1341.21,11883.83,1444.7,3300.16,2029.13,,117.92
14/07/2003,0.6591,433.471,96.0427,1.1283,1.612,108.6048,137.0615,,1335.47,12032.18,1453,3353.65,2063.89,,117.74
15/07/2003,0.6497,435.943,94.5058,1.1179,1.5912,108.4466,136.2269,,1322.99,12026.47,1448.02,3334.65,2051.32,,117.95
16/07/2003,0.6562,425.49,94.783,1.122,1.5965,108.3927,135.9995,,1321.77,12007.93,1438.86,3314.18,2038.63,,118.1
17/07/2003,0.6532,429.04,95.0877,1.1213,1.5972,108.7821,135.6563,,1321.52,11715.49,1421.11,3263.21,2028.35,,118.81
18/07/2003,0.6479,433.513,95.9422,1.1269,1.5906,108.8134,135.953,,1320.43,11751.1,1437.89,3275.46,2036.66,,118.52
21/07/2003,0.652,432.93,96.9664,1.1354,1.6009,,135.6687,,1307.75,,1416.88,3223.36,2022.2,,118.47
22/07/2003,0.651,415.857,96.8863,1.1326,1.5963,108.8243,135.6562,,1310.09,11699.59,1430.35,3246.1,2039.94,,119.16
23/07/2003,0.6598,419.561,99.0882,1.1486,1.6073,108.8048,136.0557,,1312.73,11859.15,1431.1,3235.69,2043.46,,118.78
24/07/2003,0.6661,425.882,100.1079,1.1477,1.6167,108.5961,135.7057,,1309.27,11927.8,1420.96,3304.7,2075.02,,118.91
25/07/2003,0.6635,426.046,100.2479,1.1507,1.6215,108.7894,136.2227,,1308.23,11899.45,1445.7,3256.2,2065.81,,118.77
28/07/2003,0.6633,424.847,100.8328,1.1496,1.6252,109.023,135.5315,,1301.31,12136.62,1442.58,3315.71,2074.63,,119.43
29/07/2003,0.6628,425.012,99.983,1.1442,1.6237,108.8655,135.7031,,1294.48,12129.71,1432.31,3293.91,2068.73,,119.94
30/07/2003,0.6529,431.335,98.4732,1.1346,1.6161,108.8165,135.491,,1299.29,11880.99,1429.91,3311.89,2072.26,,120.27
31/07/2003,0.6488,429.345,97.8434,1.1232,1.6108,108.9485,134.9046,122.5862,1287.75,11795.33,1434.33,3359.75,2080.19,,120.55
01/08/2003,0.6512,454.91,95.646,1.1277,1.6114,108.8312,134.611,,1288.52,11855.1,1419.64,3307.13,2050.87,,120.12
04/08/2003,0.6465,447.557,96.506,1.136,1.6116,108.8223,135.0621,123.1935,1295.07,11659.14,1423.51,3275.9,2051.69,,120.33
05/08/2003,0.6471,452.803,96.5911,1.1388,1.6155,109.0761,134.9383,122.8681,1286.71,11572.54,1398.42,3309.9,2062.18,,119.85
06/08/2003,0.648,446.349,96.9236,1.1334,1.6095,109.0146,135.1095,123.4972,1297.51,11500.18,1401.01,3250.69,2038.27,,120.28
07/08/2003,0.6518,458.216,97.3938,1.1374,1.6182,109.0341,135.4936,123.9098,1300.34,11428.21,1411.27,3248.93,2050.86,,118.96
08/08/2003,0.6527,453.455,98.4415,1.1309,1.6031,109.1274,136.1649,124.5922,1300.39,11504.64,1416.3,3282.42,2077.01,,119.08
11/08/2003,0.6584,451.797,99.9345,1.1359,1.6086,109.0789,135.7209,123.9269,1296.18,11702.32,1421.01,3308.21,2091.47,,118.6
12/08/2003,0.6564,451.809,99.0294,1.1284,1.6025,109.0611,135.7802,123.7383,1297.92,11797.3,1435.17,3331.59,2095.93,,118.74
13/08/2003,0.6583,437.961,100.0498,1.1322,1.608,108.86,135.1246,122.8903,1285,12029.11,1426.55,3333.14,2101.81,,119.15
14/08/2003,0.6564,441.053,101.0977,1.1262,1.6021,108.3384,134.8038,122.4891,1284.46,12227.34,1435.96,3394.93,2130.54,,119.15
15/08/2003,0.6602,440.448,100.3301,1.1266,1.5962,108.1042,135.2648,122.8857,1287.14,12165.67,1436.43,3401.35,2135.32,,119.2
18/08/2003,0.6584,438.019,99.0175,1.1146,1.5908,107.5878,135.2802,123.0696,1290.16,12374.73,1449.65,3436.62,2147.78,,119.45
19/08/2003,0.6558,435.72,99.873,1.114,1.5875,106.8679,135.3088,123.1995,1297.51,12548.8,1453.45,3443.55,2137.07,,118.37
20/08/2003,0.6606,440.814,100.9761,1.1119,1.5942,106.4911,135.2234,122.8868,1293.84,12694.29,1450.61,3421.47,2125.5,,118.1
21/08/2003,0.6541,452.993,99.5481,1.0923,1.5787,107.0144,135.1184,122.7201,1289.05,12781.41,1454.98,3449.86,2128.59,,117.81
22/08/2003,0.6525,452.697,100.2385,1.0877,1.575,106.9966,135.2048,122.8023,1292.71,12680.86,1440.17,3462.73,2129.8,,117.55
25/08/2003,0.6499,452.733,99.7237,1.0874,1.5713,106.9953,,,1288.92,12675.27,1441.11,3424.66,,,117.32
26/08/2003,0.6442,452.899,100.9371,1.0857,1.5684,106.5934,135.2744,122.8261,1292.02,12746.28,1445.51,3387.41,2105.34,,117.36
27/08/2003,0.6394,444.439,102.9487,1.0888,1.572,106.7979,135.1232,122.5754,1288.54,12717.19,1445.84,3418.95,2120.25,,117.41
28/08/2003,0.6403,448.302,102.2636,1.0885,1.5779,106.6387,135.2659,122.9495,1296.21,12613.85,1454.7,3439.29,2116,,117.32
29/08/2003,0.6475,450.317,103.6974,1.0984,1.5777,106.5305,135.2383,122.8078,1295.39,12759.82,1462.3,3413.54,2097.4,,116.92
01/09/2003,0.6459,,,1.0969,1.5707,105.8742,135.1649,122.7453,,13162.75,,3472.54,2119.26,,116.56
02/09/2003,0.6366,420.017,103.0207,1.0809,1.5674,105.3747,134.3145,121.745,1285.43,13187.3,1482.61,3471.07,2119.22,,116.58
03/09/2003,0.6406,423.726,103.2161,1.0846,1.5707,105.4822,134.1014,121.5753,1285.92,13218.89,1489.25,3526.81,2149.1,,115.9
04/09/2003,0.6426,419.577,102.9437,1.0946,1.5824,106.1364,134.2753,121.795,1291.46,13134.09,1491.77,3523.14,2142.4,,116.73
05/09/2003,0.6479,415.274,104.2401,1.1104,1.5883,106.4862,134.6405,122.2091,1303.15,13138.8,1482.24,3491.12,2146.62,,116.83
08/09/2003,0.6487,415.616,103.5604,1.1066,1.5829,106.429,135.0031,122.6763,1301.71,13179.5,1497.22,3518.86,2164.21,,116.84
09/09/2003,0.6594,418.998,105.3799,1.1226,1.5906,105.8236,134.8026,122.1056,1303.19,13473.44,1484.93,3476.79,2150,,116.86
10/09/2003,0.6571,421.584,104.9147,1.1211,1.5921,105.9147,135.1903,122.6005,1310.09,13392.37,1467.29,3425.3,2144.53,,117.09
11/09/2003,0.6604,414.681,104.8348,1.121,1.5954,106.3607,135.0043,122.4379,1305.72,13009.97,1475.72,3434.94,2139.54,,117.11
12/09/2003,0.6636,406.974,103.7639,1.1291,1.603,106.1839,135.7922,123.361,1309.89,13215.34,1478.94,3400.29,2137.33,,117.29
15/09/2003,0.6653,408.103,103.4141,1.1284,1.6011,,135.7417,123.19,1311.94,,1473.43,3412.11,2148.99,,117.48
16/09/2003,0.6631,401.845,103.1414,1.1177,1.5873,106.5697,135.56,122.687,1309.09,13430.26,1494.5,3451.69,2168.18,,116.19
17/09/2003,0.6655,396.213,103.8875,1.1285,1.6095,106.6699,135.7474,122.5539,1315.55,13557.42,1489.7,3453.73,2166.54,,116.03
18/09/2003,0.6661,396.067,104.0003,1.1255,1.6173,106.9337,135.706,122.821,1315.22,13610.72,1509.47,3482.79,2177.51,,115.25
19/09/2003,0.6727,393.412,105.4348,1.1371,1.6372,106.8967,135.9728,122.9746,1316.49,13493.65,1504.74,3447.93,2148.39,,113.99
22/09/2003,0.6778,395.637,106.93,1.1462,1.6498,107.6883,136.2767,123.0821,1312.23,12922.1,1485.16,3356.66,2133.83,,112.21
23/09/2003,0.6756,393.923,106.5748,1.1444,1.6511,,136.4481,123.2212,1314.79,,1494.19,3328.52,2130.58,,112.29
24/09/2003,0.6775,409.609,106.9631,1.1496,1.6593,107.5268,136.3047,123.1296,1320.16,12955.64,1465.66,3307.57,2139.22,,111.73
25/09/2003,0.6789,411.187,106.2774,1.1491,1.6592,107.0086,136.5622,123.2755,1322.28,12756.94,1457.09,3291.27,2121.94,,112.23
26/09/2003,0.6738,408.219,105.151,1.1464,1.6592,106.8461,136.8766,123.7926,1327.48,12767.33,1448.03,3268.29,2099.19,,111.73
29/09/2003,0.6783,410.289,105.5448,1.1598,1.6669,106.6814,136.8947,123.624,1324.35,12657.37,1462.2,3257.87,2091.92,,110.78
30/09/2003,0.6801,421.431,106.3462,1.1657,1.6618,106.8285,137.2985,123.8756,1334.45,12644.35,1446.77,3198.8,2065.95,,111.5
01/10/2003,0.6864,425.675,106.046,1.1718,1.6686,106.8044,137.2601,123.8231,1334.81,12820.29,1479.23,3256.72,2105.58,,110.67
02/10/2003,0.6847,429.919,105.6907,1.1696,1.6707,106.965,136.4327,122.8923,1330.29,13107.71,1482.36,3250.54,2125.72,,110.71
03/10/2003,0.6792,435.575,101.9198,1.158,1.6638,107.0917,135.7063,122.2474,1316.79,13250.94,1496.32,3359.83,2158.53,,110.93
06/10/2003,0.6854,438.745,102.8367,1.171,1.6695,107.0398,136.0738,122.6488,1321.07,13289.11,1502.86,3333.95,2156.55,,110.99
07/10/2003,0.6906,441.892,104.079,1.1761,1.6624,107.1209,135.8613,122.4358,1314.74,13388.33,1510.05,3306.6,2157.49,,109.93
08/10/2003,0.6907,436.572,103.5858,1.1812,1.6627,107.3414,135.9561,122.2866,1314.91,13044.19,1502.65,3302.96,2155.87,,109.61
09/10/2003,0.6903,455.871,101.8804,1.1748,1.6661,107.4977,135.6235,121.9992,1311.1,13030.88,1509.86,3379.72,2178.75,,109.08
10/10/2003,0.6917,466.86,103.0677,1.1798,1.6637,107.2838,135.9474,122.5334,1314.55,13345.99,1509,3363.1,2177.3,,108.66
13/10/2003,0.6899,467.053,103.5164,1.1706,1.6665,,135.4325,121.9443,,,1519.6,3423.14,2203.22,,108.93
14/10/2003,0.6902,464.556,103.6568,1.1724,1.6717,106.7614,135.4417,121.6389,1308.67,13569.19,1525.6,3408.42,2188.95,,108.87
15/10/2003,0.6886,465.038,102.8053,1.1635,1.6675,106.9756,135.0612,121.2966,1305.14,13486.93,1521.95,3435.37,2207.32,,109.54
16/10/2003,0.6882,463.481,102.8354,1.1587,1.6729,106.9866,135.3371,121.4861,1300.36,13641.84,1526.8,3417.18,2192.6,,109.97
17/10/2003,0.6926,449.377,102.5624,1.168,1.6786,106.8768,135.2314,121.5257,1305.07,13657.6,1511.18,3407.86,2194.77,,109.38
20/10/2003,0.6914,443.921,103.1764,1.1635,1.6708,106.4905,135.3348,121.633,1306.72,13810.81,1518.97,3409.67,2196.57,,110.38
21/10/2003,0.7001,442.834,105.2734,1.1667,1.6748,106.6098,135.6568,121.8395,1307.3,13649.72,1520.93,3420.3,2198.98,,109.49
22/10/2003,0.7049,437.355,106.5989,1.1804,1.6913,106.8767,135.7043,121.3949,1313.7,13474.14,1498.28,3353.28,2165.29,,108.99
23/10/2003,0.7,442.386,106.1056,1.1791,1.6951,107.2781,135.5685,121.2081,1311.31,12788.09,1503.26,3325.36,2142.35,,109.51
24/10/2003,0.6993,441.142,107.2658,1.1781,1.6953,107.1732,135.5959,121.1225,1318.49,12788.92,1496.2,3316.66,2141.73,,109.25
27/10/2003,0.7045,439.294,106.9985,1.1744,1.6946,107.1943,135.4839,120.8855,1315.43,12935.5,1499.43,3356.42,2147.95,,108.53
28/10/2003,0.7055,435.069,105.6782,1.1669,1.6967,107.0067,135.4199,121.1273,1320.91,13067.76,1522.21,3397,2158.87,,108.28
29/10/2003,0.7035,425.824,106.6733,1.1663,1.6979,106.9427,135.4292,120.7177,1315.36,13288.38,1524.41,3414.98,2156.33,,108.32
30/10/2003,0.7047,419.245,105.9594,1.1626,1.6954,106.822,135.1244,120.7089,1311.04,13234.41,1523.12,3436.19,2174.16,,108.74
31/10/2003,0.7086,428.984,106.0173,1.1593,1.6957,106.7498,135.5224,121.0185,1314.09,13066.36,1528.62,3440.9,2167.42,,109.94
03/11/2003,0.6967,425.409,103.9582,1.1457,1.6761,,135.0493,120.2651,1310.42,,1540.71,3517.41,2190.16,,110.96
04/11/2003,0.7032,423.066,104.7604,1.1494,1.6805,106.5563,135.3348,120.7727,1314.39,13423.2,1532.34,3511.62,2188.98,,109.56
05/11/2003,0.7091,445.517,105.5075,1.1439,1.6743,106.4295,135.3056,121.264,1310.52,13410.29,1530.54,3488.34,2175.83,,109.89
06/11/2003,0.7068,441.449,104.9588,1.1416,1.6679,106.4199,134.7393,120.7546,1306.09,13057.56,1539.75,3510.76,2186.33,,110.24
07/11/2003,0.7095,449.307,105.706,1.1525,1.6762,106.2993,134.5051,120.679,1303.89,13152.44,1533.02,3552.09,2212.97,,109.39
10/11/2003,0.7155,451.329,106.6236,1.1481,1.6707,106.3963,134.6585,120.8795,1303.21,12998.51,1524.26,3519.3,2195.22,,108.84
11/11/2003,0.7154,455.647,107.0396,1.1523,1.6653,107.067,134.664,120.8119,,12630.38,1523.47,3500.36,2196.89,,108.71
12/11/2003,0.7163,453.689,108.931,1.1634,1.6738,107.1983,134.6728,121.0101,1307.16,12654.14,1541.49,3511.39,2212.77,,108.87
13/11/2003,0.7214,459.252,108.7412,1.1735,1.6872,107.2318,135.075,121.385,1317.04,12791.94,1541.3,3524.26,2213.68,,108.11
14/11/2003,0.7208,463.11,109.7616,1.1779,1.688,107.261,135.5143,121.5834,1321.52,12581,1529.84,3551.21,2225.81,,108.35
17/11/2003,0.7119,456.095,108.01,1.1749,1.692,107.558,135.8073,121.9594,1324.81,12110.49,1520.07,3456.47,2196.39,,108.92
18/11/2003,0.7245,478.062,109.6906,1.1973,1.7043,107.3415,135.8681,122.1015,1325.94,12246.88,1506.32,3453.78,2204.4,,107.95
19/11/2003,0.7214,467.978,108.9233,1.1878,1.6973,107.4444,135.5904,121.4793,1321.21,11897.46,1518.51,3441.23,2190.8,,109.32
20/11/2003,0.7218,464.465,108.596,1.1912,1.7045,107.2693,135.6808,121.4824,1326.26,12208.18,1505.76,3433.29,2180.99,,109.03
21/11/2003,0.7237,462.554,109.259,1.1914,1.7045,107.4243,135.9154,121.5616,1326.99,12192.25,1508.21,3446.02,2186.58,,108.77
24/11/2003,0.7187,439.991,108.0297,1.1771,1.6967,,135.4058,121.0377,1321.79,,1532.69,3518.21,2218.65,,109.35
25/11/2003,0.7194,440.804,107.95,1.1792,1.6988,107.4298,135.2739,120.8489,1324.57,12325.98,1535.49,3508.93,2221.88,,109.4
26/11/2003,0.7238,448.83,109.4933,1.1942,1.7124,107.3558,135.413,121.659,1320.8,12554.46,1542.4,3501.25,2216.27,,109.09
27/11/2003,0.7229,,,1.1908,1.7138,107.3716,135.0964,121.3739,,12577.42,,3523.07,2211.58,,109.09
28/11/2003,0.7243,,,1.1996,1.7222,107.5879,135.1188,121.3342,1315.73,12499.69,1542.07,3515.84,2202.2,,109.63
01/12/2003,0.7281,445.201,111.1031,1.1979,1.7202,107.3568,134.7786,121.2696,1311.72,12874.29,1559.5,3574.84,2236.39,,109.41
02/12/2003,0.7313,455.152,111.3261,1.2081,1.7299,106.8706,134.988,121.2019,1312.99,12882.8,1554.42,3564.61,2220.63,,108.58
03/12/2003,0.7373,459.653,111.384,1.2111,1.7283,107.0393,135.1612,121.3589,1310.59,12779.15,1552.09,3600.76,2227.6,,108.29
04/12/2003,0.7355,460.466,111.2218,1.2085,1.7221,107.0574,135.0896,121.4947,1313.81,12907.36,1559.47,3600.14,2220.59,,108.21
05/12/2003,0.7368,454.866,112.0776,1.2171,1.7296,107.2395,135.8101,122.5122,1325.22,12837.4,1547.52,3571.52,2214.92,,107.69
08/12/2003,0.7405,475.424,112.1413,1.2221,1.7334,107.4571,135.856,122.2492,1321.02,12431.34,1558.96,3543.97,2211.28,,107.41
09/12/2003,0.7415,467.9,112.5294,1.2254,1.7465,107.5628,135.7102,122.2389,1316.14,12529.03,1545.68,3572.32,2221.29,,107.27
10/12/2003,0.7399,467.431,112.0093,1.2219,1.743,107.7241,135.9165,122.6626,1319.11,12264.55,1544.31,3556.43,2198.91,,108.45
11/12/2003,0.7396,466.641,111.5718,1.2225,1.7457,107.6364,135.7501,122.3947,1324.89,12468.22,1562.23,3588.48,2196.82,,108.03
12/12/2003,0.7418,479.802,112.8681,1.2277,1.7459,107.7829,136.1371,123.256,1324.8,12585.19,1566.5,3589.39,2205.13,,107.78
15/12/2003,0.7442,481.762,112.8215,1.2322,1.7474,107.3809,136.2952,123.3869,1323.4,12982.57,1557.66,3607.27,2205.31,,107.55
16/12/2003,0.7436,477.123,112.4115,1.2329,1.7553,107.6502,136.4341,124.0244,1326.37,12711.34,1568.02,3605.09,2197.68,,107.51
17/12/2003,0.7393,486.597,113.5978,1.2412,1.7663,107.6848,136.7258,124.234,1329.48,12489.87,1570.15,3598.57,2208.93,,107.41
18/12/2003,0.741,489.656,113.1602,1.2426,1.7738,107.5623,136.8219,124.1825,1332.84,12503.93,1588.9,3628.61,2230.76,,107.63
19/12/2003,0.736,477.639,112.8326,1.2374,1.7652,107.6795,136.6541,123.7985,1333.25,12727.35,1588.19,3642.68,2238.38,,107.82
22/12/2003,0.7337,461.636,113.2264,1.2398,1.7629,107.7814,136.8436,124.0086,1331.81,12836.21,1594.43,3627.76,2244.32,,107.57
23/12/2003,0.7367,462.449,113.3117,1.2395,1.7631,,136.9047,124.1382,1325.07,,1598.93,3637.75,2252.89,,107.43
24/12/2003,0.7418,462.139,113.6448,1.2448,1.7752,107.7641,136.9141,124.1346,1330.44,12834.68,1596.05,3642.43,2255.41,,107.36
25/12/2003,0.7419,,,1.2453,1.7733,107.9099,,,,12832.58,,,,,107.26
26/12/2003,0.7419,,,1.2429,1.7711,107.7404,,,1334.08,12897.04,1598.75,,,,107.46
29/12/2003,0.7443,466.205,114.3468,1.2491,1.7732,107.555,136.9253,124.1515,1329.29,13000.06,1619.16,3668,2261.9,,107.03
30/12/2003,0.7491,472.794,114.8727,1.2551,1.7774,107.5259,136.8094,123.7713,1326.42,13217.98,1619.59,3675.87,2268.44,,106.98
31/12/2003,0.752,479.705,114.5727,1.2595,1.7858,107.5304,136.8161,124.1093,1327.38,,1622.94,3690,2271.89,,107.22
01/01/2004,0.7512,,,1.2547,1.783,,,,,,,,,,107.45
02/01/2004,0.7581,,,1.2585,1.7935,,136.749,123.5453,1319.84,,1618.05,3740.41,2288.8,,107.06
05/01/2004,0.7678,491.476,116.9823,1.2676,1.8067,107.3677,136.6836,123.439,1319.72,13401.86,1638.1,3754.47,2290.36,,106.2
06/01/2004,0.7697,491.488,116.5447,1.2728,1.8217,107.5711,137.1328,123.6721,1326.96,13388.02,1640.31,3751.57,2286.28,,106.18
07/01/2004,0.768,489.736,116.2998,1.2631,1.8179,107.5299,137.2986,123.9198,1329.06,13318.48,1644.6,3720.3,2270.28,,106.17
08/01/2004,0.7757,493.278,116.8811,1.2767,1.8336,107.5223,137.3449,123.9883,1329.08,13417.31,1652.83,3772.2,2281.04,,106.2
09/01/2004,0.7768,496.821,117.5451,1.2818,1.8477,107.6251,137.9507,124.9928,1340.54,13575.03,1638.14,3743.89,2266.89,,106.8
12/01/2004,0.7775,500.63,117.4991,1.2749,1.8458,,138.1892,125.2819,1341.22,,1646.03,3736.15,2258.43,,106.64
13/01/2004,0.779,495.108,116.7969,1.2774,1.8473,107.9264,138.0013,125.2793,1344.87,13432.2,1637.33,3746.96,2253.62,,106.22
14/01/2004,0.7739,491.448,116.2337,1.2647,1.8328,107.9058,137.873,125.1341,1347.55,13448.69,1650.96,3783.7,2264.49,,106.17
15/01/2004,0.7701,471.794,112.58,1.2579,1.8227,107.9644,138.0039,124.9439,1348.06,13203.75,1653.21,3799.33,2261.79,,106.35
16/01/2004,0.7638,487.188,112.1431,1.2394,1.7986,108.0047,137.8885,124.6448,1346.01,13441.51,1664.57,3832.98,2277.93,,106.63
19/01/2004,0.7552,,,1.235,1.7833,107.9565,137.8667,124.7387,,13663.28,,3851.67,2293.29,,107.25
20/01/2004,0.7674,500.164,113.7752,1.2582,1.8207,107.7397,138.1006,124.8215,1343.62,13745.94,1663.03,3824.45,2283.71,,107.06
21/01/2004,0.7738,495.593,113.3108,1.2644,1.8325,107.7656,137.983,124.5558,1345.01,13621.26,1676.07,3843.54,2290.26,,106.9
22/01/2004,0.7783,500.024,113.0112,1.2719,1.8445,107.8738,138.1616,124.4389,1349.7,13619.17,1670.73,3867.58,2272.8,,106.04
23/01/2004,0.7712,497.418,112.4643,1.2582,1.8261,107.8073,138.5756,124.7881,1342.91,13703.74,1667.26,3870.48,2264.69,,106.75
26/01/2004,0.7689,490.416,112.1152,1.2462,1.8149,107.9171,137.9789,124.1028,1338.73,13584.38,1687.44,3846.29,2256.91,,106.39
27/01/2004,0.7789,487.809,113.025,1.2646,1.8278,107.9578,138.1692,124.454,1342.66,13529.84,1670.91,3859.39,2257.68,,105.55
28/01/2004,0.7703,479.309,114.2922,1.247,1.8186,107.9106,138.1832,124.2785,1334.1,13436.29,1648.44,3876.16,2268.47,,106.23
29/01/2004,0.7607,470.972,109.7871,1.2411,1.8164,107.8596,137.3549,123.5199,1334.68,13345.87,1657.09,3827.05,2239.74,,105.95
30/01/2004,0.7642,472.13,110.7519,1.2478,1.8238,107.9582,137.657,123.8149,1338.69,13351.03,1652.73,3799.02,2229.15,,105.71
02/02/2004,0.7589,489.681,109.7706,1.2425,1.8196,107.9604,137.7416,123.7859,1337.96,13342.51,1658.79,3819.62,2224.42,,105.61
03/02/2004,0.7657,477.088,109.9383,1.2544,1.8392,108.0091,137.869,123.8107,1341.64,13175.6,1659.92,3802.71,2229.1,,105.5
04/02/2004,0.7618,466.294,110.436,1.2535,1.8315,108.1594,138.0097,124.1138,1340.82,12934.58,1646.29,3774.14,2233.11,,105.43
05/02/2004,0.7612,472.691,109.6415,1.2549,1.834,108.2302,138.1544,124.1237,1337.18,12956.06,1649.35,3769.35,2225.94,,105.84
06/02/2004,0.7708,467.137,111.1289,1.2706,1.8477,108.1856,138.3961,124.4571,1343.37,12951.5,1670.14,3792.49,2235.27,,105.49
09/02/2004,0.7772,470.611,112.0173,1.2701,1.8609,108.1723,138.4702,124.6005,1345.31,12879.31,1666.16,3842.48,2251.36,,105.59
10/02/2004,0.779,488.308,111.9101,1.2671,1.868,108.2242,138.4824,124.788,1342.57,12833.24,1674.55,3855.81,2236.4,,105.62
11/02/2004,0.7883,486.519,112.9304,1.2832,1.891,,138.5895,125.0836,1348.73,,1693.03,3869.01,2232.09,,105.47
12/02/2004,0.7895,488.66,113.8957,1.2811,1.8927,108.3141,138.6886,125.0169,1346.11,12949.45,1684.92,3876.31,2222.79,,105.37
13/02/2004,0.7899,497.025,112.9637,1.2735,1.8853,108.2519,138.7887,125.1254,1348.64,13071.31,1675.86,3828.96,2240.2,,105.46
16/02/2004,0.7929,,,1.2772,1.8906,108.2381,138.849,125.1175,,13060.2,,3851.06,2238.22,,105.47
17/02/2004,0.7985,500.515,114.5426,1.2842,1.9048,108.1466,139.0593,125.2141,1349.02,13250.07,1692.22,3875.14,2265.32,,105.67
18/02/2004,0.7897,503.639,113.528,1.269,1.889,108.3386,139.0468,124.7219,1349.17,13219.96,1684.9,3878.1,2260.64,,106.76
19/02/2004,0.7915,500.049,112.8433,1.2717,1.8944,108.3777,138.6956,124.229,1349.54,13315.29,1678.01,3925.42,2297.62,,107.02
20/02/2004,0.771,497.932,109.4634,1.2537,1.8615,108.5034,138.7099,124.2484,1345.86,13274.29,1673.71,3887.16,2297.35,,109.04
23/02/2004,0.7719,499.936,109.8293,1.2556,1.8677,108.3888,138.7088,124.0515,1349.76,13457.88,1669.2,3891.3,2302.07,,108.38
24/02/2004,0.7801,498.966,111.3449,1.2686,1.8914,108.3809,139.1382,124.846,1351.3,13181.84,1666.42,3835.87,2288.05,,108.18
25/02/2004,0.7722,510.445,108.9548,1.2501,1.8707,108.4957,139.0961,124.8934,1352.38,13199.92,1673.34,3844.48,2295.86,,108.99
26/02/2004,0.7715,510.459,108.7925,1.244,1.862,108.4547,139.1643,124.7881,1350.49,13393.81,1675.63,3859.3,2300.11,,109.57
27/02/2004,0.7738,522.267,109.153,1.2493,1.8685,108.3794,139.5145,125.1186,1355.28,13674.47,1675.7,3872.2,2288.05,,109.11
01/03/2004,0.7727,536.724,109.9317,1.2458,1.8694,108.2444,139.391,124.8627,1354.85,13958.31,1691.9,3906.16,2310.86,,108.99
02/03/2004,0.7637,533.952,108.3389,1.2216,1.8394,107.8672,139.2877,124.9581,1350.92,14070.25,1681.88,3943.71,2312.45,,110.1
03/03/2004,0.7499,520.368,108.0391,1.2206,1.8302,107.5921,138.8851,124.3086,1349.96,14058.37,1685.17,3917.18,2307.13,,110.05
04/03/2004,0.7513,530.212,108.1795,1.2203,1.8237,107.6846,139.1606,124.6579,1352.23,14120.13,1690.83,3951.74,2324.43,,111.12
05/03/2004,0.7595,536.944,110.4934,1.2366,1.8461,107.5687,139.9418,125.6539,1365.93,14287.94,1693.76,3942.39,2318.32,,112.04
08/03/2004,0.7598,527.142,110.3096,1.2407,1.8512,107.8053,140.4992,126.1539,1370.03,14245.3,1679.74,3961.24,2321.72,,111.19
09/03/2004,0.7585,521.27,111.302,1.2326,1.8265,107.8944,140.623,126.4277,1373.8,14281.44,1670.07,3912.17,2315.73,,111.32
10/03/2004,0.7456,518.297,110.1509,1.2225,1.8027,108.0495,140.4173,126.3112,1372.76,14159.08,1645.79,3911.67,2322.57,,110.91
11/03/2004,0.7374,529.33,110.346,1.2355,1.8116,108.2047,140.642,126.4433,1372.4,13990.41,1621.21,3793.01,2271.42,,110.78
12/03/2004,0.7336,519.99,108.8666,1.2215,1.8036,108.3288,140.638,126.5245,1371.36,13824.1,1641.42,3793.03,2282.73,,110.79
15/03/2004,0.7365,535.899,109.973,1.2265,1.8054,108.1987,140.7946,126.7179,1371.04,14016.24,1617.91,3688.77,2254.92,,110.31
16/03/2004,0.7427,533.908,110.7995,1.2273,1.8125,108.2302,140.4364,126.2415,1376.95,13922.6,1627.03,3711.59,2263.08,,108.77
17/03/2004,0.7416,547.955,112.0378,1.2237,1.8168,108.1366,140.7825,126.3056,1377.13,14163.56,1646.29,3776.66,2284.69,,108.28
18/03/2004,0.7511,540.786,113.1938,1.239,1.8353,108.0553,140.8399,126.3638,1372.93,14222.29,1644.21,3696.17,2254.48,,106.83
19/03/2004,0.7491,542.972,113.5811,1.229,1.8335,107.8293,140.8692,126.226,1370.36,14140.84,1625.84,3707.14,2264.67,,106.67
22/03/2004,0.7533,537.501,114.9354,1.2331,1.8469,107.8784,141.0405,126.4098,1375.26,14017,1604.8,3629.85,2221.62,,106.88
23/03/2004,0.7527,545.368,115.5973,1.2339,1.8505,108.0386,140.9403,126.3969,1375.91,13970.66,1602.67,3631.96,2213.8,,106.77
24/03/2004,0.7447,541.205,114.8864,1.2135,1.826,108.1391,141.1929,126.5306,1376.37,14074.56,1598.85,3616.39,2210.23,,106.23
25/03/2004,0.739,523.34,114.7521,1.2128,1.807,108.1836,141.2706,126.4817,1374.69,14280.04,1625.01,3683.82,2243.15,,106.18
26/03/2004,0.7466,525.192,116.2104,1.2132,1.8158,107.7157,141.1344,126.361,1367.32,14637.57,1623.36,3702.66,2234.89,,106.01
29/03/2004,0.7467,520.721,114.8464,1.2158,1.8192,107.3075,140.5657,125.5963,1364.36,14572.39,1644.75,3748.12,2260.13,,105.54
30/03/2004,0.7534,532.265,116.1127,1.2171,1.827,107.4905,140.6462,125.6362,1363.55,14541.85,1651.43,3739.95,2263.25,,105.77
31/03/2004,0.7668,520.247,117.6262,1.2316,1.8462,107.5526,140.8544,125.8933,1368,14569.38,1650.42,3734.47,2252.78,,104.23
01/04/2004,0.7669,519.926,117.7666,1.2365,1.8573,107.6743,140.4905,125.739,1364.02,14529.62,1659.16,3777.62,2265.64,,103.68
02/04/2004,0.7577,498.715,116.0394,1.2136,1.8295,107.636,139.6214,124.7733,1347.38,14694.44,1673.41,3865.22,2293.84,,104.51
05/04/2004,0.7541,506.777,114.3458,1.2018,1.821,107.3015,139.5222,124.5446,1342.44,14871.49,1686.24,3893.07,2301.59,,104.93
06/04/2004,0.7632,517.654,115.3101,1.2118,1.8438,107.1507,139.6784,124.6489,1345.5,15022.44,1683.23,3838.35,2297.54,,105.75
07/04/2004,0.7663,536.054,116.3843,1.2175,1.84,107.2952,139.8931,124.8929,1345.7,14947.72,1672.14,3820.66,2295.67,,105.23
08/04/2004,0.7626,549.607,115.5632,1.2088,1.8342,107.2882,139.8694,124.9035,1343.72,15038.47,1670.36,3832.78,2306.45,,106.29
09/04/2004,0.7635,,,1.2093,1.8344,107.3396,,,,14795.87,,,,,106.45
12/04/2004,0.7663,549.664,115.6301,1.2078,1.8394,107.1036,,,1342.4,14976.43,1679.02,,,,105.39
13/04/2004,0.7547,551.684,112.0068,1.1946,1.8192,107.2975,139.3323,124.2635,1335.08,15082.29,1655.99,3875.21,2319.86,,106.59
14/04/2004,0.7347,553.035,110.0316,1.1962,1.7912,107.0192,139.1295,124.1261,1331.65,15045.43,1654.17,3830.55,2305.2,,108.65
15/04/2004,0.7412,562.411,109.43,1.1984,1.7924,107.2152,139.2604,124.3899,1330.32,14675.11,1655.15,3827.76,2315.52,,108.27
16/04/2004,0.7439,559.751,110.3394,1.1993,1.7981,107.2738,139.6651,124.7146,1333.82,14705.16,1663.62,3845.5,2331.85,,107.82
19/04/2004,0.7466,556.784,110.2379,1.2023,1.8087,107.3176,139.6874,124.5057,1332.39,14630.11,1665.4,3835.16,2336.44,,108.44
20/04/2004,0.7327,550.779,109.4439,1.1868,1.786,107.1398,139.4019,124.3188,1329.64,14863.97,1639.49,3861.4,2348.16,,108.78
21/04/2004,0.7305,540.928,107.5508,1.1843,1.7748,106.9524,139.3139,124.1794,1328.24,14854.07,1648.31,3830.1,2334.25,,109.39
22/04/2004,0.7347,555.991,108.2406,1.1904,1.776,107.1591,139.3785,124.4057,1332.04,14898.59,1671.63,3859.86,2350.69,,109.41
23/04/2004,0.7338,550.822,108.738,1.1843,1.7714,107.3159,139.2665,124.3476,1325.86,15073.39,1672.62,3882.52,2349.72,,108.97
26/04/2004,0.735,558.724,108.9938,1.1867,1.7869,107.2798,139.2413,124.1809,1327.62,15127.15,1665.2,3876.42,2350.7,,108.61
27/04/2004,0.7349,569.944,109.6838,1.1925,1.7922,107.2706,139.2354,124.2167,1329.99,14979.15,1668.98,3874.76,2352.67,,109.42
28/04/2004,0.722,570.127,106.0591,1.1842,1.7713,107.1863,139.2051,124.1447,1325.46,14928.67,1646.2,3810.09,2328.48,,110.1
29/04/2004,0.7212,569.473,106.3917,1.1962,1.7734,,139.2656,124.1553,1321.28,,1634.16,3773.91,2325.94,,109.89
30/04/2004,0.7207,572.499,106.5045,1.198,1.7781,107.1581,139.3747,124.3672,1324,14627.09,1624.51,3751,2310.58,,110.52
03/05/2004,0.7211,572.545,106.5131,1.1946,1.7728,,,,1324.39,,1639.46,3782.15,,,110.34
04/05/2004,0.7301,595.142,107.698,1.21,1.7967,,139.4974,124.6967,1322.3,,1642.5,3773.05,2340.19,,109.36
05/05/2004,0.7325,608.038,108.2507,1.2175,1.7936,,139.5021,124.6674,1320.73,,1645.65,3805.65,2352,,108.7
06/05/2004,0.7217,603.203,106.7693,1.2082,1.7963,107.412,139.1117,124.024,1318.38,14390.24,1634.75,3729.02,2324.53,,109.76
07/05/2004,0.7034,612.755,104.2157,1.1884,1.7866,107.5334,138.5069,123.3597,1306.87,14225.44,1612.31,3717.04,2315.37,,112.21
10/05/2004,0.6959,595.19,104.1144,1.1849,1.777,107.4118,138.5754,123.426,1307.04,13536.33,1595.38,3620.11,2262.25,,113.68
11/05/2004,0.697,613.001,103.7055,1.1872,1.7559,107.2667,138.6347,123.6391,1308.17,13564.29,1607.94,3669.44,2292.91,,113.16
12/05/2004,0.6991,623.844,103.8458,1.1903,1.7727,107.298,138.4047,123.4107,1307.03,13870.72,1611.15,3614.18,2274.65,,113
13/05/2004,0.6886,630.649,103.0806,1.1822,1.7623,107.4277,138.242,123.1461,1303.57,13462.22,1610.05,3657.88,2295.72,,114.52
14/05/2004,0.6913,632.21,103.687,1.1888,1.7608,107.4038,138.487,123.6395,1308.22,13492.73,1609.12,3638.08,2289.53,,114.25
17/05/2004,0.6858,634.665,104.3817,1.2027,1.7696,107.6578,138.8928,124.0823,1314.52,13064.21,1592.23,3590.73,2269.54,,114.34
18/05/2004,0.6874,619.601,103.37,1.1953,1.7678,107.4902,138.6916,123.6134,1312.32,13320.44,1603.14,3615.08,2275.41,,114.29
19/05/2004,0.6957,634.359,105.3202,1.2009,1.7833,107.4973,138.408,123.1694,1308.41,13639.61,1599.29,3688.03,2307.52,,113.12
20/05/2004,0.6964,623.579,104.0891,1.1965,1.7774,107.586,138.5453,123.2448,1313.51,13508.16,1600.06,3659.68,2285.28,,112.76
21/05/2004,0.6978,611.77,105.8475,1.198,1.7873,107.5922,138.6784,123.2985,1310.8,13767.09,1606.49,3644.7,2286.69,,112.36
24/05/2004,0.6973,639.421,106.0761,1.2005,1.7894,107.5199,138.5156,123.1204,1312.76,13806.13,1609.22,3682.86,2285.37,,112.93
25/05/2004,0.7098,627.782,106.8473,1.2107,1.8129,107.6409,138.6771,123.3462,1313.88,13633.63,1635.14,3660.21,2279.76,,111.72
26/05/2004,0.7073,622.315,106.8229,1.2106,1.814,107.6564,138.9209,123.6667,1317.9,13869.51,1638.16,3701.24,2290.71,,111.93
27/05/2004,0.7172,608.447,108.6641,1.2264,1.8383,107.6398,139.2458,123.8947,1323.32,13886.85,1647.65,3732.11,2298.63,,110.86
28/05/2004,0.7145,615.836,108.338,1.2223,1.833,107.4213,138.9905,123.5453,1319.45,14065.42,1646.8,3713.78,2286.79,,110.21
31/05/2004,0.7152,,,1.2188,1.8323,107.3683,138.9905,123.5453,1319.45,13974.43,,3731.13,,,109.52
01/06/2004,0.7076,656.713,108.5153,1.2248,1.8396,107.2506,138.7553,123.1108,1316.28,14049.54,1647.57,3682.6,2282.66,,110.63
02/06/2004,0.6961,622.44,107.6956,1.2215,1.8346,107.2693,138.5791,123.1001,1314.16,13981.86,1653.67,3705.49,2285.77,,109.9
03/06/2004,0.6888,616.63,106.7112,1.2228,1.8406,107.2172,138.6283,123.2286,1315.28,13714.11,1641.43,3716.27,2292.29,,110.82
04/06/2004,0.6958,607.047,107.4828,1.2283,1.8405,107.104,138.5174,123.1832,1310.76,13839.72,1650.08,3758.58,2302.13,,111.19
07/06/2004,0.7072,612.248,108.2613,1.2322,1.8415,106.7462,138.6181,123.3871,1312.39,14227.59,1676.48,3801.96,2321.33,,109.56
08/06/2004,0.7008,600.779,107.524,1.2269,1.8362,106.5854,138.8301,123.5532,1312.15,14329.58,1679.21,3802.7,2328.17,,109.65
09/06/2004,0.6901,606.802,105.7164,1.2049,1.8301,106.315,138.6014,123.0946,1309.22,14239.8,1663.38,3785.09,2320.99,,110.44
10/06/2004,0.6973,613.855,106.1043,1.2106,1.8431,106.1951,138.5527,123.448,1310.16,14396.79,1671.02,3802.45,2319.24,,109.34
11/06/2004,0.6929,,,1.2006,1.8194,106.1846,138.3415,123.2635,,14335.66,,3800.7,2318.13,,110.06
14/06/2004,0.6876,608.45,105.4601,1.2058,1.8117,105.7555,138.3581,123.2353,1304.76,14291.93,1655,3749.37,2291.88,,111.04
15/06/2004,0.6974,601.098,106.6994,1.2162,1.8325,106.023,138.9563,124.0075,1317.4,14162.64,1664.92,3786.43,2305.03,,109.52
16/06/2004,0.6893,603.522,105.7428,1.2011,1.8275,105.7412,138.7423,123.5696,1314.36,14478.56,1667.23,3815.61,2322.17,,110.08
17/06/2004,0.6824,621.216,106.9273,1.2054,1.835,105.6067,138.6982,123.4565,1317.4,14436.5,1665.02,3815.62,2323.29,,109.65
18/06/2004,0.6888,621.24,108.6335,1.2137,1.8382,105.8178,139.0554,123.92,1316.3,14155.65,1669.39,3835.87,2329.76,,108.86
21/06/2004,0.6903,602.44,108.3166,1.2114,1.8316,105.9276,139.1053,124.0302,1317.88,14426.9,1662.46,3833.91,2327.89,,108.93
22/06/2004,0.6877,610.183,108.5952,1.2108,1.8207,105.9191,138.9288,123.8707,1317.22,14403.41,1668.55,3787.46,2310.47,,109.28
23/06/2004,0.6881,600.253,108.5991,1.2093,1.8164,105.8169,138.9449,124.0673,1318.09,14402.64,1682.75,3802.7,2320.29,,108.5
24/06/2004,0.6998,605.766,110.7998,1.217,1.825,105.7358,139.527,124.5447,1321.97,14607.04,1678.07,3842.62,2328.8,,107.14
25/06/2004,0.7006,601.327,110.7215,1.2178,1.8268,106.0876,139.3252,124.3538,1322.1,14657.23,1668.93,3837.85,2324.08,,107.57
28/06/2004,0.6995,581.486,110.2119,1.2186,1.8302,106.0422,139.0339,124.0651,1315.83,14786.85,1667.61,3866.69,2336.81,,107.95
29/06/2004,0.6903,571.21,107.8816,1.2081,1.8073,106.1214,139.0447,124.1215,1318.87,14757.92,1671.84,3851.1,2333.57,,108.23
30/06/2004,0.6993,594.917,107.9406,1.22,1.8204,106.3979,139.4094,124.6398,1324.75,14757.94,1678.83,3827.27,2309.5,,108.77
01/07/2004,0.705,621.201,108.8785,1.216,1.8196,106.0592,139.4378,124.7111,1328.61,14804.16,1661.53,3823.31,2289.14,,108.41
02/07/2004,0.7133,618.307,109.5144,1.2316,1.8306,106.3892,139.9558,125.0798,1335.64,14586.98,1656.33,3792.49,2280.18,,108.32
05/07/2004,0.7118,,,1.229,1.8293,106.4148,139.9637,124.9782,,14363.25,,3793.75,2278.05,,109.08
06/07/2004,0.7131,636.939,107.9652,1.2284,1.8418,106.4528,139.9917,125.0076,1335.13,14280.57,1642.84,3766.47,2261.21,,109.5
07/07/2004,0.7233,624.429,110.634,1.2373,1.8559,106.394,140.1161,125.2647,1335.49,14168.06,1646.36,3765.68,2255.72,,108.63
08/07/2004,0.7198,639.046,112.1491,1.2385,1.8495,106.4947,140.176,125.2938,1336.09,14090.12,1632.89,3782.81,2267.49,,109.01
09/07/2004,0.7222,629.218,112.0709,1.2415,1.8594,106.2806,140.1708,125.1184,1336.5,14216.18,1638.42,3781.94,2273.74,,108.2
12/07/2004,0.7272,624.211,112.2202,1.2409,1.8622,106.4113,140.3337,125.2632,1338.13,14413.74,1640.73,3760.75,2256.55,,108.27
13/07/2004,0.7249,622.364,110.555,1.2327,1.8571,106.5248,139.9888,124.7344,1335.75,14446.52,1641.96,3764.95,2255.4,,108.67
14/07/2004,0.7238,645.959,111.4391,1.238,1.8561,106.4142,140.0471,124.9265,1335.64,14132.95,1636.62,3753.47,2263.2,,109.17
15/07/2004,0.7228,639.885,111.1156,1.2355,1.853,106.2669,140.0841,124.8683,1335.18,14198.27,1629.58,3700.14,2246.72,,109.8
16/07/2004,0.7323,648.968,111.7747,1.2452,1.8731,106.4282,140.5583,125.4612,1343.54,14231.7,1621.81,3696.92,2245.95,,108.71
19/07/2004,0.7321,646.949,111.5141,1.2441,1.8676,,140.5401,125.4534,1343.66,,1621.09,3675.69,2236.57,,108.27
20/07/2004,0.7276,633.556,110.5081,1.233,1.8529,106.5343,140.4696,125.379,1337.33,14010.65,1632.52,3689.96,2246.03,,108.68
21/07/2004,0.7154,635.322,109.2019,1.2259,1.8412,106.4035,139.9329,124.6748,1334.88,14229.04,1610.88,3718.24,2266.02,,109.8
22/07/2004,0.715,650.68,108.6599,1.2257,1.8436,106.4081,140.2835,125.0008,1336.4,14043.84,1615.27,3652.18,2229.24,,109.79
23/07/2004,0.7094,655.409,107.2988,1.2093,1.8317,106.2695,140.3059,124.8194,1338.16,13922.24,1599.62,3642.65,2239.64,,110.19
26/07/2004,0.7093,651.125,107.3108,1.2142,1.8408,106.2711,140.1877,124.7049,1335.9,13887.67,1596.48,3597.91,2219.3,,109.96
27/07/2004,0.6994,656.728,106.4412,1.2058,1.8215,106.1208,140.0851,124.6187,1328.26,13728.85,1612.33,3638.62,2238.87,,110.94
28/07/2004,0.6997,672.091,106.9916,1.2056,1.825,106.0543,139.9464,124.476,1329.37,13943.94,1613.5,3632.48,2255.17,,111.65
29/07/2004,0.6994,667.586,106.4497,1.2045,1.817,106.2222,140.1893,124.5236,1330.67,13835.01,1621.35,3702.83,2287.5,,111.99
30/07/2004,0.7027,680.686,107.5189,1.2019,1.8199,106.0795,140.7053,125.2329,1337.36,14095.04,1623.26,3709.41,2284.59,,111.36
02/08/2004,0.7032,680.767,107.7229,1.2026,1.8272,105.94,140.8172,125.2683,1339.04,13966.18,1630.48,3677.89,2285.96,,110.72
03/08/2004,0.7071,689.162,108.3009,1.2061,1.8268,106.0332,140.8883,125.3895,1340.96,13864.54,1620.28,3701.7,2293.18,,110.56
04/08/2004,0.7041,670.885,107.8136,1.205,1.8254,106.366,140.9972,125.5356,1340.84,13702.07,1619,3663.26,2284.93,,111.13
05/08/2004,0.7036,694.275,107.8453,1.2054,1.8239,106.6441,141.2544,126.2036,1342.55,13765.38,1592.64,3670.06,2287.68,,111.82
06/08/2004,0.7134,690.99,109.8438,1.2279,1.8411,106.8205,141.8775,126.8356,1355.64,13655.46,1568.07,3575.57,2248.55,,110.48
09/08/2004,0.7155,707.988,110.1031,1.2273,1.8412,107.0793,141.8721,126.5659,1354.28,13576.02,1569.96,3545.32,2236.38,,110.62
10/08/2004,0.7133,703.134,109.9164,1.2237,1.8272,107.0598,141.9871,126.7783,1351.09,13631.84,1590.35,3576.59,2255.28,,111.32
11/08/2004,0.7151,706.476,108.7187,1.2218,1.8298,106.8811,141.7026,126.4056,1352.07,13751.2,1586.43,3542.49,2243.55,,110.92
12/08/2004,0.7148,718.538,108.368,1.2252,1.8224,106.9951,141.8961,126.8079,1353.7,13724.58,1567.95,3534.78,2251.85,,110.91
13/08/2004,0.7169,741.414,109.6293,1.2374,1.8431,107.3437,142.0648,126.8261,1357.02,13387.48,1570.44,3522.82,2238.02,,110.7
16/08/2004,0.7182,738.54,110.7358,1.2363,1.8403,107.4296,141.8475,126.5184,1354.64,13301.12,1591.94,3557.15,2263.32,,110.49
17/08/2004,0.7156,745.548,111.1502,1.2354,1.8283,107.2195,142.0003,126.6715,1358.2,13348.61,1595.57,3574.25,2267.75,,110.06
18/08/2004,0.716,746.451,111.1275,1.2337,1.8239,107.3779,141.8937,126.748,1357.07,13408.71,1615.72,3588.04,2270.11,,109.33
19/08/2004,0.7248,769.159,111.8699,1.2363,1.8327,107.2819,142.0015,126.8204,1358.33,13569.59,1609.97,3592.61,2273.96,,109.36
20/08/2004,0.724,755.932,113.5691,1.2321,1.8201,107.3806,142.1387,127.0126,1356.91,13551.68,1620.47,3584.75,2277.37,,109.12
23/08/2004,0.7136,747.825,112.845,1.2143,1.8085,107.2331,141.716,126.3262,1354.08,13641.07,1616.68,3635.81,2296.2,,109.83
24/08/2004,0.7048,734.596,110.7176,1.2082,1.7924,107.2705,141.7847,126.4621,1354.27,13671.39,1617.46,3631.43,2297.32,,109.63
25/08/2004,0.7058,707.233,112.0891,1.2083,1.7966,107.1451,142.0684,126.8558,1355.35,13851.46,1630.49,3638.98,2300.55,,110.19
26/08/2004,0.7036,702.028,111.9845,1.2102,1.7965,107.233,142.1554,126.9379,1357.72,13852.73,1630.68,3671.75,2322.62,,109.69
27/08/2004,0.7029,707.641,110.8409,1.2011,1.7904,107.409,142.1587,126.89,1357.79,13952.63,1634.83,3693.42,2341.51,,109.69
30/08/2004,0.6998,707.731,112.1126,1.2049,1.795,107.4263,,,1360.65,13921.44,1622.28,3683.2,,,109.88
31/08/2004,0.7042,692.927,112.7738,1.2183,1.8024,107.5935,142.5835,127.2689,1365.02,13793.56,1629.83,3647.34,2325.45,,109.17
01/09/2004,0.7035,722.629,112.3413,1.2188,1.793,107.719,142.4466,127.1451,1365.72,13850.27,1632.82,3675.85,2348.01,,109.52
02/09/2004,0.6975,724.755,111.5805,1.2175,1.7906,107.8023,142.2444,126.9113,1361.62,13881.89,1651.14,3702.47,2356.63,,109.49
03/09/2004,0.6914,717.63,110.0812,1.2058,1.7766,107.7397,141.5786,126.4381,1354.23,13719.75,1644.25,3741.07,2373.45,,110.48
06/09/2004,0.6925,,,1.2064,1.78,107.4933,141.7306,126.9638,,13995.93,,3753.31,2380.2,,110.15
07/09/2004,0.6947,709.028,109.2528,1.2109,1.7732,107.3462,141.6808,126.8488,1357.85,14063.85,1655.65,3758.14,2381.17,,109.35
08/09/2004,0.6967,701.204,109.8048,1.2183,1.7861,107.4021,141.737,126.9695,1363.85,14039.27,1648.52,3751.36,2377.98,,109.35
09/09/2004,0.6886,730.377,109.5363,1.2214,1.786,107.751,142.1323,127.3528,1361.81,13904.56,1651.65,3729.21,2367.35,,109.68
10/09/2004,0.6954,694.768,110.4714,1.2262,1.7966,107.9003,142.4513,127.5097,1363.14,13795.36,1659.84,3749.85,2371,,109.67
13/09/2004,0.6965,710.416,111.0884,1.2261,1.7968,107.9222,142.3086,127.4018,1365.13,14006.81,1663.1,3797.64,2378.02,,110.03
14/09/2004,0.702,716.645,111.5039,1.2254,1.7978,107.8664,142.4449,127.5807,1366.85,14059.67,1666.82,3785.1,2371.3,,109.64
15/09/2004,0.6954,702.452,111.3174,1.2151,1.777,107.985,142.3918,127.4847,1364.39,13889.15,1655.1,3774.28,2374.23,,110.03
16/09/2004,0.699,707.285,111.2404,1.2182,1.7931,107.8961,142.4462,127.3791,1371.46,13865.23,1659.78,3777.18,2378.42,,109.59
17/09/2004,0.6979,733.816,111.5465,1.2187,1.7932,107.9918,142.6912,127.5509,1367.31,13794.44,1667.25,3808.28,2396.42,,109.83
20/09/2004,0.7012,743.165,111.3976,1.2176,1.7861,,142.8532,127.7942,1372.59,,1657.88,3791.15,2390.44,,109.9
21/09/2004,0.7036,751.56,112.2513,1.2336,1.7966,108.1343,142.8754,127.9148,1373.49,13792.42,1668.39,3811.05,2405.53,,109.66
22/09/2004,0.7068,775.432,111.9555,1.2269,1.7934,108.1682,143.1277,128.3684,1376.99,13715.92,1645.17,3768.72,2397.61,,110.61
23/09/2004,0.7134,775.646,112.9461,1.2271,1.7963,,143.4033,128.4889,1373.84,,1637.82,3735.64,2385.09,,110.8
24/09/2004,0.7146,779.596,112.1576,1.2276,1.8058,108.3855,143.2086,128.3187,1373.39,13561.27,1640.4,3741.94,2390.21,,110.63
27/09/2004,0.7137,790.736,112.4471,1.2293,1.8092,108.4235,143.52,128.6847,1376.12,13563.88,1630.67,3721.51,2370.95,,111.29
28/09/2004,0.7179,798.425,113.4107,1.2328,1.8131,108.4531,143.4929,128.5853,1375.38,13509.23,1640.62,3733.24,2384.57,,111.38
29/09/2004,0.7172,794.726,113.553,1.2333,1.7993,108.3896,143.1021,128.432,1370.04,13472.42,1647.79,3750.54,2395.93,,110.89
30/09/2004,0.7277,798.323,115.1192,1.2436,1.812,108.265,143.1846,128.3693,1368.53,13519.22,1647.48,3723.25,2386.89,,110.05
01/10/2004,0.7263,808.327,115.3438,1.2417,1.7984,108.1373,143.0084,128.1181,1364.42,13721.07,1672.49,3818.54,2433.31,,110.54
04/10/2004,0.7217,801.857,113.8267,1.2288,1.7841,107.8619,142.8998,127.8852,1365.55,14088.87,1678.1,3855.93,2444.85,,110.98
05/10/2004,0.7244,819.516,114.9824,1.2313,1.7824,107.6489,143.2429,128.3001,1365.87,14091.62,1677.09,3865.02,2458.11,,111.15
06/10/2004,0.7242,833.083,115.0425,1.2288,1.7795,107.7305,143.2849,128.3488,1362.37,14220.96,1688.83,3867.43,2457.89,,111.35
07/10/2004,0.7281,846.829,114.911,1.2285,1.7822,107.7403,143.1356,128.1368,1360.91,14182.5,1672.08,3871.17,2453.89,,111.24
08/10/2004,0.7349,857.727,116.286,1.2409,1.795,107.7973,143.7116,128.6914,1368.78,14176.07,1659.51,3846.31,2453.99,,109.53
11/10/2004,0.7329,871.2,116.001,1.2389,1.7985,,143.654,128.7159,,,1662.84,3843.69,2447.01,,109.36
12/10/2004,0.7308,856.107,114.1434,1.2328,1.7919,108.2724,143.9749,129.1686,1371.47,13991.78,1659.07,3808.36,2427.39,,109.69
13/10/2004,0.7262,868.611,113.6008,1.2348,1.7942,108.1754,143.9825,129.1312,1373.5,13984.51,1647.13,3814.09,2420.84,,109.75
14/10/2004,0.7286,881.472,114.9487,1.2388,1.7969,108.3312,144.2009,129.4762,1377.75,13782.54,1631.81,3791.92,2418.02,,109.67
15/10/2004,0.7312,878.842,115.1185,1.2469,1.8042,108.3446,144.2088,129.4713,1374.89,13718.41,1639.08,3788.3,2414.56,,109.33
18/10/2004,0.7253,862.938,114.4496,1.2494,1.7982,108.2209,144.3183,129.628,1375.55,13696.76,1647.7,3781.8,2416.56,,109.26
19/10/2004,0.7271,859.953,115.5515,1.2513,1.8037,108.1397,144.1299,129.3527,1376.34,13820.72,1631.74,3826.29,2431.53,,108.38
20/10/2004,0.7349,889.385,116.4342,1.259,1.8182,108.3157,144.5244,129.9563,1379.81,13592.54,1632.49,3782.67,2412.17,,108.24
21/10/2004,0.7374,891.21,116.6592,1.2616,1.8275,108.4446,144.4826,129.8963,1379.63,13476.44,1636.76,3806.25,2412.69,,107.48
22/10/2004,0.7403,899.626,116.665,1.2683,1.8281,108.1883,144.5268,129.9222,1380.65,13561.25,1620.85,3809.49,2411.67,,107.26
25/10/2004,0.7468,892.811,117.8609,1.2807,1.8412,108.4966,144.8107,130.0996,1382.09,13313.96,1619.48,3735.01,2385.1,,106.75
26/10/2004,0.7463,910.14,117.2365,1.2769,1.8347,108.5059,144.8195,129.9879,1381.25,13330.64,1643.57,3741.84,2394.93,,106.73
27/10/2004,0.7449,875.086,116.6942,1.2713,1.8281,108.4607,144.7612,129.7976,1374.61,13355.26,1665.01,3807.1,2419.44,,106.45
28/10/2004,0.7467,856.599,116.8373,1.2746,1.8299,108.2347,144.4039,129.5185,1375.51,13557.01,1668.55,3850.7,2426.09,,106.3
29/10/2004,0.7484,867.514,117.7482,1.2798,1.8373,108.2415,144.5377,129.6761,1379.38,13455.08,1672.65,3841.39,2416.37,,105.81
01/11/2004,0.7464,837.531,117.4374,1.2752,1.8342,108.2025,144.6388,129.637,1375.3,13409.41,1673.11,3871.87,2442.28,,106.47
02/11/2004,0.7484,828.665,115.4143,1.2744,1.8411,108.003,144.3116,129.0879,1376.38,13600.93,1673.16,3901.64,2452.43,,106.05
03/11/2004,0.7565,848.495,116.6822,1.2821,1.8493,,144.4388,129.3001,1377.32,,1692.22,3909.18,2467.58,,106.23
04/11/2004,0.7575,820.198,118.1697,1.2872,1.8444,108.1738,144.8919,129.7864,1377.29,13673.96,1719.64,3907.6,2472.71,,106.04
05/11/2004,0.7628,830.048,119.1361,1.2964,1.8552,108.1459,144.4694,129.4034,1368.22,13818.24,1726.34,3928.47,2478.73,,105.58
08/11/2004,0.7577,825.684,118.9144,1.292,1.8566,108.0461,144.5466,129.5769,1366.78,13721.04,1724.59,3925.31,2466.6,,105.48
09/11/2004,0.7602,799.147,119.699,1.29,1.8576,108.2027,144.7836,129.8474,1366.77,13697.36,1724.08,3915,2467.17,,105.66
10/11/2004,0.7596,815.357,119.257,1.2889,1.8461,108.3076,144.8385,129.8497,1364.14,13734.95,1722.67,3925.55,2478.13,,107.13
11/11/2004,0.7654,792.568,119.5099,1.2907,1.8415,108.4333,145.2504,130.282,,13550.11,1738.32,3968.29,2500.32,,106.62
12/11/2004,0.7694,787.268,120.3089,1.2974,1.8564,108.3322,145.5643,130.6314,1368.05,13766.49,1754.33,3973.1,2509.25,,105.57
15/11/2004,0.7729,779.74,120.0562,1.295,1.8471,108.2817,145.63,130.8733,1368.81,14025.82,1753.99,3960.41,2514.05,,105.28
16/11/2004,0.7726,772.478,120.9375,1.2957,1.8529,108.3828,145.8244,130.9886,1368.03,13943.6,1741.72,3934.23,2496.92,,105.35
17/11/2004,0.7821,781.078,122.2014,1.3032,1.8594,108.3946,145.6252,130.7517,1372.69,13905.55,1751.57,3993.3,2510.78,,104.04
18/11/2004,0.7779,771.498,121.6346,1.296,1.8501,108.5861,145.3402,130.3652,1374.27,13844.5,1753.97,3986.43,2515.71,,104.18
19/11/2004,0.7838,803.094,122.7621,1.3023,1.8574,108.6145,145.5142,130.6109,1368.7,13845.02,1734.45,3953.47,2492.44,,103.1
22/11/2004,0.7825,803.411,123.3299,1.3049,1.8604,108.7513,145.7833,131.0533,1371.32,13553.39,1744.71,3935.01,2477.91,,103.15
23/11/2004,0.7859,806.847,123.064,1.3087,1.8689,,145.9047,131.2372,1370.62,,1744.31,3931.32,2482.77,,103.32
24/11/2004,0.7869,813.493,123.4268,1.3187,1.8814,108.7528,145.9896,131.322,1369.59,13582.05,1751.55,3934.2,2475.33,,102.8
25/11/2004,0.7917,,,1.3269,1.893,108.7043,146.2518,131.7517,,13617.72,,3971.56,2493.17,,102.46
26/11/2004,0.7907,,,1.3297,1.8941,108.5994,146.2965,131.6784,1367.11,13534.53,1753.09,3964.44,2486.93,,102.59
29/11/2004,0.7834,823.723,124.6393,1.3282,1.8936,108.5012,146.037,131.4117,1361.56,13714.6,1747.34,3953.77,2491.25,,102.86
30/11/2004,0.7729,818.779,123.936,1.3279,1.9095,108.5539,146.167,131.3712,1360.85,13616.36,1740.33,3933.58,2466.81,,103.07
01/12/2004,0.7768,767.276,124.6819,1.3346,1.9345,108.588,146.203,131.1606,1360.05,13472.69,1766.9,3983.93,2484.79,,102.58
02/12/2004,0.7742,726.114,123.705,1.327,1.9242,108.7622,145.8316,130.7023,1358.52,13708.58,1765.37,4002.55,2492.93,,103.23
03/12/2004,0.7817,712.956,125.2168,1.3454,1.9439,108.7718,146.4438,130.9741,1367.21,13835.78,1766.63,3981.84,2491.2,,102.09
06/12/2004,0.7733,718.618,124.7201,1.3409,1.9386,108.7768,146.9088,131.4386,1369.66,13719.68,1765.33,3972.16,2478.03,,103.18
07/12/2004,0.774,695.285,124.1259,1.3419,1.9451,108.8039,147.087,131.6603,1370.2,13584.34,1745.84,3991.2,2481.14,,102.97
08/12/2004,0.7575,700.504,120.0298,1.3337,1.9349,108.8101,147.3021,131.8612,1377.23,13668.97,1754.75,3983.01,2468.32,,103.98
09/12/2004,0.7545,714.824,119.6267,1.3311,1.9255,108.9491,147.5721,132.0068,1375.13,13463.16,1764.35,3949.61,2460.17,,104.67
10/12/2004,0.7514,684.526,119.1142,1.3226,1.9148,109.016,147.6526,131.9963,1375.54,13438.39,1762.51,3971.42,2463.12,,105.23
13/12/2004,0.7589,697.683,120.5044,1.3312,1.9253,109.137,147.8128,132.2598,1376.29,13478.93,1778.54,4004.88,2485.57,,104.84
14/12/2004,0.7572,708.616,119.6907,1.3296,1.9279,109.1347,147.8157,132.2808,1377.87,13636.75,1785.51,4012.63,2478.2,,105.53
15/12/2004,0.7637,749.009,121.0392,1.3392,1.9421,109.0852,148.2628,132.7353,1381.76,13687.82,1789.14,3996.01,2481.17,,104.24
16/12/2004,0.7564,740.663,119.9518,1.3244,1.9318,109.0779,148.0103,132.6352,1374.65,13647.73,1785.51,4006.93,2484.87,,104.79
17/12/2004,0.7623,774.813,121.2457,1.3307,1.9418,108.9408,147.6839,132.5166,1373.2,13840.06,1772.19,3954.75,2464.73,,104.19
20/12/2004,0.7631,759.777,121.4596,1.3396,1.9468,109.0332,147.9016,132.8028,1373.72,13871.42,1772.87,3974.94,2482.7,,104.11
21/12/2004,0.7649,760.359,121.2753,1.3372,1.928,109.1576,147.5614,132.5509,1375.89,13899.53,1788.93,3983.92,2483.72,,104.36
22/12/2004,0.7635,732.72,120.8719,1.339,1.9169,109.2016,147.4917,132.8203,1374.35,14003.87,1795.66,4018.02,2507.25,,104.24
23/12/2004,0.7674,733.479,121.29,1.3515,1.9236,,147.7977,132.9027,1373.52,,1796.49,4036.05,2512.65,,103.59
24/12/2004,0.7689,,,1.3531,1.9235,109.164,147.8069,132.8447,,14198.81,,4036.37,2518.09,,103.68
27/12/2004,0.7773,733.657,122.2232,1.3617,1.9337,108.9667,,,1369.16,14200.9,1788.76,4026.81,,,103.07
28/12/2004,0.7785,733.703,121.9843,1.3613,1.9281,108.8272,,,1369.22,14278.11,1801.58,4041.77,,,103.06
29/12/2004,0.7739,705.694,119.7181,1.3607,1.9184,108.857,146.9736,131.7931,1367.26,14224.91,1801.71,4039.1,2530.3,,103.86
30/12/2004,0.7798,728.611,120.1091,1.3637,1.9255,108.8145,147.1655,131.8555,1371,14358.89,1801.98,4036.48,2530.45,,103.08
31/12/2004,0.7803,,,1.3554,1.9182,108.8187,147.1691,132.2697,1374.34,,1799.55,4036.18,2527.41,,102.63
03/01/2005,0.7781,728.792,117.7553,1.3465,1.9044,,,,1374.36,,1784.96,4063.34,,,102.78
04/01/2005,0.7649,734.201,117.6258,1.3279,1.8825,109.0282,147.4016,132.4295,1369.46,14395.12,1764.3,4064.83,2544.55,,104.57
05/01/2005,0.7645,722.27,117.1125,1.3262,1.8829,109.0038,147.4448,132.2808,1370.36,14294.85,1758.07,4032.1,2523.73,,104.15
06/01/2005,0.7608,761.468,115.5577,1.3173,1.8754,108.9861,147.7898,132.6487,1371.13,14363.27,1764.63,4058.17,2533.29,,105.02
07/01/2005,0.7575,764.02,114.9894,1.3054,1.8712,108.9998,147.9738,132.7378,1370.37,14289.51,1762.12,4076.73,2548.96,,104.76
10/01/2005,0.7575,757.795,115.0661,1.3074,1.8753,,148.1325,132.7732,1371.25,,1768.17,4073.93,2541.93,,104.35
11/01/2005,0.7617,762.575,115.8121,1.3107,1.8782,109.0939,148.1001,132.6353,1373.77,14422.93,1757.51,4036.25,2530.38,,103.33
12/01/2005,0.7669,772.891,116.9675,1.3255,1.8909,109.2181,148.1037,132.5284,1374.66,14314.7,1764.72,4001.65,2511.93,,102.45
13/01/2005,0.7655,807,116.5655,1.3224,1.8825,109.1883,148.4323,132.8406,1378.36,14195.75,1749.48,4018.5,2520.72,,102.38
14/01/2005,0.7591,805.792,116.0002,1.3112,1.8705,109.1318,148.5096,132.6677,1376.36,14295.95,1759.98,4034.78,2531.47,,102.05
17/01/2005,0.758,,,1.3067,1.8596,109.09,148.6962,132.8596,,14356.83,,4055.1,2545.06,,102.13
18/01/2005,0.7553,816.445,116.1668,1.302,1.8665,109.2327,148.7856,132.4057,1378.56,14277.04,1777.04,4054.22,2533.11,,102.27
19/01/2005,0.7606,804.612,116.0925,1.301,1.8711,109.2689,148.9752,132.2328,1379.18,14254.64,1760.28,4050.76,2530.8,,102.77
20/01/2005,0.7587,798.901,115.9091,1.2963,1.872,109.2834,148.5167,131.9251,1381.12,14103.95,1746.61,4020.4,2521.6,,103.43
21/01/2005,0.7694,822.551,117.0903,1.3039,1.8771,109.3136,148.5996,131.9559,1383.04,14045.96,1735.43,4024.73,2522.88,,102.7
24/01/2005,0.7702,828.838,117.1953,1.306,1.8808,109.3109,148.8598,132.0591,1384.5,14109.85,1729.33,4020.56,2527.74,,102.62
25/01/2005,0.7652,846.55,115.8379,1.2973,1.8642,109.3726,148.9031,132.1376,1380.34,14094.13,1736.25,4049,2543.85,,104.07
26/01/2005,0.7751,838.856,117.1558,1.3073,1.8822,109.3532,148.7577,132.0459,1379.84,14219.41,1744.72,4046.02,2545.98,,103.07
27/01/2005,0.7774,836.207,116.9723,1.3046,1.8896,109.4002,148.5628,131.7505,1379.18,14175.34,1745.58,4065.7,2549.28,,102.71
28/01/2005,0.775,812.292,116.8979,1.3038,1.8881,109.5088,148.8699,131.9929,1383.65,14149.43,1740.96,4047.44,2538.49,,103.28
31/01/2005,0.7757,830.292,115.8284,1.3039,1.8829,109.4407,149.0772,132.0246,1384.37,14233.18,1755.68,4086.74,2548.72,,103.7
01/02/2005,0.774,814.487,115.5086,1.3047,1.884,109.5572,149.0658,132.2163,1384.25,14229.19,1767.79,4121.14,2577.03,,103.68
02/02/2005,0.7782,802.645,115.5439,1.3027,1.8859,109.6888,149.0289,132.204,1384.1,14257.61,1773.63,4139.61,2582.3,,103.59
03/02/2005,0.7711,798.193,114.3227,1.2975,1.8822,109.5396,148.9447,132.1057,1383.06,14235.37,1769.26,4123.23,2578.1,,104.47
04/02/2005,0.7704,799.87,113.6203,1.2869,1.8758,109.5346,149.527,132.9046,1389.61,14199.19,1788.82,4164.19,2595.56,,104.09
07/02/2005,0.7675,787.234,113.5072,1.2757,1.8575,109.5785,149.7157,133.2641,1391.83,14373.5,1786.92,4184.53,2615.69,,104.84
08/02/2005,0.7664,787.649,113.2145,1.2762,1.8548,109.5163,149.7418,133.492,1392.89,14361.71,1788.16,4189.91,2623.91,,105.85
09/02/2005,0.7707,788.966,113.277,1.2805,1.8583,109.2579,150.0229,133.6559,1397.38,14340.36,1773.28,4174.1,2624.82,,105.63
10/02/2005,0.7832,818.963,114.4326,1.2874,1.8687,109.0767,150.059,133.4747,1391.12,14440.61,1780.8,4173.61,2629.86,,105.85
11/02/2005,0.7861,820.462,115.3424,1.2866,1.8686,,149.8343,133.1897,1389.07,,1793.54,4223.07,2653.1,,105.72
14/02/2005,0.788,824.962,116.8149,1.2976,1.8867,108.8949,149.6482,132.857,1390.93,14538.9,1794.98,4217.15,2651.85,,105.09
15/02/2005,0.7877,822.494,116.8232,1.3027,1.8972,108.8196,149.5232,132.842,1389.25,14557.34,1801.06,4232.49,2660.83,,104.42
16/02/2005,0.7846,836.447,116.7221,1.3029,1.8854,108.996,149.2288,132.6875,1385.42,14501.33,1801.59,4207.27,2662.07,,105.42
17/02/2005,0.788,830.01,117.1952,1.3071,1.8953,109.0808,149.1093,132.4237,1383.94,14477.63,1787.41,4205.6,2664.28,,105.55
18/02/2005,0.7884,839.273,117.1488,1.3072,1.8943,109.0322,148.4479,131.8269,1378.83,14574.37,1788.65,4212.04,2664.14,,105.65
21/02/2005,0.7898,,,1.3069,1.8974,108.8978,148.0519,131.5738,,14563,,4200.53,2666.06,,105.57
22/02/2005,0.7948,877.955,119.2056,1.3259,1.9118,108.9852,148.1046,131.5044,1377.7,14496.37,1762.76,4175.3,2651.34,,104.04
23/02/2005,0.7863,873.505,119.2963,1.3216,1.9086,109.1393,148.1695,131.2711,1378.57,14376.88,1772.76,4151.78,2631.54,,104.84
24/02/2005,0.7866,885.666,119.1956,1.3198,1.9096,109.1457,147.857,130.9833,1377.51,14415.6,1787.34,4147.28,2622.89,,105.39
25/02/2005,0.7865,888.981,119.3137,1.3245,1.9194,109.0089,147.994,131.2965,1378.1,14574.49,1804.17,4199.28,2641.2,,105.23
28/02/2005,0.7918,897.301,119.7502,1.3228,1.9211,108.826,148.1919,131.6473,1373.07,14677.44,1792.63,4193.24,2621.02,,104.63
01/03/2005,0.7872,898.994,118.7467,1.3188,1.9213,108.722,147.9249,131.0491,1372.43,14727.36,1802.79,4220.82,2637.88,,104.39
02/03/2005,0.7829,918.028,118.7283,1.3142,1.9139,108.6909,147.531,130.3938,1372.2,14768.84,1802.92,4226.68,2635.64,,104.75
03/03/2005,0.783,930.562,117.9162,1.311,1.9068,108.6156,147.6948,130.536,1371.87,14822.28,1803.51,4220.36,2647.24,,105.29
04/03/2005,0.7908,929.549,119.1021,1.3237,1.9227,108.6754,148.308,130.8371,1376.78,14843.02,1820.88,4259.8,2658.58,,104.78
07/03/2005,0.7924,935.903,119.3208,1.3214,1.9145,108.7787,148.5528,130.876,1378,14908.42,1825.7,4270.31,2653.79,,105.19
08/03/2005,0.7985,949.929,120.7792,1.3344,1.9292,108.8148,148.2733,130.4168,1373.48,14860.35,1817.12,4246.74,2645.2,,104.68
09/03/2005,0.7934,956.585,121.28,1.3392,1.9254,108.8183,147.8776,130.2504,1365.02,14960.09,1798.79,4225.7,2642.31,,103.95
10/03/2005,0.7911,944.335,121.4256,1.3418,1.9226,108.9246,147.6975,130.0751,1367.99,14832.85,1802.2,4186.85,2624.34,,104.12
11/03/2005,0.7931,957.929,122.3615,1.3458,1.9265,108.8645,147.8556,130.2427,1363.22,14906.58,1789.01,4196.04,2634.91,,104
14/03/2005,0.7875,969.93,120.9734,1.3369,1.9137,108.7778,147.8133,130.3465,1364.66,14814.52,1799.14,4196.53,2631.19,,104.84
15/03/2005,0.7909,973.812,120.9282,1.3307,1.9131,108.9472,148.3342,131.0504,1363.38,14778.07,1785.61,4228.07,2644.53,,104.56
16/03/2005,0.7937,996.554,121.7,1.3417,1.9263,108.9464,148.5905,131.1553,1365.16,14843.19,1771.35,4157.32,2621.4,,104.17
17/03/2005,0.7937,1001.164,120.3202,1.3377,1.9252,109.2064,148.4449,130.7865,1368.07,14721.08,1774.55,4167.85,2613.17,,104.54
18/03/2005,0.795,1011.215,120.4928,1.3326,1.922,109.184,148.2723,130.6285,1365.62,14851.48,1773.72,4186.68,2613.8,,104.75
21/03/2005,0.7853,1017.432,118.2592,1.3157,1.8966,,148.0767,130.6174,1365.16,,1764.98,4165.57,2619.2,,105.2
22/03/2005,0.783,1005.175,118.3229,1.3087,1.8861,109.1979,148.3855,131.1422,1359.66,14804.17,1747.03,4182.43,2621.21,,105.62
23/03/2005,0.7726,985.476,116.6154,1.2986,1.869,109.2671,148.0092,130.6481,1359.7,14675.59,1748.28,4163.8,2607.16,,105.96
24/03/2005,0.7726,989.908,116.4882,1.2939,1.869,109.3936,148.2414,130.9218,1360.54,14684.15,1746.62,4196.45,2613.56,,106.33
25/03/2005,0.7715,,,1.2959,1.871,109.4719,,,,14703.06,,,,,106.39
28/03/2005,0.769,990.217,116.8517,1.2898,1.8667,109.4793,,,1358.95,14818.24,1750.89,,,,107.18
29/03/2005,0.7705,974.861,116.8607,1.2922,1.874,109.5862,148.3633,131.2644,1361.21,14576.37,1737.94,4208.36,2611.68,,107.57
30/03/2005,0.7705,964.77,117.1152,1.2915,1.8784,109.5723,148.5962,131.7264,1363.71,14533.72,1762.09,4190.4,2603.74,,107.55
31/03/2005,0.773,1004.786,117.5605,1.2964,1.8905,109.7322,149.0602,132.1427,1368.6,14663.55,1760.89,4189.68,2600.36,,107.15
01/04/2005,0.7713,1047.532,116.8061,1.2914,1.8823,109.7173,149.164,131.6027,1371.59,14732.26,1749.45,4198.11,2610.8,,107.56
04/04/2005,0.7678,1050.681,116.206,1.2847,1.8755,109.7297,149.4088,132.0583,1372.04,14661.78,1754.43,4172.14,2601.62,,108.31
05/04/2005,0.7692,1035.142,116.3785,1.2869,1.8813,109.5629,149.2795,131.8828,1371.13,14795.95,1762.32,4202.17,2626.14,,108.17
06/04/2005,0.765,1025.049,117.0967,1.2871,1.8808,109.513,149.293,132.1531,1373.1,14862.36,1766.69,4218.85,2629.73,,108.69
07/04/2005,0.7662,1013.138,116.8873,1.2857,1.8697,109.6071,149.6247,132.5452,1370.7,14842.04,1777.35,4241.34,2645.46,,108.63
08/04/2005,0.7718,988.691,117.0054,1.2932,1.8856,109.5972,149.3144,132.1191,1369.9,14922.16,1762.52,4241.76,2648.99,,108.24
11/04/2005,0.7754,996.366,117.4687,1.2972,1.8909,109.6078,149.5808,132.2307,1372.95,14759.92,1762.56,4231.41,2643.46,,107.87
12/04/2005,0.7755,974.998,117.1774,1.2922,1.8922,109.7092,149.7244,132.1836,1378.59,14665.25,1772.44,4210.23,2629.08,,107.77
13/04/2005,0.7778,945.268,117.6503,1.2915,1.8944,109.6879,149.8898,132.4104,1378.22,14624.06,1751.77,4231.33,2636.99,,107.35
14/04/2005,0.7703,958.425,116.1851,1.2812,1.8815,109.7302,149.7581,132.5908,1379.36,14530.63,1734.25,4224.18,2628.79,,108.18
15/04/2005,0.7683,949.591,116.4396,1.2924,1.8927,109.9143,150.0579,132.9619,1385.55,14288.75,1705.26,4141.08,2600.21,,107.8
18/04/2005,0.768,934.719,117.1485,1.3025,1.9038,110.1076,150.3619,133.3048,1387.79,13745.57,1710.27,4052.91,2565.92,,107.5
19/04/2005,0.7719,970.61,118.6322,1.3064,1.9183,110.0498,150.5908,133.2628,1391.33,13905.69,1720.43,4066.08,2581.04,,106.73
20/04/2005,0.7757,985.96,119.2696,1.3087,1.9194,110.2037,150.4988,133.3349,1390.53,13934.24,1697.74,4048.16,2565.03,,106.88
21/04/2005,0.7759,992.401,118.6508,1.3047,1.9085,110.1089,150.4359,133.4738,1384.64,13803.31,1731.27,4056.42,2563.74,,106.96
22/04/2005,0.7813,1009.937,118.9878,1.3065,1.9145,110.0184,150.4645,133.3428,1387.74,13880.67,1719.66,4093.36,2579.52,,106.01
25/04/2005,0.7807,1000.171,119.0704,1.3007,1.9111,110.153,150.6938,133.5549,1388.64,13915.63,1734.56,4108.6,2587.81,,105.67
26/04/2005,0.7781,994.976,119.9543,1.2985,1.9059,110.2073,150.7333,133.5745,1387.92,13867.95,1719.09,4103.34,2577.52,,106.02
27/04/2005,0.7769,959.761,118.625,1.293,1.9058,110.1909,151.0377,133.7819,1389.88,13829.74,1726.21,4050.82,2549.27,,105.87
28/04/2005,0.779,966.388,118.17,1.2893,1.9059,110.2785,151.1102,133.9591,1394.4,13834.11,1707.13,4042.17,2549.68,,106.12
29/04/2005,0.7813,939.172,119.1906,1.2873,1.9088,110.2868,151.228,134.1099,1392.66,,1727.49,4045.74,2555.8,,104.75
02/05/2005,0.7798,939.398,117.6888,1.2864,1.895,110.3314,,,1393.35,13825.58,1735.43,4075.72,,,105.04
03/05/2005,0.7742,930.009,116.9328,1.2873,1.8925,,151.4486,134.3562,1392.6,,1733.95,4094.38,2587.5,,105.09
04/05/2005,0.7809,939.003,117.5709,1.2948,1.9025,,151.0773,133.9775,1393.23,,1755.92,4121.17,2599.29,,104.56
05/05/2005,0.7808,941.262,117.7717,1.2958,1.9068,,151.2271,134.1916,1395.55,,1751.47,4154.93,2609.87,,104.46
06/05/2005,0.7753,934.601,116.7421,1.2819,1.8903,110.3998,150.8724,133.4907,1388.25,14064.42,1749.65,4175.33,2618.67,,105.06
09/05/2005,0.7725,941.874,116.7701,1.2842,1.884,110.1076,151.2001,133.8785,1388.03,14038.22,1760.87,4158.5,2614.09,,105.63
10/05/2005,0.7767,947.534,117.0632,1.288,1.8827,110.0835,151.6951,134.4139,1392.17,14023.32,1742.06,4125.76,2604.6,,105.56
11/05/2005,0.7745,927.086,117.0725,1.2815,1.8729,110.1528,152.0276,135.117,1393.67,13974.61,1750.26,4108.4,2600.04,,105.76
12/05/2005,0.7658,905.282,115.5083,1.2696,1.8653,110.1167,151.9441,135.3049,1395.34,13920.88,1732.89,4141.1,2609.57,,106.78
13/05/2005,0.7615,908.049,115.1096,1.2633,1.8506,110.1182,152.1654,135.7424,1398.76,13884.65,1725.15,4145.86,2605.96,,107.32
16/05/2005,0.7561,897.82,114.7564,1.2642,1.8385,109.9701,152.1375,135.7976,1399.08,13756.61,1742.74,4138.49,2604.73,,106.73
17/05/2005,0.7554,903.461,114.9013,1.2607,1.8337,109.9779,152.1804,136.0115,1399.87,13603.51,1755.1,4133.94,2612.39,,107.53
18/05/2005,0.7611,886.278,115.4815,1.2679,1.8403,110.0901,152.3848,136.1173,1403.11,13616.1,1773.01,4206.99,2642.31,,106.98
19/05/2005,0.7582,885.081,115.1641,1.2644,1.8376,110.1639,152.2467,135.9715,1400.38,13919.89,1781.28,4230.41,2649.4,,107.64
20/05/2005,0.7561,890.363,114.3297,1.2559,1.8271,110.1632,151.9611,135.7234,1399.44,13869.84,1778.59,4228.55,2654.28,,108.16
23/05/2005,0.7595,898.84,114.1388,1.2578,1.8304,110.0584,152.3819,136.11,1403.88,14022.35,1785.46,4260.88,2663.9,,107.65
24/05/2005,0.7631,903.408,114.3657,1.2585,1.8274,110.249,152.6299,136.3712,1406.33,13990.93,1785.8,4258.33,2659.97,,107.64
25/05/2005,0.7627,920.923,114.7288,1.2601,1.8316,110.4232,152.7475,136.547,1404.14,13841.11,1779.81,4249.02,2654.54,,107.72
26/05/2005,0.7585,920.998,114.4931,1.2512,1.82,110.3651,152.5228,136.1004,1403.4,13858.38,1791.41,4285.46,2667.03,,107.97
27/05/2005,0.7632,926.108,114.9923,1.2586,1.8243,110.3048,152.2878,135.6715,1403.56,14064.96,1793.34,4285.61,2662.42,,107.92
30/05/2005,0.7607,,,1.2476,1.8236,110.3521,,,,14157.95,,4309.35,,,108
31/05/2005,0.7559,927.49,114.0766,1.2304,1.8171,110.3271,152.907,136.4431,1409.67,14170.84,1782.46,4281.74,2650.5,,108.57
01/06/2005,0.7495,978.664,113.7591,1.218,1.8094,110.4572,153.2569,137.1282,1416.81,14237.54,1799.15,4351.03,2679.9,,108.76
02/06/2005,0.7544,966.148,115.7021,1.2267,1.8153,110.4302,153.4022,137.2899,1418.2,14175.18,1802.19,4358.19,2676.67,,108.3
03/06/2005,0.7564,995.379,115.9839,1.2236,1.8154,110.4981,153.3068,137.1442,1412.63,14200.31,1789.83,4336.23,2673.67,,107.7
06/06/2005,0.7653,994.184,116.7206,1.2259,1.8244,110.4787,153.5168,137.0403,1414.39,14163.33,1792.14,4315.25,2663.52,,106.94
07/06/2005,0.7689,989.046,116.2671,1.2285,1.8352,110.5578,154.0621,137.4136,1418.12,14096.51,1791.89,4367.33,2687.5,,106.61
08/06/2005,0.765,972.925,116.2495,1.2234,1.8232,110.5329,154.4094,137.742,1415.76,14176.41,1788.3,4354.47,2678.17,,107.29
09/06/2005,0.7678,999.111,116.1228,1.223,1.8205,110.6079,154.3635,137.5301,1413.94,14025.42,1797.72,4350.76,2681.1,,107.44
10/06/2005,0.7613,979.388,117.0045,1.2119,1.8126,110.5912,154.2113,137.4199,1408.22,14205.56,1793.51,4379.9,2692.43,,108.67
13/06/2005,0.7615,1018.706,117.5241,1.2109,1.8068,110.4996,153.8959,137.1039,1406.02,14214.71,1798.07,4402.17,2703.13,,109.57
14/06/2005,0.7632,1002.58,117.0432,1.2032,1.806,110.4946,153.7017,136.7851,1403.32,14245.39,1802.73,4406.39,2701.2,,109.48
15/06/2005,0.7697,1007.167,117.4891,1.2115,1.8227,110.4766,152.9815,136.0539,1403.73,14345.87,1806.78,4385.05,2686.73,,109.2
16/06/2005,0.7732,1024.003,119.4075,1.2108,1.8225,110.2426,152.7033,135.9243,1406.89,14346.5,1813.35,4402.52,2700.37,,108.91
17/06/2005,0.778,1049.13,119.99,1.2286,1.8309,110.1757,153.1089,136.1736,1406.63,14469.21,1822.35,4428.14,2717.84,,108.58
20/06/2005,0.7757,1060.381,120.0199,1.2154,1.8242,110.2619,153.0485,135.9899,1405.52,14430.66,1821.06,4412.38,2714.82,,109.26
21/06/2005,0.7809,1047.494,120.1662,1.2183,1.8296,110.2323,153.8277,136.5732,1409.35,14437.43,1817.36,4436.77,2720.25,,108.17
22/06/2005,0.7788,1030.819,119.9579,1.2129,1.8219,110.3429,154.5097,137.4291,1416.85,14510.99,1817.8,4440.2,2730.02,,108.87
23/06/2005,0.7714,1057.04,120.9227,1.2039,1.8154,110.5814,154.3785,137.3793,1416.07,14548.34,1798.49,4453.26,2738.1,,108.92
24/06/2005,0.7695,1063.977,120.6052,1.2092,1.8245,110.6761,154.5099,137.794,1419.32,14499.82,1784.77,4411.66,2719.14,,109.05
27/06/2005,0.7692,1081.547,120.5533,1.2165,1.8287,110.7997,154.8291,138.3022,1421.23,14352.06,1783.45,4371.89,2700.17,,109.26
28/06/2005,0.7625,1044.311,119.4719,1.2054,1.8146,110.7278,154.3413,137.8419,1416.67,14477.33,1800.07,4413.06,2725.26,,110.03
29/06/2005,0.762,1027.63,119.7279,1.207,1.8065,110.8848,154.2183,137.9365,1415.23,14558.47,1797.73,4436.17,2735.83,,110.43
30/06/2005,0.7625,1017.618,119.3287,1.2108,1.7915,110.8947,154.604,138.4089,1418.31,14571.74,1784.99,4440.33,2737.98,,110.92
01/07/2005,0.7519,1054.859,117.073,1.1959,1.7675,110.8717,154.3927,138.1294,1411.51,14629.76,1789.85,4479.88,2763.6,,111.78
04/07/2005,0.7504,,,1.1902,1.7597,110.6366,154.224,138.0483,,14656.7,,4489.64,2776.09,,111.64
05/07/2005,0.7413,1073.62,115.7754,1.1912,1.7566,110.5782,153.8402,137.6327,1407.38,14612.86,1805.68,4479.44,2779.2,,111.73
06/07/2005,0.7393,1097.533,115.9494,1.1933,1.7541,110.4866,153.762,137.4593,1409.9,14596.29,1791.05,4502.07,2801.73,,112.18
07/07/2005,0.7396,1087.162,115.8777,1.195,1.7448,110.5807,154.1382,138.2668,1412.43,14579.45,1795.55,4426.6,2763.49,,112.08
08/07/2005,0.7419,1067.767,115.7786,1.1967,1.7382,110.7017,154.096,138.1828,1407.66,14549.07,1816.52,4502.74,2803.07,,112.23
11/07/2005,0.7474,1056.582,116.4901,1.2072,1.7579,110.5564,153.7358,137.4698,1408.82,14685.93,1827.91,4534.09,2808.54,,111.81
12/07/2005,0.7572,1077.25,116.7286,1.2241,1.778,110.5387,153.7182,137.3045,1406.11,14707.75,1832.15,4520.02,2795.03,,110.8
13/07/2005,0.75,1065.87,116.045,1.2094,1.7647,110.4025,153.4549,137.1968,1404.93,14667.12,1833.98,4554.02,2810.58,,111.87
14/07/2005,0.7525,1027.814,114.8658,1.2084,1.7566,110.4467,153.2516,136.9017,1403.86,14798.47,1838.8,4577.11,2817.97,,112.37
15/07/2005,0.7494,1036.917,115.1454,1.2035,1.752,110.3474,153.2125,137.0228,1404.45,14791.45,1840.93,4579.21,2802.53,,112.16
18/07/2005,0.7538,1027.292,115.1217,1.2052,1.7487,,153.5341,137.5354,1401.55,,1830.75,4576.12,2793.63,,111.98
19/07/2005,0.7505,1031.981,114.8893,1.2034,1.7404,110.3622,153.2999,137.1779,1403.65,14799.2,1843.07,4628.58,2786.83,,112.69
20/07/2005,0.7557,1023.941,115.4121,1.2139,1.7377,110.3638,153.2189,136.94,1405.61,14830.03,1852.02,4614.36,2794.52,,112.9
21/07/2005,0.7654,1009.534,116.4204,1.2171,1.7517,110.408,153.2644,136.7857,1398.36,14826.73,1839.8,4608.83,2797.93,,110.26
22/07/2005,0.7634,1038.095,116.242,1.2065,1.7389,110.5464,153.8104,137.4704,1402.06,14711.4,1849.81,4599.06,2808.76,,111.34
25/07/2005,0.7628,1042.619,116.5162,1.206,1.7459,110.4517,154.053,137.6599,1400.82,14796.44,1842.85,4606.53,2824.24,,111.49
26/07/2005,0.7579,1049.791,115.8524,1.2015,1.7376,110.3944,153.793,137.4454,1401.23,14765.91,1846.04,4613.11,2816.45,,112.53
27/07/2005,0.7562,1052.012,116.2141,1.2068,1.7446,110.1991,153.9664,137.5077,1399.71,14888.08,1854.72,4624.09,2820.45,,112.47
28/07/2005,0.76,1066.264,116.9536,1.2139,1.7561,110.1995,153.9041,137.4838,1404.35,14917.3,1865.64,4655.11,2824.04,,112.12
29/07/2005,0.7566,1077.334,117.6393,1.2123,1.7579,110.1682,153.8787,137.5541,1399.08,14969.24,1851.37,4645.97,2830.46,,112.5
01/08/2005,0.7617,1100.287,118.1851,1.2181,1.7681,109.9548,153.3522,137.0645,1396.93,15028.77,1853.13,4638.89,2835.04,,112.24
02/08/2005,0.765,1102.515,118.1963,1.2191,1.7709,109.8285,153.1582,136.9303,1395.69,15020.32,1866.28,4682.03,2854.66,,111.47
03/08/2005,0.7718,1082.439,119.5577,1.2337,1.7778,109.8722,153.2792,136.9173,1398.47,15072.65,1868.06,4673.24,2863.13,,111.08
04/08/2005,0.7725,1091.04,119.8391,1.2384,1.7806,109.7687,153.2804,137.0883,1397.19,14948.75,1854.3,4627.11,2854.12,,111.24
05/08/2005,0.7682,1103.714,119.6074,1.2359,1.7793,109.823,152.8141,136.5365,1392.19,14801.95,1840.19,4584.99,2853.7,,111.93
08/08/2005,0.7643,1131.298,118.9662,1.2351,1.7847,109.728,152.9383,136.8359,1390.86,14817.67,1835.37,4601.66,2869.57,,112.19
09/08/2005,0.7615,1120.78,118.8426,1.237,1.7874,109.6875,152.9179,136.7833,1392.62,14970.34,1847.76,4655.99,2879.99,,111.9
10/08/2005,0.7653,1148.345,119.4485,1.2382,1.795,109.5044,153.1147,136.833,1392.89,15219.12,1845.16,4711.73,2894.89,,110.66
11/08/2005,0.7743,1157.845,121.8652,1.2471,1.8109,109.2239,153.1508,136.8283,1397.03,15426.99,1858.43,4688.42,2884.71,,109.7
12/08/2005,0.7719,1165.044,122.0121,1.2441,1.8147,109.4886,153.5879,137.4862,1402.79,15424.93,1847.31,4662.71,2877.83,,109.38
15/08/2005,0.769,1166.445,121.0204,1.2368,1.8116,109.4139,153.8707,137.6027,1400.9,15418.48,1852.78,4652.44,2876.99,,109.24
16/08/2005,0.7696,1161.949,122.0865,1.2364,1.8113,109.3011,154.25,137.9471,1404.39,15492.85,1830.99,4625.97,2865.21,,109.53
17/08/2005,0.7606,1117.747,120.3948,1.2271,1.806,109.5228,154.2013,138.0989,1401.35,15439.32,1832.82,4613.08,2854.35,,109.93
18/08/2005,0.7532,1114.486,120.2713,1.2175,1.7953,109.5687,154.5318,138.4363,1405.67,15482.44,1831.09,4592.99,2841.74,,110.53
19/08/2005,0.7515,1145.621,119.6068,1.2153,1.795,109.6209,154.5002,138.2581,1405.82,15462.77,1832.29,4654.99,2865.09,,110.46
22/08/2005,0.755,1147.373,119.8579,1.2229,1.8001,109.3166,154.6036,138.2961,1406.28,15665.03,1835.32,4658.16,2868.23,,109.79
23/08/2005,0.756,1152.804,120.2212,1.2236,1.8017,109.4044,154.7775,138.5025,1407.68,15690.72,1829.11,4614.58,2858.41,,109.88
24/08/2005,0.7557,1179.878,119.6646,1.2272,1.8011,109.5947,154.8007,138.6157,1408.6,15727.69,1817.22,4607.55,2846.12,,110.22
25/08/2005,0.7596,1185.313,119.9197,1.2301,1.8033,109.5282,154.9988,138.8203,1410.33,15605.54,1821.46,4557.57,2835.56,,110.05
26/08/2005,0.7561,1159.88,119.6606,1.2289,1.8002,109.6429,154.9347,138.7954,1407.91,15652.31,1810.52,4510.84,2820.67,,110.2
29/08/2005,0.7528,1160.216,119.5058,1.2235,1.7965,109.9284,,,1409.45,15489.17,1821.56,4533.04,,,110.63
30/08/2005,0.7491,1203.99,117.9201,1.2221,1.7866,109.8564,155.0373,139.2784,1415.65,15669.49,1815.97,4524.84,2835.63,,111.25
31/08/2005,0.7553,1194.168,118.6356,1.2346,1.8041,110.0381,155.4394,139.4571,1421.3,15619.78,1834.48,4566.37,2857.82,,110.61
01/09/2005,0.7627,1205.645,120.9218,1.2502,1.8343,110.1081,155.885,139.9111,1422.67,15737.27,1836.37,4592.27,2874.86,,109.82
02/09/2005,0.7651,1178.6,121.4753,1.2531,1.8418,110.3063,155.9042,139.7151,1421.81,15854.33,1831.06,4581.25,2873.96,,109.82
05/09/2005,0.7672,,,1.2542,1.8444,110.2077,156.0567,139.6658,,15898.22,,4621.31,2879.89,,109.16
06/09/2005,0.7678,1159.706,121.5498,1.2465,1.8427,110.2852,155.8261,139.2784,1418.63,15853.61,1854.23,4675.53,2891.39,,109.68
07/09/2005,0.7657,1129.266,121.6698,1.2417,1.8366,110.2509,155.6082,139.0665,1414.39,15863.88,1859,4686.24,2896.15,,110.1
08/09/2005,0.773,1131.151,122.1421,1.2399,1.8357,110.1946,155.9129,139.3462,1414.18,15771.14,1852,4682.28,2882.59,,110.52
09/09/2005,0.7751,1125.348,122.7771,1.241,1.8391,110.0886,156.0918,139.6329,1415.35,15970.14,1866.74,4700.51,2892.58,,109.68
12/09/2005,0.7686,1107.892,123.0022,1.2286,1.8197,109.9606,155.388,138.9381,1412.71,16227.32,1865.45,4693.49,2901.11,,110.35
13/09/2005,0.7684,1105.889,122.0109,1.2267,1.8224,109.9487,155.6389,139.4465,1415.23,16234.27,1851.87,4652.79,2881.09,,110.65
14/09/2005,0.7717,1140.606,123.0258,1.2286,1.8239,109.9294,155.7,139.6027,1413.21,16149.08,1845.84,4671.59,2887.66,,110.38
15/09/2005,0.7667,1132.689,124.5562,1.2224,1.8061,110.0151,155.5366,139.4716,1410.07,16341.01,1846.76,4671.64,2907.1,,110.64
16/09/2005,0.7676,1101.033,125.6529,1.2237,1.8082,109.9831,155.2074,138.8611,1406.54,16305.65,1862.11,4710.17,2920.3,,111.35
19/09/2005,0.7671,1161.221,127.6148,1.2142,1.8022,,155.6997,139.2203,1408.25,,1851.74,4695.78,2932.06,,111.54
20/09/2005,0.7663,1139.335,127.5187,1.2115,1.7984,109.9369,155.7716,139.2204,1408.14,16544.58,1837.2,4723.08,2924.87,,111.97
21/09/2005,0.7715,1147.304,128.2366,1.2214,1.8098,109.8342,156.3582,139.9091,1411.87,16604.98,1820.49,4654.52,2900.14,,111.3
22/09/2005,0.7627,1149.86,127.625,1.2155,1.7905,109.9461,156.3548,139.7343,1412.98,16558.16,1827.54,4634.19,2908.81,,111.72
23/09/2005,0.7572,1113.297,126.7962,1.204,1.7755,,156.0473,139.4305,1408.09,,1828.54,4661.19,2923.84,,112.5
26/09/2005,0.7573,1140.521,127.4575,1.2072,1.7793,109.7788,155.4442,139.0129,1405.46,16851.68,1829.05,4758.26,2945.19,,112.18
27/09/2005,0.7559,1126.828,126.5739,1.2014,1.7664,109.7419,155.4526,138.7589,1404.74,16806.58,1829.13,4734.9,2942.07,,113.29
28/09/2005,0.7592,1143.011,128.4594,1.2036,1.7679,109.4588,155.4537,139.0918,1407.4,16965.52,1831.32,4798.12,2968.31,,113.11
29/09/2005,0.76,1138.228,129.2049,1.2032,1.7612,109.3128,155.2738,139.225,1405.33,17194.49,1847.62,4774.79,2959.36,,113.01
30/09/2005,0.762,1132.046,128.2668,1.2026,1.7643,109.3971,155.3189,138.9394,1402.44,17140.27,1849.33,4796.84,2959.08,,113.51
03/10/2005,0.763,1121.186,127.489,1.1918,1.755,109.3155,154.9787,138.7066,1399.08,17078.37,1846.17,4825.99,2971.96,,114.13
04/10/2005,0.7636,1094.372,127.5016,1.1918,1.7589,108.9935,155.1369,138.9973,1399.95,17348.03,1827.96,4846.81,2968.11,,114.25
05/10/2005,0.7564,1077.52,127.5141,1.1975,1.7624,109.3088,155.2207,139.1296,1401.24,17286.22,1801.4,4783.31,2932.47,,114.01
06/10/2005,0.7584,1044.926,129.0754,1.2179,1.7789,109.4409,155.1041,139.2074,1401.28,16869.05,1794.04,4734.78,2902.51,,113.3
07/10/2005,0.757,1053.248,129.8218,1.213,1.7617,109.2634,155.0815,139.1179,1401.89,16702.66,1800.71,4720.71,2897.07,,113.82
10/10/2005,0.7592,1051.81,129.9416,1.2066,1.7564,,155.2877,139.3082,,,1787.8,4731.54,2903.69,,114.11
11/10/2005,0.7524,1073.608,130.4437,1.1993,1.7464,109.0965,155.0115,139.116,1401.05,17118.05,1784.22,4740.34,2907,,114.57
12/10/2005,0.7549,1078.09,129.587,1.2024,1.7517,109.0639,154.7686,138.6095,1397.18,17000.66,1773.6,4701.7,2886.6,,114.39
13/10/2005,0.7508,1063.851,128.8388,1.2026,1.7568,108.9038,154.3035,137.9717,1394.98,16982.35,1772.36,4661.92,2845.03,,114.51
14/10/2005,0.7523,1048.908,128.308,1.2075,1.7684,108.8819,154.311,137.8365,1394.13,16946.15,1787.01,4687.33,2850.31,,114.09
17/10/2005,0.75,1068.304,129.6523,1.2025,1.7542,108.8408,154.2789,137.9437,1394.32,16920.58,1792.33,4697.39,2856.54,,114.93
18/10/2005,0.7479,1046.533,129.122,1.1959,1.7511,108.8925,154.3222,138.1756,1395.13,16859.91,1774.32,4666.64,2844.33,,115.71
19/10/2005,0.7502,1034.212,126.7414,1.1992,1.7654,109.2145,154.6127,138.5183,1396.25,16578.64,1801.01,4589.42,2793.11,,115.44
20/10/2005,0.753,1020.662,126.0474,1.2023,1.7745,109.1428,154.3048,138.2508,1396.52,16655.63,1774.02,4596.64,2791.07,,115.31
21/10/2005,0.749,1031.804,127.6662,1.1954,1.7685,109.1686,154.853,138.6654,1401.31,16667.61,1776.73,4577.43,2779.21,,115.91
24/10/2005,0.7516,1026.876,127.1352,1.1986,1.7691,109.2379,154.9513,138.8166,1398.07,16549.21,1806.59,4634.5,2814.6,,115.45
25/10/2005,0.7568,1063.955,129.2451,1.2106,1.7845,109.1852,154.2738,138.3362,1394.01,16769.6,1802.3,4609.84,2800.83,,115.04
26/10/2005,0.7548,1039.713,128.7961,1.2069,1.7747,108.9844,153.719,138.1473,1388.62,16914.1,1794.56,4626.29,2825.71,,115.86
27/10/2005,0.757,1041.928,129.5179,1.2141,1.7834,109.1681,153.4396,138.4035,1390.87,16941.96,1776.01,4537.91,2801.35,,115.44
28/10/2005,0.7493,1043.792,129.314,1.2069,1.7739,109.2204,153.421,138.8588,1390.37,16853.13,1805.56,4544.68,2817.92,,115.67
31/10/2005,0.7482,1023.796,127.2041,1.1992,1.77,109.0697,153.6548,139.1239,1391.47,17182.94,1818.5,4648.52,2874.07,,116.4
01/11/2005,0.7444,1030.921,125.5015,1.2019,1.7652,108.9166,153.3038,139.1689,1390.36,17513.05,1812.11,4639.13,2888.69,,116.74
02/11/2005,0.7429,1032.611,126.605,1.2073,1.7767,108.9744,153.0712,138.6092,1388.34,17547.1,1830.43,4650.56,2899.99,,116.88
03/11/2005,0.7394,1068.5,125.883,1.1945,1.7708,,152.9717,138.2711,1385.28,,1838.86,4708.02,2939.66,,117.23
04/11/2005,0.7332,1046.516,124.8066,1.1813,1.7497,108.6859,152.7204,138.3661,1384.52,17775.9,1839.16,4699.9,2935.14,,118.34
07/11/2005,0.733,1028.614,125.5286,1.1805,1.7441,108.6237,152.7151,138.543,1386.11,17757.95,1843.27,4710.48,2955.29,,117.68
08/11/2005,0.7346,1030.089,126.0594,1.1782,1.7444,108.7641,153.0933,138.7952,1390.95,17726.57,1837.8,4708.96,2955.35,,117.3
09/11/2005,0.7366,1013.413,127.4971,1.1765,1.7434,108.9662,152.4774,138.4019,1386.6,17771.41,1841,4700.59,2946.76,,117.52
10/11/2005,0.7301,992.198,127.5652,1.1687,1.7412,108.9102,152.6173,138.5356,1392,17782.69,1856.9,4707.98,2937.92,,118.21
11/11/2005,0.733,986.195,128.0179,1.1734,1.7424,108.94,152.7254,138.5085,,17876.42,1862.56,4771.27,2960.43,,118.02
14/11/2005,0.7271,983.767,128.0053,1.1689,1.7369,109.223,152.6813,138.7148,1388.7,17827.14,1861.25,4779.62,2963.11,,118.79
15/11/2005,0.7334,972.019,127.9651,1.1719,1.7354,109.4775,152.8556,139.6317,1392.13,17796.49,1854.28,4782.09,2946.64,,118.91
16/11/2005,0.7307,986.731,130.7398,1.167,1.7166,109.2999,153.5384,141.0029,1397.17,17896.44,1857.97,4750.77,2942.43,,119.19
17/11/2005,0.7338,966.904,132.8654,1.175,1.7193,109.4902,153.3611,140.6535,1399.56,18200.7,1875.49,4768.31,2958.72,,118.83
18/11/2005,0.7333,968.9,132.7175,1.1775,1.7179,109.5159,152.416,140.2902,1396.69,18467.72,1883.99,4800.62,2979.79,,119.11
21/11/2005,0.7361,978.843,133.6544,1.1725,1.7155,109.4147,153.1283,140.8521,1399.63,18540.1,1893.93,4832.59,2979.27,,119.04
22/11/2005,0.7376,994.253,134.617,1.1814,1.7224,109.463,153.0305,140.6419,1402.06,18575.32,1903.66,4833.29,2989.71,,118.74
23/11/2005,0.7377,989.892,134.4693,1.1823,1.7239,,153.1866,140.501,1398.61,,1910.39,4862.6,3002.79,,118.74
24/11/2005,0.7389,,,1.1789,1.7228,109.7079,153.9406,140.9502,,18618.59,,4849.04,2991.56,,118.93
25/11/2005,0.7358,,,1.1725,1.7142,109.6817,153.7627,140.9745,1402.07,18671.56,1914.41,4858.76,2998.52,,119.63
28/11/2005,0.7417,968.595,136.2227,1.185,1.7296,109.6151,153.7682,141.0517,1404.43,18927.49,1898.37,4840.57,2973.29,,118.83
29/11/2005,0.7379,960.441,136.4815,1.1779,1.718,109.6152,153.4198,140.6499,1399.24,18852.67,1898.74,4855.37,2980.69,,119.67
30/11/2005,0.738,976.723,135.1953,1.1788,1.7293,109.7368,153.5562,140.8768,1398.22,18782.51,1887.28,4832.11,2944.85,,119.81
01/12/2005,0.742,994.212,137.2703,1.1737,1.7315,109.6476,153.9157,141.2171,1396.69,19108.79,1910.23,4908.45,2979.03,,120.64
02/12/2005,0.748,1008.951,137.475,1.1718,1.7328,109.477,154.0827,140.7828,1397.17,19476.43,1910.86,4934,3001.82,,120.59
05/12/2005,0.7517,1021.847,139.0384,1.1788,1.7421,109.1964,153.9247,140.4376,1394.86,19640.24,1906.42,4905.6,2992.21,,120.82
06/12/2005,0.753,1019.376,139.3791,1.178,1.7407,109.2582,154.3004,140.7478,1400.16,19478.67,1908.89,4930.04,3007.62,,120.89
07/12/2005,0.7477,1006.744,140.4795,1.1725,1.7354,109.3645,153.9907,140.344,1398.77,19556.06,1899.69,4913.92,3002.59,,121.04
08/12/2005,0.7496,1034.757,141.8243,1.1818,1.753,109.4253,154.2087,140.9199,1403.01,19175.54,1897.57,4920.99,3003.83,,120.33
09/12/2005,0.7505,1012.822,143.8748,1.1812,1.7548,109.2616,153.6427,140.2033,1398.1,19454.26,1902.92,4907.55,2996.39,,120.66
12/12/2005,0.7555,1046.232,144.275,1.1954,1.7762,109.0398,153.9683,140.6198,1397.82,19876.9,1904.59,4926.16,2987.74,,119.78
13/12/2005,0.7544,1045.827,142.2816,1.1945,1.7702,109.149,154.0612,140.7132,1398.9,19927.62,1915.3,4946.16,2990.86,,119.96
14/12/2005,0.7549,1041.457,138.3332,1.2,1.7731,109.355,154.2433,140.8152,1404.92,19530.71,1923.44,4933.23,2998.55,,117.39
15/12/2005,0.7485,1034.674,137.5606,1.1979,1.7653,109.5189,154.2414,140.721,1404.05,19265.32,1920.85,4937.7,2984.54,,116.22
16/12/2005,0.7437,997.031,137.3852,1.2013,1.7728,109.3954,154.4848,141.2239,1405.73,19162.56,1915.4,4986,3004.25,,115.68
19/12/2005,0.7401,980.799,137.4835,1.2007,1.7628,109.3504,154.6307,141.7229,1406.37,19438.4,1904.21,4978.07,3008.68,,116.15
20/12/2005,0.7338,979.871,135.0264,1.1859,1.7546,109.3921,154.5288,141.9099,1404.94,19753.86,1903.81,4992.1,3013.11,,117.25
21/12/2005,0.7333,987.739,134.5792,1.1837,1.7449,109.284,154.1655,141.5204,1403.67,20153.34,1908.65,5035.32,3034.8,,117.4
22/12/2005,0.7315,982.499,137.2294,1.1868,1.7372,109.262,154.3084,141.8207,1407.76,20132.88,1917.16,5034.03,3040.01,,116.65
23/12/2005,0.729,985.021,137.2987,1.1869,1.7334,,154.4237,141.8867,1411.92,,1918.25,5045.87,3039.18,,116.26
26/12/2005,0.7304,,,1.1845,1.7328,109.3556,,,,20342.91,,,,,116.32
27/12/2005,0.7242,979.583,138.6901,1.1827,1.7272,109.5536,,,1415.43,20178.51,1899.93,5063.74,,,117.44
28/12/2005,0.7291,1003.683,140.3909,1.1833,1.7168,109.4016,154.9606,142.5938,1413.25,20463.08,1902.74,5053.8,3054.91,,117.92
29/12/2005,0.7316,1010.871,140.7325,1.184,1.7249,109.4662,154.7941,142.4585,1413.59,20652.1,1897.2,5069.52,3063.36,,117.86
30/12/2005,0.7328,1025.484,141.1286,1.1849,1.723,109.6442,155.059,142.7603,1412.71,20357.98,1887.94,5017.08,3052.73,,117.75
02/01/2006,0.7332,,,1.1821,1.7199,,,,,,,5054.05,,,117.88
03/01/2006,0.7403,1065.817,144.8891,1.2019,1.7462,,154.8442,142.8217,1414.94,,1918.96,5068.09,3086.79,,116.17
04/01/2006,0.7469,1071.466,145.749,1.2119,1.7587,109.8321,155.3845,143.2601,1416.12,20674.01,1926.39,5121.54,3105.15,,116.1
05/01/2006,0.7475,1060.013,143.643,1.211,1.7559,109.9248,155.4572,143.4206,1416.09,20754.66,1926.44,5118.44,3092.43,,115.93
06/01/2006,0.7541,1087.087,147.3062,1.2151,1.7706,109.8408,155.5802,143.5566,1414.31,20758.25,1945.02,5141.92,3114.49,,114.44
09/01/2006,0.7543,1077.263,149.8877,1.2088,1.7655,,155.6326,143.2968,1414.92,,1952.13,5148.64,3114.32,,114.48
10/01/2006,0.7489,1076.768,148.5949,1.2065,1.7649,109.9645,155.3895,143.0956,1411.68,20374.3,1951.53,5111.91,3091.16,,114.34
11/01/2006,0.7552,1080.12,149.8172,1.2128,1.7644,109.7935,155.2534,143.5016,1409.47,20676.6,1958.56,5145.1,3114.37,,114.15
12/01/2006,0.7503,1081.923,149.6178,1.2036,1.7602,109.9283,155.577,143.863,1413.3,20779.71,1946.28,5148.02,3116.33,,114.37
13/01/2006,0.7552,1083.686,151.7397,1.2142,1.777,109.8871,155.5645,144.2587,1418.07,20792.04,1948.64,5090.59,3103.22,,114.18
16/01/2006,0.7542,,,1.2127,1.7685,109.8355,155.5389,144.4155,,20555.85,,5111.85,3119.09,,114.97
17/01/2006,0.7524,1119.382,151.0809,1.2106,1.7678,110.0013,155.6796,145.3508,1419.73,19971.98,1941.57,5063.68,3096.66,,115.48
18/01/2006,0.7473,1107.269,148.4242,1.2113,1.7638,109.9727,155.5799,145.6604,1419.23,19384.71,1934.21,5007.72,3078.14,,115.24
19/01/2006,0.7466,1124.922,152.3869,1.2097,1.7597,109.7615,154.9232,144.8163,1416.88,19833.4,1944.98,5040.05,3094.2,,115.41
20/01/2006,0.748,1143.091,151.0539,1.2135,1.7708,109.7547,154.701,144.7509,1418.11,19833.92,1909.35,4980.55,3082.88,,115.29
23/01/2006,0.7535,1140.437,152.4052,1.2307,1.7875,109.9492,154.5876,145.2471,1419.02,19409.31,1912.91,4971.45,3076.67,,114.42
24/01/2006,0.752,1125.595,152.2613,1.228,1.7848,109.9535,154.7066,145.1933,1416.97,19773.52,1917.54,4955.13,3061.92,,114.69
25/01/2006,0.7529,1105.301,153.4963,1.2241,1.7839,109.7752,154.19,144.2624,1410.83,19776.19,1914.28,5018.7,3100.36,,115.85
26/01/2006,0.7508,1117.352,152.8116,1.2207,1.7793,109.6028,153.7309,143.2834,1407.84,20080.26,1928.17,5107.66,3110.26,,116.44
27/01/2006,0.7494,1141.835,152.4783,1.2094,1.7674,109.4245,153.6669,143.021,1409.06,20800.1,1943.34,5171.93,3145.18,,117.33
30/01/2006,0.7488,1152.463,154.3995,1.209,1.7687,109.3472,153.8499,143.4237,1407.74,20914.52,1945.66,5160.77,3141.37,,117.61
31/01/2006,0.7582,1145.79,155.7443,1.2156,1.7793,109.32,153.9553,143.8086,1408.5,21039.1,1937.93,5180.25,3130.73,,117.2
01/02/2006,0.753,1129.574,155.3574,1.2065,1.7746,109.4201,153.5093,143.3867,1406.05,20824.63,1941.75,5233.46,3153.21,,118.03
02/02/2006,0.7532,1095.973,156.1342,1.2091,1.7806,109.3386,153.5478,143.0914,1406.47,21115.84,1924.67,5161.46,3123.67,,118.56
03/02/2006,0.7489,1107.525,154.7457,1.2024,1.763,109.1639,153.8729,143.3832,1408.93,21051.51,1914.5,5163.47,3130.22,,118.95
06/02/2006,0.7414,1109.124,155.5334,1.1967,1.7477,109.3417,153.9108,143.3355,1409.15,21162.86,1916.04,5168.85,3137.31,,119.04
07/02/2006,0.7397,1081.979,150.2714,1.1981,1.7447,109.2749,153.6614,142.9625,1407.72,21129.03,1900.58,5166.72,3123.41,,117.95
08/02/2006,0.7389,1072.221,150.0189,1.1961,1.7417,109.2091,153.8441,142.971,1405.81,20562.54,1917.84,5153.49,3115.89,,118.53
09/02/2006,0.7403,1070.646,153.911,1.198,1.7414,109.2459,154.0691,143.6138,1407.06,20773.55,1915.1,5231.3,3161.42,,118.84
10/02/2006,0.7377,1057.302,149.9743,1.1904,1.7443,108.9533,154.238,143.927,1404.7,20543.77,1920,5187.54,3137.13,,117.86
13/02/2006,0.7374,1050.014,146.9404,1.1897,1.7409,109.1583,153.897,143.456,1405.28,20063.38,1914.02,5232.22,3153.13,,117.78
14/02/2006,0.7422,1031.714,148.8018,1.1916,1.7363,108.9949,154.0649,143.7795,1403.56,20451.58,1933.46,5242.07,3152.46,,117.4
15/02/2006,0.739,1008.289,147.1395,1.1889,1.741,109.0908,153.961,143.38,1404.34,20133.88,1940.69,5235.49,3154.08,,117.88
16/02/2006,0.7391,1018.826,148.8116,1.1906,1.7394,109.2236,153.8712,143.7025,1405.14,20273.95,1955.06,5272.95,3174.46,,117.59
17/02/2006,0.7395,1038.243,150.4028,1.194,1.7421,109.3465,154.3102,144.1069,1409.11,19856.66,1951.83,5288.7,3183.88,,118.06
20/02/2006,0.741,,,1.1936,1.7437,109.395,154.4744,144.3797,,19508.49,,5287.36,3193.03,,118.26
21/02/2006,0.7388,1065.393,151.0198,1.1911,1.7458,109.3991,154.424,144.2314,1408.14,20086,1945.45,5305.28,3190.14,,118.71
22/02/2006,0.7366,1045.54,151.0386,1.1914,1.7439,109.392,154.6214,144.5337,1410.53,19943,1960.26,5359.99,3201.37,,118.54
23/02/2006,0.7387,1049.599,149.5106,1.1918,1.7512,109.1986,154.1177,144.3767,1408.01,20345.48,1953.37,5352.7,3181.56,,117.14
24/02/2006,0.7395,1082.706,152.3246,1.1876,1.7456,108.8937,154.0489,144.0717,1408.04,20352.82,1956.14,5370.54,3194.88,,116.9
27/02/2006,0.7374,1055.94,151.2414,1.1847,1.7401,108.921,153.7315,143.5377,1406.88,20467.89,1963.58,5390.98,3203.26,,116.12
28/02/2006,0.7423,1068.894,153.134,1.1921,1.7536,109.0041,154.2012,143.9539,1410.55,20483.66,1943.19,5298.27,3157.3,,115.77
01/03/2006,0.7449,1079.287,153.6693,1.1923,1.7501,108.9188,153.9181,144.1596,1407.84,20179.07,1959.77,5343.38,3189.42,,116.1
02/03/2006,0.7484,1105.926,154.938,1.2039,1.7534,108.8253,153.371,143.5398,1404.68,20109.93,1956.6,5283.98,3183.37,,115.88
03/03/2006,0.7454,1107.604,154.3056,1.2045,1.7557,108.9672,153.2195,143.3459,1401.65,19798.46,1953.74,5242.18,3197.4,,116.38
06/03/2006,0.7405,1079.461,151.3213,1.2017,1.7505,108.8903,153.4534,143.4055,1398.54,20099.06,1940.2,5270.43,3218.76,,117.58
07/03/2006,0.7337,1060.433,150.7152,1.1888,1.7359,108.8782,153.3112,143.371,1398.78,19877.68,1936.68,5257.97,3196.68,,117.87
08/03/2006,0.7344,1039.092,147.9669,1.1925,1.7389,109.1307,152.897,142.9349,1398.97,19753.14,1941.17,5233.76,3183.91,,117.86
09/03/2006,0.7344,1052.634,148.7168,1.191,1.7356,109.1517,152.8311,142.4645,1399.55,20270.65,1931.73,5275.56,3207.43,,118.21
10/03/2006,0.7318,1044.106,147.1945,1.191,1.726,108.8963,152.4341,142.0928,1398.24,20370.15,1945.93,5332.75,3235.9,,119.01
13/03/2006,0.7363,1068.543,148.9232,1.1964,1.7329,108.6167,152.4359,142.2377,1397.52,20680.94,1950.39,5369.96,3260.53,,118.73
14/03/2006,0.7374,1095.245,150.4239,1.2013,1.7462,108.6454,152.7664,142.6452,1403.28,20525.28,1970.66,5381.91,3259.3,,117.61
15/03/2006,0.7393,1074.362,150.7932,1.2069,1.7481,108.4132,152.6251,142.382,1401.37,20627.26,1979.21,5394.09,3270.12,,117.38
16/03/2006,0.7379,1095.857,151.0817,1.2183,1.7574,108.4613,152.8035,142.5774,1407.38,20345.6,1982.76,5390.65,3285.58,,116.82
17/03/2006,0.7274,1080.688,151.0199,1.219,1.7565,108.5139,152.4865,141.8598,1405.8,20653.41,1985.69,5380.43,3288.95,,115.92
20/03/2006,0.7202,1049.639,151.3465,1.2165,1.7562,108.4461,152.8163,142.0685,1407.48,21013.74,1982.4,5394.01,3284.74,,116.39
21/03/2006,0.7167,1060.206,150.5567,1.2095,1.7478,,152.7082,141.9964,1403.05,,1970.5,5402.53,3284.48,,117.27
22/03/2006,0.7187,1049.737,150.1712,1.2078,1.7473,108.4319,152.9814,142.5189,1403.84,20850.28,1982.4,5431.04,3298.6,,117.02
23/03/2006,0.7149,1079.329,149.9205,1.1973,1.7349,108.5218,152.7747,142.5762,1401.79,20842.56,1977.29,5419.32,3289.05,,117.86
24/03/2006,0.7087,1082.833,152.5835,1.2036,1.7424,108.4962,153.0419,142.6166,1406.51,20933.45,1979.24,5434.43,3314.42,,117.46
27/03/2006,0.7057,1085.266,154.5574,1.2016,1.7464,108.7097,153.1342,142.4194,1405.06,21046.24,1977.19,5374.11,3279.23,,116.74
28/03/2006,0.705,1109.321,154.4688,1.2,1.743,108.6385,152.2875,141.8421,1399.88,21193.36,1964.47,5350.65,3259.19,,117.95
29/03/2006,0.7064,1120.242,156.2159,1.2024,1.7345,108.1941,152.0755,141.9347,1397.82,21508.81,1979.51,5371.82,3273.22,,117.82
30/03/2006,0.7146,1132.345,159.7994,1.2167,1.7459,108.1888,151.9879,141.9247,1394.92,21644.59,1975.6,5439.65,3303.99,,117.33
31/03/2006,0.7165,1123.556,158.4424,1.2118,1.7372,108.255,152.0324,141.7859,1395.33,21663.14,1967.38,5414.42,3276.16,,117.78
03/04/2006,0.7158,1139.147,160.5545,1.2139,1.7392,107.8681,151.5594,141.5875,1394.55,22010.63,1971.93,5449.41,3308.96,,117.69
04/04/2006,0.7204,1132.379,159.5753,1.2259,1.7552,107.9334,151.3707,141.5792,1395.15,21959.33,1984.47,5409.32,3298.19,,117.54
05/04/2006,0.728,1141.965,160.1088,1.2289,1.7538,107.9286,151.187,141.8886,1397.34,21897.2,1993.21,5428.73,3321.46,,117.42
06/04/2006,0.731,1153.239,162.0748,1.223,1.7533,107.7026,150.9381,141.3793,1394.08,22208.76,1989.87,5425.03,3322.32,,117.75
07/04/2006,0.7262,1149.169,160.2035,1.2093,1.7422,107.6153,150.8819,141.4977,1389.66,22302.78,1969.3,5371.39,3311.58,,118.3
10/04/2006,0.7299,1175.581,162.724,1.2111,1.7427,107.613,150.8904,141.2153,1390.28,22167.17,1971.03,5401.55,3334.04,,118.35
11/04/2006,0.7337,1184.168,162.0959,1.2145,1.7491,107.587,151.1292,141.0685,1392.45,22118.34,1956.12,5324.66,3306.29,,118.28
12/04/2006,0.7326,1186.176,162.6304,1.2104,1.7493,107.5811,151.0906,140.9642,1389.67,21793.79,1958.49,5307.98,3297.78,,118.57
13/04/2006,0.7281,1197.804,162.3266,1.2108,1.7526,107.3863,150.4777,140.3254,1386.16,21840.27,1960.01,5315.27,3313.46,,118.56
14/04/2006,0.7279,,162.3266,1.211,1.751,107.2201,,,,21884.3,,,,,118.69
17/04/2006,0.7373,1214.283,167.4679,1.225,1.7692,107.2699,,,1389.03,21587.84,1954.25,,,,117.81
18/04/2006,0.742,1230.99,168.7072,1.2347,1.7833,107.2712,150.5305,140.6452,1391.85,21883.08,1988.18,5304.18,3321.66,,117.13
19/04/2006,0.7467,1250.91,172.1664,1.2382,1.7928,107.6642,150.5932,140.855,1388.81,22031.98,1991.84,5374.75,3348.92,,117.27
20/04/2006,0.7381,1241.949,168.6965,1.2317,1.7788,107.5971,150.8041,140.8884,1388.42,21990.6,1994.23,5431.08,3344.32,,117.55
21/04/2006,0.7443,1266.1,172.0753,1.2341,1.7822,107.5889,150.7143,140.4811,1389.96,22100.35,1993.99,5471.13,3372.55,,116.59
24/04/2006,0.7444,1241.918,169.0007,1.2388,1.7882,107.7028,150.7676,140.0916,1392.48,21478.68,1989.2,5437.35,3353.84,,114.65
25/04/2006,0.7461,1246.305,171.8127,1.2431,1.7883,107.6658,150.3178,139.5232,1387.29,21549.65,1979.51,5449.77,3347.19,,114.82
26/04/2006,0.7529,1228.208,173.948,1.2454,1.7847,107.4865,150.3438,139.0284,1385.09,21658.4,1985.29,5472.16,3358.56,,114.73
27/04/2006,0.7563,1209.768,172.4261,1.2534,1.8016,107.3332,150.4461,139.3729,1387.39,21732.83,1992.39,5444.39,3334.18,,114.11
28/04/2006,0.7596,1227.85,177.3804,1.2635,1.8259,107.6123,150.7939,139.8048,1389.58,21468.31,1993.79,5408.45,3313.89,,113.83
01/05/2006,0.7599,1259.277,178.9941,1.2588,1.8262,107.8805,,,1385.42,21493.05,1985.55,5408.45,,,113.36
02/05/2006,0.762,1272.638,180.9696,1.2614,1.8396,107.6822,150.658,139.8136,1386.85,21782.65,1997.75,5446.54,3346.3,,113.35
03/05/2006,0.771,1238.624,181.2916,1.2633,1.8421,,150.5807,139.8323,1384.69,,1989.97,5389.74,3307.93,,113.59
04/05/2006,0.7719,1199.524,183.4848,1.2691,1.8514,,150.2393,139.2751,1384.39,,1996.74,5427.87,3322.72,,113.66
05/05/2006,0.7725,1210.344,185.6244,1.2726,1.8594,,150.4901,139.3251,1387.35,,2017.34,5479.74,3352.91,,112.58
08/05/2006,0.7686,1199.239,184.5061,1.2713,1.8591,107.4723,150.4193,139.1803,1387.32,21957.76,2015.84,5486.72,3339.34,,111.64
09/05/2006,0.7739,1216.944,190.38,1.2758,1.8667,107.413,150.3755,139.1178,1387.18,21829.81,2016.6,5505.7,3360.56,,111.04
10/05/2006,0.7746,1238.325,191.5547,1.2782,1.8638,107.1042,150.596,139.2918,1387.19,21526.34,2013.99,5474.17,3354.59,,110.5
11/05/2006,0.7759,1253.523,195.879,1.2836,1.8826,107.2085,150.0708,139.1436,1385.75,21412.32,1988.56,5437.75,3331.78,,110.72
12/05/2006,0.7729,1232.149,193.324,1.2928,1.8946,107.1065,150.0466,139.0471,1382.68,21081.7,1966.27,5319.27,3260.14,,110.03
15/05/2006,0.7607,1190.387,186.114,1.2797,1.8794,107.0899,150.5588,139.8831,1385.47,20935.83,1971.45,5264.54,3221.08,,110.49
16/05/2006,0.7675,1187.704,188.264,1.2859,1.8879,107.277,150.9342,140.7809,1388.89,20518.7,1967.79,5292.65,3223.78,,109.75
17/05/2006,0.7586,1173.659,188.019,1.2743,1.8828,107.5202,150.1541,139.7226,1386.1,20708.22,1935.18,5115.07,3132.56,,110.96
18/05/2006,0.7643,1186.014,185.085,1.2844,1.8935,107.3929,150.7802,141.2087,1391.55,20428.23,1922.32,5121.39,3130.4,,110.82
19/05/2006,0.7582,1169.123,178.759,1.2778,1.8797,107.5747,151.0112,140.7288,1392.91,20514.92,1930.27,5148.26,3122.55,,111.69
22/05/2006,0.7538,1179.45,178.857,1.2866,1.8873,107.9771,151.5577,141.1776,1394.33,20137.04,1922.72,5033.85,3053.75,,111.57
23/05/2006,0.7519,1205.692,183.215,1.2815,1.8801,108.2122,151.4155,140.4576,1392.73,19808.57,1914.38,5148.34,3134.33,,111.99
24/05/2006,0.7525,1176.75,173.464,1.2754,1.8687,108.0461,151.7858,140.8287,1394.78,20199.68,1917.48,5083.75,3084.22,,112.95
25/05/2006,0.7602,1200.155,176.396,1.2799,1.8731,107.8591,151.9073,141.1009,1392.5,19928.63,1939.52,5169.27,3134.25,,111.78
26/05/2006,0.7576,1200.815,177.092,1.2738,1.8593,107.8423,151.8485,141.061,1393.89,20281.15,1950.87,5261.43,3196.8,,112.67
29/05/2006,0.7584,,,1.275,1.8597,107.8018,,,,20211.2,,5233.99,,,112.47
30/05/2006,0.7624,1211.653,178.02,1.287,1.8838,107.9162,151.4432,140.9707,1392.47,20139.79,1920.09,5107.87,3120.08,,112.17
31/05/2006,0.7522,1201.936,174.944,1.281,1.8698,108.038,151.2307,140.8428,1390.04,19641.84,1936.41,5178.47,3160.84,,112.64
01/06/2006,0.7465,1187.863,170.789,1.2804,1.8657,107.4719,150.9435,140.3052,1390.7,19688.08,1960.28,5194.37,3175.13,,112.71
02/06/2006,0.7521,1214.309,172.834,1.2918,1.8819,107.652,151.4671,140.8765,1399.22,20050.72,1964.11,5182.65,3183.38,,111.74
05/06/2006,0.7482,1223.665,174.978,1.2906,1.8724,107.9264,151.2163,140.7171,1397.63,19897.06,1929.23,5136.25,3182,,112.24
06/06/2006,0.7405,1218.633,171.225,1.2833,1.8602,107.5788,150.8673,140.0058,1398.82,19537.11,1927.13,5032.81,3131.01,,113.33
07/06/2006,0.7407,1195.671,170.681,1.2786,1.8545,107.8727,150.9293,140.2859,1397.56,19170.3,1915.77,5083.59,3158.03,,113.58
08/06/2006,0.7412,1190.298,165.631,1.2652,1.8424,108.0784,151.451,140.3741,1399.9,18582.37,1918.59,4941.78,3078.7,,114.23
09/06/2006,0.7481,1211.405,165.383,1.2639,1.8405,108.1862,151.6051,140.8571,1400.81,18731.98,1910.01,5025.45,3129.76,,113.98
12/06/2006,0.7462,1190.595,165.044,1.2587,1.8424,108.2226,151.8388,141.2924,1401.05,18836.33,1885.81,4968.02,3110.76,,114.38
13/06/2006,0.7375,1158.894,153.051,1.2534,1.8328,108.4897,152.2888,141.6525,1402.93,18056.1,1866.92,4864.21,3054.73,,115.43
14/06/2006,0.7369,1162.068,152.991,1.2597,1.8422,108.5064,151.9873,141.6271,1396.92,18171.61,1876.67,4873.04,3047.8,,115.05
15/06/2006,0.7427,1159.876,154.038,1.2637,1.8495,108.4647,151.516,140.6785,1393.94,18376.32,1916.56,4985.85,3110.05,,114.75
16/06/2006,0.7381,1164.896,157.137,1.2642,1.8507,108.2416,151.6753,140.858,1392.02,18895.17,1909.52,4943.47,3097.96,,115.2
19/06/2006,0.7365,1153.621,154.688,1.2577,1.8416,108.2168,151.4238,140.3386,1391.38,18871.05,1892.12,4988.68,3113.81,,115.54
20/06/2006,0.7376,1151.594,156.898,1.2579,1.8419,107.9978,151.1813,139.7025,1390.8,18601.91,1892.13,5023.82,3131.58,,114.97
21/06/2006,0.7399,1169.712,159.757,1.266,1.8453,108.0203,151.0728,139.7586,1390.92,18596.64,1910.62,5041.02,3135.78,,114.9
22/06/2006,0.7339,1183.973,158.265,1.2578,1.828,107.9864,150.6917,139.6673,1388.4,19220.7,1900.98,5067.72,3146.33,,116.12
23/06/2006,0.7317,1185.476,158.989,1.2506,1.8173,107.9258,150.4769,139.5841,1386.61,19206.01,1899.32,5075.31,3150.79,,116.54
26/06/2006,0.7325,1200.735,158.973,1.258,1.8237,107.827,150.4052,139.7877,1386.54,19244.83,1908.56,5053.41,3144.76,,116.27
27/06/2006,0.7325,1203.42,158.102,1.2577,1.8213,107.7776,150.5208,139.7896,1388.61,19276.46,1891.24,5013.52,3128.71,,116.3
28/06/2006,0.7293,1207.785,157.204,1.2556,1.8186,107.759,150.4836,139.5471,1386.27,18914.77,1901.98,5012.21,3144.27,,116.47
29/06/2006,0.7389,1232.15,159.363,1.2665,1.8282,107.6838,150.8164,139.8094,1389.7,19216.38,1943.09,5121.71,3206.79,,115.17
30/06/2006,0.7421,1245.765,166.718,1.2791,1.8483,107.6923,150.7738,139.9761,1394.47,19706.67,1939.03,5216.5,3230.01,,114.44
03/07/2006,0.7422,1244.597,166.787,1.2803,1.8424,107.3956,150.6789,139.6787,1394.22,19791.11,1954.49,5239.29,3258.26,,114.68
04/07/2006,0.7449,,,1.28,1.8464,107.351,150.8219,140.3556,,19876.11,,5250.49,3257.75,,114.82
05/07/2006,0.7419,1259.404,170.542,1.2724,1.8344,107.2432,150.3396,139.9707,1389.58,19730.51,1940.55,5176.65,3227.69,,115.74
06/07/2006,0.7464,1261.092,172.353,1.2781,1.8372,107.2274,150.4661,140.4064,1392.39,19473.09,1945.9,5239.23,3262.78,,115.13
07/07/2006,0.7514,1248.817,171.971,1.281,1.8506,107.351,150.9263,140.7842,1396.11,19455.56,1932.75,5223.41,3262.13,,114.02
10/07/2006,0.7462,1237.895,169.686,1.2729,1.8405,107.301,150.7253,140.6555,1396.87,19767.2,1935.62,5246.2,3266.59,,114.34
11/07/2006,0.7531,1248.806,174.297,1.2774,1.8464,107.3711,151.117,141.0099,1398.88,19666.81,1943.66,5176.48,3244.65,,114.26
12/07/2006,0.7518,1261.464,176.52,1.2704,1.8347,107.5667,150.7304,140.7322,1399.09,19381.48,1922.62,5194.68,3246.62,,115.52
13/07/2006,0.7541,1297.564,177.417,1.2689,1.8439,107.6855,151.1998,141.1243,1401.28,19189.09,1897.73,5097.47,3193.7,,115.4
14/07/2006,0.7532,1306.373,181.089,1.2652,1.8386,108.0814,151.6541,141.8321,1402.34,18867.9,1888.43,5019.75,3161.9,,116.11
17/07/2006,0.7477,1282.317,176.834,1.2518,1.8184,,151.5723,141.3114,1402.45,,1885.82,5005.98,3158.21,,117.24
18/07/2006,0.7464,1256.726,170.826,1.2505,1.8261,108.2113,151.4309,140.9253,1398.24,18349.34,1889.48,4996.66,3147.54,,117.32
19/07/2006,0.7501,1248.088,174.385,1.2586,1.8418,108.0836,151.6514,141.2871,1403.56,18429.44,1924.74,5130.5,3201.03,,116.88
20/07/2006,0.7509,1240.944,171.644,1.2628,1.8487,108.2305,151.7011,141.3698,1406.13,18997.03,1908.42,5136.19,3197.11,,117.05
21/07/2006,0.7524,1242.613,168.345,1.2695,1.8583,108.2164,152.0499,141.5194,1405.28,18837.42,1894.94,5089.62,3168.78,,116.17
24/07/2006,0.7548,1253.943,166.474,1.2635,1.8513,108.0343,152.0342,141.696,1405.63,18803.41,1926.5,5198.16,3232,,116.68
25/07/2006,0.7532,1234.647,167.801,1.2577,1.8392,107.9488,151.978,141.3525,1404.28,19071.25,1938.68,5196.1,3241.59,,117.24
26/07/2006,0.762,1243.307,168.888,1.2718,1.8544,108.0405,151.7763,141.1092,1406.57,18917.77,1937.96,5209.34,3256.22,,116.27
27/07/2006,0.763,1256.797,171.785,1.2698,1.8572,108.0087,152.0474,141.6831,1406.58,19293.62,1930.32,5267.72,3285.24,,115.78
28/07/2006,0.7675,1233.663,172.421,1.2759,1.8636,107.7715,152.3451,141.8519,1410.84,19500.91,1953.86,5309.28,3310.41,,114.65
31/07/2006,0.7665,1260.653,172.227,1.2767,1.8677,107.7752,152.4419,141.8403,1411.74,19645.73,1951,5282.49,3284.82,,114.68
01/08/2006,0.7661,1267.991,175.446,1.2826,1.8762,107.779,152.3445,141.7118,1412.07,19625.52,1942.22,5212.87,3258.51,,114.57
02/08/2006,0.7637,1280.496,176.882,1.2787,1.8771,107.9982,152.3223,141.3555,1413.52,19655.24,1954.18,5292.71,3291.72,,114.67
03/08/2006,0.761,1279.175,175.016,1.2803,1.8877,108.1179,151.9587,140.5639,1414.02,19662.97,1957.41,5251.99,3239.7,,115.01
04/08/2006,0.7655,1272.353,174.774,1.2874,1.9079,108.0902,152.5947,140.9522,1418.08,19699.59,1956.05,5323.83,3268.02,,114.44
07/08/2006,0.7634,1305.885,175.779,1.2843,1.9073,108.3649,152.651,141.3358,1417.15,19260.94,1950.63,5238.15,3234.39,,115.14
08/08/2006,0.7603,1292.561,175.217,1.2833,1.9076,108.3241,152.6957,141.4975,1417.53,19655.72,1944.22,5252.25,3228.45,,115.31
09/08/2006,0.7652,1290.407,176.495,1.2861,1.9046,108.2927,152.4319,141.265,1416.87,19899.66,1936.3,5308.76,3259,,115.33
10/08/2006,0.7674,1260.065,172.253,1.2794,1.8933,107.9674,152.4651,141.06,1416.47,19867.02,1945.61,5263.28,3238.38,,115.26
11/08/2006,0.7665,1267.748,171.851,1.2721,1.8898,108.2811,152.074,140.5673,1413.99,19783.3,1938.13,5266.74,3236.57,,116.31
14/08/2006,0.7594,1252.262,170.563,1.2714,1.8877,108.0814,151.8971,140.4392,1412.21,20154.55,1940.5,5330.59,3264.78,,116.71
15/08/2006,0.7655,1242.423,168.879,1.2784,1.8938,108.1946,152.174,140.7257,1417.22,20102.54,1967.26,5398.35,3279.8,,116.1
16/08/2006,0.7677,1228.574,170.53,1.2839,1.8953,108.3645,152.5121,141.2273,1421.49,20426.86,1982.81,5433.78,3287.42,,115.87
17/08/2006,0.7618,1207.042,166.898,1.2828,1.8851,108.4338,152.6412,141.4348,1421.46,20362.65,1986.04,5446.68,3289.55,,115.98
18/08/2006,0.7594,1217.896,165.96,1.2824,1.8813,108.2771,152.8036,142.052,1423.72,20470.86,1993.43,5434.21,3291.19,,115.79
21/08/2006,0.7633,1238.11,169.633,1.2892,1.8942,108.5456,153.169,142.5749,1425.11,20296.81,1986.11,5413.93,3297.81,,115.86
22/08/2006,0.7626,1237.113,169.336,1.2803,1.8885,108.6369,153.7676,142.9134,1425.69,20566.43,1988.1,5435.86,3290.79,,116.53
23/08/2006,0.7629,1217.234,169.093,1.2787,1.8935,108.6253,153.6143,142.7729,1425.65,20543.37,1979.35,5387.75,3269,,116.41
24/08/2006,0.7616,1227.263,167.914,1.2765,1.8869,108.6515,153.7895,142.7954,1426.22,20286.13,1984.09,5420.56,3274.04,,116.54
25/08/2006,0.7572,1228.604,168.552,1.2752,1.8871,109.275,153.946,142.9373,1427.4,20258.22,1982.81,5419.54,3279.34,,117.29
28/08/2006,0.7591,1199.864,166.779,1.278,1.8928,109.4166,,,1427.41,20039.38,1993.06,5458.82,,,117.22
29/08/2006,0.764,1185.649,165.519,1.2824,1.8982,109.2719,153.6189,142.7242,1428.14,20202.07,1997.21,5456.29,3284.75,,116.68
30/08/2006,0.763,1189.493,167.413,1.2833,1.9044,109.4469,153.9068,142.9191,1429.73,20178.5,1998.08,5472.14,3307.83,,117.16
31/08/2006,0.7638,1193.171,169.602,1.2813,1.9047,109.6421,154.2576,143.3556,1432.46,20520.16,1997.42,5459,3294.88,,117.4
01/09/2006,0.7671,1174.933,169.198,1.2834,1.9051,109.5796,154.4398,143.5316,1433.25,20511.88,2008.47,5476.48,3318.88,,117.09
04/09/2006,0.7706,,,1.2873,1.907,109.4114,154.4011,143.2161,,20796.43,,5500.45,3339.8,,116.09
05/09/2006,0.7712,1160.024,173.116,1.2816,1.8946,109.3579,154.056,143.003,1430.48,20831.89,2012,5471.99,3337.03,,116.09
06/09/2006,0.7663,1141.766,171.775,1.2805,1.8844,109.4468,153.6552,142.867,1429.17,20702.38,1992.42,5406.71,3308.98,,116.65
07/09/2006,0.7583,1136.228,167.275,1.2731,1.8765,109.4566,153.8667,143.053,1429.97,20356.99,1982.93,5360.11,3269.28,,116.43
08/09/2006,0.7541,1116.287,165.264,1.2673,1.8652,109.3006,154.1254,143.3666,1431.76,20443.5,1990.44,5374.98,3281.08,,116.94
11/09/2006,0.7511,1103.813,159.976,1.2702,1.8657,109.6526,154.0525,143.1027,1430.29,20079.8,1991.49,5363.97,3265.18,,117.69
12/09/2006,0.7507,1078.101,159.195,1.2688,1.8747,109.5209,153.7841,142.6596,1432.54,19984.4,2012.32,5431.2,3290.13,,117.95
13/09/2006,0.7527,1078.84,159.752,1.2689,1.876,109.6406,154.111,143.1129,1433.38,20023.44,2020.49,5454.98,3289.67,,117.68
14/09/2006,0.755,1069.313,157.014,1.2725,1.8867,109.6105,154.1855,143.1076,1431.6,20267.97,2017.86,5442.14,3281.34,,117.59
15/09/2006,0.753,1066.851,156.231,1.2665,1.8814,109.6644,154.3585,143.0999,1431.1,20172.04,2023.35,5464.38,3281.22,,117.56
18/09/2006,0.7558,1074.94,158.92,1.2704,1.8802,,153.9005,142.3576,1430.59,,2025.39,5459.17,3288.61,,117.95
19/09/2006,0.752,1043.79,156.368,1.2678,1.8823,109.4489,154.3482,142.8369,1436.18,20181.38,2021.01,5418.62,3255.97,,117.76
20/09/2006,0.7524,1018.5,157.194,1.2686,1.8884,109.6189,154.4487,143.0751,1436.72,19983.55,2031.59,5506.23,3276.08,,117.46
21/09/2006,0.7574,1030.212,157.778,1.278,1.9021,109.5222,154.5191,143.4584,1442.76,20130.46,2021.08,5528.92,3293.11,,116.37
22/09/2006,0.7501,1017.632,159.703,1.2784,1.9002,109.8868,155.2848,144.4388,1446.4,19876.75,2016.09,5465.28,3251.54,,116.56
25/09/2006,0.7535,1026.034,159.902,1.2746,1.8997,109.8696,155.5984,144.7864,1449.68,19875.66,2033.87,5478.73,3238.15,,116.61
26/09/2006,0.7521,1017.035,160.245,1.2691,1.8943,109.9839,155.6397,144.7843,1448.08,19859.2,2049.2,5551.55,3280.17,,117.11
27/09/2006,0.7509,1047.683,161.931,1.27,1.8892,109.7568,155.4857,144.544,1447.63,20357.57,2049.97,5584.89,3312.28,,117.5
28/09/2006,0.7484,1050.434,163.992,1.2703,1.877,109.7565,155.3174,144.3036,1445.9,20455.84,2053.93,5583.17,3335.29,,117.81
29/09/2006,0.7461,1058.408,162.215,1.2674,1.8721,109.6543,155.1805,143.9564,1445.76,20586.98,2048.89,5589.53,3329.41,,118.18
02/10/2006,0.7489,1027.654,162.039,1.2738,1.8868,109.3303,155.4371,143.9687,1447.3,20748.73,2041.99,5579.59,3327.74,,117.65
03/10/2006,0.7433,992.681,156.205,1.2732,1.8878,109.5389,155.0186,143.874,1447.7,20733.16,2046.28,5561.9,3316.16,,117.92
04/10/2006,0.746,1003.266,152.25,1.2715,1.8862,109.4568,155.3713,144.2122,1451.5,20529.51,2071.45,5611.49,3333.02,,117.9
05/10/2006,0.7463,1014.017,154.635,1.2694,1.8793,109.4004,155.2178,144.3408,1448.23,20997.71,2076.63,5647.5,3354.26,,117.7
06/10/2006,0.7427,1010.721,155.005,1.2601,1.8703,109.4784,154.9793,143.9557,1441.94,20980.77,2071.05,5648.15,3352.4,,119.02
09/10/2006,0.7444,1018.968,156.679,1.2594,1.867,,154.9674,144.0141,,,2072.71,5646.96,3368.99,,119.11
10/10/2006,0.7441,1002.268,154.925,1.2537,1.8543,109.4162,154.5168,143.4506,1438.84,21033.35,2077.01,5678.4,3392.34,,119.72
11/10/2006,0.7422,993.903,155.027,1.2514,1.8535,109.2905,154.5923,143.4822,1436.25,20935.47,2071.9,5688.04,3393.55,,119.79
12/10/2006,0.7511,999.433,156.07,1.2555,1.8591,109.2751,154.6744,143.4378,1436.96,20894.93,2091.69,5734.63,3420.25,,119.37
13/10/2006,0.7511,1010.688,159.426,1.2513,1.8557,109.1504,154.4381,143.1234,1435.27,21109.04,2095.97,5733.46,3440.38,,119.63
16/10/2006,0.7538,1028.434,161.051,1.2533,1.8617,108.9502,154.4999,143.2426,1437.06,21308.46,2101.27,5737.62,3448.79,,119.04
17/10/2006,0.7535,1018.106,159.727,1.2545,1.8707,108.9501,154.7996,143.3197,1438.14,21204.85,2093.58,5662.49,3413.17,,118.75
18/10/2006,0.755,995.338,159.508,1.2533,1.868,108.8835,154.6528,143.2247,1439,21257.71,2096.71,5722.43,3437.15,,118.91
19/10/2006,0.7593,1014.786,162.194,1.2625,1.8778,108.8435,154.3803,143.0794,1437.98,21127.97,2098.32,5715.89,3440.26,,118.17
20/10/2006,0.7586,998.395,160.575,1.2618,1.8834,108.8902,154.4711,142.893,1438.15,21255.97,2100.86,5732.19,3439.83,,118.75
23/10/2006,0.7571,991.443,157.006,1.2552,1.8737,108.722,154.172,142.8174,1435.65,21431.09,2113.82,5765.09,3445.94,,119.35
24/10/2006,0.7584,1001.243,158.294,1.2558,1.8726,108.8468,154.2121,142.8793,1435.82,21420.43,2114.36,5757.9,3455.1,,119.38
25/10/2006,0.7612,1035.287,159.178,1.2601,1.8772,108.9916,154.164,142.9365,1439.41,21316.82,2121.83,5765.26,3473.21,,119.13
26/10/2006,0.7645,1016.757,161.625,1.2693,1.8906,109.2601,154.3723,143.4586,1443.68,21460.17,2132.39,5776.95,3456.59,,118.4
27/10/2006,0.7683,1022.961,161.971,1.2741,1.8989,109.3191,154.8297,144.2948,1447.18,21277.96,2114.65,5762.58,3443.22,,117.61
30/10/2006,0.7696,985.702,163.764,1.2725,1.9013,109.4555,155.054,144.6611,1447.93,20873.38,2115.63,5744.86,3424.16,,117.49
31/10/2006,0.7738,992.068,163.625,1.2762,1.9074,109.522,155.6215,145.1857,1453.1,20933.91,2115.65,5744.69,3425.52,,116.98
01/11/2006,0.7749,991.878,167.018,1.2757,1.9087,109.5227,156.0267,145.1927,1456.58,20903.55,2100.36,5759.97,3441.1,,117.04
02/11/2006,0.7744,974.963,169.334,1.2779,1.9086,109.5563,155.61,144.617,1454.39,20871.41,2100.21,5702.97,3440.91,,117.14
03/11/2006,0.7701,995.27,169.735,1.2718,1.9012,,155.3491,144.4522,1446,,2095.68,5727.47,3440.27,,118.01
06/11/2006,0.7715,1007.987,169.455,1.2724,1.8977,109.259,155.1759,144.2453,1447.1,20889.96,2119.53,5806.06,3483.02,,118.31
07/11/2006,0.7738,986.139,169.425,1.2777,1.9061,109.255,155.6602,144.9376,1450.62,20926.53,2124.28,5845.73,3493.89,,117.7
08/11/2006,0.7706,1001.224,166.911,1.2757,1.9054,109.4042,155.4583,144.6649,1452.77,20700.3,2129.22,5847.1,3494.08,,117.84
09/11/2006,0.7678,1029.051,171.919,1.2829,1.9051,109.5332,155.6422,144.9247,1453.03,20678.43,2118.32,5845.94,3489.9,,117.93
10/11/2006,0.767,1005.152,170.144,1.284,1.9106,109.6357,155.9377,145.1645,1455.67,20568.74,2122.26,5835.86,3476.96,,117.63
13/11/2006,0.762,993.505,169.063,1.2805,1.901,109.7959,155.7728,144.7322,1454.88,20453.77,2128.17,5867.9,3468.98,,118.17
14/11/2006,0.7655,986.352,168.953,1.2811,1.8955,109.3954,155.9583,144.9506,1457.73,20794.69,2141.95,5865.29,3464.76,,117.63
15/11/2006,0.7653,997.11,168.548,1.2828,1.8889,109.5002,155.7279,144.6884,1454.14,20736.56,2147.6,5900.47,3489.52,,118.02
16/11/2006,0.7665,966.648,168.01,1.2796,1.8885,109.476,155.7106,144.6272,1451.45,20634.97,2152.57,5901.89,3503.56,,118.22
17/11/2006,0.769,972.966,168.247,1.2828,1.8945,109.4306,155.9439,144.749,1455.68,20542.88,2154.8,5863.2,3468.37,,117.76
20/11/2006,0.7704,970.833,168.237,1.2816,1.8977,109.6668,156.1969,145.0477,1456.84,20075.93,2153.76,5887.5,3475.36,,118.05
21/11/2006,0.7714,991.434,170.054,1.2845,1.899,109.6575,156.175,144.883,1458.2,20086.53,2157.42,5887.94,3474.3,,117.92
22/11/2006,0.7755,979.829,170.158,1.2944,1.9146,109.7194,156.1881,144.8349,1459.03,20316.44,2162.65,5886.38,3456.04,,116.74
23/11/2006,0.7733,,,1.2945,1.9155,,155.9061,144.5944,,,,5873.14,3444.65,,116.3
24/11/2006,0.7787,,170.158,1.3094,1.9322,109.7696,156.3722,145.0659,1460.85,20087.12,2154.96,5819.1,3434.6,,115.9
27/11/2006,0.7782,991.932,173.408,1.3134,1.9382,109.7652,156.1261,144.6417,1462.25,20280.13,2125.67,5718.59,3394.21,,116.08
28/11/2006,0.7837,1002.073,172.521,1.3199,1.9516,109.8624,156.4157,144.9777,1464.5,20241.68,2133.52,5714.08,3380.66,,116.16
29/11/2006,0.7832,1027.624,172.035,1.3155,1.9465,109.6806,156.1392,144.9155,1463.55,20523.74,2154.09,5783.06,3414.55,,116.41
30/11/2006,0.7889,1043.173,175.034,1.3242,1.9659,109.9086,156.4373,145.3094,1468.28,20776.68,2155.89,5731.51,3394.62,,115.81
01/12/2006,0.7889,1050.784,174.442,1.3337,1.9813,110.163,156.7512,145.7491,1471.41,20837.26,2149.85,5652.4,3379.29,,115.45
04/12/2006,0.7896,1036.28,174.594,1.3343,1.9816,110.1089,156.7253,145.7544,1471.82,20814.04,2169,5696.74,3395.51,,115.28
05/12/2006,0.7865,1032.765,173.813,1.3316,1.9732,110.1355,156.5973,145.3111,1471.48,20765.74,2177.75,5761.44,3415.7,,114.89
06/12/2006,0.7845,1023.366,170.617,1.3287,1.9663,110.1102,156.5601,145.3813,1468.52,20900.45,2175.45,5753.35,3418.28,,115.26
07/12/2006,0.7894,1015.078,170.936,1.3287,1.963,109.9141,156.3424,145.126,1468.44,21030.77,2166.87,5776.89,3441.37,,115.27
08/12/2006,0.7856,1006.629,169.349,1.3202,1.9548,109.8005,156.202,144.8789,1463.29,20959.86,2170.84,5778.61,3453.13,,116.33
11/12/2006,0.7847,1000.042,170.438,1.3237,1.9583,110.0317,156.041,144.5081,1466.14,21100.51,2175.8,5826.06,3457.25,,117
12/12/2006,0.7869,993.493,169.629,1.3285,1.9712,110.1318,156.0883,144.2677,1468.62,21240.67,2173.58,5835.91,3455.36,,116.79
13/12/2006,0.7852,994.422,169.839,1.3214,1.9669,110.304,156.0592,144.1041,1462.35,21311.08,2176.52,5885.63,3475.8,,117.59
14/12/2006,0.7829,1014.291,169.459,1.3143,1.9603,110.2526,155.6403,143.5685,1460.95,21485.05,2195.59,5920.85,3495.73,,117.84
15/12/2006,0.7815,1023.819,166.313,1.308,1.9523,109.992,155.5403,143.713,1461.15,21593.71,2198.07,5952.23,3513.72,,118.18
18/12/2006,0.78,1002.42,166.057,1.3098,1.9477,109.8937,155.3874,143.5643,1461.92,21654.73,2190.97,5936.99,3506.66,,118.15
19/12/2006,0.7842,1013.226,168.095,1.3197,1.9696,110.1434,155.0556,143.2285,1461.58,21418.26,2195.8,5894.47,3482.25,,118.12
20/12/2006,0.7857,1022.442,167.822,1.3173,1.9645,110.3502,155.1068,143.5704,1461.8,21717.2,2192.76,5920.42,3479.53,,118.47
21/12/2006,0.7843,1011.588,167.119,1.3176,1.9616,110.3741,154.9127,143.4366,1465.27,21764.17,2185.21,5911.17,3471.17,,118.34
22/12/2006,0.7835,1008.856,167.33,1.3128,1.9581,110.4637,155.0311,143.3936,1460.27,21837.11,2173.9,5855.69,3474.7,,118.87
25/12/2006,0.7836,,,1.3121,1.959,110.497,,,,21821.7,,,,,118.76
26/12/2006,0.7813,988.366,168.657,1.3097,1.9537,110.5878,,,1462.4,21933.25,2183.38,,,,119.15
27/12/2006,0.7844,980.21,169.595,1.3114,1.9563,110.1869,154.6,142.9016,1458.7,22002.18,2199.15,5943.89,3506.83,,118.87
28/12/2006,0.791,982.895,171.394,1.315,1.9631,110.074,154.3708,142.8308,1456.29,22004.3,2196,5937.85,3504.42,,118.93
29/12/2006,0.7885,990.046,171.713,1.3197,1.9588,110.0294,154.6796,143.5129,1456.21,22005.6,2186.13,5922.44,3493.12,,119.06
01/01/2007,0.7894,,,1.3201,1.9592,,,,,,,,,,119.04
02/01/2007,0.7961,,,1.3273,1.9736,,154.7966,143.3684,1457.99,,,6013.35,3543.72,,118.85
03/01/2007,0.7912,942.391,169.623,1.3169,1.9514,,154.6564,143.0211,1459.85,,2183.92,6022.14,3548.32,,119.39
04/01/2007,0.7844,897.828,168.677,1.3084,1.9428,109.7945,154.8138,143.2654,1463.36,22168.91,2186.6,6007.07,3530.32,,119.05
05/01/2007,0.7787,908.328,163.501,1.3002,1.9292,109.8419,154.4046,143.1127,1461.42,21834.11,2173.29,5937.47,3492.79,,118.63
08/01/2007,0.7799,908.065,164.242,1.3024,1.9378,,154.5151,143.3686,1461.31,,2178.8,5928.82,3478.21,,118.79
09/01/2007,0.7807,900.683,165.774,1.3,1.9397,109.7314,154.2467,143.3056,1461.51,22020.85,2177.68,5937.67,3479.33,,119.38
10/01/2007,0.7774,872.592,165.367,1.2938,1.9321,109.6256,154.177,143.2197,1460.04,21643.52,2182.16,5883.2,3459.51,,119.63
11/01/2007,0.781,837.825,165.535,1.2893,1.9452,109.7497,154.2408,142.6733,1456.2,21510.37,2196.02,5991.86,3498.47,,120.5
12/01/2007,0.7837,850.891,169.042,1.2923,1.9592,109.6857,153.7833,142.0013,1453.97,21789.93,2206.68,6004.6,3503.49,,120.33
15/01/2007,0.7839,,,1.2938,1.9646,109.6947,153.9682,142.0828,,21985.27,,6022.66,3517.22,,120.43
16/01/2007,0.7829,824.089,168.868,1.2918,1.9614,109.7141,154.1382,142.3264,1456.1,21975.74,2208.48,5996.51,3490.38,,120.66
17/01/2007,0.7862,838.021,170.869,1.2938,1.9698,110.0654,154.1724,142.3017,1453.59,22050.97,2206.7,5964.23,3484.84,,120.67
18/01/2007,0.7895,824.628,169.503,1.2963,1.9743,109.8964,153.9094,142.263,1456,22190.96,2200.2,5950.67,3488.1,,121.22
19/01/2007,0.7899,851.299,171.771,1.2957,1.9738,110.1974,154.0685,142.3122,1454.8,22113.69,2206.6,6002.1,3503.22,,121.24
22/01/2007,0.7875,843.733,171.228,1.2951,1.9762,110.2711,154.4678,142.5844,1456.22,22258.99,2195,5955.42,3492.68,,121.66
23/01/2007,0.7929,876.326,174.434,1.3026,1.9813,110.2629,154.4917,142.4154,1453.47,22239.05,2202.77,5954.82,3497.84,,121.64
24/01/2007,0.7813,878.313,175.074,1.297,1.9696,110.2391,154.2632,142.2152,1453.38,22365.3,2221.56,6022.93,3546.93,,121.19
25/01/2007,0.7732,862.738,175.072,1.2931,1.9641,110.2354,153.9982,141.6356,1449.7,22302.58,2196.54,6005.89,3521.35,,121.26
26/01/2007,0.7735,881.357,174.106,1.2916,1.9593,110.187,153.9074,141.2405,1449.06,22256.74,2193.89,5970.12,3498.2,,121.54
29/01/2007,0.7724,858.405,173.751,1.2957,1.961,109.9968,153.6746,140.9973,1448.81,22318.74,2191.71,5995.75,3504.85,,121.74
30/01/2007,0.7725,901.143,174.07,1.297,1.9628,110.0672,153.7413,141.2103,1449.96,22343.95,2204.4,6036.6,3506.02,,121.63
31/01/2007,0.7769,919.936,176.156,1.3032,1.9655,110.1581,153.9321,141.4068,1453.89,22207.55,2219.19,6012.6,3484.18,,120.7
01/02/2007,0.7741,908.863,177.546,1.3022,1.9668,110.1235,153.9675,141.2212,1453.05,22381.39,2231.61,6061.29,3528.64,,120.82
02/02/2007,0.775,935.131,174.491,1.2961,1.966,110.0223,154.2478,141.3054,1453.86,22416.66,2235.39,6085.87,3544.75,,121.14
05/02/2007,0.7755,930.077,175.797,1.2929,1.9603,110.0596,154.5456,141.5304,1455.74,22158.21,2233.44,6084.54,3548.67,,120.34
06/02/2007,0.7775,928.028,176.518,1.2985,1.9711,109.9395,154.5432,141.6496,1458.81,22237.49,2235.02,6093.18,3564.6,,120.1
07/02/2007,0.7788,908.85,176.167,1.3012,1.9707,109.9176,154.5944,141.8275,1460.5,22091.16,2239.05,6118.49,3582.54,,120.68
08/02/2007,0.7815,942.148,177.666,1.3042,1.9589,109.9806,154.4907,142.1554,1461.18,22091.36,2236.46,6082.31,3569.56,,121.03
09/02/2007,0.7764,942.592,180.237,1.3008,1.9491,110.2096,154.1482,141.555,1457.75,22362,2220.72,6114.43,3590.07,,121.71
12/02/2007,0.7716,908.717,178.973,1.2966,1.9472,,154.0203,141.5566,1457.03,,2213.58,6064.94,3573.54,,121.94
13/02/2007,0.7797,930.04,179.32,1.3039,1.9469,109.9573,153.8747,141.8186,1456.37,22511.62,2230.8,6101.18,3589.46,,121.17
14/02/2007,0.7838,908.193,180.284,1.3131,1.9628,110.0001,154.1085,141.8878,1462.24,22679.22,2248.4,6141.46,3613.59,,120.8
15/02/2007,0.7844,910.348,180.148,1.3141,1.9511,109.8687,154.595,142.775,1464.31,22864.73,2250.97,6128.67,3620.4,,119.27
16/02/2007,0.7871,930.744,180.549,1.3138,1.9496,110.083,154.5249,142.717,1465.34,22837.16,2249.06,6113.22,3612.65,,119.43
19/02/2007,0.7865,,,1.3156,1.9514,110.0592,154.412,142.6549,,22919.49,,6140.32,3626.66,,119.56
20/02/2007,0.7864,917.077,177.484,1.3138,1.9553,110.1163,154.4492,142.4355,1467.02,22918.25,2255.48,6117.4,3608.59,,120.03
21/02/2007,0.7918,937.801,183.685,1.3139,1.954,110.1496,154.6302,142.738,1466.17,22885.15,2252.43,6091.8,3580.15,,120.94
22/02/2007,0.7891,959.154,183.442,1.3126,1.9564,110.3289,154.2944,142.133,1463.51,23135.01,2251.03,6104.71,3593.6,,121.58
23/02/2007,0.7917,966.468,184.462,1.3166,1.9634,110.2784,154.6946,142.5563,1467.4,23242.21,2243.26,6111.2,3605.17,,121.08
26/02/2007,0.7935,973.276,185.372,1.3188,1.9636,110.3729,155.176,143.2569,1471.39,23276.62,2240.73,6149.09,3623.87,,120.66
27/02/2007,0.7876,973.256,184.7,1.3242,1.9621,110.5035,155.4543,143.8303,1480.55,23154.67,2163.11,5982.73,3540.17,,117.94
28/02/2007,0.7879,980.577,180.775,1.3229,1.9639,110.5474,155.5105,143.9144,1478,22495.55,2175.78,5882.54,3476.72,,118.56
01/03/2007,0.7847,981.809,178.811,1.3186,1.9584,110.4131,155.6366,144.0096,1478.06,22303.09,2170.17,5802.2,3445.49,,117.62
02/03/2007,0.7822,980.385,173.19,1.3192,1.9435,110.4311,155.71,144.1717,1481.15,22002.05,2145.43,5773.88,3445.6,,116.8
05/03/2007,0.7704,957.832,171.946,1.309,1.9205,110.7429,155.9648,144.4662,1481.61,21266.41,2125.34,5728.44,3413.16,,115.53
06/03/2007,0.7751,971.095,173.853,1.3128,1.9317,110.6876,155.96,144.2311,1480.87,21524.86,2158.36,5772.09,3458.17,,116.6
07/03/2007,0.7771,987.8,175.679,1.3177,1.933,110.7028,155.9164,144.2055,1483.18,21422.78,2153.65,5788.76,3484.62,,116.06
08/03/2007,0.7773,986.536,176.402,1.3133,1.9283,110.7385,155.8097,144.1265,1482.69,21838.97,2169.14,5876.01,3524.92,,117.18
09/03/2007,0.7801,965.711,175.499,1.3116,1.932,110.7816,155.574,143.6227,1476.58,21933.19,2170.62,5889.08,3534.84,,118.34
12/03/2007,0.7862,956.081,175.101,1.3189,1.9325,110.7435,155.7629,143.7492,1479.74,22097.2,2176.5,5853.26,3528.08,,117.74
13/03/2007,0.7816,957.629,174.885,1.3197,1.929,110.7854,156.0271,144.1667,1484.53,21952.1,2132.76,5782.69,3487.25,,116.28
14/03/2007,0.7867,959.599,173.042,1.3223,1.9361,111.0088,156.2622,144.6232,1482.79,21310.68,2147.18,5622.98,3400.69,,117.09
15/03/2007,0.7896,951.309,174.293,1.3238,1.9374,110.8829,155.9873,144.1828,1482.05,21545.17,2155.18,5737.3,3475.78,,117.57
16/03/2007,0.796,945.315,176.158,1.3318,1.9424,110.9134,156.0562,144.1372,1481.55,21396.63,2146.93,5735.83,3474.29,,116.75
19/03/2007,0.8,950.457,176.312,1.3302,1.9442,110.9185,155.864,143.816,1480.22,21735.77,2170.33,5837.95,3507.6,,117.53
20/03/2007,0.8035,946.297,177.617,1.3318,1.9614,110.9937,156.0283,143.69,1481.88,21932.11,2184.1,5872.56,3525.11,,117.29
21/03/2007,0.808,952.252,177.909,1.3386,1.9678,,155.8758,143.7122,1484.79,,2221.46,5870.78,3551.11,,117.55
22/03/2007,0.8065,978.136,179.055,1.3331,1.9648,111.0872,155.6509,143.3667,1479.55,22259.24,2220.68,6002.92,3585.88,,118.13
23/03/2007,0.805,986.243,177.21,1.3283,1.9614,110.8045,155.2571,142.9376,1478.09,22337.71,2223.12,6033.87,3598,,118.12
26/03/2007,0.8099,1006.584,179.073,1.333,1.9694,110.5873,155.2992,142.8036,1480.26,22390.87,2225.26,5962.65,3571.07,,118.14
27/03/2007,0.8084,1011.632,178.723,1.3352,1.9657,110.6351,155.1021,142.3249,1479.08,22302.57,2211.52,5979.2,3571.44,,117.81
28/03/2007,0.8054,1024.198,179.844,1.3313,1.9616,110.4712,155.0879,142.5544,1478.85,22161.99,2194.38,5942.63,3558.21,,116.86
29/03/2007,0.8067,1047.968,178.452,1.3331,1.9619,110.6352,154.854,142.3454,1477.99,22173.87,2202.68,6017.3,3590.56,,118.07
30/03/2007,0.8086,1048.266,178.851,1.3354,1.9678,110.6339,154.7777,142.3011,1477.28,22204.37,2200.12,6020.28,3581.39,,117.83
02/04/2007,0.817,1054.224,179.593,1.3366,1.9778,110.6679,154.7871,142.3048,1477.81,21871.4,2205.85,6032.55,3585.65,,117.86
03/04/2007,0.8132,1044.542,179.136,1.333,1.9741,110.6296,154.5162,141.6737,1476.42,22148.37,2226.76,6114.27,3614.36,,118.96
04/04/2007,0.8191,1054.36,181.22,1.3368,1.9762,110.4187,154.8132,141.9913,1477.58,22533.74,2229.26,6136.62,3614.92,,118.73
05/04/2007,0.8199,1057.577,181.78,1.3429,1.9708,110.5128,154.6101,141.8981,1476.14,22466.09,2236.71,6153.73,3633.46,,118.73
06/04/2007,0.8164,,,1.3379,1.9655,110.5475,,,,22457.56,,,,,119.26
09/04/2007,0.8167,1036.652,181.211,1.3354,1.9626,110.486,,,1471.54,22790.2,2238.03,,,,119.33
10/04/2007,0.8267,1049.704,182.467,1.344,1.9728,110.4916,154.4184,141.7483,1473.33,22688.64,2243.93,6198.79,3645.06,,119.06
11/04/2007,0.8244,1050.462,182.546,1.3431,1.9748,110.711,154.2789,141.752,1472.63,22695.55,2229.44,6186.88,3643.92,,119.39
12/04/2007,0.8289,1065.979,182.035,1.3482,1.9793,110.5753,153.9431,141.3357,1472.79,22529.03,2243.3,6167.89,3645.69,,119.16
13/04/2007,0.8334,1061.358,184.792,1.3527,1.9863,110.5957,153.4387,140.7424,1471.22,22302.37,2251.12,6221.68,3671.86,,119.27
16/04/2007,0.8328,1040.879,186.1,1.3535,1.9897,110.3908,153.7538,141.0928,1473.63,22641.9,2275.35,6310.89,3702.42,,119.74
17/04/2007,0.8371,1021.175,185.589,1.3567,2.0069,110.4427,154.0175,141.054,1477.6,22512.37,2280.01,6318.28,3691.94,,118.91
18/04/2007,0.8382,1022.391,185.829,1.3609,2.0087,110.3444,154.2805,141.6349,1480.24,22692.03,2281.61,6281.63,3666.32,,118.69
19/04/2007,0.8356,1018.683,184.514,1.3613,2.0034,110.5257,153.9759,141.4443,1479.75,22312.67,2278.91,6257.74,3661.33,,118.48
20/04/2007,0.8375,1028.825,186.549,1.359,2.0023,110.4272,153.9097,141.456,1479.74,22416.26,2300.08,6368.58,3687.58,,118.69
23/04/2007,0.8321,1053.719,186.196,1.3577,2.0009,110.4701,154.2309,141.6134,1481.79,22419.79,2294.82,6347.62,3683.58,,118.65
24/04/2007,0.8277,1039.078,184.478,1.364,2.0018,110.5463,154.3647,141.5616,1483.92,22415.17,2294.02,6301.04,3655.05,,118.59
25/04/2007,0.8334,1061.858,184.423,1.3638,2.0014,110.6604,154.2203,141.528,1482.38,22138.24,2317.5,6353.86,3676.85,,118.75
26/04/2007,0.8265,1048.601,181.926,1.3601,1.9913,110.631,153.97,141.0199,1479.56,22386.14,2315.91,6375.45,3681.08,,119.57
27/04/2007,0.8299,1062.453,182.97,1.3652,1.9977,110.8066,153.9751,140.8429,1478.97,22349.2,2315.7,6336.05,3652.22,,119.63
30/04/2007,0.8301,1051.483,183.5,1.3648,1.9995,110.8066,154.6086,141.8246,1484.89,,2297.57,6353.72,3669.6,,119.53
01/05/2007,0.8275,1039.293,181.86,1.3604,1.9987,110.9148,154.7207,141.5408,1484.16,22188.1,2303.68,6353.82,3652.76,,119.87
02/05/2007,0.8249,1029.412,181.294,1.3592,1.9898,110.8364,154.0472,141.1509,1483.93,22342.15,2318.84,6390.04,3691.41,,120.16
03/05/2007,0.824,1027.083,183.816,1.3549,1.9867,,153.8957,140.7056,1481.71,,2329.54,6411.4,3721.77,,120.45
04/05/2007,0.8215,1017.043,185.264,1.3591,1.9922,,154.2376,140.9661,1484.51,,2334.61,6452.37,3759.27,,120.19
07/05/2007,0.8247,1003.572,185.526,1.3601,1.9929,110.7496,,,1485.37,22695.25,2340.68,6449.03,,,120.1
08/05/2007,0.8291,1017.69,184.746,1.3543,1.9894,110.7151,154.3018,141.3925,1485.46,22678.57,2338.14,6405.48,3728.97,,120.04
09/05/2007,0.8277,1010.41,183.459,1.3528,1.9936,110.6043,154.2256,141.4708,1482.41,22795.81,2346.3,6425.39,3734.25,,120.09
10/05/2007,0.8269,1020.414,179.324,1.3485,1.9801,110.5633,154.1444,141.2751,1484.37,22781.48,2313.94,6378.23,3719.73,,119.9
11/05/2007,0.8314,1036.763,180.762,1.3524,1.9814,110.7067,154.2847,141.4808,1482.86,22546.13,2336.48,6424.45,3743.42,,120.2
14/05/2007,0.8322,1034.897,180.248,1.3546,1.9793,110.6236,153.8273,141.0015,1482.14,22705.68,2332.43,6410.86,3737.62,,120.35
15/05/2007,0.8339,1049.175,181.418,1.3591,1.9859,110.5603,153.5258,141.0632,1480.85,22493.8,2329.61,6453.43,3745.12,,120.28
16/05/2007,0.8244,1042.47,177.951,1.3515,1.9769,110.6602,153.5669,141.2897,1481.39,22514.38,2350.4,6426.68,3742.36,,120.83
17/05/2007,0.8237,1076.222,176.829,1.3494,1.9747,110.8753,153.4661,141.0325,1478.26,22475.33,2348.44,6440.17,3753.65,,121.31
18/05/2007,0.823,1066.02,178.131,1.3509,1.9747,110.7959,153.5548,140.8855,1475.19,22348.15,2363.97,6520.92,3788.83,,121.12
21/05/2007,0.822,1081.048,178.682,1.3469,1.9715,110.734,153.4162,140.9414,1476.86,22550.17,2367.63,6521.84,3786.48,,121.47
22/05/2007,0.8191,1065.82,177.666,1.3448,1.9746,110.8165,153.3637,141.1149,1474.13,22708.38,2366.1,6528.19,3769.26,,121.56
23/05/2007,0.8237,1080.728,178.409,1.3459,1.9866,110.5659,153.0904,140.4777,1472.54,22740.61,2363.29,6571.71,3776.79,,121.66
24/05/2007,0.8185,1083.917,175.926,1.3429,1.9847,110.47,153.1931,140.7422,1472.83,22730.14,2340.64,6508.71,3747.7,,121.4
25/05/2007,0.818,1085.888,176.483,1.3442,1.9836,110.3421,153.0193,140.3723,1472.66,22453.12,2353.42,6532.64,3750.61,,121.79
28/05/2007,0.8196,,,1.3452,1.9836,110.3181,,,,22590.28,,6550.12,,,121.72
29/05/2007,0.8187,1050.074,177.111,1.3448,1.9811,110.1666,152.961,140.5401,1471.9,22699.42,2357.39,6550.96,3771.12,,121.66
30/05/2007,0.8235,1045.948,176.04,1.3429,1.9758,110.2518,153.0615,140.3976,1472.13,22591.14,2377.09,6542.04,3769.41,,121.66
31/05/2007,0.8279,1046.697,178.039,1.3453,1.9798,110.1971,152.8887,140.3508,1471.56,22960.4,2377.75,6606.37,3780.47,,121.73
01/06/2007,0.8331,1061.62,180.787,1.3449,1.9824,110.053,152.5018,139.9803,1467.38,23067.18,2386.63,6671.25,3811.99,,122.1
04/06/2007,0.8343,1081.861,180.699,1.349,1.9915,109.9409,152.664,139.9735,1469.93,23085.86,2391.13,6643.19,3804.83,,121.78
05/06/2007,0.8374,1081.393,180.402,1.3524,1.9934,109.7546,152.3663,139.7213,1466.89,23189.12,2378.44,6607.91,3786.95,,121.39
06/06/2007,0.8409,1087.178,180.292,1.3504,1.9925,109.7835,152.7302,140.1119,1467.6,23172.58,2357.95,6496.79,3730.98,,121.09
07/06/2007,0.8406,1092.964,177.804,1.3433,1.9781,109.6387,151.9841,139.2178,1459.8,23188.57,2316.63,6423.16,3720.93,,120.98
08/06/2007,0.8449,1054.515,173.845,1.3373,1.9701,109.4549,151.7139,138.731,1459.07,22836.26,2342.98,6415.79,3720.93,,121.73
11/06/2007,0.8438,1069.578,176.239,1.3357,1.9691,109.3708,151.7989,138.8899,1458.8,22907.41,2345.27,6473.08,3756.63,,121.73
12/06/2007,0.84,1062.543,174.684,1.3302,1.9743,109.2712,151.4362,138.2993,1451.77,22812.91,2320.22,6425.47,3729.7,,121.7
13/06/2007,0.8405,1077.182,174.6,1.3311,1.9732,109.0436,151.1787,138.0668,1455.05,22776.77,2356.02,6452.82,3752.45,,122.72
14/06/2007,0.8357,1096.404,175.478,1.3312,1.9693,109.074,151.1422,138.0352,1453.86,22917.44,2367.52,6575.03,3804.14,,122.92
15/06/2007,0.8422,1100.211,176.25,1.3388,1.9761,109.1328,151.101,137.9023,1457.29,23083.39,2382.97,6671.73,3851.31,,123.44
18/06/2007,0.8426,1112.549,176.64,1.3414,1.9834,109.3834,151.0115,137.8604,1459.58,23312.06,2380.09,6647,3834.98,,123.68
19/06/2007,0.8466,1107.037,177.947,1.3427,1.9888,109.2263,151.3968,138.2358,1463.87,23330.16,2384.26,6642.6,3804.51,,123.36
20/06/2007,0.8444,1089.606,176.711,1.3404,1.9931,109.4068,151.2955,137.9301,1461.35,23391.9,2351.87,6669.59,3804.44,,123.57
21/06/2007,0.8474,1086.687,175.18,1.3389,1.9926,109.2659,151.2998,137.8972,1459.27,23428.97,2366.92,6587.34,3773.96,,123.72
22/06/2007,0.8473,1100.271,175.952,1.347,1.9994,109.3867,151.2381,137.7688,1461.74,23362.7,2336.41,6573.69,3757.58,,123.89
25/06/2007,0.8473,1103.742,175.402,1.3463,1.9978,109.4414,151.6038,138.1688,1466.72,23235.15,2328.91,6561.61,3769.63,,123.67
26/06/2007,0.8456,1082.176,172.907,1.3455,1.9989,109.4712,151.801,138.285,1465.08,23218.41,2321.46,6505.7,3752.96,,123.26
27/06/2007,0.8385,1090.422,172.795,1.3453,1.9993,109.5672,152.1873,138.7066,1467.51,22941.48,2342.84,6475.01,3736.69,,122.84
28/06/2007,0.8463,1091.482,174.319,1.3449,2.0028,109.3432,152.1129,138.7541,1464.46,23051.22,2341.9,6542.32,3761.72,,123.18
29/06/2007,0.8494,1105.238,174.476,1.3541,2.0087,109.6235,151.9651,138.5092,1470.92,23320.61,2338.25,6588.96,3782.68,,123.17
02/07/2007,0.8586,1124.947,176.769,1.3623,2.0171,109.5635,152.5567,139.0537,1473.52,23330.82,2363.28,6562.45,3772.75,,122.42
03/07/2007,0.8545,1130.454,175.774,1.3609,2.0158,109.5631,152.1108,138.5621,1470.22,23335.45,2372.22,6625.21,3800.94,,122.47
04/07/2007,0.8576,,,1.3613,2.0164,109.4865,151.8399,138.312,,23359.65,,6641.69,3820.38,,122.7
05/07/2007,0.8561,1151.419,174.533,1.3599,2.0116,109.3392,151.5295,138.1058,1464.12,23427.48,2373.07,6594.82,3798.71,,122.95
06/07/2007,0.8582,1159.687,175.683,1.3627,2.0108,109.266,151.2717,137.796,1461.22,23323.93,2381.59,6642.66,3830.14,,123.34
09/07/2007,0.8599,1164.746,177.82,1.3626,2.0153,109.181,151.4125,137.867,1464.11,23479.55,2383.8,6648.99,3843.05,,123.41
10/07/2007,0.862,1174.987,178.357,1.3747,2.028,109.1269,152.0626,139.0938,1472.8,23467.58,2349.98,6570.03,3796.25,,121.74
11/07/2007,0.8626,1162.909,177.768,1.3745,2.0324,109.595,152.0541,139.0673,1470.33,23206.38,2363.72,6530.93,3788.06,,122.49
12/07/2007,0.8663,1170.334,179.438,1.3789,2.0303,109.4636,151.7516,138.9134,1467.6,23122.33,2408.79,6633.99,3835.34,,122.42
13/07/2007,0.8712,1176.322,179.219,1.3782,2.0343,109.2784,151.6701,138.4355,1468.55,23449.94,2416.28,6670.51,3846.23,,121.93
16/07/2007,0.8718,1166.193,179.028,1.3772,2.0361,,152.0808,138.8092,1473.77,,2411.65,6692.54,3835.36,,121.9
17/07/2007,0.8726,1155.281,178.947,1.3781,2.0467,109.3409,151.8857,138.6757,1471.23,23422.07,2411.41,6664.26,3813.27,,122.34
18/07/2007,0.8775,1172.044,181.028,1.3803,2.0528,109.4797,152.3302,139.5307,1476.35,23162.76,2406.69,6567.21,3760.63,,121.95
19/07/2007,0.88,1185.583,182.239,1.3804,2.0489,109.4826,152.4642,139.7128,1475.21,23292.6,2417.5,6641.23,3802.53,,122.01
20/07/2007,0.8803,1187.281,184.005,1.3827,2.0561,109.6095,153.3091,140.8759,1480.25,23345.78,2387.96,6527.57,3771.04,,121.28
23/07/2007,0.8833,1178.072,183.235,1.3807,2.0593,109.7959,153.3662,140.8514,1480.26,23095.98,2399.64,6582.66,3793.46,,121.1
24/07/2007,0.882,1157.61,184.157,1.3823,2.0626,109.7411,153.4283,141.0173,1481.77,23145.34,2352.12,6478.86,3721.49,,120.26
25/07/2007,0.8835,1175.777,181.226,1.3722,2.0537,109.818,153.6793,141.3172,1484.81,22960.7,2363.12,6403.74,3696.17,,120.5
26/07/2007,0.8712,1156.079,178.242,1.3747,2.0491,109.8477,154.1839,142.0751,1494.46,22760.34,2307.98,6245.17,3579.86,,118.68
27/07/2007,0.8519,1168.554,177.527,1.3636,2.0242,110.3125,154.2047,142.3911,1493.7,22222.59,2271.41,6232.93,3559.24,,118.63
30/07/2007,0.8564,1160.718,178.735,1.3697,2.0247,110.1755,154.3851,142.7864,1492.88,22229.65,2294.75,6225,3554.04,,119.06
31/07/2007,0.8517,1181.054,179.472,1.3684,2.0313,110.2426,154.1919,142.2131,1495.31,22177.69,2265.75,6340.04,3642.23,,118.62
01/08/2007,0.8559,1164.42,178.598,1.3667,2.0325,110.4623,154.1877,142.327,1495.89,21691.95,2282.3,6226.26,3584.38,,118.96
02/08/2007,0.8586,1167.967,178.807,1.3703,2.0373,110.2383,154.0003,141.9504,1496.22,21837.41,2292.79,6302.09,3612.88,,119.21
03/08/2007,0.8548,1155.334,180.893,1.3773,2.041,110.3917,154.5061,142.5187,1500.62,21831.95,2231.98,6214.71,3569.29,,118.06
06/08/2007,0.8585,1106.789,180.675,1.3793,2.0313,110.6173,154.4867,142.4655,1498.47,21747.86,2285.93,6175.89,3549.13,,118.88
07/08/2007,0.8547,1116.342,180.435,1.3736,2.0213,110.6885,154.3438,142.4283,1497.58,21757.36,2300.09,6284.66,3617.79,,118.84
08/08/2007,0.8623,1103.846,181.517,1.3798,2.0372,110.4742,153.7013,141.3999,1489.39,21895.61,2333.24,6413.71,3674.52,,119.73
09/08/2007,0.8497,1095.664,177.97,1.3678,2.0234,110.3461,154.0524,141.8242,1494.2,22077.31,2264.5,6286.09,3604.02,,118.16
10/08/2007,0.8445,1095.502,180.322,1.3693,2.0233,110.8124,154.3826,142.1236,1495.59,21554.69,2265.36,6121.78,3470.2,,118.4
13/08/2007,0.8423,1092.392,180.209,1.3613,2.0125,110.8251,154.2918,142.0999,1496.37,21600.93,2264.57,6260.8,3574.03,,118.25
14/08/2007,0.8345,1098.398,179.914,1.3533,1.9969,110.8293,154.5338,142.7579,1500.05,21658.22,2223.71,6172.24,3530.64,,117.58
15/08/2007,0.82,1116.291,179.938,1.3442,1.9887,111.2506,154.6693,143.2383,1502.2,21183.77,2193.4,6153.8,3518.58,,116.61
16/08/2007,0.7912,1083.553,174.216,1.3426,1.9828,111.2337,155.4079,143.8876,1511.69,20763.22,2200.61,5976.2,3374.37,,113.89
17/08/2007,0.7977,1093.112,176.569,1.3475,1.9812,111.7308,155.2248,143.8345,1506.9,19638.42,2254.68,6115.76,3492.61,,114.36
20/08/2007,0.8062,1084.426,176.558,1.3474,1.9878,111.6446,155.3035,144.0208,1510.58,20228.33,2254.07,6139.43,3500.93,,114.88
21/08/2007,0.8016,1066.129,176.492,1.3466,1.9819,111.7495,155.683,144.6162,1514.19,20445.44,2256.53,6142.04,3505.21,,114.44
22/08/2007,0.8066,1064.978,177.169,1.3543,1.9928,111.6159,155.144,143.625,1511.54,20444.54,2283.09,6217.73,3572.74,,115.34
23/08/2007,0.821,1080.358,177.103,1.3565,2.0059,111.429,155.3159,144.0004,1511.54,20979.01,2280.68,6216.81,3573.26,,116.2
24/08/2007,0.8273,1092.187,179.529,1.3675,2.0143,111.5096,155.4428,143.8397,1509.7,20892.41,2307.22,6235.55,3586.66,,116.45
27/08/2007,0.828,1097.701,179.227,1.3647,2.0122,111.4308,,,1512.93,20959.81,2287.62,6238.96,,,115.86
28/08/2007,0.8157,1092.433,178.534,1.3603,2.002,111.4,155.7857,144.2419,1518.56,20947.31,2234.03,6135.59,3518.7,,114.27
29/08/2007,0.8218,1112.205,179.061,1.3677,2.0177,111.5589,155.7114,144.4611,1516.93,20594.07,2283.58,6169.27,3536.17,,116.18
30/08/2007,0.8158,1108.328,178.686,1.3625,2.0118,111.6573,155.6254,144.4992,1521.53,20775.4,2274.16,6246.56,3582.17,,115.86
31/08/2007,0.8186,1118.83,180.83,1.363,2.0171,111.4616,155.6379,144.4194,1518.75,21309.48,2299.71,6317.82,3634.82,,115.77
03/09/2007,0.8231,,,1.3624,2.0183,111.3451,155.4101,143.9329,,21252.69,,6319.93,3641.7,,115.97
04/09/2007,0.8246,1136.725,183.469,1.3605,2.0131,111.4459,155.2842,143.8026,1519.22,21118.34,2323.82,6361.66,3677.23,,116.33
05/09/2007,0.8217,1141.969,183.279,1.3646,2.0196,111.597,155.9215,144.3169,1526.41,20781.36,2298.16,6230.81,3616.57,,115.28
06/09/2007,0.8292,1151.238,186.99,1.3691,2.0238,111.6443,155.9487,144.4712,1524.22,20908.11,2308.34,6261.28,3641.17,,115.38
07/09/2007,0.8266,1155.556,188.366,1.3768,2.0287,111.7563,156.526,145.2357,1535.13,20734.69,2269.32,6123.44,3570.76,,113.38
10/09/2007,0.8259,1161.549,189.098,1.3802,2.0277,112.1272,157.1613,145.8329,1539.25,20275.31,2266.51,6085.22,3537.83,,113.72
11/09/2007,0.8348,1173.054,191.481,1.3839,2.0333,111.9917,156.8785,145.7084,1536.17,20420.25,2297.41,6174.82,3622.35,,114.27
12/09/2007,0.8418,1195.579,191.396,1.3904,2.0291,112.0658,156.6129,145.6954,1533.35,20317.27,2298.14,6194.45,3639.7,,114.26
13/09/2007,0.8385,1195.55,190.672,1.3885,2.0252,112.0019,156.3287,145.2294,1527.72,20347.61,2317.63,6250.82,3673,,115.09
14/09/2007,0.842,1185.895,190.666,1.3875,2.0074,111.9423,156.4146,145.8088,1529.29,20741.45,2318.11,6210.11,3629.97,,115.37
17/09/2007,0.8335,1201.076,192.32,1.3867,1.9947,,156.5424,145.968,1529.3,,2306.25,6156.07,3568.47,,115.12
18/09/2007,0.8528,1208.539,192.314,1.3984,2.0131,112.0469,156.0461,144.8855,1529.86,20322.67,2373.63,6273.48,3626.48,,116.08
19/09/2007,0.8566,1220.524,193.879,1.3957,2.0008,111.7421,155.5481,144.3128,1526.9,21068.27,2388.15,6457.25,3730.05,,116.1
20/09/2007,0.8621,1234.227,196.665,1.4064,2.0077,111.5792,155.2269,144.0579,1517.06,21109.75,2372.61,6423.16,3712.13,,114.76
21/09/2007,0.8667,1237.797,196.421,1.4091,2.0203,111.2728,155.0882,143.481,1520.2,20979.62,2383.55,6429.32,3728.12,,115.5
24/09/2007,0.868,1235.566,196.594,1.4087,2.0223,,154.9903,143.5626,1521.5,,2371.03,6415.02,3733.44,,114.87
25/09/2007,0.8732,1212.609,196.482,1.4138,2.0186,111.2255,155.442,144.0876,1522.77,21192.75,2370.27,6368.34,3693.59,,114.78
26/09/2007,0.8767,1204.937,195.625,1.4128,2.0159,111.3568,154.9297,143.7202,1522.95,21236.69,2383.53,6420.57,3714.9,,115.56
27/09/2007,0.8802,1240.798,196.816,1.4153,2.0276,111.1088,155.0777,143.6992,1526.67,21748.98,2392.92,6456.73,3745.74,,115.63
28/09/2007,0.8879,1226.885,199.524,1.4267,2.0473,111.4019,155.6187,144.4467,1526.94,21688.86,2385.72,6446.03,3734.4,,114.81
01/10/2007,0.8943,1207.925,200.679,1.4231,2.0435,111.4952,155.7122,144.5215,1527.9,21766.74,2417.44,6487.14,3757.19,,115.74
02/10/2007,0.8836,1200.404,195.963,1.4154,2.0418,111.359,155.7659,144.7319,1530.33,22026.22,2416.83,6512.69,3753.81,,115.75
03/10/2007,0.8831,1196.317,195.825,1.409,2.0322,111.3581,155.6911,144.7282,1529.09,22224.05,2406.3,6504.69,3774.77,,116.75
04/10/2007,0.8879,1226.272,198.002,1.4138,2.0387,111.1867,156.1142,145.1012,1530.62,22085.28,2411.41,6502.94,3782.1,,116.46
05/10/2007,0.8975,1227.809,198.928,1.4136,2.0422,111.283,155.7157,145.1218,1521.96,22049.81,2435.16,6554.32,3809.77,,116.97
08/10/2007,0.8937,1192.905,196.729,1.4048,2.0359,,155.7168,145.1889,,,2427.33,6525.71,3778.06,,117.42
09/10/2007,0.9007,1206.938,197.922,1.4106,2.0376,111.1826,156.0451,145.9717,1521.7,22172.38,2447.03,6542.94,3821.08,,117.14
10/10/2007,0.8981,1221.133,198.715,1.4145,2.0425,111.0715,155.7026,145.0311,1521.71,22195.62,2443.02,6536.89,3832.32,,117.25
11/10/2007,0.9006,1243.146,201.588,1.4196,2.0317,111.0205,155.4756,144.6304,1520.98,22558.82,2430.55,6582.45,3885.2,,117.28
12/10/2007,0.9046,1249.065,200.837,1.4178,2.0361,111.2419,155.0953,144.0011,1518.58,22393.68,2442.12,6586.06,3888.76,,117.61
15/10/2007,0.8989,1281.206,203.141,1.4205,2.043,111.0745,155.1016,143.8126,1520.15,22428.54,2421.67,6525.67,3838.94,,117.4
16/10/2007,0.8882,1299.806,203.112,1.4173,2.0329,111.2853,154.9635,143.8959,1522.01,22143.98,2405.76,6504.97,3821.5,,116.92
17/10/2007,0.8914,1292.921,203.216,1.4208,2.0403,111.5581,155.3451,144.3956,1531.26,21908.03,2410.22,6535.71,3858.71,,116.68
18/10/2007,0.8964,1317.314,204.945,1.4295,2.0445,111.6033,155.9404,144.9926,1535.04,22102.85,2408.46,6504.19,3819.27,,115.63
19/10/2007,0.8904,1305.737,204.889,1.4301,2.0518,111.8081,156.7976,145.8732,1542.77,21725.92,2346.78,6490.77,3772.18,,114.52
22/10/2007,0.8863,1299.155,202.721,1.4181,2.0331,111.9667,157.2301,146.032,1543.57,21240.22,2355.74,6412.76,3732.53,,114.55
23/10/2007,0.8987,1293.35,203.57,1.4263,2.0511,111.9459,157.1578,145.877,1543.09,21255.87,2376.48,6445.42,3764.13,,114.78
24/10/2007,0.903,1316.966,204.26,1.4266,2.0499,112.0621,157.6676,146.4988,1548.92,21136.75,2370.71,6414.09,3746.13,,114.27
25/10/2007,0.9089,1363.44,205.722,1.4324,2.0512,112.0051,157.4913,146.3642,1547.57,21040.85,2368.43,6495.02,3800.64,,114.18
26/10/2007,0.9184,1381.903,210.147,1.4393,2.0523,111.8107,157.2313,146.2358,1545.5,21327.21,2401.07,6536.39,3849.79,,114.19
29/10/2007,0.9214,1407.873,211.577,1.4425,2.0624,111.9051,157.4108,146.4934,1546.27,21576.74,2410.33,6582.37,3875.62,,114.66
30/10/2007,0.9189,1363.865,210.319,1.4432,2.0677,111.8889,157.2664,146.2382,1545.92,21516.21,2394.81,6569.85,3848.43,,114.64
31/10/2007,0.9341,1413.193,212.344,1.4487,2.0798,111.927,156.7817,145.6945,1538.95,21629.04,2423.67,6609.36,3889.16,,115.44
01/11/2007,0.9123,1398.781,211.94,1.4425,2.0801,111.5797,157.1094,145.9001,1548.22,21800.99,2360.21,6501.38,3810.76,,114.67
02/11/2007,0.9233,1435.278,215.915,1.4504,2.0893,112.068,157.4139,146.4996,1554.73,21345.11,2362.21,6494.75,3778.66,,114.86
05/11/2007,0.9207,1412.091,216.601,1.4469,2.0806,112.094,157.4767,146.4664,1553.35,21024.01,2350.69,6469.3,3738.64,,114.55
06/11/2007,0.9288,1454.39,219.988,1.4557,2.0877,112.1586,157.352,146.305,1550.85,20999.35,2379.05,6490.71,3746.45,,114.73
07/11/2007,0.9281,1455.161,222.708,1.4637,2.1035,112.1947,157.647,146.7366,1553.5,20802.02,2310.41,6480.4,3697.86,,112.63
08/11/2007,0.9269,1449.495,223.797,1.4676,2.1075,112.313,157.802,147.1875,1558.13,20382.15,2309.18,6426.3,3695.99,,112.6
09/11/2007,0.9117,1454.012,223.084,1.4678,2.0903,112.37,158.234,147.6774,1562.13,20139.13,2276.26,6329.44,3651.4,,110.69
12/11/2007,0.8759,1434.525,215.94,1.4531,2.053,112.4529,158.1579,147.5429,,19639.91,2253.53,6336.87,3670.52,,109.41
13/11/2007,0.8957,1386.412,213.609,1.4602,2.0709,112.6255,158.0103,147.6074,1559.61,19548.85,2319.86,6350.27,3684.69,,110.9
14/11/2007,0.8951,1420.711,217.871,1.4651,2.0523,112.4304,157.8262,147.6968,1558.97,20031.5,2304.06,6392.37,3725.67,,111.33
15/11/2007,0.8859,1411.513,210.548,1.4612,2.0452,112.575,157.9929,148.3909,1568.32,19898.23,2273.73,6338.08,3683.65,,110.31
16/11/2007,0.8929,1433.639,210.489,1.4662,2.0547,112.7162,158.1645,148.8636,1569.42,19585.84,2285.67,6314.72,3644.03,,111.09
19/11/2007,0.8841,1444.968,208.162,1.4665,2.0503,112.7476,158.72,149.0904,1576.01,19441.03,2245.81,6234.27,3545.35,,109.77
20/11/2007,0.8925,1494.167,211.789,1.4841,2.0667,112.7274,158.3308,148.7752,1577.5,19659.39,2256.02,6308.81,3606.57,,109.98
21/11/2007,0.8707,1483.387,213.719,1.4858,2.0654,112.906,158.7066,149.3796,1581.14,19176.21,2220.21,6188.38,3522.22,,108.42
22/11/2007,0.8716,,,1.4849,2.062,112.968,158.7054,149.8576,,19242.26,,6208.05,3571.21,,108.44
23/11/2007,0.8778,1496.648,220.711,1.4837,2.0628,,158.555,149.25,1581.71,,2257.95,6295.96,3633.18,,108.29
26/11/2007,0.87,1490.423,221.273,1.4872,2.0711,112.6426,158.7182,149.4102,1594.97,19560.23,2205.49,6250.94,3585.81,,107.41
27/11/2007,0.8775,1448.745,217.979,1.4829,2.0687,112.5753,158.5693,148.9898,1587.35,19674.02,2238.52,6230.94,3562.71,,108.97
28/11/2007,0.8897,1408.327,214.309,1.4841,2.0823,112.6222,157.8929,148.065,1581.34,19584.75,2303.17,6374.65,3660.38,,110.03
29/11/2007,0.8814,1417.005,213.001,1.4744,2.0613,112.5972,158.2955,149.1051,1587.66,20049.96,2304.43,6411.9,3685.27,,109.94
30/11/2007,0.8844,1388.141,209.515,1.4633,2.0563,112.7083,157.8547,148.3328,1586.18,20265.7,2322.34,6483.05,3733.64,,111.24
03/12/2007,0.8807,1411.165,211.057,1.4667,2.0659,112.8709,158.3879,148.9031,1593.52,20198.88,2308.74,6448.7,3707.01,,110.47
04/12/2007,0.8738,1409.858,214.501,1.4758,2.0593,113.0799,158.803,149.6088,1594.36,20006.6,2293.66,6400.66,3665.59,,109.87
05/12/2007,0.87,1395.08,213.484,1.461,2.0266,112.8228,158.7318,150.0706,1592.85,20172.92,2329.71,6505.25,3770.02,,110.9
06/12/2007,0.8789,1422.776,214.405,1.4638,2.028,112.4348,158.4795,149.4181,1585.53,20515.66,2364.97,6512.12,3765.27,,111.32
07/12/2007,0.8761,1399.912,212.59,1.4658,2.0304,112.3838,157.5147,148.4011,1575.91,20622.01,2360.79,6558.86,3805.51,,111.69
10/12/2007,0.8848,1392.024,216.177,1.4712,2.0461,112.4163,157.0931,147.9277,1574.08,20580.68,2378.6,6587.15,3811.57,,111.71
11/12/2007,0.8734,1418.779,217.152,1.4655,2.0343,112.3093,157.4125,148.4206,1587.38,20736.19,2318.52,6564.18,3795.02,,110.66
12/12/2007,0.883,1478.84,217.622,1.4706,2.0469,112.6903,156.82,146.8995,1580.34,20590.85,2332.85,6592.98,3808.42,,112.24
13/12/2007,0.876,1453.272,213.707,1.4633,2.0414,112.6758,157.1082,147.5323,1573.58,20079.4,2335.79,6447.36,3694.86,,112.22
14/12/2007,0.8607,1451.49,212.13,1.4429,2.0173,112.521,156.8512,147.3075,1568.32,20050.95,2303.79,6467.86,3713.89,,113.28
17/12/2007,0.8573,1446.303,212.528,1.44,2.0205,112.5502,157.0887,147.9395,1572.45,19708.83,2269.24,6361.85,3644.86,,112.95
18/12/2007,0.8603,1427.385,214.7,1.4414,2.0145,112.6497,157.2394,148.0038,1578.74,19654.64,2283.5,6356.94,3645.71,,113.4
19/12/2007,0.859,1447.497,214.186,1.4383,1.9978,112.8778,157.1834,148.6053,1582.48,19425.43,2280.47,6345.42,3649.09,,113.43
20/12/2007,0.8591,1437.938,213.619,1.4329,1.9839,112.7917,157.6123,149.803,1586.91,19426.84,2292.23,6365.14,3684.52,,113.14
21/12/2007,0.8674,1462.022,216.881,1.4382,1.9834,112.6273,157.0144,149.0128,1575.95,19718.15,2330.81,6468.18,3735.92,,114.05
24/12/2007,0.8717,1466.991,217.229,1.4395,1.9774,,157.0689,149.707,1572.65,,2349.66,6473.84,3763.39,,114.3
25/12/2007,0.8711,,,1.4402,1.9783,112.4404,,,,20117.22,,,,,114.13
26/12/2007,0.8741,1487.579,220.727,1.4489,1.9838,112.5716,,,1567.51,20247.8,2351.6,,,,114.34
27/12/2007,0.8778,1500.259,221.359,1.4626,1.9961,112.589,156.8759,149.2877,1573.81,20132.87,2318.72,6497.77,3774.15,,113.73
28/12/2007,0.8763,1489.122,224.28,1.4723,1.9964,112.9017,157.2181,150.186,1582.17,19800.56,2322.11,6497.82,3761.98,,112.29
31/12/2007,0.8751,1487.784,223.091,1.4589,1.985,112.9155,157.2661,150.9398,1587.45,,2306.23,6490.55,3750.38,,111.75
01/01/2008,0.8761,,,1.4592,1.9864,,,,,,,,,,111.65
02/01/2008,0.8836,1550.487,228.989,1.4715,1.9808,112.9249,158.3206,151.5208,1599.7,,2273.41,6402.36,3727.1,,109.66
03/01/2008,0.8803,1547.293,231.433,1.475,1.971,,158.548,151.3808,1599.63,,2273.41,6393.78,3763.54,,109.32
04/01/2008,0.8722,1533.613,230.549,1.4743,1.974,113.1719,158.9519,151.9036,1604.45,19003.29,2217.59,6301,3687.5,,108.6
07/01/2008,0.8727,1496.535,229.627,1.4696,1.9704,113.1816,158.9658,151.8225,1606.11,18756.41,2224.76,6319.93,3680.04,,109.18
08/01/2008,0.8786,1514.63,234.523,1.4707,1.9732,113.1721,158.6383,151.1886,1605.75,18792.78,2184.67,6337.43,3692.13,,108.9
09/01/2008,0.8831,1493.345,234.916,1.4659,1.9585,113.158,159.221,151.7697,1610.17,18883.96,2214.6,6282.97,3643.63,,110.05
10/01/2008,0.8955,1461.281,238.086,1.4804,1.9615,113.3193,159.0533,151.8093,1603.01,18610.97,2232.25,6253.74,3614.58,,109.34
11/01/2008,0.8909,1444.75,239.179,1.4776,1.9566,113.4418,159.1124,151.3174,1609.62,18252.26,2202.03,6235.57,3602.59,,108.84
14/01/2008,0.8996,1473.217,240.731,1.4869,1.9559,,159.4797,151.4509,1611.4,,2225.98,6252.35,3610.52,,108.17
15/01/2008,0.8809,1446.151,240.54,1.4804,1.9627,113.4613,159.8319,151.7511,1617.85,18073.55,2170.51,6111.96,3500.09,,106.79
16/01/2008,0.8797,1425.479,235.005,1.4652,1.9636,113.6795,160.31,152.152,1617.35,17468.04,2158.57,6063.85,3452.96,,107.64
17/01/2008,0.8766,1413.122,234.601,1.4642,1.9715,113.6035,160.3307,151.8454,1623.52,17828.85,2095.86,6000.99,3429.44,,106.54
18/01/2008,0.8792,1417.724,234.913,1.4621,1.9554,113.6442,160.5211,151.6223,1623.8,17929.54,2083.24,5896.8,3429.03,,106.87
21/01/2008,0.8614,,,1.4454,1.9434,113.8028,161.077,152.5008,,17237.07,,5465.64,3241.08,,105.99
22/01/2008,0.8685,1407.17,237.137,1.4629,1.9606,114.0656,160.1922,150.8783,1638.32,16263.21,2060.15,5540.38,3335.14,,106.44
23/01/2008,0.8731,1377.01,235.114,1.4629,1.9553,113.987,161.1695,151.6903,1642.98,16594.36,2104.37,5281.05,3259.21,,106.72
24/01/2008,0.8821,1414.719,241.245,1.4755,1.9765,113.7061,160.0376,150.4456,1625.15,16935.48,2125.61,5622.12,3414.03,,107.18
25/01/2008,0.8797,1445.23,242.585,1.4681,1.9831,113.1754,160.3586,150.6891,1630.04,17629.29,2091.88,5577.9,3410.05,,106.73
28/01/2008,0.8892,1453.041,247.028,1.4781,1.9843,113.6039,160.6529,151.316,1630.7,16930.13,2128.64,5560.7,3363.51,,106.9
29/01/2008,0.8893,1460.982,246.515,1.4776,1.9894,113.2749,160.2119,150.2364,1625.59,17435.85,2141.85,5626.56,3419.51,,107.11
30/01/2008,0.8932,1470.686,245.339,1.4862,1.9863,113.4852,160.0739,150.5224,1620.01,17262.73,2131.79,5595.99,3391.99,,106.23
31/01/2008,0.8956,1466.938,245.805,1.4861,1.9872,113.4257,161.1048,151.6145,1627.75,17582.81,2167.9,5601.14,3416.67,,106.45
01/02/2008,0.9043,1424.91,241.98,1.4802,1.9651,113.5071,161.2861,151.6705,1632.25,17459.52,2194.43,5713.22,3503.48,,106.49
04/02/2008,0.9082,1442.167,240.942,1.483,1.9734,113.2803,161.1241,151.298,1629.88,17928.49,2171.51,5712.77,3501.76,,106.71
05/02/2008,0.8973,1415.502,235.896,1.4647,1.9649,113.22,162.1075,152.3304,1635.71,17780.76,2102.23,5491.05,3409.85,,106.82
06/02/2008,0.8957,1400.37,239.806,1.4632,1.9615,113.6396,161.645,151.6158,1634.06,16944.78,2087.05,5554.63,3419.31,,106.54
07/02/2008,0.8947,1412.954,241.145,1.4485,1.9424,113.5182,162.0379,151.9703,1625.49,17084.37,2104.02,5464.78,3331.29,,107.49
08/02/2008,0.8956,1466.56,244.42,1.4504,1.9459,113.5347,162.1202,151.9356,1631.32,16838.71,2095.21,5467.55,3366.15,,107.3
11/02/2008,0.9036,1490.55,245.631,1.4519,1.9509,,162.3465,151.3286,1634.88,,2107.65,5433.56,3321.73,,106.97
12/02/2008,0.9031,1479.424,241.512,1.4584,1.9599,113.6527,161.2712,149.7407,1630.11,16844.82,2123.06,5619.11,3439.45,,107.31
13/02/2008,0.8964,1487.05,241.288,1.4573,1.9629,113.5352,161.422,149.8693,1629.91,16904.76,2152.76,5618.29,3424.2,,108.34
14/02/2008,0.9022,1522.408,241.463,1.4643,1.969,113.3082,161.0861,149.5788,1621.73,17626.77,2123.94,5610.44,3423.76,,107.87
15/02/2008,0.9091,1514.489,240.232,1.4682,1.9612,113.3651,161.3527,149.965,1624.17,17622.64,2125.85,5494.3,3370.36,,107.82
18/02/2008,0.9138,,,1.4658,1.9526,113.388,160.8387,149.4193,,17639.25,,5606.33,3462.96,,108.23
19/02/2008,0.919,1576.91,246.576,1.4726,1.9485,113.3089,161.2029,149.6124,1616.85,17797.73,2124.12,5621.33,3474.79,,107.78
20/02/2008,0.9183,1575.563,248.712,1.4715,1.9418,113.5408,160.8509,149.3428,1613.5,17218.78,2141.95,5552.2,3436.76,,108.12
21/02/2008,0.9188,1542.144,251.751,1.4814,1.9628,113.2177,160.7468,149.4781,1624.56,17707.66,2115.13,5581.36,3459.29,,107.4
22/02/2008,0.9241,1554.267,251.395,1.4827,1.9669,113.4181,160.8046,149.5148,1624.11,17464.69,2132.02,5520.64,3433.79,,107.17
25/02/2008,0.927,1564.336,249.505,1.483,1.9673,113.2245,160.3354,149.098,1615.51,18000.4,2161.51,5612.06,3498.53,,108.07
26/02/2008,0.9339,1591.379,251.748,1.4974,1.9871,113.2776,160.1025,149.2012,1618.59,17889.88,2176.48,5694.85,3549.77,,107.28
27/02/2008,0.9417,1573.026,254.974,1.512,1.9818,113.3125,160.019,149.2653,1620.17,18157.2,2175,5697.29,3544.79,,106.49
28/02/2008,0.949,1614.512,256.714,1.5193,1.9887,113.5853,160.9442,150.4052,1630.74,18020.3,2155.8,5590.32,3480.11,,105.37
29/02/2008,0.9309,1600.972,258.719,1.5179,1.9891,114.0184,161.9087,151.9796,1646.3,17602.98,2097.48,5502.01,3432.64,,103.74
03/03/2008,0.9396,1607.198,261.207,1.5204,1.9836,114.1455,162.0371,152.2697,1646.94,16812.52,2098.64,5430.12,3394.34,,103.49
04/03/2008,0.9276,1560.418,256.469,1.5217,1.9864,113.9876,162.0193,152.7153,1644.15,16812.65,2091.42,5333.64,3364.65,,103.37
05/03/2008,0.9348,1624.851,262.374,1.5265,1.992,114.0988,161.1974,151.8128,1635.84,16786.48,2103.42,5443.47,3432.51,,104.02
06/03/2008,0.9266,1637.932,259.362,1.538,2.0092,114.1831,161.389,152.8204,1641.34,17101.4,2057.44,5344.69,3381.44,,102.67
07/03/2008,0.9268,1631.754,258.605,1.5355,2.0134,114.2194,161.363,153.4315,1646.27,16541.57,2040.17,5284.11,3342.46,,102.67
10/03/2008,0.9165,1659.039,258.002,1.5344,2.0093,114.3334,161.9399,153.8967,1654.73,16217.19,2008.71,5238.94,3300.93,,101.76
11/03/2008,0.9288,1675.245,259.135,1.5338,2.0064,114.3217,161.5801,153.2372,1640.2,16380.43,2083.36,5328.31,3336.88,,103.42
12/03/2008,0.9334,1691.607,260.321,1.5551,2.027,114.2199,161.686,152.2838,1650.74,16642.93,2065.21,5388.95,3392.16,,101.8
13/03/2008,0.947,1709.061,263.87,1.5635,2.0335,114.3913,161.7464,152.8582,1648.59,16089.48,2075.88,5317.94,3342.84,,100.65
14/03/2008,0.9374,1706.215,265.36,1.5674,2.0202,114.3644,161.8819,153.1581,1660.72,15841.23,2032.79,5269.21,3307.18,,99.09
17/03/2008,0.9217,1637.463,266.131,1.573,1.999,114.2756,162.079,153.941,1669.27,15253.62,2014.88,5070.1,3179.58,,97.33
18/03/2008,0.9268,1700.324,266.588,1.5625,2.0064,114.1395,161.5119,153.0274,1658.09,15482.21,2100.38,5257.5,3291.95,,99.86
19/03/2008,0.9142,1622.669,250.978,1.5626,1.9843,114.3799,161.7639,153.5343,1665.78,15865.61,2049.4,5214.47,3262.87,,99.04
20/03/2008,0.8997,1616.243,244.274,1.5428,1.985,,161.8778,153.8037,1668.21,,2098.46,5179.55,3233.23,,99.51
21/03/2008,0.9021,,,1.5432,1.9818,114.4399,,,,16153.06,,,,,99.58
24/03/2008,0.9059,1608.993,244.013,1.5423,1.9855,114.5336,,,1651.14,16149.85,2130.62,,,,100.75
25/03/2008,0.9178,1620.705,248.382,1.565,2.0059,114.5802,160.9629,152.4071,1652.52,16492.94,2135.54,5366.71,3347.27,,99.98
26/03/2008,0.9202,1674.195,252.223,1.5845,2.0088,114.4856,160.7769,152.5332,1653.07,16574.22,2116.93,5335.49,3332.54,,99.2
27/03/2008,0.9188,1691.415,252.179,1.5779,2.0073,114.5256,160.4827,151.763,1650.02,16441.86,2093.11,5395.55,3366.14,,99.65
28/03/2008,0.9175,1671.877,247.561,1.5796,1.9944,114.5045,160.5672,152.5631,1653.95,16723.47,2076.56,5381,3351.67,,99.23
31/03/2008,0.9131,1616.823,243.621,1.5788,1.9837,114.4531,160.9102,153.142,1657.72,16339.56,2088.42,5361.8,3357.1,,99.7
01/04/2008,0.9072,1613.001,234.721,1.5614,1.9759,114.0376,160.5259,152.1905,1647.22,16510.29,2163.38,5547.26,3445.69,,101.85
02/04/2008,0.9143,1671.858,238.009,1.5686,1.9874,113.9671,160.4469,152.456,1643.31,17205.51,2159.63,5612.79,3483.06,,102.36
03/04/2008,0.9162,1652.651,240.504,1.5684,1.9968,114.0664,160.4873,152.1621,1642.44,17467.11,2162.46,5578.87,3468.56,,102.26
04/04/2008,0.9229,1692.887,241.465,1.5737,1.9933,114.2529,160.8589,152.1107,1651.29,17340.99,2164.21,5608.81,3501.41,,101.47
07/04/2008,0.9258,1729.861,245.09,1.5711,1.9883,114.2129,160.5056,151.4815,1644.79,17545.81,2167.61,5657.96,3541.24,,102.4
08/04/2008,0.9319,1715.999,242.773,1.5712,1.9697,114.3016,160.3288,151.5592,1645.31,17285.17,2157.28,5631.44,3526.79,,102.66
09/04/2008,0.9285,1751.548,247.94,1.5831,1.9758,114.1952,160.3424,151.421,1654.07,17104.44,2139.99,5580.33,3524.86,,101.81
10/04/2008,0.932,1747.244,246.442,1.5742,1.9707,114.2266,160.8174,151.8737,1649.18,16887.12,2149.67,5560.35,3513.8,,101.95
11/04/2008,0.9279,1753.958,245.183,1.5808,1.9691,113.9446,161.2708,152.7862,1654.53,17380.78,2106.01,5474.44,3472.78,,100.96
14/04/2008,0.9269,1770.859,245.662,1.5832,1.9784,114.1527,161.3212,152.4789,1652.72,16850.87,2098.92,5431.97,3435.17,,101.1
15/04/2008,0.9267,1803.969,246.542,1.579,1.9626,114.0891,160.8249,152.4624,1646.85,16946.19,2108.59,5460.78,3479.5,,101.83
16/04/2008,0.9397,1823.144,250.861,1.5948,1.9723,113.9896,160.0286,151.1587,1636.18,17149.1,2156.67,5546.31,3563.9,,101.83
17/04/2008,0.9374,1820.281,249.44,1.5908,1.9912,113.7436,159.525,150.0183,1632.11,17478.06,2158.08,5511.8,3525.17,,102.48
18/04/2008,0.9348,1844.158,242.12,1.5818,1.9979,113.6155,159.0019,149.2386,1629.77,17580.01,2197.24,5642.13,3570.08,,103.67
21/04/2008,0.9429,1851.29,242.776,1.5912,1.9804,113.3454,159.3674,150.0447,1632.96,17867.13,2193.87,5586.48,3567.98,,103.27
22/04/2008,0.9448,1875.022,244.796,1.5991,1.9954,113.242,159.0883,149.9246,1632,17673.11,2174.59,5536.43,3557.22,,103.03
23/04/2008,0.9493,1882.871,240.518,1.5889,1.9804,113.3644,159.2441,150.2966,1631.48,17713.99,2180.91,5577.08,3589.15,,103.38
24/04/2008,0.9398,1846.955,235.341,1.5682,1.974,113.0618,158.8437,149.1295,1622.67,17664.04,2194.96,5583.34,3569.73,,104.27
25/04/2008,0.9334,1878.632,235.429,1.563,1.9858,112.2748,159.0688,149.354,1619.54,18084.87,2209.25,5639.89,3593.73,,104.43
28/04/2008,0.9388,1885.161,236.99,1.5657,1.9914,112.2974,159.0819,149.8434,1622.89,18125.18,2207.02,5672.49,3593.14,,104.19
29/04/2008,0.9339,1834.492,232.05,1.5572,1.9697,,159.7166,150.4787,1624.25,,2198.5,5641.07,3592.55,,104.02
30/04/2008,0.9437,1801.003,228.963,1.5622,1.9869,112.6145,159.9773,150.6764,1629.23,18067.29,2190.13,5687.75,3593.84,,103.92
01/05/2008,0.9336,1788.428,225.214,1.5474,1.9748,112.7273,160.0107,151.1652,1629.09,17958.85,2228.09,5687.75,3593.82,,104.43
02/05/2008,0.9347,1854.328,227.102,1.5424,1.9717,112.4389,159.4278,149.8506,1621.77,18327.24,2235.3,5779.27,3670.12,,105.4
05/05/2008,0.9469,1910.003,231.39,1.5496,1.972,,,,1622.63,,2225.37,5771.3,3670.12,,104.86
06/05/2008,0.9498,1946.738,232.354,1.5533,1.9738,,160.1092,150.7331,1619.89,,2242.47,5730.95,3669.95,,104.78
07/05/2008,0.9421,1979.422,230.643,1.5392,1.9539,112.3475,159.847,150.1613,1622.59,18396.67,2202.77,5770.74,3698.16,,104.73
08/05/2008,0.9436,1991.005,233.531,1.5393,1.9541,112.4319,160.676,151.2787,1629.37,18188.97,2210.95,5747.02,3703.98,,103.74
09/05/2008,0.9436,2038.56,234.53,1.5482,1.9539,112.8646,161.1411,151.6446,1632.24,17813.38,2196.54,5678.12,3664.93,,102.87
12/05/2008,0.9478,2006.701,234.324,1.5553,1.9578,112.7271,160.8349,151.566,1631.52,17928.2,2220.81,5696.32,3674.35,,103.75
13/05/2008,0.9405,2029.439,230.321,1.5474,1.9455,112.7136,160.0914,150.6307,1619.75,18202.63,2220.46,5706.79,3669.16,,104.75
14/05/2008,0.9343,2010.225,229.515,1.5474,1.9459,112.1845,159.4457,149.495,1616.52,18417.64,2229.74,5768.32,3677.91,,105.04
15/05/2008,0.9405,2001.561,233.032,1.5448,1.9472,112.1586,158.9219,149.2915,1623.87,18591.39,2253.76,5764.43,3699.11,,104.75
16/05/2008,0.9557,2038.673,238.316,1.5577,1.9571,111.9869,159.5878,150.3019,1623.54,18549.31,2256.64,5786.48,3730.14,,104.05
19/05/2008,0.9535,2047.583,239.959,1.551,1.9489,112.1387,159.2606,149.4664,1625.64,18614.7,2258.74,5837.69,3772.87,,104.33
20/05/2008,0.9586,2098.834,243.768,1.5646,1.9683,112.307,159.5678,149.9429,1631.22,18471.83,2237.79,5753,3663.49,,103.68
21/05/2008,0.9625,2175.745,246.048,1.5795,1.9732,112.4901,158.9375,149.0048,1627.12,18166.85,2202.02,5710.57,3672.25,,103.06
22/05/2008,0.9558,2127.305,243.371,1.5733,1.9804,112.2104,158.6084,148.3563,1618.56,18234.89,2208.2,5715.53,3662.46,,104.08
23/05/2008,0.9592,2145.765,245.388,1.5762,1.9798,111.7151,158.9217,148.8364,1625.82,18278.9,2179.05,5615.32,3606.6,,103.38
26/05/2008,0.9609,,,1.577,1.9821,111.7184,,,,17858.84,,5620.12,,,103.44
27/05/2008,0.9586,2088.557,240.745,1.5691,1.9763,111.6294,158.5701,148.7391,1618.9,18124.34,2193.98,5601.16,3589.56,,104.24
28/05/2008,0.9629,2125.376,238.7,1.5638,1.9813,111.8339,158.2402,148.2864,1611.94,17884.47,2203.1,5649.69,3597.11,,104.69
29/05/2008,0.9555,2062.784,232.567,1.5519,1.9766,111.5506,157.4758,147.8422,1606.71,18425.89,2215.12,5668.72,3596.25,,105.51
30/05/2008,0.956,2076.538,235.164,1.5554,1.9823,111.7367,157.8951,148.3974,1610.21,18705.15,2218.5,5712.58,3587.58,,105.52
02/06/2008,0.9553,2092.295,236.652,1.5537,1.9671,111.4804,158.2788,148.3689,1617.12,18837.69,2195.27,5626.33,3560.37,,104.43
03/06/2008,0.9525,2041.219,233.63,1.5445,1.9634,112.0221,157.5701,147.5706,1623.91,18536.38,2182.65,5652.94,3590.06,,105.09
04/06/2008,0.9575,1999.725,233.193,1.544,1.9557,111.765,158.0643,148.6891,1620.69,18831.73,2183.01,5596.03,3546.83,,105.23
05/06/2008,0.9587,2088.226,231.015,1.5593,1.9585,111.997,157.2304,147.5261,1614.69,18708.52,2225.74,5571.49,3561.79,,105.94
06/06/2008,0.9626,2250.352,237.227,1.5778,1.9708,111.6419,157.6381,148.0767,1621.92,18902.01,2157.24,5441.2,3509.22,,104.93
09/06/2008,0.9505,2190.239,237.026,1.5646,1.9751,112.0433,156.8462,146.8452,1614.36,18500.13,2159.03,5442.15,3491.83,,106.31
10/06/2008,0.9461,2151.179,229.939,1.5467,1.9544,111.4996,156.7804,146.9752,1604.5,18291.13,2153.77,5407.9,3461.98,,107.44
11/06/2008,0.947,2227.851,233.039,1.5552,1.9632,111.2382,156.4618,146.6735,1607.56,18502.87,2117.84,5309.1,3400.64,,106.97
12/06/2008,0.9343,2242.596,230.174,1.5439,1.9464,111.4353,156.1131,146.6159,1596.8,18118.19,2124.94,5359.34,3440.56,,107.96
13/06/2008,0.9389,2208.897,230.476,1.538,1.9476,111.0584,155.5912,145.3741,1592.94,18229.25,2156.96,5389.7,3447.85,,108.19
16/06/2008,0.9404,2206.963,233.996,1.5477,1.9632,111.0892,155.9048,146.2638,1594.9,18725.81,2157.14,5345.94,3442.97,,108.22
17/06/2008,0.9438,2189.365,234.168,1.5511,1.9568,111.3196,156.0916,146.6336,1597.38,18717.98,2142.55,5380.37,3482.99,,107.93
18/06/2008,0.9471,2231.118,235.924,1.5535,1.9599,111.6618,156.4029,146.8116,1603.67,18854.24,2121.78,5308.31,3421.08,,107.88
19/06/2008,0.9512,2157.905,238.762,1.5505,1.9723,111.5278,155.9496,145.9608,1599.27,18433.33,2130.3,5276.15,3392.27,,108.01
20/06/2008,0.9534,2202.1,238.644,1.5607,1.9761,111.7824,156.4558,146.8369,1605.69,18188.23,2090.82,5185.16,3340.21,,107.34
23/06/2008,0.9526,2222.156,234.328,1.5518,1.9655,112.0866,156.5747,147.0249,1603.07,18077.75,2090.94,5188.9,3367.82,,107.85
24/06/2008,0.9554,2228.941,235.502,1.5568,1.9709,112.2598,156.5144,146.821,1609.24,18067.54,2085.08,5154.38,3348.52,,107.82
25/06/2008,0.96,2196.033,233.058,1.5667,1.9751,112.4257,156.4313,147.4853,1609.3,18053.82,2097.36,5238.98,3368.55,,107.81
26/06/2008,0.9558,2281.717,241.734,1.5757,1.989,112.6185,157.1192,148.7412,1617.88,18045.14,2036.4,5096.59,3280.63,,106.81
27/06/2008,0.961,2292.572,246.026,1.5794,1.995,112.8284,156.962,148.2582,1621.51,17682.16,2028.89,5057.11,3287.6,,106.14
30/06/2008,0.9586,2287.884,245.271,1.5755,1.9923,112.9259,156.2059,147.3295,1622.86,17602,2031.47,5076.09,3344.64,,106.21
01/07/2008,0.955,2301.999,249.564,1.5793,1.9949,112.468,156.1282,146.7836,1622.35,17578.26,2039.66,4986.76,3257.86,,106.13
02/07/2008,0.9619,2356.636,250.106,1.5882,1.993,112.5568,155.953,147.2604,1626.11,17347.38,2002.64,4980.19,3226.02,,105.92
03/07/2008,0.9603,2385.891,246.711,1.5703,1.9833,112.5137,156.6897,148.1324,1626.34,17320,2004.87,5044.36,3255.9,,106.73
04/07/2008,0.9635,,,1.5706,1.9823,112.6601,157.2062,148.928,,17284.08,,4960.01,3217.96,,106.81
07/07/2008,0.9566,2322.273,245.494,1.5726,1.9762,112.3658,157.8165,149.505,1630.65,17443.57,1988.09,5047.03,3277.38,,107.18
08/07/2008,0.9535,2235.956,244.053,1.567,1.9695,112.8629,157.8848,149.4649,1634.31,17016.7,2022.83,4978.79,3234.46,,107.51
09/07/2008,0.957,2237.826,245.48,1.5743,1.9832,112.9716,158.0141,149.8587,1637.96,17041.55,1976.97,5062.86,3288.23,,106.76
10/07/2008,0.962,2325.73,249.041,1.5788,1.9779,113.1691,158.1352,150.1724,1639,17061.24,1990.78,4974.17,3215.17,,107.07
11/07/2008,0.9663,2370.53,253.987,1.5938,1.9888,113.0352,157.9176,149.7302,1627.24,17025.31,1968.86,4845.04,3128.86,,106.28
14/07/2008,0.9718,2368.059,257.461,1.5908,1.9951,113.1195,158.1843,149.8164,1634.05,16986.75,1951.08,4873.01,3151.91,,106.14
15/07/2008,0.9794,2278.932,258.754,1.5911,2.0059,113.2902,158.2662,150.075,1637.44,16653.03,1929.85,4761.63,3075.52,,104.73
16/07/2008,0.9748,2218.307,254.554,1.5827,1.9991,113.2022,158.2013,149.794,1630.72,16661.18,1978.47,4810.16,3063.73,,105.13
17/07/2008,0.9724,2142.375,256.684,1.5863,2.0038,113.0605,157.9089,149.7381,1622.21,16827.19,2002.3,4933.39,3144.42,,106.28
18/07/2008,0.9702,2125.717,253.373,1.5847,1.9989,113.1679,156.843,148.2227,1618.82,16717.19,2002.88,5032.54,3198.01,,106.97
21/07/2008,0.9771,2164.667,254.924,1.5922,2.0033,,156.4489,148.2541,1619.87,,2001.86,5051.3,3214.65,,106.45
22/07/2008,0.9713,2118.194,250.905,1.5784,1.9917,112.8632,156.5807,148.8959,1617.16,17214.98,2028.91,5039.68,3190.74,,107.33
23/07/2008,0.962,2052.866,244.163,1.5698,1.9995,112.7134,156.4921,148.5463,1612.46,17382.06,2037.15,5132.49,3241.89,,107.9
24/07/2008,0.9585,2070.033,244.017,1.5677,1.9869,112.6249,157.3626,149.3328,1624.02,17761.2,1990.09,5082.6,3189.76,,107.33
25/07/2008,0.9564,2037.731,245.231,1.5709,1.9916,113.0611,157.202,149.1605,1616.96,17410.57,1998.41,5077.38,3183.99,,107.84
28/07/2008,0.9569,2057.972,245.498,1.5741,1.9939,113.07,157.855,149.6807,1625.83,17436.19,1961.23,5020.23,3160.22,,107.46
29/07/2008,0.9529,2010.685,242.525,1.5588,1.9788,113.2358,158.2526,150.2848,1623.88,17182.45,2007.21,5037.58,3164.17,,108.11
30/07/2008,0.9443,2078.958,238.845,1.5576,1.9817,113.3193,158.7508,150.8015,1623.32,17454.48,2040.81,5101.93,3226.33,,108.13
31/07/2008,0.9423,2032.151,241.579,1.5603,1.9841,113.3034,159.2874,151.0289,1629.72,17466.26,2014.39,5102.67,3221.09,,107.92
01/08/2008,0.9292,2041.274,240.229,1.5564,1.975,113.464,159.2248,150.3753,1632.42,17097.76,2003.16,5027.07,3187.02,,107.71
04/08/2008,0.9294,1984.982,237.75,1.5576,1.9624,113.6596,159.5632,150.8073,1631.15,16887.01,1985.23,4985.61,3166.52,,108.27
05/08/2008,0.9162,1937.677,232.052,1.5454,1.9547,113.486,159.6684,151.2079,1628.99,16862.83,2042.44,5123.29,3246.42,,108.35
06/08/2008,0.9083,1919.389,231.251,1.5408,1.9477,113.6926,159.6882,151.6967,1625.69,17307.07,2050.23,5167.14,3272.8,,109.8
07/08/2008,0.9066,1928.348,229.927,1.5325,1.9439,113.7088,160.3124,152.3508,1636.85,17137.46,2013.66,5149.29,3267.65,,109.44
08/08/2008,0.8887,1866.36,226.507,1.5005,1.9212,113.9854,160.4105,152.3395,1635.04,17194.15,2061.77,5167.3,3274.62,,110.18
11/08/2008,0.8839,1858.886,216.979,1.4909,1.9108,114.0587,160.3259,152.1368,1630.99,17536.9,2076.59,5223.66,3306.01,,110.06
12/08/2008,0.8735,1832.372,213.402,1.4926,1.8968,114.1211,160.7357,152.9652,1638.65,17370.67,2051.66,5210.3,3301.64,,109.27
13/08/2008,0.8744,1868.596,217.84,1.4919,1.8704,114.1438,160.9296,153.061,1635.8,17004.38,2046.35,5085.84,3255.07,,109.53
14/08/2008,0.8722,1850.306,213.398,1.4826,1.8698,114.2311,160.8726,152.5201,1640.54,16917.88,2057.72,5092.74,3284.24,,109.74
15/08/2008,0.8662,1834.917,207.54,1.4687,1.8662,114.0496,161.0977,153.1549,1643.96,17000.11,2066.36,5109.09,3258.74,,110.54
18/08/2008,0.8682,1826.17,211.136,1.4694,1.8651,114.1112,161.4001,153.0682,1647.77,17190.8,2035.3,5106.77,3256.01,,110.13
19/08/2008,0.8718,1848.206,214.055,1.4776,1.867,114.1401,161.2475,153.1536,1646.65,16798.55,2016.52,4975.79,3178.44,,109.72
20/08/2008,0.8736,1867.34,213.935,1.4747,1.8621,114.0585,161.4893,153.2632,1650.64,16781.11,2029.15,4999.35,3218.72,,109.86
21/08/2008,0.8808,1960.053,219.896,1.4899,1.8782,114.2204,161.0402,153.2433,1647.19,16651.21,2034.35,4929.01,3217.77,,108.44
22/08/2008,0.8665,1858.496,218.465,1.4793,1.8527,114.0221,160.7359,152.8271,1644.41,16538.69,2057.64,5025.33,3298.89,,110.08
25/08/2008,0.8628,1862.172,216.455,1.4754,1.8532,114.1323,,,1651.48,16816.32,2017.27,4976.79,,,109.31
26/08/2008,0.8559,1872.429,217.094,1.4653,1.84,114.2062,161.5711,154.0696,1651.52,16691.27,2024.72,5002.59,3277.97,,109.61
27/08/2008,0.8588,1898.019,218.651,1.4727,1.8356,114.0508,160.9977,153.8683,1653.28,16657.64,2041.24,5005.21,3312.76,,109.49
28/08/2008,0.8625,1863.568,219.501,1.4706,1.8296,114.1827,161.0977,154.0844,1651.54,16677.61,2071.86,5096.65,3356.5,,109.5
29/08/2008,0.8578,1862.527,218.987,1.4673,1.8211,114.3587,161.2337,154.3125,1650.08,17075.5,2043.53,5106.07,3377.75,,108.8
01/09/2008,0.8504,,,1.4617,1.8014,114.0036,161.6744,154.4423,,16763.73,,5104.21,3357.5,,108.14
02/09/2008,0.8381,1773.29,212.552,1.452,1.7839,114.1694,161.4198,154.0634,1657.15,16470.22,2035.24,5183.72,3368.22,,108.61
03/09/2008,0.836,1766.915,211.959,1.4498,1.7768,114.3194,161.5075,154.0296,1661.14,16574.87,2032.13,5111.67,3298.2,,108.29
04/09/2008,0.8228,1740.033,210.658,1.4325,1.7685,113.9544,162.0645,154.7049,1665.32,16402.55,1971.37,4968.81,3215.67,,107.08
05/09/2008,0.8159,1706.529,210.563,1.4267,1.7661,114.2989,162.5923,155.4312,1663.5,15951.36,1980.18,4833.8,3142.87,,107.73
08/09/2008,0.8164,1697.241,210.514,1.4128,1.7581,113.8815,161.9584,154.3489,1662.68,16489.81,2021.13,4985.49,3266.18,,108.28
09/09/2008,0.8024,1647.969,207.769,1.4133,1.7607,114.0461,162.2385,154.8358,1669.18,16197.47,1952.14,4950.5,3247.78,,106.81
10/09/2008,0.8014,1628.08,200.04,1.3998,1.7531,114.0198,162.1343,154.6111,1666.14,16126.91,1964.25,4921.58,3219.53,,107.7
11/09/2008,0.8073,1603.862,195.59,1.3998,1.758,114.0294,161.7877,154.4883,1668.31,15808.03,1992,4891.34,3190.82,,107.17
12/09/2008,0.8237,1609.072,200.584,1.4224,1.7942,113.8852,160.9488,152.8672,1660.21,15954.66,1996.26,4976.23,3249.83,,107.95
15/09/2008,0.8066,1528.427,206.515,1.4243,1.8007,,161.8141,154.2301,1685,,1902.17,4783.66,3122.32,,104.66
16/09/2008,0.8003,1444.593,204.816,1.4129,1.7835,114.3164,162.3081,154.8805,1682.89,15164.37,1935.49,4688.43,3015.17,,105.65
17/09/2008,0.7907,1529.305,223.191,1.4326,1.8173,114.1266,162.1502,155.2838,1692.07,15347.33,1844.31,4582.67,2947.84,,104.66
18/09/2008,0.8048,1536.13,235.4,1.4348,1.8181,113.7976,161.6261,155.1772,1690.83,15007.08,1924.85,4555.43,2928.42,,105.44
19/09/2008,0.8341,1604.924,226.93,1.4466,1.8318,113.7592,160.0818,153.1334,1658.61,15570.77,2002.32,4939.04,3187.26,,107.45
22/09/2008,0.8441,1699.045,238.576,1.4774,1.8544,113.8526,159.7605,152.2693,1654.85,15792.47,1925.86,4833.41,3142.21,,105.52
23/09/2008,0.8329,1646.283,233.914,1.4648,1.8522,,160.0103,152.4277,1654.62,,1895.78,4769.71,3082.12,,105.56
24/09/2008,0.8343,1640.513,234.92,1.4621,1.8465,113.9334,161.0193,153.4294,1662.32,15824.39,1892.05,4739.32,3059.2,,106.11
25/09/2008,0.8353,1677.324,231.517,1.4609,1.8372,113.9715,160.5084,152.6678,1654.52,15792.56,1929.24,4871.91,3120.11,,106.56
26/09/2008,0.831,1664.143,233.233,1.4614,1.8445,113.997,161.1421,153.2486,1658.98,15643.44,1935.79,4794.96,3054.95,,106.01
29/09/2008,0.8046,1522.704,234.809,1.4435,1.8086,113.861,162.5027,154.8591,1680.08,15446.73,1765.72,4569.73,2893.03,,104.18
30/09/2008,0.7924,1589.634,231.246,1.4092,1.7805,114.0617,162.0357,154.2855,1660.18,14810.44,1861.44,4615.31,2943.26,,106.11
01/10/2008,0.7874,1545.828,232.96,1.4009,1.7697,113.8927,162.7586,154.9512,1667.89,14953.02,1853.26,4659.6,2977.78,,105.72
02/10/2008,0.7726,1466.368,221.677,1.3819,1.7639,113.9426,163.5878,155.7073,1679.2,14672.2,1778.9,4568.7,2924.2,,105.34
03/10/2008,0.7741,1462.942,218.769,1.3772,1.7714,114.3143,163.9534,155.858,1679.89,14387.27,1754.91,4730.19,2990.19,,105.32
06/10/2008,0.7222,1362.896,227.454,1.3499,1.7441,114.8781,165.7505,158.1314,1700.65,13775.58,1687.34,4358.25,2755.39,,101.82
07/10/2008,0.7059,1376.167,231.606,1.3588,1.7455,114.495,165.6958,157.7251,1693.1,13358.37,1590.51,4374.16,2765.01,,101.48
08/10/2008,0.6643,1374.607,238.042,1.3654,1.7306,114.7764,165.6717,157.1928,1676.11,12105.41,1573.34,4093.28,2622.94,,99.14
09/10/2008,0.6841,1347.802,232.794,1.3604,1.7097,114.2758,164.8439,155.7972,1665.96,12045.13,1453.52,3993.76,2591.17,,99.82
10/10/2008,0.6432,1224.904,225.575,1.3409,1.7043,114.0657,163.793,154.3124,1667.66,10886.24,1436.56,3680.37,2361.87,,100.67
13/10/2008,0.6987,1277.021,221.251,1.3581,1.7341,,162.7679,151.6193,,,1602.93,4085.28,2556.99,,102.02
14/10/2008,0.697,1232.697,220.466,1.3619,1.7395,113.4078,162.3901,150.6316,1654.58,12426.68,1594.41,4189.25,2639.47,,102.08
15/10/2008,0.6617,1172.752,220.338,1.3499,1.7269,113.5605,162.6532,151.5309,1656.37,12558.08,1450.5,3917.71,2451.21,,99.96
16/10/2008,0.6909,1097.183,211.28,1.3456,1.7304,113.5543,163.4576,152.3133,1660.46,11125.66,1512.21,3683.3,2320.11,,101.58
17/10/2008,0.689,1123.394,206.871,1.341,1.7281,113.5232,163.6987,153.5957,1656.96,11435.25,1502.84,3847.98,2441.25,,101.69
20/10/2008,0.7045,1160.839,207.484,1.3344,1.7152,113.5194,163.9362,154.1962,1659.83,11845.33,1574.5,3971.85,2573.23,,101.87
21/10/2008,0.671,1123.006,201.713,1.3063,1.6706,113.4076,164.3131,153.9262,1673.57,12240.8,1526.02,3949.5,2541.42,,100.14
22/10/2008,0.673,1040.824,193.105,1.2855,1.6267,113.6967,165.4649,155.0089,1679.07,11410.09,1433.22,3735.22,2428.52,,97.67
23/10/2008,0.6696,1061.534,187.727,1.2934,1.623,113.957,165.5466,155.2164,1686.38,11128.99,1451.37,3726.2,2456.74,,97.31
24/10/2008,0.6225,1004.438,191.832,1.2623,1.5897,114.0762,165.8538,156.6499,1676.57,10061.07,1401.29,3545.74,2333.85,,94.32
27/10/2008,0.6013,997.441,195.161,1.2493,1.5552,114.202,165.7853,156.3398,1674.73,9421.58,1356.78,3484.6,2315.36,,92.78
28/10/2008,0.6413,981.365,194.536,1.2683,1.5901,113.9706,165.7757,155.5582,1668.75,10025.34,1503.16,3619.29,2359.71,,98.03
29/10/2008,0.668,1059.684,198.087,1.2963,1.6373,114.337,165.0705,155.6288,1665.4,10801.31,1486.73,3822.26,2551.69,,97.39
30/10/2008,0.6823,1032.718,194.02,1.2915,1.6451,114.4345,165.4847,155.7504,1661.52,11877.11,1525.37,3841.7,2581.22,,98.61
31/10/2008,0.6678,1060.053,188.692,1.2726,1.6076,114.5973,163.5501,154.802,1658.35,11281.34,1548.81,3938.53,2632.77,,98.47
03/11/2008,0.6764,987.042,190.965,1.2643,1.5819,,164.3669,154.9297,1665.53,,1544.91,3968.39,2672.42,,99.12
04/11/2008,0.6989,1083.045,198.982,1.2981,1.5956,114.4195,164.6909,154.9956,1676.81,11987.4,1608,4188.96,2790.44,,99.71
05/11/2008,0.6814,1007.753,195.07,1.2954,1.591,114.2031,165.2347,155.5142,1681.87,12522.37,1524.21,4122.36,2729.41,,97.95
06/11/2008,0.6656,939.564,192.393,1.2715,1.5628,114.415,166.0845,155.9398,1682.11,11704.18,1448.01,3865.93,2573.79,,97.75
07/11/2008,0.6741,939.104,192.921,1.2718,1.5643,114.3073,166.6412,157.3762,1677.15,11287.02,1490.31,3957.94,2629.55,,98.24
10/11/2008,0.6697,964.013,196.154,1.2748,1.5604,114.207,166.9208,157.0129,1682.46,11942.53,1471.64,3993.38,2653.02,,98.01
11/11/2008,0.6571,912.543,192.529,1.2522,1.5384,114.4405,166.8038,156.6365,,11584.67,1439.22,3777.07,2558.3,,97.66
12/11/2008,0.6404,864.748,188.696,1.2505,1.4964,114.3792,166.9212,157.5395,1690.31,11435.03,1365.15,3655.88,2523.79,,95.01
13/11/2008,0.6661,893.553,185.147,1.2769,1.4841,114.4732,166.5641,157.8583,1685.34,10834.13,1459.82,3700.34,2516.06,,97.68
14/11/2008,0.6481,863.529,195.083,1.2605,1.474,114.5128,167.0495,158.1424,1691.32,11128.37,1399.2,3746.06,2554.54,,97.14
17/11/2008,0.6489,831.291,194.905,1.265,1.4989,114.5301,167.0549,157.4396,1695.83,11207.52,1363.14,3606.37,2493.7,,96.44
18/11/2008,0.6525,822.374,192.285,1.2618,1.4958,114.4432,167.0629,157.5352,1705.47,10952.18,1376.82,3644.91,2539.8,,97.03
19/11/2008,0.6367,817.619,193.046,1.2489,1.4952,114.5638,168.0206,158.1879,1715.91,10879.6,1292.76,3500.44,2424.57,,95.74
20/11/2008,0.6107,761.866,196.428,1.2453,1.4727,114.8096,169.2004,160.097,1734.09,10129.79,1206.04,3394.65,2345.47,,93.7
21/11/2008,0.6324,778.224,207.699,1.2587,1.4925,114.969,168.8819,161.1863,1731.83,10402.99,1282.59,3303.02,2288.55,,95.96
24/11/2008,0.6541,849.604,215.041,1.2953,1.5183,,168.7306,160.5578,1719.28,,1365.63,3634.47,2513.72,,97.35
25/11/2008,0.6492,803.216,215.068,1.3065,1.5472,114.8732,169.3313,161.1225,1734.67,10946.82,1374.79,3643.03,2524.79,,95.23
26/11/2008,0.652,858.383,212.658,1.288,1.5326,114.9883,170.0137,162.3468,1740.26,10801.23,1423.9,3624.59,2514.49,,95.67
27/11/2008,0.6568,,,1.2904,1.5406,115.0165,169.7338,162.4876,,11011.87,,3707.46,2558.94,,95.19
28/11/2008,0.6553,853.186,214.678,1.2691,1.5377,114.9853,169.8359,161.9313,1746.36,11194.51,1437.68,3711.05,2596.43,,95.53
01/12/2008,0.6402,772.012,203.619,1.2611,1.4884,114.9847,170.6583,163.0826,1766.36,11043.21,1309.39,3494.33,2461.69,,93.19
02/12/2008,0.6428,737.219,205.323,1.2714,1.492,115.3115,171.5736,165.3419,1769.35,10341.56,1361.79,3595.3,2496.43,,93.18
03/12/2008,0.649,741.383,201.968,1.2717,1.4784,115.2081,172.1975,167.1209,1772.44,10526.21,1397.72,3618.8,2526.42,,93.3
04/12/2008,0.6444,695.884,200.658,1.2777,1.468,115.1833,171.2958,166.591,1781.06,10421.19,1356.81,3617.57,2522.56,,92.23
05/12/2008,0.6464,659.009,197.172,1.2718,1.4685,115.1817,171.4207,166.4257,1771.57,10412.34,1406.36,3439.45,2453.36,,92.84
08/12/2008,0.6645,715.07,201.655,1.2963,1.4915,115.0568,169.837,163.9231,1767.48,10953.56,1460.6,3740.62,2605.24,,92.82
09/12/2008,0.6588,690.535,202.939,1.2927,1.475,114.9833,169.2508,163.8863,1775.32,11041.44,1426.88,3788.74,2654.43,,92.13
10/12/2008,0.6563,703.62,212.009,1.3023,1.4785,114.8765,169.6203,163.9294,1773.66,11389.11,1444,3811.32,2645.96,,92.77
11/12/2008,0.6718,776.034,216.675,1.3352,1.5036,114.8677,169.582,163.4718,1778.84,11468.42,1403.2,3795.77,2658.93,,91.46
12/12/2008,0.6644,763.842,215.076,1.3369,1.4944,115.1108,168.4133,163.3392,1781.9,10831.02,1413.07,3694.23,2593.29,,91.21
15/12/2008,0.6687,734.995,219.27,1.3688,1.5306,115.1485,168.8827,164.76,1787.05,11394.92,1395.21,3677.33,2591.6,,90.65
16/12/2008,0.6943,726.967,220.896,1.4002,1.5581,115.2754,169.508,165.8401,1801.48,11267.83,1466.87,3742.83,2610.7,,89.05
17/12/2008,0.7039,710.76,227.659,1.442,1.5536,115.7129,171.2645,168.2008,1811.98,11326.35,1452.88,3733.83,2620.03,,87.24
18/12/2008,0.6871,681.32,225.588,1.424,1.5015,115.8842,171.4503,168.2399,1822.67,11398.3,1422.19,3745.98,2623.95,,89.44
19/12/2008,0.6802,688.161,219.507,1.3912,1.492,116.1556,171.0884,168.2392,1817.32,11294.79,1426.39,3733.34,2597.46,,89.32
22/12/2008,0.6839,653.22,222.077,1.3944,1.4825,116.421,171.8213,169.2476,1814.63,11472.67,1400.42,3662.33,2574.57,,90.25
23/12/2008,0.6804,636.716,219.692,1.3929,1.4724,,171.7944,169.176,1813.13,,1387.08,3638.63,2578.71,,90.98
24/12/2008,0.6833,582.442,222.287,1.4013,1.4731,116.5761,171.8132,170.1604,1810.55,11200.86,1395.76,3631.42,2555.87,,90.46
25/12/2008,0.6828,,,1.4025,1.474,116.5538,,,,11326.27,,,,,90.38
26/12/2008,0.6838,609.655,228.369,1.4028,1.458,116.719,,,1814.78,11510.69,1403.22,,,,90.82
29/12/2008,0.6852,642.37,229.445,1.3927,1.4392,116.837,172.2769,169.3837,1817.73,11520.77,1398.25,3648.04,2618.15,,90.68
30/12/2008,0.6915,638.208,228.056,1.4057,1.4409,117.0767,171.8573,169.5882,1819.12,11668.8,1432.65,3744.54,2662.6,,90.34
31/12/2008,0.7027,725.94,231.805,1.3971,1.4593,117.0815,171.8655,170.5945,1805.52,,1452.98,3738.65,2687.91,,90.64
01/01/2009,0.7054,,,1.4045,1.4678,,,,,,,,2687.91,,90.75
02/01/2009,0.7112,740.514,230.547,1.3921,1.4548,117.0912,172.2844,170.24,1790.07,,1499.17,3875.68,2765.27,,91.84
05/01/2009,0.7175,779.178,224.86,1.3635,1.47,116.8973,171.9777,168.8519,1784.01,11910.56,1492.21,3901.57,2776.09,,93.44
06/01/2009,0.7233,792.118,227.01,1.3536,1.4917,116.5226,170.5816,167.0788,1782.41,11960.24,1503.87,3939.79,2812.02,,93.65
07/01/2009,0.7126,723.72,220.641,1.3644,1.5095,116.5211,170.1943,166.9071,1783.96,12168.87,1459.58,3878.86,2732.43,,92.65
08/01/2009,0.7122,707.069,223.997,1.3702,1.5216,116.2147,170.9874,167.8345,1787.56,11691.01,1464.6,3845.26,2731.13,,91.21
09/01/2009,0.7033,702.749,224.134,1.3476,1.5164,116.393,171.6537,169.322,1790.32,11638.83,1433.41,3799.46,2696.68,,90.4
12/01/2009,0.6817,677.11,215.22,1.3362,1.4822,,171.5218,169.2345,1798.94,,1401.07,3747.84,2683.14,,89.22
13/01/2009,0.6646,702.987,215.156,1.3182,1.4501,116.755,171.0083,167.7018,1798.31,11081.85,1403.63,3685.79,2666.74,,89.38
14/01/2009,0.6611,705.707,212.022,1.3191,1.4612,116.595,171.2616,168.6736,1806.75,11114.17,1356.79,3513.34,2534.4,,89.05
15/01/2009,0.6629,706.802,211.708,1.3115,1.4632,116.8206,171.1553,168.2911,1807.04,10567.39,1358.64,3451.98,2498.31,,89.84
16/01/2009,0.6733,689.745,220.24,1.3267,1.4733,116.7582,170.8594,165.8824,1799.94,10839.82,1368.92,3488.33,2514.04,,90.72
19/01/2009,0.6667,,,1.3069,1.442,116.6266,170.7054,164.0931,,10874.99,,3443.91,2490.65,,90.65
20/01/2009,0.6508,643.216,224.221,1.2904,1.3928,116.8305,170.3244,163.0416,1796.95,10623.35,1296.63,3365.03,2480.3,,89.76
21/01/2009,0.6618,654.955,222.887,1.3023,1.3955,116.7502,170.0948,163.477,1779.81,10407.15,1353.33,3346.11,2462.37,,89.49
22/01/2009,0.6554,664.375,225.191,1.3001,1.3877,116.7165,169.135,162.3991,1774.74,10604.84,1332.84,3302.74,2457.73,,88.92
23/01/2009,0.6539,702.455,234.927,1.2975,1.3804,116.71,167.9104,160.1712,1770.78,10201.17,1340.02,3284.1,2457.87,,88.75
26/01/2009,0.6596,687.86,238.332,1.3189,1.3993,116.702,167.4195,160.6806,1768.15,10118.05,1347.47,3404.74,2552.82,,89.1
27/01/2009,0.6612,653.06,235.899,1.316,1.4129,116.4476,168.5531,161.5775,1778.65,10618.11,1362.18,3401.44,2543.97,,88.98
28/01/2009,0.666,669.85,232.916,1.3166,1.4247,116.4698,169.4791,162.5715,1766.14,10677.67,1408.07,3554.51,2605.47,,90.27
29/01/2009,0.6523,671.218,237.236,1.2954,1.4301,116.4555,170.3167,162.4184,1754.98,10868.6,1361.54,3472.82,2541.73,,90.03
30/01/2009,0.6375,673.814,242.968,1.2813,1.454,116.3744,169.9583,162.5395,1752.87,10529.83,1330.51,3423.21,2517.18,,89.92
02/02/2009,0.6316,642.022,237.423,1.2843,1.4264,116.4348,170.3856,162.5541,1764.27,10371.67,1329.81,3367.04,2473.59,,89.45
03/02/2009,0.6512,642.845,233.577,1.304,1.4458,116.3978,170.1909,161.8389,1753.61,10307.82,1350.89,3437.71,2526.17,,89.44
04/02/2009,0.6434,652.268,236.118,1.2849,1.4468,116.0591,170.4429,162.1617,1749.14,10588.95,1341.77,3518.62,2573.19,,89.43
05/02/2009,0.6524,678.751,239.26,1.2791,1.461,116.1544,170.5642,163.0935,1751.57,10471.34,1363.82,3511.74,2573.39,,91.23
06/02/2009,0.6753,678.346,239.288,1.294,1.4787,116.1305,170.6726,163.2987,1745.99,10638.59,1401.06,3588.95,2611.69,,91.9
09/02/2009,0.6785,673.039,233.667,1.3003,1.4898,116.2684,170.6905,163.1044,1743.57,10496.87,1403.19,3597.05,2621.27,,91.47
10/02/2009,0.6548,647.794,239.27,1.2913,1.4542,116.2853,170.9095,164.1661,1759.51,10466.46,1334.3,3473.33,2563.74,,90.47
11/02/2009,0.6564,641.112,247.202,1.2906,1.4397,,171.6244,166.3132,1764.12,,1345.5,3472.93,2578.88,,90.4
12/02/2009,0.6524,649.308,248.435,1.2861,1.4269,116.655,172.1065,167.8767,1767.59,10149.57,1348.15,3391.85,2559.37,,90.94
13/02/2009,0.6568,631.433,246.605,1.2862,1.4355,116.6832,171.7649,166.9584,1752.37,10247.1,1334.83,3412.28,2551.66,,91.93
16/02/2009,0.6503,,,1.2801,1.4298,116.5138,172.0051,167.565,,10208.6,,3359.22,2518.27,,91.73
17/02/2009,0.6349,579.452,253.236,1.2582,1.4238,116.5872,172.2434,168.4057,1770.5,10071.22,1274.26,3246.43,2456.99,,92.41
18/02/2009,0.6371,556.252,256.039,1.253,1.4211,116.7248,172.1586,168.3376,1763.4,9924.91,1273.29,3244.11,2446.79,,93.79
19/02/2009,0.6437,590.792,255.596,1.2674,1.4294,116.664,171.4169,166.7958,1752.39,9955.48,1258.82,3238.56,2453.83,,94.2
20/02/2009,0.6454,588.886,262.326,1.2826,1.4433,116.5805,172.1504,167.5068,1760.27,9769.39,1244.72,3080.84,2374.87,,93.35
23/02/2009,0.6417,578.255,260.448,1.2694,1.4487,116.6823,172.2312,166.8735,1760.32,9716.41,1201.56,3050.14,2351.46,,94.61
24/02/2009,0.6512,598.463,253.775,1.2846,1.4481,116.6779,172.2811,167.5397,1758.85,9581.61,1249.76,3028.5,2330.52,,96.65
25/02/2009,0.647,620.037,252.914,1.2723,1.4201,116.4636,172.4375,167.0782,1747.53,9835.58,1236.74,3009.76,2353,,97.39
26/02/2009,0.6474,649.938,246.738,1.2744,1.4317,116.6356,171.1822,165.1517,1745.53,9831.24,1217.49,3095.33,2393.75,,98.52
27/02/2009,0.639,644.346,246.714,1.2669,1.4318,116.6848,171.3705,164.8466,1743.65,9976.89,1188.84,3026.55,2341.46,,97.58
02/03/2009,0.63,589.211,246.066,1.2578,1.4055,116.5558,172.0903,165.6954,1755.04,9596.88,1133.43,2883.45,2216.59,,97.46
03/03/2009,0.6378,608.328,239.157,1.2561,1.405,116.5507,171.9984,165.4866,1752,9530.4,1126.18,2855.79,2147.05,,98.17
04/03/2009,0.6496,641.507,237.353,1.2661,1.4194,116.554,171.3597,163.5171,1746.53,9611.13,1153.35,2976.37,2230.39,,99.16
05/03/2009,0.6383,611.341,242.878,1.254,1.4118,116.4569,172.1299,167.3004,1762.86,9799.02,1104.38,2836.68,2159.41,,98.07
06/03/2009,0.6405,627.182,246.78,1.2653,1.4094,116.5415,172.7564,172.2032,1761.31,9455.77,1106,2783.06,2159.95,,98.26
09/03/2009,0.6318,619.162,240.323,1.2611,1.3776,116.477,172.4253,170.7463,1755.72,9340.99,1095.04,2771.94,2167.09,,98.85
10/03/2009,0.6459,617.29,234.534,1.2682,1.3753,116.4832,171.9177,170.5564,1747.45,9300.06,1164.83,2939.72,2272.82,,98.67
11/03/2009,0.6522,584.067,238.421,1.2837,1.3874,116.45,171.5217,171.2249,1752.67,9723.4,1168.07,2960.02,2264.38,,97.28
12/03/2009,0.6547,630.505,241.897,1.2913,1.3939,116.516,172.0059,173.0613,1756.01,9488.93,1215.87,3005.73,2275.57,,97.72
13/03/2009,0.6582,624.919,243.518,1.2928,1.4002,116.4921,171.7713,172.7702,1756.9,9978.03,1225.32,3016.28,2301.09,,97.95
16/03/2009,0.6591,632.472,241.408,1.2968,1.4064,116.5705,171.3366,171.4889,1751.88,10155.82,1221.03,3114.6,2368.71,,98.18
17/03/2009,0.6619,658.997,240.051,1.3017,1.4037,116.4082,171.002,170.954,1747.35,10478.76,1260.29,3081.72,2364.49,,98.6
18/03/2009,0.6765,656.012,232.792,1.3474,1.4275,116.4193,171.0285,170.4751,1784.33,10509.13,1286.62,3092.34,2335.26,,96.23
19/03/2009,0.6851,692.548,250.998,1.3665,1.4506,116.7115,172.3414,171.0434,1780.14,10474.58,1269.93,3123.56,2342.59,,94.52
20/03/2009,0.6869,697.623,250.347,1.3582,1.4465,,173.2669,171.3578,1778.6,,1244.86,3141,2358.5,,95.94
23/03/2009,0.7052,731.7,249.386,1.3633,1.4572,116.7214,173.0207,170.0731,1775.91,10829.93,1333.21,3249.37,2425.98,,96.95
24/03/2009,0.6955,731.444,241.865,1.3468,1.4681,116.7866,172.0329,167.8037,1777.72,11189.5,1306.03,3258.02,2400.61,,97.86
25/03/2009,0.6978,708.047,245.001,1.3583,1.4552,116.6527,172.1901,168.0657,1768.82,11178.55,1318.61,3291.42,2395.54,,97.54
26/03/2009,0.7016,729.633,246.099,1.3526,1.4453,116.4408,172.3794,167.6238,1774.06,11491.33,1349.37,3303.36,2410.86,,98.71
27/03/2009,0.6942,711.956,241.687,1.3287,1.432,116.433,173.1865,167.7341,1773.22,11478.82,1322.19,3244.83,2394.68,,97.86
30/03/2009,0.6814,662.564,239.706,1.3199,1.4266,116.4344,173.3184,169.2025,1777.83,10958.71,1276.22,3080.83,2311.18,,97.26
31/03/2009,0.6913,674.789,241.614,1.325,1.4323,116.3306,173.4137,169.2896,1781.64,10790.33,1292.98,3173.58,2411.45,,98.96
01/04/2009,0.6993,660.361,242.321,1.3249,1.4468,116.3644,173.4267,170.142,1785.39,11112.83,1314.63,3214.09,2429.94,,98.53
02/04/2009,0.7152,716.792,237.411,1.3461,1.4725,116.1702,172.3543,166.8605,1776.83,11602.31,1352.47,3396.3,2533.98,,99.52
03/04/2009,0.7151,726.027,234.383,1.3486,1.4836,115.9288,172.136,166.6213,1763.06,11642.31,1365.66,3369.12,2475.3,,100.32
06/04/2009,0.7139,711.477,227.987,1.3416,1.477,115.6077,172.3711,166.4743,1760.53,11786.13,1354.36,3339.98,2453.11,,100.99
07/04/2009,0.7109,698.479,230.731,1.3272,1.4731,115.7531,172.0699,166.3233,1763.77,11752.76,1322.91,3318.27,2414.4,,100.42
08/04/2009,0.7101,701.343,231.411,1.3282,1.4716,115.5908,172.3015,167.0524,1768.21,11436.3,1338.53,3350.8,2413.24,,99.76
09/04/2009,0.7193,729.562,230.733,1.3169,1.468,115.4233,172.2404,167.682,1761.49,11863.48,1389.49,3445.62,2449.02,,100.42
10/04/2009,0.7196,,,1.3189,1.4673,115.5025,,,,11927.41,,,,,100.25
13/04/2009,0.7318,705.394,234.004,1.3368,1.4854,115.505,,,1769.81,11874.61,1393.13,,,,100.1
14/04/2009,0.7239,704.487,233.012,1.3259,1.4895,115.4505,172.7524,168.4193,1774.26,11765.84,1365.2,3494.18,2452.26,,98.98
15/04/2009,0.7288,697.079,233.405,1.3227,1.4997,115.6638,173.3574,167.2825,1775.9,11633.16,1382.36,3470.13,2440.1,,99.37
16/04/2009,0.7206,704.494,229.828,1.3186,1.4925,115.5433,173.2229,167.6304,1769.91,11649.53,1403.89,3527.71,2492.11,,99.28
17/04/2009,0.7225,708.009,226.72,1.3044,1.4797,115.6091,172.6194,165.9971,1760.76,11852.2,1410.85,3590.03,2516.59,,99.16
20/04/2009,0.6966,663.159,231.844,1.2921,1.4539,115.4876,173.6845,168.1371,1769.34,11875.05,1350.52,3450.47,2453.91,,97.89
21/04/2009,0.7114,662.381,230.591,1.2948,1.4673,115.6267,173.7552,167.5389,1764.14,11591.08,1379.22,3442.31,2451.82,,98.73
22/04/2009,0.7054,661.084,233.151,1.3005,1.4492,115.7988,173.2137,166.4892,1758.57,11612.33,1368.92,3506.84,2481.23,,98.02
23/04/2009,0.7148,664.987,236.836,1.3144,1.4722,115.8056,173.6222,166.1722,1761.65,11771.61,1382.52,3478.15,2473.58,,97.96
24/04/2009,0.7232,684.364,238.796,1.3242,1.4678,115.7798,173.8947,166.8483,1756.2,11586.63,1405.74,3574.77,2558.38,,97.17
27/04/2009,0.71,667.598,237.257,1.3036,1.4645,115.6853,174.0571,167.3943,1763.24,11611.05,1391.58,3570.89,2565.16,,96.77
28/04/2009,0.7062,663.179,233.444,1.3149,1.4633,116.0236,174.4392,167.8848,1755.68,11301.6,1387.82,3514.12,2521.69,,96.45
29/04/2009,0.727,673.585,235.248,1.3271,1.4772,,174.7657,167.6963,1749.97,,1417.99,3597.44,2582.72,,97.66
30/04/2009,0.7256,674.367,232.819,1.323,1.479,116.0067,174.432,167.0395,1749.14,11746.66,1416.73,3665.08,2616.09,,98.63
01/05/2009,0.7306,701.417,232.036,1.3273,1.4921,116.1754,174.4523,166.7489,1746.58,11945.06,1424.41,3665.08,2615.79,,99.12
04/05/2009,0.74,724.962,235.696,1.3406,1.5018,,,,1747.95,,1472.64,3751.3,,,98.8
05/05/2009,0.7426,718.854,236.246,1.333,1.509,,174.6955,166.8822,1747.84,,1467.25,3732.72,2673.56,,98.82
06/05/2009,0.7483,743.175,237.998,1.3335,1.5136,,174.5858,166.1339,1747.94,,1493.31,3780.59,2715.63,,98.31
07/05/2009,0.7539,746.82,239.174,1.339,1.5018,116.0363,173.9418,165.8299,1737.95,12488.37,1473.66,3739.69,2716.98,,99.12
08/05/2009,0.7686,767.641,239.014,1.3634,1.5234,115.8625,173.7347,165.3051,1738.15,12551.08,1509.14,3827.2,2756.15,,98.47
11/05/2009,0.7586,759.081,238.663,1.3582,1.5117,115.8013,174.1079,165.9003,1747.94,12576.56,1477.2,3782.43,2739.72,,97.49
12/05/2009,0.765,762.222,241.393,1.3648,1.5271,115.7778,173.4992,166.0572,1749.18,12372.49,1475.83,3776.83,2733.57,,96.45
13/05/2009,0.7532,753.63,241.916,1.36,1.5157,115.6805,173.8768,167.5106,1754.8,12428.21,1436.74,3676,2680.02,,95.31
14/05/2009,0.7602,759.434,242.543,1.3639,1.5238,115.8641,173.8366,167.6421,1755.42,12099.88,1451.79,3670.13,2699.33,,95.8
15/05/2009,0.7491,725.646,243.275,1.3495,1.518,115.8942,173.651,166.8229,1753.9,12327.79,1435.48,3686.61,2690.37,,95.21
18/05/2009,0.7658,756.297,240.776,1.3562,1.5348,116.0943,173.9658,167.5649,1746.59,12026.64,1479.24,3785.81,2751.22,,96.31
19/05/2009,0.7747,762.606,242.08,1.363,1.5477,115.9488,173.346,167.4129,1744.81,12361.41,1476.94,3848.93,2773.37,,95.98
20/05/2009,0.7751,780.767,244.871,1.378,1.5755,115.927,173.2837,166.3474,1749.79,12433.73,1469.47,3895.83,2769.09,,94.88
21/05/2009,0.7783,774.214,248.418,1.389,1.5844,115.8977,173.6155,165.4605,1739.16,12326.63,1445.28,3797.34,2692.9,,94.41
22/05/2009,0.7827,785.062,250.427,1.3998,1.5934,115.8943,172.9195,164.697,1732.66,12275.62,1443.14,3814.19,2705.18,,94.78
25/05/2009,0.7822,,,1.4017,1.5908,115.8077,,,,12436.87,,3824.72,,,94.83
26/05/2009,0.7862,790.626,249.025,1.3985,1.5926,115.8727,172.3713,165.6745,1728.9,12389.26,1481.1,3868.94,2733.96,,95.03
27/05/2009,0.7757,804.879,249.052,1.3825,1.5955,115.731,172.1904,165.1547,1716.58,12559.47,1453.28,3889.52,2737.42,,95.34
28/05/2009,0.784,829.22,251.139,1.3941,1.5945,115.7227,171.9055,164.9829,1717.54,12576.26,1475.94,3848.21,2719.63,,96.86
29/05/2009,0.8011,842.338,255.599,1.4158,1.619,115.6961,172.3249,165.4294,1731.49,12670.99,1495.97,3845.22,2738.47,,95.34
01/06/2009,0.8101,872.74,255.524,1.4159,1.6443,115.6748,171.8279,164.4053,1713.96,12877.57,1534.65,3980.29,2793.18,,96.59
02/06/2009,0.8209,876.653,256.673,1.4303,1.658,115.4929,171.9208,164.1134,1718.42,12912.91,1537.69,3978.76,2775.1,,95.77
03/06/2009,0.8008,850.554,251.772,1.4162,1.6317,115.4991,172.7351,165.323,1724.46,12962.62,1516.88,3899.02,2726.45,,95.99
04/06/2009,0.8019,884.857,256.127,1.4183,1.6175,115.7386,171.6977,164.6177,1713.05,12865.87,1534.59,3904.82,2728.65,,96.58
05/06/2009,0.7932,879.816,250.992,1.3968,1.5981,115.7905,171.0048,164.0699,1696.43,12997.67,1530.82,3930.08,2760.75,,98.64
08/06/2009,0.7892,875.54,248.361,1.39,1.6051,115.6086,171.4682,164.885,1693.9,13127.57,1529.59,3875.44,2740.01,,98.49
09/06/2009,0.8015,895.217,248.936,1.4065,1.6305,115.571,171.7441,165.2917,1697.76,13022.7,1535.03,3892.72,2739.75,,97.38
10/06/2009,0.8031,909.471,248.937,1.3984,1.6359,115.5003,171.5002,164.4186,1692.01,13295.04,1529.76,3927.47,2759.77,,98.12
11/06/2009,0.8193,923.978,250.842,1.4108,1.6591,115.3934,171.3266,162.9985,1697.74,13281.52,1539.5,3961.06,2775.39,,97.64
12/06/2009,0.8124,914.525,245.29,1.4016,1.6443,115.5725,171.7586,163.4227,1702.94,13487.09,1541.7,3940.47,2763,,98.44
15/06/2009,0.7951,895.497,241.852,1.3803,1.632,115.6005,172.5365,164.4391,1709.21,13359.15,1505.06,3818.26,2690.88,,97.84
16/06/2009,0.7934,895.123,243.078,1.3837,1.6411,115.8328,172.3984,164.0595,1712.39,12977.54,1485.92,3809.74,2692.48,,96.39
17/06/2009,0.7945,903.576,244.07,1.3942,1.6401,115.8714,172.727,165.376,1715.33,13094.6,1483.9,3743.37,2662.56,,95.75
18/06/2009,0.7984,905.22,243.706,1.39,1.6332,115.9828,172.4218,164.8071,1701.27,12912.13,1496.59,3791.62,2664.05,,96.48
19/06/2009,0.806,881.767,244.124,1.3937,1.6494,116.081,172.8967,165.6218,1705.61,13021.96,1501.25,3823.55,2704.54,,96.27
22/06/2009,0.7858,853.404,240.164,1.3865,1.6348,116.0054,173.2369,166.3835,1714.56,13074.65,1455.54,3708.9,2634.92,,95.87
23/06/2009,0.7939,875.226,241.026,1.4077,1.6455,116.2778,173.0792,166.5999,1718.28,12706.42,1458.92,3699.8,2632.41,,95.22
24/06/2009,0.7968,869.556,243.661,1.393,1.6407,116.4855,173.3696,166.6066,1714.85,12757.69,1468.48,3801.94,2663.89,,95.67
25/06/2009,0.8025,887.973,244.992,1.3988,1.6368,116.4586,173.8289,166.7075,1725.57,13039.12,1499.98,3777.07,2646.83,,95.95
26/06/2009,0.8079,876.88,245.385,1.4056,1.6525,116.4884,174.1191,167.1457,1728.87,13148,1498.08,3757.57,2639.63,,95.19
29/06/2009,0.8082,903.252,245.31,1.4083,1.6567,116.6177,174.2797,167.9009,1729.54,13021.14,1511.7,3832.73,2672.63,,96.06
30/06/2009,0.8064,881.565,241.843,1.4033,1.6458,116.726,174.4622,166.979,1727.82,13253.91,1498.94,3776.09,2644.74,,96.36
01/07/2009,0.8085,874.633,245.47,1.4142,1.6478,116.8104,174.3571,165.7448,1728.17,13229.27,1505.64,3853.2,2702.59,,96.66
02/07/2009,0.7938,847.523,242.785,1.4003,1.6394,116.7344,175.1665,166.1067,1733.62,13144.38,1461.8,3727.25,2636.31,,95.95
03/07/2009,0.7969,,,1.398,1.6333,116.9216,175.1549,166.2736,,13064.42,,3737.99,2637.57,,96.04
06/07/2009,0.7977,812.858,241.043,1.3984,1.6286,117.0334,175.5649,167.0076,1734.55,12884.48,1465.58,3686.71,2611.81,,95.35
07/07/2009,0.7891,800.881,242.296,1.3924,1.6139,117.0495,175.2346,167.0447,1737.58,12840.45,1436.74,3650.56,2606.88,,94.9
08/07/2009,0.7786,767.084,237.134,1.3884,1.6072,117.153,175.3444,167.9558,1750.31,12538.28,1435.2,3604.06,2577.95,,92.88
09/07/2009,0.7829,773.337,238.944,1.402,1.6335,117.1088,175.2058,166.3476,1740.15,12365.67,1440.3,3640.54,2589.43,,93
10/07/2009,0.7788,764.424,237.981,1.3936,1.6211,117.0852,175.5401,166.9275,1749.22,12360.64,1434.5,3590.38,2569.82,,92.55
13/07/2009,0.7832,763.715,240.588,1.3978,1.6227,117.1079,175.5785,167.9219,1746.16,12045.28,1470.43,3690.7,2616.49,,92.97
14/07/2009,0.7929,765.255,240.647,1.3967,1.6309,116.8886,175.3109,167.0101,1738.48,12326.74,1478.24,3730.8,2638.63,,93.51
15/07/2009,0.8032,798.574,244.964,1.4107,1.6424,116.8898,175.099,166.1005,1726.13,12336.64,1522.09,3857.19,2706.51,,94.23
16/07/2009,0.8062,805.241,243.925,1.4148,1.6438,116.8185,175.3044,166.0064,1729.84,12436.34,1535.3,3869.71,2716.09,,93.93
17/07/2009,0.8024,824.493,244.472,1.4102,1.6336,116.9253,175.0679,165.7932,1723.5,12504.43,1534.71,3885.81,2732.85,,94.2
20/07/2009,0.8166,838.696,247.414,1.4231,1.6548,,175.1449,165.3609,1729.95,,1552.26,3935.36,2767.01,,94.19
21/07/2009,0.8182,843.266,246.895,1.4226,1.6459,116.6742,175.546,165.6945,1738.21,12846.08,1557.91,3965.73,2790.39,,93.75
22/07/2009,0.8157,848.946,248.56,1.422,1.6493,116.5724,175.6014,164.8886,1731.85,12940.76,1557.37,3979.67,2798.3,,93.68
23/07/2009,0.812,874.246,248.978,1.4143,1.6479,116.5385,175.2102,163.502,1719.52,13033.63,1593.65,4069.28,2839.44,,94.93
24/07/2009,0.8172,885.727,248.537,1.4202,1.6426,116.5711,175.1476,163.8435,1722.76,13235.41,1598.5,4064.52,2849.91,,94.79
27/07/2009,0.8227,888.579,248.645,1.4232,1.6488,116.59,175.2361,163.9256,1719.7,13427.21,1603.26,4093.87,2855.83,,95.19
28/07/2009,0.8269,876.984,244.85,1.4167,1.6429,116.6582,175.8795,164.2955,1720.41,13425.89,1599.09,4049.29,2820.16,,94.55
29/07/2009,0.8175,835.774,241.731,1.405,1.6379,116.7523,176.057,163.6649,1720.64,13460.47,1592,4092.13,2833.61,,94.99
30/07/2009,0.8257,878.721,243.709,1.4075,1.6493,116.6585,176.259,163.9189,1722.76,13529.64,1611.14,4177.78,2885.99,,95.56
31/07/2009,0.8359,900.567,248.52,1.4257,1.6713,116.4999,177.5159,165.5645,1735.05,13784.68,1612.31,4151.65,2871.51,,94.68
03/08/2009,0.842,921.806,249.304,1.4412,1.6928,116.4194,177.0368,164.5155,1724.35,13778.88,1637.06,4210.95,2917.68,,95.27
04/08/2009,0.8444,929.708,252.139,1.4408,1.6939,116.329,176.9342,165.0024,1721.74,13808.88,1642.03,4206.06,2910.77,,95.23
05/08/2009,0.8406,944.645,251.257,1.4404,1.6989,116.4429,177.0798,165.3819,1715.98,13645.86,1637.81,4162.23,2901.97,,94.97
06/08/2009,0.8395,938.603,250.374,1.4345,1.6783,116.3963,176.951,166.9624,1718.55,13826.29,1628.82,4191.97,2929.07,,95.46
07/08/2009,0.8372,924.046,249.491,1.4183,1.6684,116.3849,175.952,167.4848,1709.84,13858.21,1650.73,4261.59,2954.69,,97.57
10/08/2009,0.8374,924.183,246.218,1.414,1.6481,116.1836,176.3966,167.9787,1717.79,14007.51,1645.26,4241.73,2948.84,,97.15
11/08/2009,0.8291,909.996,246.402,1.4149,1.6478,116.2031,176.5794,167.741,1722.96,14088.97,1624.91,4174.53,2917.08,,96
12/08/2009,0.8337,915.431,247.677,1.4188,1.6482,116.3782,176.5939,168.2393,1722.6,13888.71,1644.23,4233.23,2950.9,,96.06
13/08/2009,0.8429,921.482,248.719,1.4292,1.6583,116.4839,176.7971,168.3946,1731.32,13998.1,1655.66,4260.83,2975.11,,95.48
14/08/2009,0.8329,890.635,246.692,1.4203,1.6543,116.6649,177.6675,169.7022,1734.7,14104.76,1641.54,4203.62,2949.16,,94.94
17/08/2009,0.8205,880.036,243.341,1.4082,1.6348,116.9035,177.9057,171.1524,1740.87,13667.74,1602.06,4100.29,2906.02,,94.51
18/08/2009,0.8268,901.76,244.226,1.4136,1.6561,116.907,177.8916,170.211,1737.97,13689.5,1618.6,4142.51,2931.52,,94.69
19/08/2009,0.8287,929.039,245.684,1.4224,1.6529,116.8836,178.2301,170.9371,1743.11,13581.74,1629.92,4130.34,2940,,94.08
20/08/2009,0.8313,913.123,244.879,1.4254,1.6507,116.8564,178.2167,170.6648,1745.03,13820.54,1647.85,4194.58,2981.95,,94.2
21/08/2009,0.8348,923.741,248.261,1.4326,1.6508,117.1137,177.8605,170.5713,1734.42,13627.26,1678.84,4323.94,3041.07,,94.38
24/08/2009,0.8389,925.606,245.404,1.4304,1.6417,117.0202,177.8203,171.0086,1740.67,14083.6,1677.94,4375.47,3069.49,,94.56
25/08/2009,0.8357,895.868,246.003,1.4297,1.6349,117.0864,178.2688,172.0403,1744.05,13972.21,1681.92,4411.38,3082.39,,94.19
26/08/2009,0.8284,893.033,245.952,1.4255,1.6249,117.1671,178.5462,171.9244,1745.79,14168.08,1682.29,4392.11,3066.05,,94.26
27/08/2009,0.8392,903.034,246.343,1.4341,1.6284,117.2471,178.4601,171.7967,1744.22,13947.38,1687.16,4374.34,3052.74,,93.52
28/08/2009,0.8411,906.617,249.335,1.4303,1.627,117.2148,178.2849,171.9081,1745.68,14027.5,1684.05,4417.92,3077.54,,93.6
31/08/2009,0.8439,868.617,247.96,1.4334,1.6288,117.2306,178.3887,171.9693,1750.5,13972.09,1670.52,4373.04,,,93.12
01/09/2009,0.826,845.171,248.741,1.4224,1.616,117.3065,178.1747,171.7777,1753.56,14022.07,1633.63,4279.4,3021.62,,92.92
02/09/2009,0.8337,843.817,254.463,1.4264,1.6273,117.4474,178.1966,171.9545,1760.02,13689.7,1628.66,4260.51,3022.03,,92.22
03/09/2009,0.8403,837.402,259.458,1.4252,1.6319,117.5129,177.8125,171.173,1757.59,13602.05,1642.68,4253.36,3008.98,,92.64
04/09/2009,0.8507,833.333,259.199,1.4297,1.6392,117.4189,178.0882,171.0618,1749.02,13565.39,1664.34,4322.89,3043.45,,93.01
07/09/2009,0.8557,,,1.4332,1.6349,117.1785,177.9421,171.0172,,13743.6,,4386.71,3094.56,,93.08
08/09/2009,0.8617,865.806,260.009,1.4478,1.649,117.3268,177.7718,170.7668,1747.67,13839.86,1679.32,4390.49,3103.44,,92.33
09/09/2009,0.8624,871.268,259.308,1.4557,1.6548,117.3818,177.4296,169.8164,1747.03,13731.88,1692.48,4444.59,3140.59,,92.04
10/09/2009,0.864,872.104,259.231,1.4582,1.6651,117.3982,177.9904,170.6108,1758.38,14000.24,1710.14,4439.74,3130.15,,91.73
11/09/2009,0.8634,845.892,261.729,1.4571,1.6657,117.533,178.811,171.6096,1758.2,13907.91,1708.18,4461.6,3145.08,,90.71
14/09/2009,0.8622,844.615,260.353,1.4618,1.6583,117.6409,178.5522,171.8942,1753.95,13585.3,1719.04,4458.26,3149.72,,90.94
15/09/2009,0.8634,862.028,261.707,1.4658,1.6489,117.5162,178.4509,172.0107,1750.31,13606.02,1724.45,4479.93,3164.33,,91.05
16/09/2009,0.8735,882.585,265.322,1.4709,1.6493,117.4365,178.3743,171.0306,1747.84,13676.8,1750.91,4541.81,3216.14,,90.93
17/09/2009,0.8728,882.104,263.581,1.4741,1.6453,117.3241,178.1165,170.6285,1754.24,13907.21,1745.8,4562.58,3241.13,,91.08
18/09/2009,0.8675,878.481,262.75,1.4712,1.6271,117.3373,178.0462,170.7036,1747.99,13809.66,1750.43,4549.64,3246.74,,91.29
21/09/2009,0.863,847.66,261.348,1.468,1.6217,,177.9957,170.8103,1747.73,,1744.47,4529.01,3222.55,,91.93
22/09/2009,0.8735,869.063,264.106,1.479,1.6359,,178.0022,170.0719,1750.62,,1755.99,4543.34,3227.73,,91.1
23/09/2009,0.8697,839.202,263.821,1.4735,1.6341,,178.2903,170.3789,1754.58,,1738.32,4552.23,3226.91,,91.29
24/09/2009,0.865,802.086,259.79,1.4666,1.6059,117.5079,178.9492,171.2954,1757.02,14040.94,1722.02,4474.95,3189.17,,91.28
25/09/2009,0.868,804.144,257.892,1.4689,1.5951,117.5941,179.3187,172.1393,1759.95,13741.71,1711.53,4465.06,3191.02,,89.64
28/09/2009,0.8725,809.954,258.545,1.4622,1.5882,117.7487,179.4473,171.9213,1763.25,13398.42,1742.32,4570.97,3243.44,,89.63
29/09/2009,0.8703,809.352,258.623,1.4587,1.5961,117.6992,179.6129,172.1509,1763.93,13519.8,1738.48,4560.43,3239.68,,90.09
30/09/2009,0.8828,852.035,262.499,1.464,1.5982,117.5657,179.4677,172.2791,1764.12,13564.01,1732.86,4529.2,3223.93,,89.71
01/10/2009,0.8697,854.576,260.264,1.4545,1.5955,117.5767,179.433,173.1726,1773.88,13357.08,1688.24,4431.18,3169.87,,89.61
02/10/2009,0.8652,841.158,261.201,1.4576,1.5946,117.8277,179.8289,173.627,1771.58,13026.76,1680.7,4352.56,3132.75,,89.81
05/10/2009,0.8779,841.046,264.714,1.4648,1.5935,117.8048,180.0331,174.2999,1771.47,12949.95,1705.73,4400.14,3155.13,,89.54
06/10/2009,0.8902,847.335,270.411,1.4722,1.5922,117.9057,179.8104,174.3799,1769.26,12973.12,1729.14,4518.28,3226.5,,88.83
07/10/2009,0.8912,832.102,271.634,1.4691,1.5969,117.7978,180.1471,174.4138,1775.86,13117.42,1734.74,4496.93,3208.57,,88.61
08/10/2009,0.9062,861.968,274.729,1.4794,1.6072,117.7831,180.2251,174.8806,1768.98,13161.42,1747.7,4552.83,3237.3,,88.39
09/10/2009,0.9038,863.905,272.727,1.4732,1.5844,117.6502,179.4315,173.4124,1757.82,13407.61,1757.6,4544.26,3241.83,,89.79
12/10/2009,0.9073,879.87,275.044,1.4773,1.5799,,179.636,174.4483,,,1765.31,4595.79,3272.17,,89.83
13/10/2009,0.9089,891.479,276.995,1.4854,1.5925,117.5824,179.6375,173.8915,1765.59,13488.15,1760.51,4540.14,3236.99,,89.71
14/10/2009,0.915,902,276.917,1.4925,1.598,117.5951,179.0745,172.7639,1756.86,13466.26,1791.47,4653.3,3302,,89.45
15/10/2009,0.9206,930.779,273.251,1.4947,1.6268,117.4841,178.4446,172.2029,1752.92,13705.11,1798.91,4634.8,3281.17,,90.56
16/10/2009,0.9165,939.366,273.485,1.4905,1.6356,117.362,178.5524,171.7534,1757.06,13730.42,1784.35,4565.25,3260.62,,90.89
19/10/2009,0.9292,948.802,275.204,1.4965,1.6421,117.3762,178.6213,171.609,1758.9,13702.24,1801.12,4650.27,3317.98,,90.55
20/10/2009,0.9238,942.88,275.334,1.4945,1.6382,117.2415,179.2117,172.3513,1764.29,13836.54,1789.93,4615.03,3294.02,,90.78
21/10/2009,0.9292,972.747,276.869,1.5016,1.6608,117.2482,178.6713,170.3977,1757.67,13831.92,1774.33,4633.57,3304.25,,90.97
22/10/2009,0.9269,970.331,275.335,1.5033,1.6624,117.1185,178.8203,170.1367,1757.32,13743.28,1793.34,4578.92,3272.52,,91.3
23/10/2009,0.9224,963.562,274.764,1.5008,1.6306,117.1619,178.4318,170.9583,1752.64,13764.46,1771.5,4553.5,3294.65,,92.06
26/10/2009,0.9162,943.618,271.2284,1.4876,1.6336,116.9338,178.5564,170.9217,1746.97,13871.6,1750.75,4472.62,3262.7,,92.19
27/10/2009,0.9166,951.117,269.3042,1.4804,1.6367,116.933,179.3374,171.9282,1755.94,13670.59,1744.95,4473.18,3268.5,,91.8
28/10/2009,0.8971,926.21,268.0303,1.4706,1.6373,116.8715,179.5309,172.0714,1760.38,13486.54,1711.09,4383.7,3192.74,,90.76
29/10/2009,0.915,952.934,272.3485,1.4822,1.6548,117.0094,178.9253,171.2774,1753.15,13240.08,1749.76,4456.79,3228.75,,91.41
30/10/2009,0.8997,918.959,270.6064,1.4719,1.6453,117.0395,179.6536,171.7877,1763.26,13432.73,1700.67,4328.55,3170.2,,90.09
02/11/2009,0.904,935.409,274.1454,1.4775,1.6408,117.2793,179.6274,171.135,1761.46,13122.53,1711.65,4359.23,3207.88,,90.21
03/11/2009,0.9024,954.516,282.183,1.4724,1.6436,,179.4576,170.2649,1757.7,,1715.81,4279.32,3165.59,,90.34
04/11/2009,0.9099,963.828,282.8077,1.4861,1.6554,117.1035,178.9641,169.3856,1753,13177.95,1718.21,4359.77,3215.66,,90.73
05/11/2009,0.9102,952.463,283.3283,1.4871,1.6583,116.8843,178.8256,168.8199,1755.46,13008.12,1751.45,4407.34,3226.84,,90.71
06/11/2009,0.9189,926.468,284.9935,1.4847,1.6612,116.8703,178.8502,168.7141,1758.24,13103.83,1756.07,4408.62,3237.6,,89.88
09/11/2009,0.9297,949.935,286.4823,1.4999,1.6759,116.7558,179.3946,169.3364,1759.08,13130.49,1795.56,4512.52,3295.8,,89.93
10/11/2009,0.9304,946.409,286.7688,1.4993,1.6744,116.7499,179.82,170.1108,1759.09,13213.14,1795.9,4506.74,3292.89,,89.81
11/11/2009,0.9298,951.288,289.9142,1.4987,1.6574,116.972,179.8813,170.5993,,13214.57,1804.93,4550.42,3320.09,,89.87
12/11/2009,0.9235,928.683,287.836,1.485,1.6577,117.1963,179.772,170.2519,1762.57,13124.63,1786.66,4543.97,3326.24,,90.37
13/11/2009,0.933,922.515,290.4603,1.4903,1.6676,117.419,179.3894,169.7634,1763.9,13078.88,1796.93,4559.17,3338.77,,89.66
16/11/2009,0.9369,951.827,296.3329,1.497,1.6818,117.4775,179.6852,170.442,1772.44,13106.82,1823.29,4627.33,3393.17,,89.06
17/11/2009,0.9306,955.27,296.3854,1.4876,1.6812,117.6877,180.3178,171.7058,1773.39,13024.83,1825.18,4596.93,3370,,89.25
18/11/2009,0.9295,961.56,296.8535,1.4963,1.6749,117.7078,180.1925,171.6383,1770.41,12953.71,1824.61,4600.51,3374.54,,89.32
19/11/2009,0.9186,940.323,297.0359,1.4925,1.6667,117.7363,180.2431,172.2794,1772.91,12783.26,1800.12,4524.21,3327.52,,88.98
20/11/2009,0.9147,934.629,298.2834,1.4862,1.6503,117.7297,180.0435,172.4112,1772.14,12713.93,1794.65,4481.41,3317.23,,88.89
23/11/2009,0.9239,937.601,302.9611,1.4961,1.6605,,179.96,172.2038,1772.39,,1819.17,4585.83,3382.98,,88.97
24/11/2009,0.9192,926.686,303.2732,1.4968,1.6587,117.8132,180.1533,172.3406,1777.01,12585.29,1818.31,4553.22,3363.06,,88.5
25/11/2009,0.9321,949.824,308.781,1.5134,1.6705,117.7675,179.9337,172.4436,1779.7,12638.92,1826.74,4583.78,3389.51,,87.35
26/11/2009,0.9137,,,1.5019,1.6532,117.8637,180.4298,173.3456,,12561.29,,4429.57,3281.68,,86.59
27/11/2009,0.9063,934.876,305.3785,1.4988,1.6501,118.0767,180.3416,172.8948,1785.7,12157.38,1795.7,4479.93,3314.28,,86.53
30/11/2009,0.916,950.541,307.146,1.5005,1.644,118.021,180.8387,173.3963,1787.81,12510.84,1802.68,4426.31,3279.49,,86.41
01/12/2009,0.925,960.866,311.7967,1.5081,1.6611,118.5265,181.0196,173.0332,1782.92,12814.26,1824.54,4544.19,3356.25,,86.68
02/12/2009,0.9248,943.662,315.1225,1.5044,1.6629,118.4377,180.9963,172.5714,1779.31,12863.44,1825.4,4553.99,3367.38,,87.39
03/12/2009,0.9239,950.19,316.4999,1.5053,1.654,118.276,180.7786,172.0091,1775.11,13357.06,1810.13,4551.14,3358.29,,88.26
04/12/2009,0.9147,940.818,303.8228,1.4858,1.6474,118.0881,180.3363,171.1869,1765.48,13417.19,1820.11,4605.24,3364.2,,90.56
07/12/2009,0.9127,928.008,302.3955,1.4827,1.6447,118.0653,180.7307,171.4309,1769.89,13611.31,1815.7,4582.94,3356.81,,89.51
08/12/2009,0.9038,912.584,297.0442,1.4704,1.6287,118.1065,180.924,171.4005,1774.82,13574.99,1797.31,4508.46,3301.48,,88.43
09/12/2009,0.9086,879.599,291.1994,1.4726,1.6261,118.2697,180.4971,171.5822,1772.78,13393.26,1804.1,4459.3,3289.51,,87.87
10/12/2009,0.9166,873.43,292.5767,1.4732,1.6279,118.2775,180.1268,169.879,1767.82,13203.3,1814.81,4511.82,3315.09,,88.2
11/12/2009,0.9127,872.956,290.9404,1.4615,1.6262,118.0798,180.1582,169.2692,1763.78,13531.35,1821.8,4529.27,3325.97,,89.1
14/12/2009,0.9167,873.079,291.9548,1.4656,1.6311,118.0195,180.4742,169.8975,1762.84,13528.42,1834.55,4565.75,3359.96,,88.62
15/12/2009,0.9062,874.859,291.7473,1.4538,1.6267,118.0424,179.9836,169.3621,1758.27,13498.7,1824.37,4573.74,3341.26,,89.61
16/12/2009,0.9007,890.879,295.1769,1.4531,1.6334,118.0561,180.6626,169.6122,1759.38,13624.44,1826.45,4633.8,3363.25,,89.78
17/12/2009,0.8867,879.726,287.6952,1.4338,1.6154,118.1017,181.1205,170.2618,1769.27,13606.22,1804.96,4578.61,3298.36,,89.97
18/12/2009,0.8902,883.762,288.7606,1.4338,1.6161,118.2958,181.0398,171.5787,1764.39,13577.1,1815.5,4546.24,3285.21,,90.5
21/12/2009,0.8815,874.628,284.7348,1.4276,1.6036,118.4295,180.4621,170.285,1754.73,13632.55,1834.59,4633.06,3346.65,,91.17
22/12/2009,0.8759,879.969,282.3192,1.4249,1.5965,118.2268,180.2708,169.5839,1750.42,13893.01,1841.17,4665,3368.57,,91.84
23/12/2009,0.8799,903.584,284.2163,1.4337,1.5957,,179.9816,168.4964,1749.29,,1845.8,4683.64,3396.64,,91.64
24/12/2009,0.883,913.553,287.0226,1.438,1.5965,118.1848,180.0001,168.3778,1743.94,14105.72,1855.5,4682.92,3415.63,,91.54
25/12/2009,0.8842,,,1.4411,1.5966,118.1874,,,,14049.21,,,,,91.3
28/12/2009,0.887,925.545,287.8302,1.4378,1.6001,117.9706,,,1741.24,14251.57,1857.89,4723.95,,,91.63
29/12/2009,0.8949,929.226,285.2851,1.4354,1.5904,118.0445,179.6884,167.5822,1743.51,14256.7,1855.61,4739.24,3437.88,,92
30/12/2009,0.8945,934.213,283.8311,1.4339,1.6078,118.1343,179.238,167.7765,1746,14133.91,1856.14,4699.64,3412.89,,92.44
31/12/2009,0.8977,933.266,284.7932,1.4321,1.617,118.1391,179.2576,168.5657,1741.11,,1837.5,4697.61,3422.39,,93.03
01/01/2010,0.898,,,1.4324,1.6151,,,,,,,,3422.39,,93.04
04/01/2010,0.9126,958.671,290.5383,1.4413,1.6085,118.0009,179.6227,169.1714,1742.6,14279.12,1867.06,4781.32,3477.69,,92.51
05/01/2010,0.9119,963.776,290.6429,1.4365,1.5992,117.9688,179.6935,168.308,1749.88,14315.36,1872.9,4772.71,3491.7,,91.72
06/01/2010,0.9198,978.848,295.268,1.4408,1.6019,117.893,179.4219,167.7338,1746.49,14381.86,1874.73,4768.44,3496.56,,92.32
07/01/2010,0.9174,972.679,294.5412,1.4308,1.5933,117.7899,179.734,167.7798,1745.02,14315.13,1882.34,4764.75,3494.47,,93.37
08/01/2010,0.9248,972.326,295.8929,1.4409,1.6023,117.7211,179.9211,167.8226,1747.09,14471.47,1887.77,4781.4,3499.22,,92.66
11/01/2010,0.9296,967.625,299.1415,1.4513,1.6115,,180.1226,168.9549,1746.99,,1891.06,4769.34,3501.64,,92.09
12/01/2010,0.92,947.137,293.4292,1.4486,1.6164,117.7781,180.3098,169.4727,1754.89,14579.78,1873.32,4716.52,3476.75,,90.98
13/01/2010,0.9242,935.058,295.3506,1.451,1.628,117.9009,180.0573,169.1068,1749.61,14386.65,1889.1,4718.92,3460.94,,91.37
14/01/2010,0.9318,932.692,296.9385,1.4499,1.6335,117.8937,179.9055,168.9167,1754.59,14618.03,1893.72,4736.82,3476.57,,91.21
15/01/2010,0.9228,917.397,293.6952,1.4387,1.6264,117.9527,180.231,169.5063,1759.31,14717.76,1873.3,4658.45,3449.49,,90.77
18/01/2010,0.9263,,293.6952,1.4384,1.6343,117.9828,180.3605,169.6275,,14547.53,,4686.38,3474.16,,90.79
19/01/2010,0.9232,922.422,296.1357,1.4288,1.6362,117.9158,180.1495,168.7122,1757.35,14426.67,1896.72,4729.07,3486.02,,91.15
20/01/2010,0.9101,907.245,288.9741,1.4106,1.6292,117.8948,180.1109,168.6396,1761.39,14389.98,1876.9,4617.82,3428.91,,91.24
21/01/2010,0.8998,886.696,286.5354,1.4084,1.6195,117.8624,180.2728,169.6241,1765.65,14565.39,1841.39,4536.47,3374.69,,90.43
22/01/2010,0.9007,866.498,283.0586,1.4139,1.6113,117.9694,180.1732,169.5815,1766.91,14193.01,1800.61,4494.56,3354.38,,89.82
25/01/2010,0.9042,875.726,284.617,1.4151,1.6245,117.9276,180.5644,169.7104,1764.72,14088.67,1808.93,4447.82,3327.39,,90.28
26/01/2010,0.8986,870.473,285.3181,1.4072,1.6143,118.0736,180.8103,170.1602,1764.68,13837.51,1801.34,4480.2,3337.85,,89.65
27/01/2010,0.8954,858.681,281.7374,1.4024,1.6169,118.1336,180.3595,170.2777,1763.53,13739.68,1810.21,4419.03,3300.69,,90.01
28/01/2010,0.8946,857.865,281.5043,1.3971,1.6137,118.1449,179.8013,169.2413,1763.82,13957.07,1788.97,4339.65,3255.31,,89.92
29/01/2010,0.8838,849.576,281.2452,1.3863,1.5986,118.1097,180.1803,169.8388,1768.63,13667.26,1771.4,4402.28,3282.37,,90.27
01/02/2010,0.8914,868.496,286.7479,1.3931,1.5958,118.046,180.6259,170.0439,1765.12,13676.61,1796.67,4430.75,3319.63,,90.61
02/02/2010,0.8864,902.243,290.1222,1.3964,1.5973,117.9083,180.4632,169.8953,1766.69,13899.17,1819.99,4488.98,3342.34,,90.38
03/02/2010,0.883,899.327,288.5659,1.3893,1.5892,117.8557,180.2089,169.8882,1761.54,13943.72,1810.64,4448.7,3327.18,,90.98
04/02/2010,0.8646,853.323,275.8511,1.3723,1.5754,117.7681,180.4008,170.0434,1769.81,13879.14,1754.3,4294.59,3255.07,,89.06
05/02/2010,0.8684,825.536,273.2049,1.3678,1.5641,117.8601,180.8444,170.1405,1775.86,13478.57,1759.38,4174.34,3205.75,,89.25
08/02/2010,0.8647,832.431,276.6844,1.3649,1.5586,117.9379,180.644,169.4958,1772.53,13337.49,1744.37,4226.13,3225.65,,89.26
09/02/2010,0.8787,855.904,279.5398,1.3797,1.5719,118.0055,181.064,169.3396,1768.83,13312.13,1767.18,4232.69,3238.01,,89.7
10/02/2010,0.8755,860.46,279.3071,1.3737,1.5595,118.0038,181.2735,169.6348,1763.62,13353.8,1763.69,4283.79,3257.42,,89.94
11/02/2010,0.8903,872.373,284.0829,1.3693,1.5705,,181.2941,168.6554,1762.03,,1781.01,4252.19,3276.13,,89.77
12/02/2010,0.8878,857.313,282.8641,1.3632,1.5701,118.0001,181.4003,168.1694,1765.15,13525.61,1776.5,4243,3264.06,,89.96
15/02/2010,0.8884,,,1.3598,1.566,118.0188,181.1786,167.9178,,13419.88,,4257.86,3279.94,,90.02
16/02/2010,0.9022,889.552,290.6009,1.377,1.5792,118.0109,181.0883,168.1891,1767.98,13447.96,1808.72,4316.47,3328.55,,90.14
17/02/2010,0.8995,895.509,290.6795,1.3607,1.5672,118.0154,181.3119,168.1662,1761.08,13813.76,1816.7,4382.28,3353.83,,91.26
18/02/2010,0.8941,912.794,290.317,1.3527,1.5529,118.0463,180.9282,167.4835,1756.86,13852.44,1828.81,4407.74,3384.62,,91.81
19/02/2010,0.8988,918.168,291.2002,1.3613,1.5473,117.9743,180.7923,166.6888,1757.57,13568.16,1833.09,4431.96,3405.65,,91.52
22/02/2010,0.9004,923.43,288.867,1.3596,1.5481,117.9306,181.0905,166.9155,1757.53,13939.26,1831.21,4407.76,3401.77,,91.14
23/02/2010,0.8914,906.501,286.2986,1.3507,1.5426,117.9995,181.8665,167.2418,1765.99,13874.43,1809.05,4332.32,3378.27,,90.22
24/02/2010,0.8937,916.312,284.7423,1.3538,1.5408,118.0572,182.0663,168.2799,1765.81,13677.55,1826.99,4339.26,3398.66,,90.15
25/02/2010,0.8883,895.412,287.6756,1.3548,1.5265,118.1937,181.951,168.9236,1770.92,13547.64,1823.64,4259.1,3357.5,,89.08
26/02/2010,0.8954,910.479,290.3754,1.3631,1.5238,118.2248,182.3802,169.1595,1775.62,13579.92,1826.27,4328.99,3406.04,,88.97
01/03/2010,0.9009,901.728,290.2221,1.356,1.4991,118.1868,182.4605,168.4841,1774.59,13641.65,1844.87,4399.16,3438.75,,89.13
02/03/2010,0.9035,916.094,295.18,1.3615,1.4971,118.215,182.4612,169.2129,1774.55,13708.41,1849.17,4436.65,3488.44,,88.85
03/03/2010,0.9059,928.826,296.7122,1.3697,1.51,118.2059,182.4231,168.9225,1774.04,13750.39,1850.24,4478.32,3522.82,,88.47
04/03/2010,0.9001,921.239,294.0661,1.3581,1.5032,118.2541,182.4791,169.4965,1774.73,13606.33,1857.2,4468.03,3518.97,,89.02
05/03/2010,0.9077,936.189,294.6121,1.3626,1.5137,118.3492,182.3452,168.7843,1768.5,13905.72,1883.28,4565.35,3565.19,,90.28
08/03/2010,0.9092,942.071,291.7092,1.3634,1.5066,118.3035,182.4223,168.4265,1767.1,14196.68,1883.29,4568.28,3569.62,,90.31
09/03/2010,0.9141,935.775,291.2694,1.3602,1.4997,118.3852,182.5797,169.0998,1768.05,14172.18,1886.6,4570.54,3566.81,,89.97
10/03/2010,0.9155,942.97,287.5878,1.3657,1.4978,118.4016,182.4922,168.6933,1766.08,14167.18,1895.38,4616.77,3596.68,,90.52
11/03/2010,0.9154,942.928,287.615,1.3681,1.5062,118.3287,182.2682,167.8735,1765.64,14302.67,1903.68,4595.1,3581.81,,90.51
12/03/2010,0.9152,933.344,285.9312,1.3769,1.5204,118.2266,182.462,168.2956,1766.3,14418.42,1903.29,4599.25,3587.16,,90.56
15/03/2010,0.9146,917.762,286.868,1.3677,1.5057,118.2362,182.6157,168.6585,1767.17,14419.39,1904.19,4555.13,3566.88,,90.53
16/03/2010,0.9185,938.212,291.2763,1.3766,1.5243,118.2134,182.8475,169.1028,1771.86,14378.8,1919.02,4611.26,3583.83,,90.31
17/03/2010,0.9237,953.117,291.7183,1.3738,1.5326,118.1572,183.0646,169.4304,1772,14546.8,1930.22,4651.54,3603.2,,90.31
18/03/2010,0.9207,949.194,292.5751,1.3608,1.5244,118.0548,182.7749,169.4448,1769.3,14408.73,1929.63,4623.66,3601.92,,90.39
19/03/2010,0.9154,931.871,287.4436,1.353,1.5013,118.0976,182.7057,169.6411,1767.72,14516.94,1919.8,4598.6,3606.71,,90.55
22/03/2010,0.9183,939.046,285.3477,1.3558,1.51,,182.9957,170.1942,1770.41,,1929.64,4587.18,3603.14,,90.14
23/03/2010,0.9188,941.592,286.4377,1.3499,1.5048,118.2316,183.2477,170.1794,1769.64,14449.12,1943.7,4618.56,3621.71,,90.4
24/03/2010,0.9074,930.275,282.5503,1.3315,1.4868,118.308,183.1628,169.3775,1757.54,14503.94,1933.04,4608.1,3625.85,,92.3
25/03/2010,0.9074,930.741,283.6404,1.3273,1.4813,118.1866,182.8947,169.082,1752.95,14522.47,1929.75,4678.17,3657.63,,92.73
26/03/2010,0.9041,926.24,286.5711,1.341,1.4898,118.126,182.9653,169.0733,1756.61,14747.45,1931.18,4666.82,3641.91,,92.52
29/03/2010,0.9177,947.276,288.1562,1.3483,1.4988,117.9673,183.1864,170.0191,1757.1,14831.39,1942.51,4678.88,3646.78,,92.46
30/03/2010,0.9197,950.284,286.6537,1.3414,1.5069,117.9655,183.2404,169.8351,1756.89,14980.79,1942.81,4666.49,3622.3,,92.77
31/03/2010,0.9172,966.923,288.9362,1.351,1.5184,117.9858,183.465,170.6602,1760.58,14971.07,1936.48,4652.96,3627.28,,93.47
01/04/2010,0.9211,981.829,291.9447,1.3589,1.5292,118.2392,183.6937,170.9755,1758.72,15179.59,1950.91,4728.1,3668.95,,93.82
02/04/2010,0.9194,,,1.3504,1.5209,118.2998,,,1751.5,15235.87,,,,,94.61
05/04/2010,0.9214,1003.563,293.9457,1.3484,1.5296,118.2444,,,1747.23,15307.7,1966.44,,,,94.37
06/04/2010,0.9284,1006.918,294.5175,1.3399,1.5267,118.1242,182.9185,169.8005,1749,15230.78,1969.76,4745.55,3691.6,,93.79
07/04/2010,0.9268,1001.955,298.9263,1.3344,1.5241,118.1168,182.9582,169.1596,1757.95,15244.97,1959.04,4721.95,3681.37,,93.36
08/04/2010,0.9288,995.491,298.9018,1.3361,1.528,118.2788,183.1111,169.7036,1756.28,15076.72,1965.72,4670.66,3649.84,,93.38
09/04/2010,0.9332,996.998,301.2366,1.35,1.537,118.2712,182.7921,169.1673,1756.88,15126.33,1978.86,4751.99,3687.07,,93.18
12/04/2010,0.9275,998.629,301.3188,1.3592,1.5368,118.1936,182.9887,169.2371,1761.11,15190.54,1982.4,4767.08,3691.33,,93.24
13/04/2010,0.9291,996.439,299.0385,1.3614,1.5381,118.3082,183.1322,169.6423,1763.79,15068.13,1983.91,4744.87,3681.11,,93.2
14/04/2010,0.9351,1010.422,300.6473,1.3653,1.5466,118.3413,183.0112,169.6693,1760.45,15127.09,2006.06,4776.3,3704.44,,93.23
15/04/2010,0.9345,1018.976,300.8301,1.3573,1.5496,118.3539,183.1292,169.4918,1761.83,15220.09,2007.74,4783.63,3722.83,,93.03
16/04/2010,0.9243,1000.842,294.7645,1.3503,1.5363,118.4703,183.3386,170.0417,1768.55,14988.41,1975.36,4683.6,3671.03,,92.17
19/04/2010,0.9239,981.792,294.4831,1.3489,1.5338,118.6526,183.3057,169.947,1765.58,14727.3,1984.32,4668.57,3660.77,,92.4
20/04/2010,0.9318,987.804,295.3658,1.3435,1.5359,118.6235,182.9712,169.7797,1765.72,14716.38,2000.33,4738,3696.42,,93.22
21/04/2010,0.9268,998.899,297.856,1.339,1.5411,118.5521,182.8316,169.7135,1770.39,14972.04,1998.31,4680.4,3659.24,,93.19
22/04/2010,0.9275,999.481,296.3275,1.3295,1.5378,118.6761,182.3195,170.0081,1767.49,14781.74,2002.93,4600.93,3622.09,,93.49
23/04/2010,0.9278,1016.699,299.1289,1.3384,1.5377,118.726,182.1692,169.326,1763.62,14734.99,2017.19,4636.59,3659.38,,93.97
26/04/2010,0.9269,1012.321,299.2103,1.3383,1.5458,118.695,181.5939,169.7948,1764.56,15074.3,2008.55,4682.56,3678.69,,93.96
27/04/2010,0.9155,1001.118,301.3376,1.3175,1.5265,118.7934,181.3703,170.3129,1775.52,15137.58,1961.6,4510.56,3582.58,,93.27
28/04/2010,0.9253,1005.744,303.828,1.3221,1.5209,118.9523,181.2225,170.6727,1768.93,14748.94,1974.63,4431.31,3575.23,,94.03
29/04/2010,0.9277,1014.875,303.0514,1.3233,1.532,,181.9056,170.563,1773.52,,2000.34,4496.51,3595.22,,94.03
30/04/2010,0.9243,1021.927,306.1382,1.3294,1.5274,118.9719,182.2462,171.703,1779.03,14927.97,1967.05,4482.67,3553.91,,93.85
03/05/2010,0.9261,1039.733,306.8161,1.3195,1.5248,,,,1775.67,,1992.87,4490.97,,,94.54
04/05/2010,0.9089,1001.263,303.1616,1.2987,1.5143,,182.2494,172.8034,1783.64,,1945.37,4327.26,3462.92,,94.54
05/05/2010,0.9062,966.606,304.6668,1.2814,1.5102,,182.036,172.9856,1789.23,,1933.25,4283.12,3429.9,,93.81
06/05/2010,0.8851,934.606,310.4504,1.262,1.4833,119.0956,180.7724,173.3896,1804.54,14439.65,1870.95,4182.08,3377.94,,90.58
07/05/2010,0.888,916.702,313.8486,1.2755,1.4804,119.0282,180.4452,173.1708,1798.8,13992.65,1842.32,4014.46,3289.35,,91.59
10/05/2010,0.9028,938.523,311.3592,1.2787,1.4847,118.895,183.687,171.8253,1790.94,14216.91,1923.39,4429.87,3459.11,,93.3
11/05/2010,0.8952,943.474,316.4243,1.2662,1.4956,118.8747,183.7248,171.91,1791.02,14055.44,1917.25,4390.47,3424.95,,92.65
12/05/2010,0.8936,951.961,322.3325,1.2614,1.4824,118.9553,183.9477,172.4326,1788.47,14032.39,1944.25,4446.99,3457.93,,93.24
13/05/2010,0.8961,940.954,318.7338,1.2535,1.4613,118.8892,184.2817,172.4879,1789.45,14338.2,1920.76,4446.56,3490.22,,92.75
14/05/2010,0.8859,901.855,318.3727,1.2358,1.4536,118.9116,184.4365,173.5876,1800.28,14125,1884.67,4238.41,3380.46,,92.47
17/05/2010,0.8774,869.545,318.4545,1.2395,1.4475,118.9963,184.444,173.7602,1798.17,13818.87,1887.11,4240.7,3380.26,,92.59
18/05/2010,0.8645,860.168,314.9604,1.2202,1.4334,118.8982,184.9564,173.5191,1805.99,13828.16,1860.65,4341.87,3409.04,,92.23
19/05/2010,0.8472,849.549,309.3948,1.2415,1.4444,118.9389,185.1688,174.7562,1806.04,13752.83,1851.28,4218.32,3316.39,,91.71
20/05/2010,0.8172,827.627,308.231,1.2487,1.4366,119.1863,185.4528,176.3275,1813.91,13541.51,1779.3,4144.34,3261.77,,89.69
21/05/2010,0.8318,826.614,304.9957,1.257,1.446,119.3719,185.6643,176.9571,1817.66,13209.71,1806.05,4152.12,3255.21,,90
24/05/2010,0.8265,821.539,309.6347,1.2372,1.4425,119.2744,185.7768,176.6917,1815.4,13174.42,1782.77,4133.92,3259.51,,90.29
25/05/2010,0.8278,803.459,310.6718,1.2345,1.4409,119.4606,185.9471,177.7608,1819.66,12771.41,1783.4,4021.19,3176.61,,90.23
26/05/2010,0.8215,826.632,314.6868,1.2178,1.4387,119.5995,185.2712,176.3779,1813.53,12856.15,1773.65,4088.8,3240,,89.92
27/05/2010,0.8514,860.316,314.4552,1.2362,1.4582,119.3328,184.8183,175.7308,1804.24,13014.73,1832.61,4239.39,3341.02,,91.04
28/05/2010,0.8474,853.426,314.612,1.2273,1.4458,119.3387,184.9676,175.9039,1809.46,13181.2,1809.98,4232.71,3336.69,,91.06
31/05/2010,0.8459,,,1.2306,1.4538,119.3041,185.0017,175.9659,1809.46,13188.92,,4226.54,,,91.27
01/06/2010,0.8312,839.879,317.6991,1.2229,1.4651,119.3126,184.7645,175.9737,1810.21,13112.14,1778.99,4220.99,3320.52,,90.95
02/06/2010,0.8421,851.411,316.5871,1.2249,1.4652,119.438,184.1695,176.2051,1807.11,12965.53,1825.25,4213.55,3322.31,,92.13
03/06/2010,0.8448,868.594,313.3258,1.2163,1.4614,119.4671,183.5524,175.5378,1804.33,13385.35,1832.72,4265.66,3360.91,,92.71
04/06/2010,0.8234,830.961,315.3211,1.1967,1.4454,119.496,183.807,176.3951,1820.16,13367.8,1769.72,4135.18,3305.98,,91.9
07/06/2010,0.8104,831.763,321.307,1.1923,1.4468,119.7601,183.2239,176.8869,1820.57,12854.23,1745.87,4096.94,3269.26,,91.37
08/06/2010,0.8278,832.331,322.5511,1.1973,1.4468,119.6917,183.3976,177.2429,1822.21,12877.37,1765.29,4065.96,3242.87,,91.46
09/06/2010,0.8279,853.584,318.4867,1.1979,1.4528,119.8278,183.7921,176.686,1820.72,12743.96,1754.91,4142.11,3280.43,,91.3
10/06/2010,0.8502,866.698,316.4939,1.2124,1.4715,119.824,184.326,176.2221,1810.05,12883.72,1806.69,4226.44,3310.52,,91.34
11/06/2010,0.8503,856.755,318.5667,1.2112,1.4552,119.6656,184.856,177.3748,1819.29,13103.25,1815.26,4274.35,3330.63,,91.65
14/06/2010,0.8587,861.624,317.0941,1.2221,1.4742,119.7054,183.7572,176.1937,1814.68,13338.98,1812.02,4352.72,3355.43,,91.58
15/06/2010,0.8656,877.337,319.6584,1.2332,1.4804,119.706,183.4239,176.117,1812.43,13349.83,1854.61,4405.99,3365.55,,91.46
16/06/2010,0.864,889.319,318.649,1.2311,1.4731,119.6497,183.0607,176.1056,1814.87,13591.85,1853.62,4409.93,3379.22,,91.44
17/06/2010,0.8686,894.52,323.3626,1.2389,1.4824,119.7074,183.3108,176.7006,1822.11,13500.38,1856.25,4425.17,3389.53,,91.01
18/06/2010,0.872,890.001,325.8492,1.2388,1.4824,119.8337,183.4067,176.2453,1819.36,13495.02,1858.7,4439.6,3383.19,,90.71
21/06/2010,0.8765,895.318,321.2933,1.2312,1.4757,119.7516,183.4411,176.8889,1818.4,13823.31,1851.55,4492.36,3414.3,,91.11
22/06/2010,0.8716,886.957,321.3202,1.2271,1.4816,119.9542,183.5036,177.3896,1824.67,13654.48,1822.05,4456.17,3380.71,,90.57
23/06/2010,0.8739,866.727,319.7675,1.2311,1.4957,120.0791,183.2609,177.5126,1829.3,13398.93,1816.65,4389.36,3337.05,,89.82
24/06/2010,0.8667,868.086,322.643,1.2333,1.4936,120.2725,183.6868,178.0577,1828.39,13405.44,1786.13,4293.37,3286.59,,89.61
25/06/2010,0.8741,887.53,325.3113,1.2369,1.5063,120.2996,183.2553,177.8923,1830.12,13147.52,1791.24,4267.31,3251.95,,89.23
28/06/2010,0.8722,881.774,320.7567,1.2277,1.5105,120.2512,183.1611,177.8265,1836.9,13099.4,1787.94,4331.28,3268.2,,89.37
29/06/2010,0.8487,856.572,321.7422,1.2188,1.5067,120.4947,183.3371,177.6867,1841.92,12932.91,1732.55,4148.96,3166.73,,88.6
30/06/2010,0.8408,850.924,322.65,1.2238,1.4945,120.6999,183.6546,178.6685,1843.06,12681.36,1715.23,4176.52,3169.44,,88.43
01/07/2010,0.8434,820.634,312.4998,1.2527,1.5177,120.9526,183.8451,179.4891,1844.68,12423.15,1709.77,4087.8,3097.82,,87.6
02/07/2010,0.8416,812.047,312.7602,1.2566,1.5195,120.8594,184.1253,179.0469,1840.52,12439.52,1701.86,4093.82,3118.66,,87.75
05/07/2010,0.8393,,,1.2538,1.5136,120.7688,184.5924,179.7318,,12524.76,,4070.24,3109.28,,87.77
06/07/2010,0.8527,810.931,309.5027,1.2626,1.515,120.617,184.2455,179.1714,1845.68,12621.07,1710.97,4185.24,3200.47,,87.52
07/07/2010,0.8643,833.882,310.4882,1.2638,1.5189,120.4936,184.1115,178.9445,1842.2,12542.15,1765.42,4275.64,3232.9,,87.7
08/07/2010,0.8774,848.015,309.7645,1.2698,1.5168,120.4276,184.2414,178.7212,1839.31,12888.28,1782.1,4328.44,3291.33,,88.36
09/07/2010,0.8776,854.622,313.3116,1.2641,1.5064,120.28,184.3591,179.176,1836.17,12955.29,1794.94,4352.43,3309.05,,88.62
12/07/2010,0.8759,840.9,310.445,1.2596,1.5032,120.5636,184.6958,179.043,1837.23,12905,1796.3,4361.17,3331.02,,88.62
13/07/2010,0.8833,865.797,314.2718,1.2724,1.5178,120.5625,184.436,178.6762,1831.92,12890.29,1824.07,4444.78,3398.07,,88.74
14/07/2010,0.8851,865.107,312.6147,1.2743,1.5268,120.4633,183.8507,178.3442,1838.65,13239.01,1823.82,4447.01,3386.78,,88.41
15/07/2010,0.8844,859.751,312.9516,1.295,1.5462,120.8498,183.972,178.6533,1844.95,13090.73,1826,4388.31,3359.56,,87.4
16/07/2010,0.8689,852.719,307.7383,1.293,1.5301,120.8261,184.4868,179.112,1848.26,12716.11,1773.43,4295.44,3325.75,,86.57
19/07/2010,0.8684,856.526,306.1159,1.2942,1.5229,,184.3509,178.7675,1846.62,,1784.06,4277.57,3318.94,,86.69
20/07/2010,0.8839,861.89,308.6212,1.288,1.5263,120.7954,184.7297,178.559,1849.29,12570.27,1804.48,4265.69,3313.25,,87.51
21/07/2010,0.8781,853.63,308.6226,1.2754,1.5164,120.783,184.7658,178.2694,1853.45,12541.04,1781.6,4285.55,3362.56,,87.05
22/07/2010,0.8933,881.106,309.6049,1.2893,1.5259,120.9731,184.6249,178.2315,1850.24,12462.72,1821.76,4406.82,3426.5,,86.95
23/07/2010,0.8957,876.754,307.6184,1.2909,1.5425,120.9421,184.4999,177.3196,1844.73,12746.66,1836.75,4414.81,3425.73,,87.46
26/07/2010,0.9026,877.659,306.4349,1.2994,1.549,121.0269,184.4054,176.8998,1844.93,12844.92,1857.34,4453.77,3450.56,,86.88
27/07/2010,0.9024,862.251,299.9306,1.2996,1.5594,121.1507,184.7695,176.1337,1840.01,12835.72,1855.39,4496.28,3459.94,,87.9
28/07/2010,0.8932,861.362,300.0867,1.2995,1.5599,120.9418,184.7167,176.141,1844.74,13183.01,1842.66,4491.09,3433.46,,87.47
29/07/2010,0.9005,875.995,302.3598,1.3079,1.5613,121.0449,184.8512,176.8499,1846.35,13105.63,1835.29,4469.69,3429.76,,86.79
30/07/2010,0.9042,882.811,305.6397,1.3052,1.5689,121.1242,185.3001,178.2294,1855.63,12891.1,1835.4,4452.17,3393.66,,86.47
02/08/2010,0.9137,910.964,306.0308,1.3179,1.5887,121.323,185.3607,178.1094,1850.41,12935.72,1875.85,4584.81,3483.44,,86.5
03/08/2010,0.9127,929.395,306.5742,1.3231,1.5953,121.3832,186.0306,179.0758,1855.89,13102.92,1866.87,4579.6,3483.03,,85.79
04/08/2010,0.9166,926.942,308.7442,1.3161,1.5883,121.6722,186.3127,179.0853,1851.98,12826.28,1878.81,4589.54,3484.45,,86.27
05/08/2010,0.9161,921.362,309.6233,1.3189,1.5897,121.455,186.6957,179.9398,1854.89,13048.73,1876.51,4580.21,3471.26,,85.82
06/08/2010,0.9183,906.96,311.1736,1.328,1.5942,121.2981,187.2744,179.9498,1861.55,13033,1869.77,4515.23,3449.67,,85.51
09/08/2010,0.9165,916.129,310.4806,1.3222,1.5892,121.6384,187.2292,179.68,1860.87,12938.99,1880.06,4593.09,3500.21,,85.94
10/08/2010,0.9135,901.614,309.2943,1.3177,1.5853,121.5148,186.6911,179.3371,1863.4,12910.01,1868.88,4548.83,3478.15,,85.44
11/08/2010,0.897,879.17,309.6054,1.2863,1.5659,121.7252,187.5654,180.1584,1871.34,12561,1817.13,4426.37,3397.1,,85.32
12/08/2010,0.8963,854.045,314.1247,1.2829,1.5579,121.8388,187.4724,181.0598,1868.99,12452.51,1807.61,4420.99,3410.61,,85.9
13/08/2010,0.8929,849.469,314.1002,1.2754,1.5592,121.8901,187.3696,180.9999,1872.21,12507.75,1800.39,4401.3,3416.68,,86.2
16/08/2010,0.8982,850.597,316.5827,1.2827,1.5664,122.0642,187.8905,182.5923,1882.64,12430.99,1800.7,4384.34,3417.11,,85.33
17/08/2010,0.9053,865.008,317.1262,1.2885,1.5586,122.2164,188.0903,182.3774,1877.44,12383.69,1823.18,4448.36,3465.33,,85.53
18/08/2010,0.8983,859.874,317.928,1.2853,1.5594,122.2979,188.7002,182.5999,1878.28,12490.77,1826.14,4433.68,3439.98,,85.46
19/08/2010,0.8927,846.029,318.9621,1.2823,1.5602,122.2361,188.6589,182.9758,1883.7,12655.87,1795.24,4346.52,3380.57,,85.39
20/08/2010,0.8939,834.864,317.2594,1.2712,1.5534,122.2781,189.0932,183.3485,1880.52,12408.1,1788.67,4296.43,3370.18,,85.62
23/08/2010,0.8913,827.726,317.1861,1.2657,1.5512,122.2242,189.108,183.5153,1881.78,12323.36,1781.47,4323.81,3395.85,6.725,85.16
24/08/2010,0.8817,814.327,318.4526,1.2627,1.5396,122.3706,189.9426,185.3188,1890.68,12159.06,1755.65,4248.58,3344.67,6.7265,83.9
25/08/2010,0.884,825.723,320.4936,1.2659,1.5458,122.5266,190.1194,186.06,1886.85,11956.64,1761.62,4204.48,3314.61,6.7325,84.58
26/08/2010,0.8863,842.257,319.5655,1.2716,1.5528,122.2515,190.0803,185.7666,1890.35,12039.22,1748.14,4236.15,3344.73,6.745,84.45
27/08/2010,0.8989,860.131,319.6185,1.2763,1.5529,121.6381,189.678,185.4667,1877.28,12161.86,1777.6,4274.28,3374.4,6.753,85.23
30/08/2010,0.8918,859.919,319.9583,1.2663,1.5462,121.4807,,,1887.33,12375.85,1751.79,4254.38,,6.765,84.62
31/08/2010,0.8906,837.472,322.8256,1.268,1.5348,121.941,190.1675,186.4356,1892.89,11935.96,1752.55,4264.77,3389.74,6.775,84.2
01/09/2010,0.9117,856.91,322.2589,1.2809,1.5455,121.4541,189.5014,184.7532,1883.42,12075.23,1804.46,4415.18,3481.76,6.785,84.44
02/09/2010,0.911,862.386,323.6286,1.2826,1.5401,121.0484,189.2432,184.0179,1879.87,12258.95,1820.98,4415.06,3484.77,6.7805,84.28
03/09/2010,0.9166,859.597,323.0361,1.2896,1.5452,120.8064,188.5917,183.1918,1873.79,12328.33,1845.1,4465.52,3521.82,6.773,84.31
06/09/2010,0.9176,,,1.2876,1.5393,120.4199,188.5219,183.7697,,12581.53,,4477.51,3528.98,6.7645,84.21
07/09/2010,0.9106,869.775,325.1585,1.2682,1.5358,120.7069,189.0662,184.7751,1883.25,12479.65,1824.05,4434.52,3508.63,6.773,83.83
08/09/2010,0.9182,873.688,324.695,1.272,1.5471,120.7024,188.7891,183.9415,1878.68,12207.22,1836.21,4476.36,3526.32,6.775,83.88
09/09/2010,0.9229,866.249,322.992,1.2696,1.5429,120.6948,188.5522,183.048,1868.44,12307.03,1845.09,4524.39,3568.16,6.774,83.78
10/09/2010,0.9266,874.365,321.8571,1.2679,1.5358,120.5152,187.7734,181.7643,1865.85,12497.46,1854.1,4521.09,3573.02,6.765,84.15
13/09/2010,0.936,882.202,322.0157,1.2883,1.5429,120.497,187.4887,181.8631,1871.34,12609.26,1875.41,4561.18,3614.51,6.754,83.71
14/09/2010,0.9397,884.242,328.3689,1.2998,1.5539,120.6038,187.7549,182.5607,1877.92,12578.81,1874.07,4563.48,3615.73,6.74,83.04
15/09/2010,0.9382,885.46,327.5956,1.3011,1.5624,121.363,187.339,182.501,1873.7,12872.68,1880.74,4543.8,3608.37,6.735,85.75
16/09/2010,0.9369,874.973,328.9137,1.3078,1.5625,121.2583,186.5765,181.4446,1870.76,12863.13,1880.37,4527.93,3598.36,6.726,85.78
17/09/2010,0.9363,871.664,329.8704,1.305,1.5632,121.029,186.7476,181.6529,1872.33,13020.84,1881.93,4483.64,3577.78,6.7035,85.86
20/09/2010,0.9472,884.041,330.7264,1.3061,1.5546,,186.3319,181.3068,1875.72,,1910.6,4559.95,3638.89,6.7,85.69
21/09/2010,0.9552,874.328,329.0494,1.3264,1.5623,121.2625,186.716,181.8051,1885.36,12988.4,1905.74,4546.74,3621.77,6.64,85.09
22/09/2010,0.9568,869.363,333.6472,1.3406,1.5665,121.4501,187.6223,184.1088,1887.9,12939.99,1896.77,4478.75,3606.77,6.635,84.5
23/09/2010,0.9489,870.802,334.7332,1.3314,1.5684,,187.9871,184.6303,1887.99,,1880.97,4455.71,3603.63,,84.38
24/09/2010,0.9592,877.873,335.1995,1.3492,1.5826,121.6499,187.4414,183.4632,1883.25,12811.96,1920.84,4543.8,3637.02,6.625,84.21
27/09/2010,0.9609,873.247,335.3331,1.3455,1.5828,121.6034,187.9907,184.4877,1891.65,12989.79,1909.98,4517.09,3620.75,6.62,84.29
28/09/2010,0.9676,875.57,337.8393,1.3585,1.5802,121.8613,187.9121,185.4011,1896.89,12929.83,1919.59,4514.3,3624.01,6.615,83.87
29/09/2010,0.9697,898.984,338.3572,1.3627,1.5786,122.1211,187.7741,186.1049,1893.14,13016.46,1914.84,4478.65,3618.94,6.623,83.7
30/09/2010,0.9671,916.215,338.1779,1.3634,1.5716,122.0109,187.9344,185.378,1893.29,12757.71,1908.95,4470.84,3605.52,6.623,83.53
01/10/2010,0.9724,931.899,340.2969,1.3791,1.5824,121.8925,188.0979,185.1652,1892.32,12805.2,1917.42,4446.44,3634.3,,83.22
04/10/2010,0.9683,926.169,340.043,1.3685,1.583,122.0789,188.5366,185.5757,1896.01,12773.65,1902.15,4394.56,3610.3,6.6155,83.36
05/10/2010,0.9717,942.405,346.1128,1.3839,1.589,122.1594,188.4047,184.8144,1896.53,12961.15,1941.82,4488.18,3662.14,6.611,83.22
06/10/2010,0.9775,945.059,348.0249,1.393,1.589,122.4991,188.9674,185.4376,1902.27,13196.26,1941.5,4523.05,3692.47,6.585,82.93
07/10/2010,0.9825,928.167,344.7466,1.3926,1.5878,122.2786,188.5047,185.021,1901.97,13187.25,1938.31,4534.25,3679.95,6.5655,82.41
08/10/2010,0.985,935.459,347.4077,1.3939,1.596,122.1357,188.9205,185.9347,1902.57,13056.63,1950.18,4531.89,3677.01,6.5645,81.93
11/10/2010,0.9838,933.923,349.7614,1.3876,1.5882,,188.9337,185.3981,,,1950.47,4539.66,3686.62,6.535,82.07
12/10/2010,0.9863,930.503,347.7742,1.3925,1.5809,122.2356,189.1946,185.722,1899.3,12783.97,1957.92,4516.93,3679.6,6.541,81.72
13/10/2010,0.9905,940.887,353.9216,1.3961,1.5898,121.983,188.8609,185.1202,1898.76,12804.22,1972.08,4622.38,3736.51,6.5305,81.81
14/10/2010,0.9942,934.595,355.7563,1.4084,1.6011,121.9202,188.9086,185.2123,1893.1,13049.32,1964.9,4615.16,3723.42,6.5055,81.48
15/10/2010,0.9907,916.046,354.3114,1.3977,1.5992,121.9016,188.6068,184.0944,1887.67,12935.95,1968.87,4626.46,3707.92,6.503,81.45
18/10/2010,0.9889,937.148,354.3409,1.3934,1.5876,121.9416,188.5495,183.9485,1895.01,12933.55,1983.17,4641.22,3733.37,6.4745,81.27
19/10/2010,0.9686,900.598,345.0195,1.3727,1.5707,121.8325,188.1521,183.3346,1896.85,12989.32,1951.67,4619.43,3708.25,6.4745,81.59
20/10/2010,0.9871,927.768,347.1385,1.3964,1.5849,121.7869,187.9458,183.7029,1897.71,12774.38,1972.51,4642.53,3725.74,6.5045,81.09
21/10/2010,0.9772,908.445,342.3363,1.392,1.5704,121.7988,187.4109,184.592,1893.5,12767.41,1976.12,4692.62,3744.56,6.5205,81.33
22/10/2010,0.9828,920.928,342.2085,1.3954,1.5682,121.795,187.5173,184.1896,1892.23,12835.81,1980.83,4678.7,3733.84,6.563,81.38
25/10/2010,0.9905,926.681,345.7762,1.3965,1.5723,121.8342,188.0106,184.6946,1893.03,12801.02,1985.11,4675.03,3740.74,6.58,80.81
26/10/2010,0.9854,927.789,345.7,1.3859,1.5845,121.8334,187.7552,183.1357,1885.32,12768.64,1985.13,4650.33,3711.68,6.6005,81.43
27/10/2010,0.972,923.043,341.5692,1.3769,1.5769,121.5143,186.8592,181.6532,1880.09,12781.78,1980.05,4606.55,3673.96,6.63,81.75
28/10/2010,0.9789,926.801,346.7097,1.393,1.5946,121.7113,186.7981,181.6929,1884.72,12753.77,1982.45,4632.77,3694.7,6.6285,81.03
29/10/2010,0.9835,920.841,350.6106,1.3947,1.6038,121.5518,186.9673,182.7452,1890.3,12531.43,1981.59,4631.89,3692.92,6.5805,80.4
01/11/2010,0.9871,936.975,348.8066,1.3893,1.6036,121.5348,187.2238,183.24,1889.98,12466.9,1983.47,4618.46,3705.59,6.5815,80.51
02/11/2010,0.9995,945.482,350.4349,1.4034,1.6041,121.6123,187.0572,183.2877,1893.87,12474.06,1998.86,4657.98,3746.45,6.609,80.63
03/11/2010,1.0062,956.198,345.4516,1.4139,1.6081,,187.5259,183.8362,1890.59,,2006.58,4608.19,3744.76,6.5895,81.07
04/11/2010,1.0149,974.093,357.2038,1.4207,1.6268,121.6995,187.1659,184.1747,1899.35,12745.19,2045.62,4695.75,3818.9,6.57,80.75
05/11/2010,1.0159,975.643,360.9756,1.4032,1.6182,121.5311,186.9761,183.7898,1893.58,13109.09,2053.77,4682.29,3827.08,6.5785,81.26
08/11/2010,1.0136,979.426,362.4046,1.392,1.6139,121.3761,186.6583,183.4717,1891.7,13254.44,2049.69,4675.36,3810.54,6.6255,81.18
09/11/2010,1.0035,977.556,364.1971,1.3773,1.5985,121.3119,186.5847,183.0222,1881.66,13202.11,2033.85,4712.33,3826.98,6.602,81.69
10/11/2010,1.0053,984.23,361.3962,1.3783,1.6122,121.2265,186.0937,181.6331,1884.95,13387.47,2043.16,4642.6,3789.71,6.6085,82.28
11/11/2010,0.9979,984.013,362.4499,1.3667,1.6123,121.0869,185.4743,181.5632,,13429.6,2034.48,4618.6,3788.59,6.603,82.49
12/11/2010,0.9847,955.346,352.6782,1.3691,1.6114,121.0879,185.5468,181.0146,1875.92,13243.51,2010.57,4609.76,3776.63,6.6165,82.53
15/11/2010,0.9853,957.663,353.4555,1.3587,1.6053,120.759,185.326,179.9502,1864.31,13383.42,2008.25,4652.25,3791.96,6.6225,83.07
16/11/2010,0.9767,935.367,345.6693,1.3489,1.5885,121.0133,184.4473,179.6803,1870.23,13342.01,1976.26,4543.35,3701.72,6.6115,83.29
17/11/2010,0.9797,919.333,345.2838,1.3529,1.5907,120.8377,184.749,180.4171,1869.21,13361.84,1977,4577.53,3715.47,6.6025,83.18
18/11/2010,0.9899,937.571,349.4367,1.3643,1.6041,120.4727,183.8118,179.2024,1866.62,13636.89,2007.38,4663.32,3765.17,6.5885,83.52
19/11/2010,0.9866,929.775,349.2575,1.3673,1.5979,120.76,183.9161,179.2001,1867.6,13648.82,2012.59,4648.16,3741.76,6.5865,83.55
22/11/2010,0.9887,925.831,350.6798,1.3627,1.5957,120.4197,184.2181,180.2085,1873.85,13775.2,2009.52,4593.43,3707.82,6.5995,83.33
23/11/2010,0.9723,918.694,355.787,1.3367,1.5775,,184.6978,181.17,1877.74,,1980.89,4475.7,3642.84,6.6245,83.16
24/11/2010,0.9817,946.601,354.5764,1.3335,1.5772,120.5354,183.5719,180.2621,1864.95,13659.34,2010.56,4506.18,3692.76,6.6265,83.54
25/11/2010,0.9808,,,1.336,1.5761,120.4518,183.1025,180.1271,,13726.96,,4517.65,3720.07,6.6295,83.6
26/11/2010,0.9645,943.752,351.8199,1.3242,1.5592,120.2195,183.1147,180.169,1869.83,13672.76,1996.03,4471.77,3700.34,6.6485,84.1
29/11/2010,0.9631,962.438,352.6492,1.3125,1.5573,120.2428,181.8986,180.1447,1873.84,13790.47,1993.83,4362.68,3623.48,6.6435,84.26
30/11/2010,0.9588,945.964,357.4474,1.2983,1.5562,120.1599,182.2121,181.5979,1877.09,13533.14,1981.84,4331.68,3608.67,6.655,83.69
01/12/2010,0.9683,977.388,358.0165,1.3139,1.5623,120.4141,182.2213,179.9814,1863.05,13602.61,2024.97,4447.51,3685.12,6.655,84.19
02/12/2010,0.9771,995.519,358.2761,1.3209,1.56,120.205,182.8976,179.3367,1859.53,13848.39,2050.96,4544.76,3766.79,6.6465,83.82
03/12/2010,0.9931,1005.081,362.6361,1.3414,1.5778,120.0526,182.8192,179.267,1860.3,13861.74,2056.4,4547.77,3752.27,6.644,82.53
06/12/2010,0.9899,1005.425,365.1944,1.3308,1.5715,120.3625,182.7142,179.4649,1867.99,13846.64,2053.8,4527.45,3768.57,6.6365,82.66
07/12/2010,0.9829,1006.308,363.3649,1.3261,1.5759,120.1358,182.0005,178.6446,1848.62,13811.05,2054.89,4581.02,3793.5,6.639,83.49
08/12/2010,0.9796,1000.819,356.7128,1.3262,1.5804,119.6159,181.4845,177.7219,1841.97,13935.3,2063.03,4607.52,3784.75,6.649,84.04
09/12/2010,0.9837,1002.581,359.19,1.3239,1.5771,119.4217,181.8963,178.6726,1842.09,14008.23,2071.12,4643.1,3793.52,6.6525,83.76
10/12/2010,0.9853,996.872,357.1541,1.3226,1.5802,119.8166,181.6624,178.6162,1837.86,13907.55,2083.57,4641.16,3796.78,6.648,83.95
13/12/2010,0.9962,1005.234,360.5368,1.3391,1.5862,119.4719,181.3968,177.7988,1841.66,14019.14,2084,4667.63,3828,6.6545,83.39
14/12/2010,0.999,1005.347,362.163,1.3378,1.5775,119.6612,180.824,177.0818,1828.19,14050.3,2085.93,4677.94,3847.9,6.6505,83.66
15/12/2010,0.987,1012.712,357.4965,1.3214,1.5544,119.6352,181.1162,177.311,1824.06,14040.78,2075.29,4645.76,3842.17,6.654,84.24
16/12/2010,0.9901,1007.003,353.5778,1.3244,1.5632,119.5665,180.6689,177.3359,1827.35,14042.84,2088.19,4651.95,3841.47,6.652,83.91
17/12/2010,0.9882,1007.666,355.694,1.3188,1.5533,120.1912,180.7826,178.3238,1839.53,14032.68,2089.95,4612.7,3835.36,6.653,83.98
20/12/2010,0.9935,1018.664,357.4776,1.3131,1.5513,120.2654,181.4208,179.8484,1838.17,13913.62,2095.32,4641.24,3848.33,6.6655,83.77
21/12/2010,0.9979,1023.063,358.1752,1.31,1.547,120.2733,181.1602,179.5604,1839.36,14123.51,2108.26,4702.98,3887.64,6.6605,83.75
22/12/2010,0.999,1027.241,357.8155,1.31,1.5386,120.5498,181.4565,179.5434,1836.93,14090.76,2115.69,4690.94,3908.35,6.6515,83.57
23/12/2010,1.0042,1033.178,356.0372,1.3114,1.5428,,181.2839,179.6988,1832.74,,2112.37,4682.6,3916.56,6.6475,82.91
24/12/2010,1.0045,,,1.3122,1.5444,120.5222,181.3029,179.9811,,13999.12,,4678.37,3924.96,6.6525,82.88
27/12/2010,1.0046,1029.457,356.6613,1.3165,1.5421,120.4495,,,1836.33,14103.71,2113.67,4620.47,3924.96,6.637,82.81
28/12/2010,1.01,1034.846,362.5176,1.3115,1.5368,120.6817,,,1826.33,14034.7,2115.32,4616.85,3924.96,6.6305,82.38
29/12/2010,1.0179,1032.544,364.5569,1.3225,1.55,120.614,180.8439,178.8729,1839.55,14105.48,2117.83,4644.52,3917.46,6.617,81.62
30/12/2010,1.0172,1021.892,362.5986,1.3291,1.5426,120.9755,181.2771,180.1692,1837.08,13947.82,2114.7,4588.64,3900.89,6.6025,81.53
31/12/2010,1.0233,1040.135,366.5981,1.3384,1.5612,120.9801,181.2959,181.2752,1843.32,,2114.29,4565.39,3854.46,6.58,81.12
03/01/2011,1.0168,1041.579,366.9905,1.3361,1.5489,120.9939,181.9382,181.3383,1840.9,,2138.3,4641.57,3854.46,6.5625,81.74
04/01/2011,1.0051,1027.19,355.6178,1.3308,1.5587,120.6999,182.3563,180.1939,1839.69,14178.51,2135.53,4649.32,3928.89,6.5775,82.04
05/01/2011,0.9995,1047.85,354.3039,1.3149,1.5515,120.6446,181.7732,178.7564,1827.84,14154.88,2146.5,4632.28,3948.57,6.5875,83.25
06/01/2011,0.9944,1036.867,353.7896,1.3003,1.5473,120.244,181.2308,179.1489,1832.86,14358.04,2142.76,4636.35,3932.66,6.59,83.33
07/01/2011,0.9959,1023.797,353.0689,1.2907,1.5548,120.3802,181.2572,179.2461,1841.14,14373.42,2138.81,4590.6,3909.68,6.5978,83.15
10/01/2011,0.9956,1048.915,354.4141,1.2951,1.5573,,181.172,179.281,1843.49,,2135.86,4514.12,3891.37,6.596,82.71
11/01/2011,0.9872,1066.884,357.0559,1.2974,1.5599,120.4495,181.1443,178.2783,1841.29,14332.02,2143.82,4572.52,3929.09,6.5835,83.24
12/01/2011,0.9966,1071.106,357.4277,1.3131,1.5766,120.3841,180.7846,177.3671,1840.21,14334.91,2163.36,4707.43,3953.25,6.5805,83
13/01/2011,0.9976,1069.265,357.7383,1.3364,1.5838,120.2913,181.2144,177.8547,1844.7,14439.85,2159.66,4768.1,3935.71,6.5775,82.81
14/01/2011,0.9888,1081.131,350.8885,1.3388,1.587,120.1745,181.3877,177.891,1842.04,14316.15,2175.68,4775.93,3921.46,6.5785,82.87
17/01/2011,0.9938,,,1.3294,1.5888,119.9924,181.1877,177.7769,,14321.36,,4762.24,3910.77,6.5865,82.68
18/01/2011,0.9994,1076.646,352.8519,1.3387,1.5963,119.9984,180.4788,177.234,1840.12,14343.34,2178.72,4819.48,3956.98,6.5775,82.56
19/01/2011,1.0009,1078.738,353.3943,1.3473,1.5996,119.7321,181.0613,177.7039,1842.89,14395.32,2156.97,4783.72,3906.4,6.58,82.02
20/01/2011,0.9871,1063.475,347.2398,1.3473,1.5897,120.1985,180.5679,177.1502,1833.04,14231.98,2154.18,4789.7,3835.3,6.5805,83.01
21/01/2011,0.9898,1072.926,345.8246,1.3621,1.6,120.2291,181.0248,177.2528,1836.53,14010,2159.43,4860.28,3853.82,6.5795,82.57
24/01/2011,0.9974,1063.603,346.7048,1.3638,1.5988,120.1346,181.232,177.4443,1837.88,14106.25,2172.03,4874.2,3884.93,6.5758,82.53
25/01/2011,0.9967,1049.218,343.5638,1.3681,1.5817,120.0387,180.8055,177.9962,1845.34,14268.94,2172.67,4839.37,3867.85,6.578,82.25
26/01/2011,0.9993,1078.551,343.7456,1.3713,1.5935,120.2285,180.2479,177.3922,1837.18,14183.69,2181.92,4860.75,3902.64,6.5775,82.17
27/01/2011,0.992,1073.942,339.9606,1.3734,1.5929,120.2538,179.7738,177.3016,1841.78,14288.79,2186.93,4896.74,3899.94,6.5775,82.92
28/01/2011,0.994,1096.574,345.6032,1.3611,1.586,120.2915,180.1188,177.7002,1846.19,14127.45,2147.95,4838.4,3845.2,6.584,82.12
31/01/2011,0.9974,1113.175,343.753,1.3694,1.6014,120.2602,180.468,177.7475,1842.86,13960.52,2164.4,4837.57,3833.15,6.5875,82.04
01/02/2011,1.0111,1122.077,345.2485,1.3829,1.6142,120.1429,180.5403,177.0605,1837.83,14010.73,2200.54,4924.68,3895.19,6.5725,81.35
02/02/2011,1.0101,1130.979,343.1377,1.3811,1.6192,120.1926,180.9744,176.5084,1832.98,14260.09,2194.94,4934.32,3927.11,6.5625,81.55
03/02/2011,1.0153,1125.821,348.5228,1.3634,1.6136,120.1618,180.9514,176.5196,1828.91,14224.64,2200.42,4906.13,3916.16,6.5615,81.63
04/02/2011,1.0138,1105.394,347.4938,1.3581,1.6111,119.8703,180.5765,175.9863,1819.91,14377.59,2206.8,4918.75,3925.35,6.5625,82.18
07/02/2011,1.0135,1102.552,347.2921,1.3583,1.611,119.8615,180.4738,175.9527,1821.01,14443.75,2220.6,4964.58,3960.46,6.5625,82.33
08/02/2011,1.0146,1109.587,351.3893,1.3625,1.6069,119.6032,179.9973,175.8735,1813.75,14503.67,2230.59,4983.13,3986.84,6.5555,82.36
09/02/2011,1.0124,1128.376,351.7514,1.3733,1.6102,119.522,179.5495,175.259,1820.2,14478.92,2224.64,4966.11,3970.34,6.5665,82.36
10/02/2011,1.0044,1118.494,350.9801,1.3603,1.6098,119.6589,179.5766,175.5355,1814.21,14462.31,2226.51,4956.37,3949.17,6.5665,83.23
11/02/2011,1.0021,1112.787,350.4406,1.3554,1.6007,,179.8496,176.1088,1818.21,,2239.08,4954.22,3977.31,6.5775,83.43
14/02/2011,1.0029,1135.979,351.6557,1.3489,1.6039,119.6044,179.5345,176.5148,1820.69,14625.8,2244.89,4944.42,3975.46,6.5825,83.32
15/02/2011,0.9964,1119.505,353.9754,1.3487,1.6126,119.6934,179.6277,176.205,1821.23,14654.61,2237.9,4964.21,3960.37,6.5745,83.77
16/02/2011,1.0033,1142.578,354.2343,1.3569,1.6095,119.4156,180.1379,176.3604,1820.44,14739.13,2252.3,5015.75,3992.06,6.5625,83.68
17/02/2011,1.0119,1130.279,356.8117,1.3609,1.6174,119.4957,180.5975,176.9902,1824.86,14777.79,2259.42,5020.03,3993.45,6.5645,83.31
18/02/2011,1.0147,1129.954,357.7146,1.3693,1.6253,119.6541,180.0525,176.6268,1824.07,14786.19,2263.79,5026.02,3990.57,6.5585,83.18
21/02/2011,1.0094,,,1.3678,1.6226,119.6082,180.4957,177.6839,,14806.28,,4934.84,3945.84,6.5585,83.14
22/02/2011,0.9988,1162.157,360.9398,1.365,1.6136,119.7688,180.6252,178.3447,1835.11,14543.32,2217.35,4887.31,3934,6.573,82.77
23/02/2011,1.0022,1218.406,364.2641,1.3749,1.6211,120.0265,180.5727,178.3964,1833.54,14426.59,2203.89,4840.77,3887.9,6.5705,82.51
24/02/2011,1.0088,1220.607,364.729,1.38,1.6138,120.1719,180.5325,178.7484,1837.33,14262.13,2202.23,4831.29,3885.57,6.5765,81.89
25/02/2011,1.0177,1229.509,363.0556,1.3754,1.6118,120.1082,180.4246,178.7832,1838.81,14363.17,2226.05,4890.08,3938.88,6.5755,81.68
28/02/2011,1.0186,1226.335,363.2135,1.3806,1.6257,120.1075,180.3649,179.0503,1841.49,14495.97,2238.55,4936.06,3934.16,6.5685,81.78
01/03/2011,1.0134,1266.657,368.7022,1.3777,1.6267,119.9236,180.4079,178.8754,1842.42,14673.27,2203.32,4887.21,3895.92,6.5615,81.86
02/03/2011,1.0169,1276.33,370.3782,1.3866,1.6325,120.1464,180.276,178.5964,1837.71,14316.26,2207.24,4847.13,3885.22,6.567,81.87
03/03/2011,1.0146,1261.504,364.8924,1.3969,1.6277,119.9388,179.2521,177.9069,1827.72,14444.03,2245.33,4864.24,3944.47,6.5645,82.45
04/03/2011,1.0138,1273.154,368.0368,1.3987,1.6269,119.8851,179.4523,178.8153,1835.58,14590.9,2228.78,4831.36,3934.81,6.5615,82.32
07/03/2011,1.0119,1265.589,369.5612,1.3968,1.6201,119.9893,179.4008,178.9115,1835.32,14333.51,2210.26,4802.27,3923.9,6.5565,82.24
08/03/2011,1.0099,1244.978,367.6872,1.3905,1.616,119.8878,178.9336,178.4062,1831.51,14361.03,2230.4,4825.21,3924.54,6.5565,82.67
09/03/2011,1.0108,1272.958,368.3064,1.3909,1.6203,119.8587,178.9738,178.5859,1837.41,14448.78,2227.7,4809.06,3907.61,6.5605,82.74
10/03/2011,1.0008,1265.706,363.905,1.3798,1.6061,119.8529,179.4073,179.6855,1844.41,14237.13,2185.65,4767.47,3847.06,6.5695,82.98
11/03/2011,1.0138,1250.397,366.2588,1.3903,1.6082,120.198,180.1323,180.0456,1844.67,13991.6,2201.81,4725.05,3836.11,6.5725,81.84
14/03/2011,1.0097,1248.537,367.0599,1.3992,1.6172,120.3984,180.6298,180.6824,1849.73,13126.62,2188.56,4673.05,3800.95,6.5685,81.63
15/03/2011,0.991,1192.414,358.7998,1.3998,1.6078,120.197,181.4995,181.0312,1851.68,11741.25,2164.06,4561.79,3748.32,6.5725,80.72
16/03/2011,0.9839,1213.217,359.65,1.39,1.6024,120.1285,182.0012,182.038,1860.71,12407.88,2121.94,4458.64,3688.36,6.5705,79.59
17/03/2011,0.9803,1258.782,361.7355,1.4021,1.6136,120.2847,181.02,180.9072,1857.41,12229.07,2150.43,4565.01,3752.85,6.5725,78.89
18/03/2011,0.9959,1249.21,364.7989,1.4182,1.6234,120.3533,181.0515,181.4902,1855.27,12562.1,2159.69,4575.58,3767.36,6.5715,80.58
21/03/2011,1.0063,1262.756,367.4523,1.4226,1.6311,,180.6606,181.1437,1851.32,,2192.09,4687.32,3812.13,6.5665,81.03
22/03/2011,1.0103,1270.573,367.7879,1.4196,1.6364,120.1532,180.3366,180.2503,1850.38,13110.02,2184.57,4677.44,3796.73,6.5525,80.97
23/03/2011,1.0131,1268.376,370.4654,1.4088,1.6235,120.3458,180.4522,180.8989,1849.61,12893.28,2190.96,4696.19,3820.04,6.5595,80.92
24/03/2011,1.0212,1269.699,369.6685,1.4177,1.6122,120.4763,180.2895,180.5039,1845.2,12873.55,2211.42,4767.55,3876.06,6.5615,80.97
25/03/2011,1.026,1267.502,367.4048,1.4088,1.6042,120.4573,180.1709,180.3932,1840.71,13011.85,2218.42,4770.08,3889.17,6.5595,81.34
28/03/2011,1.0244,1258.157,365.7863,1.4087,1.5992,120.3203,179.8365,180.3492,1840.36,12932,2212.32,4775.71,3891.63,6.5635,81.69
29/03/2011,1.0291,1262.343,364.8094,1.4113,1.6011,120.3201,179.6665,180.2157,1836.61,13021.47,2228.41,4769.43,3909.87,6.5635,82.48
30/03/2011,1.0329,1262.677,366.7148,1.4127,1.6072,120.2887,179.6619,179.7906,1840.07,13365.22,2243.55,4811.23,3923.11,6.558,82.89
31/03/2011,1.0329,1287.333,370.5763,1.4158,1.6028,120.2683,179.2476,179.7829,1840.37,13429.08,2239.44,4769.4,3897.04,6.5475,83.13
01/04/2011,1.0387,1299.993,367.7463,1.4237,1.6111,120.1818,179.0954,179.5514,1840.16,13364.78,2250.58,4856.23,3963.76,6.5475,84.06
04/04/2011,1.0363,1323.666,368.8046,1.4221,1.6132,120.0893,179.4959,179.7583,1842.92,13379.23,2251.64,4846.45,3968.41,6.5405,84.06
05/04/2011,1.0329,1337.975,373.8237,1.4223,1.6296,120.1016,179.3011,179.0898,1837.95,13236.97,2251.26,4838.45,3961.87,6.5405,84.87
06/04/2011,1.0441,1338.197,375.3684,1.4331,1.6332,120.0019,179.4056,179.0793,1833.11,13194.05,2257.11,4872.09,3984.98,6.5375,85.49
07/04/2011,1.0469,1341.611,375.5748,1.4308,1.6323,119.8449,179.3932,179.2664,1833.37,13203.08,2253.76,4859.33,3962.71,6.5375,84.91
08/04/2011,1.0564,1382.774,379.3844,1.4483,1.6383,119.8084,178.8973,178.4475,1831.98,13447.5,2244.74,4893.7,3994.62,6.5225,84.76
11/04/2011,1.0496,1353.064,377.8418,1.4436,1.6346,119.8218,179.0708,178.2564,1832.48,13380.9,2238.51,4877.19,3993.1,6.5245,84.6
12/04/2011,1.0437,1321.369,374.1105,1.4477,1.6258,119.7649,179.6678,179.8653,1839.46,13154.52,2221.12,4807.9,3934.41,6.533,83.58
13/04/2011,1.0507,1341.842,374.6257,1.4443,1.6269,119.87,179.4804,179.8639,1842.78,13272.8,2221.77,4836.84,3966.35,6.522,83.84
14/04/2011,1.0543,1338.762,378.95,1.4488,1.6352,120.0141,179.363,180.2296,1840.96,13290.34,2221.99,4787.45,3935.56,6.5235,83.5
15/04/2011,1.0568,1355.053,382.4508,1.443,1.6328,120.0748,179.3421,181.3851,1848.25,13204.44,2230.71,4789.64,3956.82,6.5225,83.13
18/04/2011,1.0509,1335.028,384.2282,1.4235,1.6267,120.2378,179.7931,182.0364,1852.34,13156.44,2206.15,4674.25,3873.72,6.5235,82.66
19/04/2011,1.0526,1332.058,384.7951,1.4335,1.6315,120.3985,179.7037,181.7257,1853.78,12997.27,2218.86,4690.09,3891.4,6.5205,82.59
20/04/2011,1.0714,1359.245,385.7737,1.4523,1.6409,120.45,179.5228,181.5627,1850.11,13225.51,2248.9,4794.83,3977.58,6.5065,82.56
21/04/2011,1.0748,1360.678,387.0355,1.4552,1.6523,120.4982,179.6063,182.1704,1849.4,13334.2,2260.84,4824.66,3974.97,6.4945,81.85
22/04/2011,1.0738,1360.678,387.0355,1.4561,1.6509,120.6243,,,,13329.3,,,3974.97,6.4855,81.88
25/04/2011,1.0722,1356.946,388.4021,1.4582,1.6498,120.5303,,,1853.12,13315.19,2257.24,,3974.97,6.4905,81.83
26/04/2011,1.0785,1362.341,386.9615,1.4644,1.6482,120.5985,179.5718,183.0014,1857.65,13159.25,2277.51,4855.98,4008.69,6.5005,81.55
27/04/2011,1.0872,1374.23,390.4625,1.4788,1.6627,120.5879,179.2017,181.9706,1854.23,13342.55,2292.13,4893.82,4011.62,6.4925,82.16
28/04/2011,1.0929,1372.802,394.0922,1.4822,1.6632,120.6531,179.8583,183.2215,1859.7,13559.93,2300.46,4939.4,4012.77,6.4825,81.54
29/04/2011,1.0971,1382.6,400.5788,1.4807,1.6707,120.6623,180.3759,183.2633,1861.6,,2305.76,4954.8,4012.77,6.4595,81.19
02/05/2011,1.0944,1374.132,400.7611,1.483,1.6655,120.6684,180.2763,183.305,1862.85,13772.57,2301.72,4958.19,4012.77,6.4595,81.23
03/05/2011,1.0845,1345.188,396.4635,1.4825,1.6487,,180.1377,184.2107,1865.57,,2293.95,4944.18,4021.35,6.4675,80.94
04/05/2011,1.0748,1331.322,390.0039,1.4827,1.6488,,179.9535,184.3735,1867.86,,2278.63,4869.52,3959.07,6.4725,80.61
05/05/2011,1.0579,1216.968,381.2793,1.4539,1.6389,,180.5005,183.9066,1872.28,,2258.08,4837.41,3916.66,6.4765,80.07
06/05/2011,1.07,1198.039,383.9051,1.4316,1.6367,121.1423,180.7581,183.7465,1873.41,13572.95,2266.97,4894.76,3954.24,6.4825,80.63
09/05/2011,1.0807,1269.185,386.8917,1.4365,1.6404,121.1607,181.1032,184.2474,1874.93,13483.71,2277.3,4815.38,3931.69,6.483,80.36
10/05/2011,1.0837,1288.235,390.4169,1.4409,1.6366,121.2447,181.1053,184.0628,1870.38,13517.27,2295.72,4877.92,3982.1,6.4805,80.88
11/05/2011,1.07,1230.931,386.4298,1.4192,1.6345,121.3537,181.1155,183.3679,1874.44,13579.91,2271.47,4885.93,3961.33,6.4755,81.05
12/05/2011,1.0678,1235.206,387.7984,1.4246,1.6291,121.3955,181.6054,184.102,1871.05,13376.7,2282.84,4843.8,3940.76,6.4955,80.94
13/05/2011,1.0573,1245.636,384.4042,1.4119,1.6197,121.4473,181.5627,184.0471,1874.37,13283.25,2264.52,4812.82,3928.11,6.4905,80.8
16/05/2011,1.0556,1220.677,383.6335,1.4156,1.6192,121.3449,181.5329,183.8794,1878.59,13158.7,2250.61,4796.91,3926.66,6.5045,80.79
17/05/2011,1.0627,1211.359,380.9079,1.4237,1.6252,121.1687,181.6312,184.1165,1881.52,13170.7,2250.35,4744.12,3885.11,6.4965,81.42
18/05/2011,1.0629,1236.321,384.9971,1.425,1.6168,121.1433,181.4247,183.8363,1876.44,13301.62,2270.57,4773.58,3929.77,6.498,81.68
19/05/2011,1.067,1226.56,384.0973,1.4309,1.6237,121.1666,181.2153,183.7109,1876.93,13244.82,2275.71,4812.38,3951.33,6.4965,81.61
20/05/2011,1.066,1237.987,388.3151,1.4161,1.6229,121.3494,181.364,184.3371,1878.54,13225.9,2258.21,4757.11,3946.36,6.4935,81.7
23/05/2011,1.0505,1213.584,389.9876,1.4048,1.6123,121.2906,181.4694,184.9328,1880.66,13024.28,2231.31,4669.82,3871.65,6.5065,82.01
24/05/2011,1.0559,1239.657,391.9941,1.41,1.6181,121.3431,181.3112,184.5959,1881.55,13047.05,2229.49,4681.55,3886.59,6.499,81.95
25/05/2011,1.0532,1265.952,392.8948,1.4088,1.6274,121.4055,181.839,184.9937,1881.42,12972.31,2236.75,4707.57,3895.04,6.4975,81.97
26/05/2011,1.0645,1267.396,391.841,1.4145,1.6405,121.3285,182.3511,185.4853,1888.4,13163.9,2246.13,4681.39,3902.24,6.4925,81.29
27/05/2011,1.0706,1268.396,395.339,1.4319,1.651,121.5303,182.3476,185.579,1888.04,13109.29,2255.74,4715.66,3940.64,6.4935,80.8
30/05/2011,1.0691,,,1.4282,1.6475,121.5166,,,,13085.93,,4707.19,3940.64,6.4835,80.94
31/05/2011,1.0672,1290.549,395.2129,1.4396,1.6448,121.2484,182.0528,185.6261,1890.67,13345.8,2279.66,4789.71,3974.56,6.48,81.52
01/06/2011,1.0614,1262.526,396.8594,1.4328,1.6334,121.1986,182.4193,186.2561,1897.83,13381.43,2227.96,4732.36,3944.91,6.4758,80.95
02/06/2011,1.067,1272.624,394.1598,1.4491,1.6371,121.5065,182.6183,186.0914,1891.58,13154.86,2225.36,4656.91,3891.22,6.4785,80.9
03/06/2011,1.0716,1275.954,396.655,1.4635,1.6426,121.5772,182.6103,185.7756,1894.8,13068.36,2203.81,4667.85,3895.94,6.4745,80.34
06/06/2011,1.0713,1260.651,397.8914,1.4576,1.6357,121.4855,182.638,185.7791,1894.33,12914.36,2180.14,4629.38,3901.36,6.4693,80.1
07/06/2011,1.0721,1284.838,397.0689,1.4691,1.6447,121.3562,181.991,184.7941,1894.33,13000.54,2178.15,4644.73,3902.35,6.473,80.09
08/06/2011,1.0623,1297.487,395.7064,1.4583,1.6404,121.4104,181.9905,185.509,1899.93,13009.5,2169.5,4607.16,3865.51,6.4745,79.89
09/06/2011,1.0627,1315.129,396.7356,1.451,1.6366,121.5615,181.9999,185.5583,1896.02,13033.85,2185.52,4650.78,3897.09,6.48,80.36
10/06/2011,1.0537,1307.253,393.2643,1.4347,1.6227,121.4745,182.3817,186.2553,1898.95,13098.96,2155,4577.83,3836.84,6.479,80.32
13/06/2011,1.0602,1307.258,389.7683,1.4413,1.6377,121.4562,182.3717,185.8817,1897.3,13007.78,2157.15,4581.31,3841.94,6.482,80.24
14/06/2011,1.0685,1318.687,392.0319,1.444,1.6371,121.4413,182.0767,185.4512,1888.07,13144.88,2184.48,4658.37,3861.68,6.4755,80.49
15/06/2011,1.0577,1249.349,392.4954,1.4181,1.6194,121.358,182.0562,185.9069,1899.68,13181.41,2146.45,4577.2,3821.42,6.4815,80.96
16/06/2011,1.0558,1260.667,393.4475,1.4204,1.6158,121.6376,182.0345,186.8405,1904.18,12956.95,2150.58,4575.72,3792.32,6.484,80.63
17/06/2011,1.0623,1252.015,395.814,1.4306,1.6194,121.5987,181.954,186.4633,1901.09,12875.06,2157.14,4641.92,3803.05,6.4675,80.05
20/06/2011,1.0582,1235.489,396.5614,1.4304,1.6202,121.6729,181.7374,186.2854,1900.51,12879.93,2168.8,4607.33,3788.71,6.4728,80.25
21/06/2011,1.0605,1226.504,397.6934,1.4412,1.6245,121.675,181.7414,185.9413,1899.12,13025.03,2198.15,4697.84,3843.22,6.468,80.21
22/06/2011,1.0575,1262.119,399.494,1.4357,1.6071,121.6888,181.6655,186.2261,1899.34,13258.79,2184.03,4686.24,3842.7,6.463,80.29
23/06/2011,1.0523,1188.563,391.0334,1.4256,1.6006,121.7532,182.0183,186.8333,1906.49,13213.89,2177.85,4578.58,3777.07,6.468,80.51
24/06/2011,1.0491,1168.372,385.9931,1.4188,1.5959,121.8305,181.796,187.1166,1908.8,13326.98,2152.31,4553.46,3792.6,6.4705,80.43
27/06/2011,1.0443,1175.143,384.837,1.4287,1.599,121.8902,181.4475,186.978,1902.21,13189.67,2172.08,4566.96,3808.99,6.482,80.89
28/06/2011,1.0541,1206.653,385.8145,1.4371,1.6001,121.9415,181.4396,185.6127,1891.73,13299.36,2200.68,4611.49,3838.64,6.4755,81.12
29/06/2011,1.0683,1246.816,388.4379,1.4435,1.6062,121.7862,181.2289,184.8348,1887.74,13504.4,2219.2,4698.78,3898.82,6.4695,80.78
30/06/2011,1.0722,1247.15,386.4837,1.4502,1.6053,121.6828,181.4125,184.4552,1884.28,13531.04,2241.66,4776.15,3958.58,6.4655,80.56
01/07/2011,1.077,1238.386,381.289,1.4526,1.6074,121.6716,181.6514,184.3003,1880.78,13602.69,2274.26,4821.66,3987.91,6.4595,80.83
04/07/2011,1.0734,,,1.4539,1.6084,121.545,181.6421,184.6597,,13736.43,,4812.48,4006.4,6.457,80.8
05/07/2011,1.0693,1255.919,389.0311,1.4429,1.6061,121.4271,181.5239,185.046,1887.13,13746.59,2271.29,4780.88,4010.72,6.4595,81.07
06/07/2011,1.0701,1256.252,393.2747,1.4319,1.6004,121.3366,181.1035,186.0118,1890.98,13898.25,2274.42,4750.89,3997.05,6.4645,80.91
07/07/2011,1.0776,1310.395,393.6351,1.4364,1.5974,121.3274,180.7759,185.3604,1885.72,13882.62,2298.31,4771.86,4031.43,6.464,81.25
08/07/2011,1.0755,1305.848,396.4643,1.4265,1.6059,121.3327,181.2371,186.7125,1898.38,13974.41,2282.32,4681.65,3988.83,6.4585,80.64
11/07/2011,1.0656,1292.248,398.4191,1.4029,1.5907,121.5714,180.4366,187.9578,1906.85,13880.4,2241.07,4545.82,3947.93,6.465,80.26
12/07/2011,1.0598,1297.796,401.7867,1.3976,1.5913,121.8569,180.8287,188.0732,1907.66,13682.44,2231.15,4519.62,3907.85,6.4765,79.24
13/07/2011,1.0758,1307.89,407.7333,1.4167,1.6107,121.8819,180.4093,187.3088,1909.46,13733.75,2238.29,4557.36,3932.8,6.467,78.98
14/07/2011,1.0724,1291.768,408.6893,1.4143,1.614,122.0993,180.1945,187.5945,1904.46,13696.5,2223.29,4524.21,3893.2,6.4605,79.14
15/07/2011,1.0653,1301.19,408.8951,1.4157,1.6136,121.9712,180.0917,188.0518,1906.98,13749.36,2235.65,4490.77,3891,6.4615,79.13
18/07/2011,1.0607,1286.674,412.081,1.4112,1.6058,121.985,179.5153,188.6121,1906.56,,2217.55,4401.79,3830.51,6.4675,79.04
19/07/2011,1.0733,1296.982,411.7473,1.4156,1.6123,122.1223,180.3079,188.3423,1909.63,13632.54,2253.71,4460.68,3855.27,6.4635,79.18
20/07/2011,1.075,1309.729,410.6945,1.4215,1.6154,122.0616,180.3865,188.1634,1905.38,13792.69,2252.52,4541.75,3898.76,6.455,78.78
21/07/2011,1.0841,1302.747,408.1519,1.4425,1.6331,121.9535,180.8979,186.9317,1899.57,13798.88,2283.23,4638.42,3929.44,6.4545,78.3
22/07/2011,1.0851,1314.718,411.9021,1.436,1.63,121.9459,181.4267,188.1083,1903.62,13966.67,2285.34,4653.97,3952.84,6.4465,78.54
25/07/2011,1.0845,1306.961,414.651,1.4377,1.6277,121.9991,180.6246,189.121,1900.21,13853.5,2272.47,4603.78,3946.34,6.446,78.29
26/07/2011,1.0956,1310.954,415.9103,1.4511,1.6405,122.0006,180.9589,188.5692,1905.01,13919.27,2263.15,4598.66,3949.32,6.4395,77.88
27/07/2011,1.102,1298.432,415.3973,1.4369,1.6331,122.0479,181.4585,189.3723,1902.53,13850.17,2217.29,4521.55,3901.96,6.436,77.98
28/07/2011,1.1003,1298.766,415.1154,1.4334,1.6374,122.099,181.2337,189.412,1905.43,13649.13,2210.33,4519.95,3913.04,6.439,77.67
29/07/2011,1.0993,1291.675,418.9688,1.4398,1.6426,122.0921,181.5923,190.9284,1918.62,13554.95,2196.08,4482.36,3874.38,6.43,76.76
01/08/2011,1.0971,1290.906,416.5309,1.425,1.6296,122.1229,181.5435,191.2946,1923.89,13736.89,2187,4355.75,3847.23,6.418,77.21
02/08/2011,1.0779,1286.92,422.3883,1.4203,1.6298,122.3513,181.4515,191.5977,1935.06,13570.89,2131.1,4274.38,3809.89,6.423,77.15
03/08/2011,1.0755,1253.119,427.989,1.4323,1.6427,122.6331,181.3951,192.4529,1936.81,13284.92,2142.56,4195.33,3733.22,6.425,77.06
04/08/2011,1.0464,1188.283,426.1154,1.4092,1.6258,122.6094,181.8464,193.5703,1949.77,13315.08,2040.2,4051.65,3605.29,6.4255,78.89
05/08/2011,1.0442,1212.671,424.2674,1.4282,1.6391,122.6851,182.5811,193.4261,1939.47,12819.79,2039.04,3989.28,3507.58,6.437,78.4
08/08/2011,1.0187,1151.279,440.0421,1.4179,1.6318,122.6245,185.6248,193.7468,1956.21,12540.89,1903.47,3841.07,3388.57,6.4295,77.77
09/08/2011,1.0355,1137.093,447.6969,1.4376,1.6316,122.304,185.6045,192.5517,1969.41,12329.87,1993.76,3853.39,3452.72,6.435,76.96
10/08/2011,1.0178,1181.873,458.3056,1.4178,1.6134,122.3855,186.6586,195.3842,1972.21,12459.81,1906.53,3618.28,3351.76,6.412,76.86
11/08/2011,1.0352,1193.956,449.8813,1.4241,1.6239,122.3302,186.3037,194.988,1956.79,12381.51,1995.14,3721.9,3455.96,6.3895,76.84
12/08/2011,1.0355,1192.184,447.5959,1.4248,1.6278,122.2221,186.4099,194.2129,1965.21,12356.39,2005.67,3876.25,3561.19,6.3825,76.71
15/08/2011,1.0507,1216.019,451.5531,1.4445,1.639,122.2491,186.4771,194.0542,1961.6,12525.52,2049.51,3905.07,3581.64,6.3775,76.83
16/08/2011,1.0486,1207.153,458.4887,1.4407,1.6456,122.2394,186.6448,193.5251,1968.84,12554.5,2029.92,3903.71,3586.36,6.37,76.8
17/08/2011,1.055,1222.894,460.7495,1.4426,1.6543,122.4052,187.4585,195.5561,1973.84,12485.84,2032.41,3916.23,3575.25,6.3695,76.6
18/08/2011,1.0391,1182.549,467.9933,1.4333,1.6516,122.6294,188.4394,198.162,1981.36,12329.38,1941.92,3707.05,3414.73,6.3755,76.58
19/08/2011,1.0406,1199.841,475.7508,1.4397,1.6465,122.7257,188.3923,197.2405,1983.28,12019.87,1912.77,3627.49,3380.22,6.3755,76.55
22/08/2011,1.0409,1196.852,485.9494,1.4358,1.6453,122.7384,188.2431,197.5277,1982.04,11894.27,1913.27,3668.35,3416.79,6.3735,76.79
23/08/2011,1.0526,1206.717,478.0898,1.4442,1.6495,122.5582,188.1774,197.196,1977.07,12038.85,1978.89,3696.22,3439.67,6.3725,76.66
24/08/2011,1.0474,1215.363,451.3767,1.4414,1.6374,122.577,187.3702,196.0898,1966.21,11910.09,2005.13,3761.59,3491.18,6.3685,76.98
25/08/2011,1.0431,1220.241,452.8924,1.4379,1.6281,122.3837,187.5998,196.768,1970.51,12093.09,1973.96,3724.63,3441.05,6.3765,77.46
26/08/2011,1.0573,1228.222,461.6514,1.4499,1.6368,122.3639,187.8076,196.2995,1974.71,12128.13,2004.11,3680.51,3440.26,6.3745,76.64
29/08/2011,1.0656,1233.655,460.1879,1.4511,1.6408,122.5084,,,1968.02,12208.75,2061.05,3762.61,3440.26,6.3665,76.83
30/08/2011,1.0683,1256.599,470.0001,1.4441,1.6299,122.5066,187.6691,196.1285,1977.03,12350.2,2066.37,3762.34,3533.31,6.3625,76.74
31/08/2011,1.0707,1264.469,470.4883,1.4369,1.625,122.4743,186.9505,193.8912,1971.91,12351.99,2076.78,3868.09,3617.89,6.3565,76.66
01/09/2011,1.0722,1257.376,469.8207,1.4259,1.6179,122.3056,187.1642,195.5062,1978.83,12497.65,2052.3,3874.26,3634.07,6.3545,76.93
02/09/2011,1.0645,1233.989,482.0988,1.4205,1.6217,122.4144,187.3489,196.6935,1991.62,12345.84,2000.5,3731.39,3549.15,6.353,76.8
05/09/2011,1.0551,,,1.4098,1.6118,122.7606,187.0936,199.0878,,12116.49,,3543.19,3422.09,6.359,76.89
06/09/2011,1.0484,1240.642,481.1749,1.3998,1.5942,122.9615,187.2845,198.8292,1994.06,11849.06,1985.67,3497.52,3458.48,6.3595,77.66
07/09/2011,1.0662,1272.565,466.8682,1.4098,1.5991,122.8556,187.9782,197.8442,1987.78,12087.46,2043.05,3616.99,3571.65,6.3655,77.26
08/09/2011,1.0576,1255.829,477.1173,1.3882,1.5958,122.7978,188.292,197.8846,1992.14,12128.44,2021.42,3637.57,3586.28,6.36,77.51
09/09/2011,1.047,1229.013,477.6314,1.3656,1.5883,122.8818,188.6451,199.6891,1998.54,12051.94,1967.47,3486.69,3501.85,6.3615,77.61
12/09/2011,1.0347,1219.214,465.7657,1.3679,1.5862,122.9264,187.8639,200.8742,1997,11773.33,1981.3,3354.44,3444.75,6.3845,77.21
13/09/2011,1.0312,1217.336,470.0811,1.3678,1.5779,122.9902,187.3138,200.7573,1990.96,11884.89,2000.08,3424.44,3474.72,6.3855,76.96
14/09/2011,1.0283,1215.813,469.1565,1.3755,1.5768,123.0604,186.9834,200.252,1990.96,11749.75,2027.04,3503.03,3510.83,6.3935,76.62
15/09/2011,1.0328,1241.093,457.5722,1.3877,1.58,123.0915,186.6765,198.6758,1985.49,11957.32,2062.25,3624.49,3585.07,6.3835,76.7
16/09/2011,1.0361,1239.97,466.1258,1.3796,1.5791,123.0124,188.0853,199.3569,1986.86,12226.71,2074.06,3630.65,3605.8,6.3765,76.79
19/09/2011,1.0222,1208.174,456.9306,1.3686,1.5705,123.0223,187.9623,200.7932,2000.13,,2053.74,3529.87,3532.69,6.392,76.58
20/09/2011,1.0276,1219.073,464.6879,1.3702,1.5737,123.121,187.6309,200.7037,1998.82,12029.57,2050.39,3604.48,3602.65,6.387,76.45
21/09/2011,1.0043,1213.68,464.4312,1.3573,1.55,123.1729,187.6773,199.8663,2007.5,12057.05,1990.2,3533.88,3553.07,6.384,76.46
22/09/2011,0.9742,1158.401,447.3757,1.3465,1.5343,123.3653,188.547,201.5828,2024.84,11807.53,1926.76,3360.88,3387.25,6.4605,76.24
23/09/2011,0.9779,1142.222,421.2016,1.35,1.5449,123.3698,188.5842,201.5323,2015.3,,1938.73,3411.88,3404.18,6.512,76.61
26/09/2011,0.9833,1143.683,409.6432,1.3533,1.5565,123.368,188.3054,200.6386,2005.08,11550.79,1983.97,3508.4,3419.34,6.48,76.36
27/09/2011,0.9914,1178.964,424.4644,1.3585,1.5634,123.1958,187.8326,198.7789,1994.89,11876.07,2005.19,3694.78,3556.86,6.4595,76.81
28/09/2011,0.9781,1146.044,415.6285,1.3543,1.5575,123.0876,187.6095,199.4892,1996.79,11978.64,1964.2,3665.49,3506.48,6.447,76.61
29/09/2011,0.9782,1143.573,415.4233,1.3597,1.5628,123.1376,187.6509,199.163,2002.34,12097.62,1980.23,3725.79,3492.51,6.483,76.83
30/09/2011,0.9662,1122.787,416.7078,1.3387,1.5584,123.0321,188.3876,200.8735,2006.35,12096.31,1930.79,3671.72,3446.56,6.495,77.06
03/10/2011,0.9527,1107.059,425.8014,1.3176,1.5432,123.0451,188.9318,203.0094,2021.06,11881.07,1875.95,3601.93,3410.96,6.478,76.63
04/10/2011,0.9572,1088.633,415.0905,1.3349,1.5488,123.2321,189.0298,204.5835,2020.44,11756.83,1918.39,3522.51,3322.88,6.4805,76.81
05/10/2011,0.9659,1124.364,421.6664,1.3348,1.546,123.3323,188.205,203.1698,2009.34,11655.17,1953.67,3671.31,3429.35,6.445,76.79
06/10/2011,0.9746,1158.521,424.6463,1.3437,1.5445,123.2738,187.6001,203.2059,2002.47,11848.48,1989.61,3788.14,3556.45,6.43,76.72
07/10/2011,0.9768,1156.724,420.1771,1.3378,1.5562,123.294,187.543,202.577,1994.7,11964.71,1973.42,3822.52,3564.6,6.423,76.73
10/10/2011,0.9988,1182.231,429.168,1.3642,1.5668,123.3076,187.0621,201.3445,,,2040.76,3909.46,3628.86,6.39,76.68
11/10/2011,0.9952,1196.614,426.651,1.364,1.5577,123.2747,186.7009,200.8013,1986.64,12198.37,2041.9,3901.32,3626.65,6.475,76.65
12/10/2011,1.0159,1205.715,432.1994,1.3791,1.5752,123.2461,185.7095,199.3718,1980.14,12150.01,2062.22,3995.96,3659.46,6.422,77.26
13/10/2011,1.0191,1208.862,428.5778,1.3777,1.5766,123.0556,185.6853,201.1579,1987.02,12267.28,2056.26,3929.2,3633.63,6.46,76.9
14/10/2011,1.034,1242.232,432.3025,1.3882,1.582,123.0796,184.8269,200.3779,1982.03,12162.6,2091.99,3967.89,3675.98,6.442,77.22
17/10/2011,1.0157,1220.549,430.6591,1.3737,1.5744,123.0135,185.3672,201.4799,1989.26,12345.62,2051.54,3903.67,3656.03,6.432,76.83
18/10/2011,1.0263,1234.819,424.5461,1.3752,1.5713,123.0091,185.1005,202.9703,1989.56,12154.18,2093.43,3888.37,3638.31,6.436,76.82
19/10/2011,1.0224,1205.72,423.0567,1.376,1.5774,122.9551,184.6099,202.6017,1988.81,12196.77,2067.28,3927.6,3665.96,6.422,76.81
20/10/2011,1.0231,1218.979,414.2979,1.378,1.5791,123.0272,184.4388,202.787,1986.44,12071.1,2076.75,3829.31,3621.71,6.4215,76.8
21/10/2011,1.0376,1217.632,420.2575,1.3896,1.5953,122.9924,184.4332,201.4907,1983.57,12066.57,2115.86,3940.11,3691.63,6.425,76.29
24/10/2011,1.0475,1237.859,424.4198,1.3929,1.5998,122.9388,184.2184,201.0742,1981.12,12296.1,2143.13,3993.3,3731.59,6.413,76.1
25/10/2011,1.0428,1231.905,436.7753,1.3908,1.6001,123.0128,184.9101,202.6117,1992.63,12182.55,2100.17,3950.98,3716.45,6.404,76.09
26/10/2011,1.0399,1211.456,442.7091,1.3906,1.5975,123.2031,185.6336,203.6165,1985.26,12163.24,2122.32,3935.98,3735.41,6.4015,76.18
27/10/2011,1.073,1249.771,448.9256,1.4189,1.6099,123.0999,185.1068,200.902,1967.35,12410.82,2195.22,4175.11,3843.43,6.399,75.95
28/10/2011,1.07,1228.199,448.7974,1.4147,1.613,122.8817,184.3722,200.239,1976.35,12583.01,2196.13,4150.57,3835.64,6.3787,75.82
31/10/2011,1.053,1222.92,443.1471,1.3858,1.6087,122.8378,184.7221,203.421,1989.99,12497.53,2141.81,4020.53,3729.34,6.3902,78.17
01/11/2011,1.0329,1217.752,439.7052,1.3703,1.5949,122.9537,185.6792,206.678,2006.73,12285.12,2081.97,3809.01,3646.84,6.404,78.37
02/11/2011,1.0347,1215.168,444.2775,1.3747,1.5949,123.2137,185.2544,205.7164,2005.72,12013.85,2115.7,3863.52,3697.53,6.389,78.05
03/11/2011,1.0416,1232.022,453.3964,1.3823,1.6041,123.2182,185.0382,204.3301,2000.11,,2155.87,3958.01,3739.02,6.397,78.06
04/11/2011,1.0375,1244.27,451.0847,1.3792,1.6033,123.2757,184.8242,205.0482,2002.29,12237.9,2142.34,3862.82,3726.56,6.3835,78.24
07/11/2011,1.0379,1271.462,460.0755,1.3776,1.6057,123.259,184.0069,205.5662,2007.17,12190.69,2156,3843.82,3715.54,6.3815,78.05
08/11/2011,1.0393,1279.28,462.1608,1.3834,1.6089,123.3113,184.0465,206.4315,2000,12035.59,2182.61,3889.9,3753.65,6.3685,77.73
09/11/2011,1.0143,1252.537,460.2097,1.3542,1.5917,123.2636,182.626,207.7653,2009.99,12174.6,2102.72,3799.87,3682.56,6.3665,77.82
10/11/2011,1.0156,1264.352,451.9814,1.3606,1.5935,123.426,182.7462,207.6358,2002.16,11820.38,2121.14,3811.65,3672.07,6.3695,77.65
11/11/2011,1.0276,1269.253,459.3147,1.375,1.6065,123.4822,183.2386,205.9552,,11839.28,2162.48,3929.79,3739.89,6.3525,77.2
14/11/2011,1.0205,1254.471,456.8267,1.3633,1.591,123.3778,182.5087,207.5748,2005.21,11963.35,2142.09,3868.11,3722.13,6.3565,77.07
15/11/2011,1.0178,1265.843,457.8015,1.3539,1.5822,123.4557,180.5777,208.9037,2003.78,11877.46,2152.8,3810.09,3721.05,6.3555,77.03
16/11/2011,1.0082,1263.455,455.8008,1.3463,1.5732,123.4867,180.6036,208.701,2006.9,11767.76,2117.64,3833.68,3720.41,6.3525,77.06
17/11/2011,1,1226.044,441.9492,1.3458,1.5755,123.4733,180.7659,207.8995,2012.88,11790.66,2082.1,3791.13,3662.41,6.36,76.98
18/11/2011,1.0008,1217.63,443.2319,1.3525,1.5806,123.571,181.5984,207.0944,2008.06,11645.05,2081.42,3781.14,3621.76,6.3555,76.91
21/11/2011,0.9841,1209.671,431.3556,1.3489,1.5642,123.545,181.5802,207.717,2012.89,11608.01,2042.71,3653.29,3526.98,6.3866,76.89
22/11/2011,0.9833,1231.163,437.4865,1.3505,1.5634,123.5004,180.8715,208.6059,2015.94,11561.39,2034.41,3613.61,3516.33,6.3755,76.97
23/11/2011,0.9688,1209.444,435.768,1.3342,1.5525,123.5049,179.2572,209.3387,2022.54,,1989.54,3545.92,3474.2,6.3875,77.31
24/11/2011,0.9735,,,1.3347,1.5496,123.4308,178.1039,209.3627,,11353.43,,3534.86,3465.95,6.391,77.12
25/11/2011,0.9711,1196.141,433.1263,1.3239,1.5439,123.0711,177.447,207.5501,2014.07,11346.24,1984.5,3570.39,3491.01,6.398,77.73
28/11/2011,0.9905,1218.885,439.7962,1.332,1.551,122.8048,178.5401,208.8484,2015.75,11524.05,2042.8,3757.27,3591.13,6.3955,77.98
29/11/2011,1,1239.923,440.9253,1.3317,1.5597,122.7757,178.9759,209.607,2012.31,11788.71,2048.06,3778.72,3607.51,6.3905,77.93
30/11/2011,1.0283,1244.927,448.9802,1.3446,1.5704,122.8074,180.2497,207.9175,2004.84,11728.62,2137.08,3941.53,3723.73,6.3915,77.62
01/12/2011,1.0244,1232.534,446.2872,1.3461,1.569,122.8419,182.7615,207.6157,2000.26,11954.96,2133.07,3913.47,3712.85,6.383,77.7
02/12/2011,1.0215,1243.451,449.2375,1.3391,1.5597,123.0167,182.805,206.3891,2007.94,12019.44,2132.64,3961.95,3755.43,6.385,77.99
05/12/2011,1.0271,1241.749,444.9291,1.3401,1.5648,123.1509,185.3159,205.7784,2007.34,12092.07,2154.68,4007.44,3766.03,6.381,77.82
06/12/2011,1.0245,1252.324,444.2366,1.3402,1.56,123.1889,184.9676,208.3501,2003.13,11924.07,2157.1,3985.98,3766.54,6.379,77.73
07/12/2011,1.0294,1239.133,447.5714,1.3412,1.571,123.1164,184.7658,207.6397,2010.47,12128.49,2162.07,3966.03,3752.08,6.3775,77.68
08/12/2011,1.0167,1224.692,439.5168,1.3341,1.5629,123.1764,183.2487,208.6042,2015.31,12048.41,2116.41,3869.85,3709.37,6.3675,77.64
09/12/2011,1.0216,1231.742,440.389,1.3386,1.5671,123.345,183.6104,207.883,2007.03,11870.25,2152.15,3962.09,3740.11,6.3662,77.65
12/12/2011,1.0073,1215.482,427.9225,1.3187,1.5584,123.3119,183.935,209.4015,2012.11,12033.44,2120.15,3839.03,3671.55,6.3685,77.94
13/12/2011,1.0017,1237.088,426.6144,1.3037,1.5479,123.4421,184.1676,208.7329,2016,11892.98,2102.15,3824.69,3713.68,6.387,78
14/12/2011,0.991,1181.71,407.0678,1.2983,1.5466,123.4943,184.7957,209.3533,2021.86,11846.15,2078.51,3731.54,3630.58,6.403,78.07
15/12/2011,0.9922,1173.75,404.5797,1.3016,1.5514,123.5133,185.9276,208.9949,2020.42,11648.19,2085.44,3763.64,3653.61,6.399,77.86
16/12/2011,0.9983,1169.543,409.8898,1.3046,1.5545,123.4944,186.5354,210.571,2026.72,11682.05,2092.18,3726.14,3644.47,6.3735,77.76
19/12/2011,0.9896,1169.999,409.5823,1.2998,1.5499,123.5596,186.7406,210.4983,2030.53,11535.22,2067.67,3729.32,3629.35,6.3575,78.05
20/12/2011,1.008,1205.364,414.9436,1.3082,1.5663,123.5665,187.0352,210.0715,2020.17,11591.34,2129.67,3829.93,3666.29,6.355,77.89
21/12/2011,1.0103,1217.077,413.9175,1.3047,1.5676,123.567,186.5697,210.5508,2014.74,11763.06,2133.86,3799.39,3646.1,6.348,78.06
22/12/2011,1.0129,1218.896,413.1481,1.305,1.5679,123.5453,186.4699,210.4175,2015.78,11672.93,2152.04,3847.93,3691.58,6.347,78.17
23/12/2011,1.0151,1219.806,411.9681,1.3044,1.5588,123.5498,186.8406,210.5005,2006.91,,2171.5,3877.29,3729.28,6.343,78.09
26/12/2011,1.0169,,,1.3061,1.5631,123.5614,,,,11789.98,,,3729.28,6.345,77.98
27/12/2011,1.0157,1234.59,409.2749,1.3071,1.5671,123.5806,,,2009.75,11736.06,2171.71,3877.2,3729.28,6.3345,77.88
28/12/2011,1.0094,1217.079,401.2205,1.2941,1.5459,123.4482,187.4135,210.9029,2020.96,11729.72,2145.09,3817.47,3726.47,6.3423,77.94
29/12/2011,1.0137,1222.651,395.2696,1.2961,1.5416,123.4706,187.6022,211.9844,2021.43,11695.28,2168.12,3880.54,3766.64,6.351,77.64
30/12/2011,1.0209,1215.261,401.9137,1.2961,1.5543,123.5942,187.3833,211.5156,2024.21,11773.9,2158.94,3921.61,3770.37,6.3445,76.91
02/01/2012,1.0234,,,1.2934,1.5514,,,,,,,4012.44,3770.37,6.344,76.9
03/01/2012,1.0378,1268.255,410.5595,1.305,1.5649,123.6079,186.7856,210.8171,2015.93,,2192.4,4047.05,3856.73,6.316,76.74
04/01/2012,1.0369,1288.497,413.6892,1.2943,1.562,123.5457,186.183,210.5403,2012.86,11919.78,2193.28,3979.29,3835.54,6.31,76.72
05/01/2012,1.0264,1277.694,415.5876,1.2789,1.5495,123.5946,185.6293,210.6019,2013.02,11820.36,2199.73,3921.47,3805.64,6.312,77.12
06/01/2012,1.0228,1282.812,414.7413,1.2717,1.5426,123.5878,185.0859,211.1052,2016.34,11683.4,2194.98,3892.51,3822.84,6.307,76.97
09/01/2012,1.024,1277.241,412.5101,1.2765,1.5458,123.6014,185.5173,211.6317,2016.94,,2200,3871.85,3797.52,6.314,76.86
10/01/2012,1.0314,1284.251,418.5193,1.2778,1.5484,123.6589,185.7588,210.4749,2016.38,11727.83,2219.58,3977.45,3854.66,6.313,76.85
11/01/2012,1.031,1274.002,420.6046,1.2707,1.5329,123.6765,186.7784,211.3861,2022.62,11763.51,2220.48,3963.96,3837.29,6.3105,76.85
12/01/2012,1.0333,1262.079,422.6806,1.2814,1.5333,123.688,188.3116,211.1903,2020.31,11676.77,2225.74,3974.7,3831.61,6.3133,76.76
13/01/2012,1.0322,1255.644,418.3128,1.268,1.5318,123.7319,188.1944,212.2817,2027.52,11836.11,2214.73,3961.42,3814.16,6.304,76.97
16/01/2012,1.0314,,,1.2667,1.5325,123.8509,188.4287,212.6127,,11666.7,,4003.7,3828.24,6.3095,76.78
17/01/2012,1.0376,1270.831,424.6638,1.2736,1.5335,123.6882,188.4038,212.6827,2028.95,11789.29,2222.59,4063.15,3852.94,6.296,76.83
18/01/2012,1.0437,1261.127,425.7396,1.2863,1.5438,123.663,188.3627,212.7797,2023.96,11906.51,2247.64,4052.99,3860.42,6.275,76.82
19/01/2012,1.0419,1270.148,424.3571,1.2968,1.5488,123.6497,188.1754,211.3309,2016.88,12030.58,2258.8,4128.28,3886.67,6.2955,77.11
20/01/2012,1.0484,1251.081,426.8156,1.2931,1.5576,123.5742,188.4424,210.2224,2011.36,12206.98,2260.37,4114.58,3878.14,6.3035,77.01
23/01/2012,1.0525,1258.962,430.4783,1.3013,1.5567,123.4945,188.7353,209.1039,2008.12,12206.34,2261.47,4139.12,3914.71,6.3045,77.02
24/01/2012,1.0492,1255.538,426.9706,1.3036,1.5626,123.4713,188.557,209.2157,2008.15,12233.4,2259.22,4123.24,3893.96,6.3075,77.67
25/01/2012,1.0597,1252.913,436.0872,1.3106,1.5658,123.4392,188.7439,209.5333,2013.54,12370.36,2278.83,4110.23,3875.6,6.298,77.78
26/01/2012,1.0632,1261.364,442.976,1.3109,1.569,123.6259,189.6858,210.354,2020.18,12322.71,2265.84,4176.9,3924.48,6.293,77.45
27/01/2012,1.0658,1266.503,444.3848,1.322,1.5729,123.739,190.6164,210.56,2022.78,12311.78,2262.35,4136.53,3882.67,6.287,76.7
30/01/2012,1.0599,1259.2,444.1303,1.3144,1.571,123.7787,190.5322,211.7454,2028.87,12244.7,2256.72,4082.22,3840.44,6.313,76.35
31/01/2012,1.0621,1261.371,445.6673,1.3084,1.576,123.7583,190.9213,212.5597,2032.77,12257.87,2255.69,4102.65,3847.57,6.3035,76.27
01/02/2012,1.0705,1267.082,447.9982,1.3161,1.5834,123.8124,191.8691,211.3528,2027.56,12268.01,2276.24,4194.54,3921.45,6.294,76.2
02/02/2012,1.0712,1272.222,450.5083,1.3144,1.5806,123.8327,192.3918,209.9944,2028.71,12361.35,2278.92,4207.05,3925.08,6.292,76.22
03/02/2012,1.0771,1301.34,445.6435,1.3158,1.5815,123.8466,192.1159,208.4302,2017.05,12298.84,2312.49,4269.85,3996.18,6.2915,76.6
06/02/2012,1.0726,1317.56,441.7019,1.313,1.5821,123.7673,192.3926,208.6324,2022.41,12434.29,2311.55,4257.54,3990.18,6.2988,76.55
07/02/2012,1.0809,1318.59,447.7206,1.3261,1.5896,123.6966,192.0641,207.81,2016.61,12418.03,2316.27,4268.11,3988.86,6.2915,76.76
08/02/2012,1.0799,1326.929,443.3427,1.326,1.5818,123.582,192.0341,208.126,2015.99,12554.6,2322.11,4266.06,3979.4,6.2855,77.04
09/02/2012,1.0785,1342.917,445.8788,1.3286,1.5818,123.588,192.1069,206.322,2011.53,12536.01,2325.56,4282.06,3992.63,6.2915,77.67
10/02/2012,1.0673,1328.076,441.8082,1.3197,1.5755,123.653,191.991,207.712,2018.25,12459.32,2309.6,4211.46,3963.46,6.295,77.61
13/02/2012,1.0732,1334.822,441.7088,1.3186,1.5767,123.6489,192.2912,207.9338,2016.01,12531.75,2325.81,4229.78,3999.56,6.297,77.57
14/02/2012,1.0691,1332.656,439.8662,1.3134,1.5692,123.7248,192.2993,208.7513,2021.73,12605.4,2324,4224.25,3995.62,6.301,78.44
15/02/2012,1.0697,1349.445,442.5305,1.3066,1.5693,123.7697,191.9128,209.1028,2020.85,12895.43,2312.28,4234.75,4004.64,6.295,78.43
16/02/2012,1.0755,1361.552,442.6085,1.313,1.58,123.9029,192.0012,208.1018,2014.46,12865.02,2338.12,4226.92,4000.03,6.3035,78.94
17/02/2012,1.0706,1356.189,441.9695,1.314,1.5827,123.9303,192.0153,207.0612,2013.19,13068.44,2343.67,4279.83,4013.41,6.2965,79.55
20/02/2012,1.0756,,,1.3243,1.5851,123.9563,192.3757,206.2892,,13208.98,,4330.72,4040.72,6.2945,79.63
21/02/2012,1.0663,1379.84,450.3224,1.3234,1.5778,123.8471,192.5753,206.9304,2010.13,13178.25,2345.41,4315.98,4029.13,6.2985,79.74
22/02/2012,1.0638,1390.919,453.6013,1.3249,1.5669,123.7394,192.6177,208.0078,2014.54,13304.95,2337.67,4277.6,4023.59,6.297,80.29
23/02/2012,1.0717,1399.601,457.4436,1.3373,1.5745,123.7215,192.7487,208.7213,2016.21,13362.84,2348.11,4259.06,4038.1,6.2965,80
24/02/2012,1.0694,1421.414,454.9095,1.3448,1.5875,123.738,192.9333,209.2579,2016.76,13434.99,2352.34,4285.56,4036.22,6.297,81.2
27/02/2012,1.0758,1407.265,454.5286,1.3398,1.5824,123.7434,193.3553,210.2142,2022.65,13426.36,2355.74,4267.52,4022.9,6.3025,80.61
28/02/2012,1.0766,1377.466,457.9872,1.3458,1.5901,123.8168,193.6923,210.4037,2021.89,13549.82,2364.03,4278.82,4031.31,6.2965,80.46
29/02/2012,1.0732,1388.09,438.2443,1.3325,1.5917,123.8711,194.3217,209.5793,2018.29,13550.82,2353.23,4265.91,3998.11,6.297,81.15
01/03/2012,1.0809,1426.919,441.0371,1.3311,1.5957,123.9042,195.2183,208.2351,2013.04,13528.7,2367.87,4327.96,4038.79,6.2965,81.12
02/03/2012,1.0733,1400.089,437.863,1.3198,1.5835,123.8072,195.65,209.6245,2018.02,13625.78,2360.28,4323.72,4025.09,6.2975,81.81
05/03/2012,1.0671,1403.87,436.3562,1.3217,1.5865,123.818,195.1914,209.2703,2015.59,13516.46,2351.28,4296.05,4000.36,6.3025,81.56
06/03/2012,1.0553,1386.402,428.2135,1.3112,1.5717,123.8363,194.5454,209.8429,2021.59,13431.5,2315.21,4149.43,3926.13,6.312,80.89
07/03/2012,1.0583,1410.842,431.2363,1.3149,1.5742,123.9045,194.8997,209.7338,2018.32,13345.69,2331.89,4179.47,3951.14,6.3075,81.09
08/03/2012,1.0644,1426.973,435.0262,1.3275,1.5831,123.8667,195.3647,209.6493,2013.99,13614.53,2355.01,4270.26,3997.75,6.308,81.56
09/03/2012,1.0576,1431.261,438.303,1.3123,1.5674,123.8466,195.4718,209.4686,2011.69,13838.6,2363.56,4273.2,4016.69,6.3045,82.46
12/03/2012,1.0516,1424.706,435.2819,1.3155,1.5641,123.9241,195.29,210.4345,2012.6,13783.02,2364.1,4271.53,4020.28,6.317,82.23
13/03/2012,1.0553,1435.722,433.8507,1.3084,1.5705,123.9779,195.0749,209.1766,2005.25,13795.87,2407.79,4342.6,4063.37,6.3378,82.94
14/03/2012,1.0453,1424.213,420.684,1.3032,1.5675,123.7328,194.4732,206.1521,1989.6,14006.92,2404.98,4373.13,4060.89,6.3315,83.73
15/03/2012,1.0525,1402.343,424.9039,1.308,1.5711,123.2783,194.2574,205.5684,1990.3,14108.6,2419.37,4405.71,4057.68,6.3305,83.57
16/03/2012,1.059,1436.194,423.959,1.3175,1.5844,123.4195,193.7946,204.4923,1989.12,14117.73,2422.09,4430.05,4074.65,6.3205,83.43
19/03/2012,1.0607,1435.975,426.9284,1.3238,1.5894,123.5725,194.1523,205.0465,1982.34,14134.68,2431.73,4432.84,4071.6,6.3165,83.35
20/03/2012,1.048,1419.17,421.739,1.3225,1.5863,123.577,193.9458,204.9188,1982.59,,2424.46,4378.78,4023.99,6.327,83.7
21/03/2012,1.0459,1417.907,422.5839,1.3216,1.5873,123.6874,193.8353,205.984,1989.83,14057.33,2420.02,4363.44,4026.47,6.3255,83.41
22/03/2012,1.0389,1405.017,420.5906,1.3201,1.5821,123.6558,193.723,206.4378,1991.87,14113.9,2402.71,4299.94,3994.83,6.316,82.54
23/03/2012,1.0467,1424.362,425.7056,1.327,1.5869,123.6867,194.0035,206.8668,1995.88,13952.78,2410.16,4291.81,4001.14,6.307,82.35
26/03/2012,1.0534,1431.742,431.6666,1.3359,1.5971,123.7594,194.1588,206.1907,1995.71,13962.22,2443.64,4316.34,4033.82,6.3145,82.82
27/03/2012,1.046,1428.752,431.5398,1.3313,1.5951,123.7426,193.9939,207.2368,2000.6,14292.4,2437.01,4291.42,4011.16,6.311,83.17
28/03/2012,1.0389,1414.134,424.5858,1.3317,1.5889,123.8121,194.1052,207.6878,2000.18,14314.53,2425.55,4242.95,3973.13,6.316,82.9
29/03/2012,1.0383,1392.953,423.1549,1.3302,1.5958,123.8578,193.5656,207.8929,2003.54,14219.25,2421.7,4168.26,3927.34,6.3165,82.46
30/03/2012,1.0346,1397.216,427.5028,1.3343,1.6008,123.9373,194.4037,207.748,1998.04,14175.35,2430.67,4209.98,3945.41,6.315,82.87
02/04/2012,1.0419,1429.578,429.5003,1.3321,1.6024,123.7474,194.4907,207.4561,1999.91,14212.34,2449.08,4250.59,4018.21,6.3108,82.08
03/04/2012,1.0331,1426.127,427.5323,1.3233,1.5913,123.5716,194.1358,208.1953,1991.99,14128.72,2439.89,4178.87,3993.21,6.3095,82.81
04/04/2012,1.027,1397.692,412.7281,1.3142,1.589,123.5709,193.2673,207.5231,1996.22,13804.83,2415.05,4076.03,3901.9,6.313,82.46
05/04/2012,1.0299,1407.712,416.8202,1.3066,1.5828,123.743,193.0219,208.3296,2001.73,13731.19,2414.4,4070.17,3915.52,6.3148,82.37
06/04/2012,1.0307,,,1.3096,1.5871,123.8475,,,2012.98,13619.91,,,3915.52,6.3115,81.64
09/04/2012,1.0313,1399.894,420.3523,1.3106,1.5892,124.0231,,,2015.1,13420.02,2387.03,,3915.52,6.311,81.49
10/04/2012,1.0251,1370.309,424.6492,1.3082,1.5862,124.1589,192.414,211.197,2020.1,13408.44,2346.27,3949.37,3827.87,6.3095,80.67
11/04/2012,1.03,1375.378,424.5479,1.311,1.5907,124.1916,192.9233,210.4071,2016.43,13296.99,2364.09,3983.11,3855.57,6.3113,80.86
12/04/2012,1.0438,1394.954,429.7397,1.3188,1.596,124.2111,193.4968,209.6434,2014.6,13389.84,2396.69,4001.61,3907.39,6.3025,80.89
13/04/2012,1.037,1390.697,424.5243,1.3078,1.5847,124.2283,193.0544,210.3845,2019.57,13549.82,2366.84,3902.8,3867.24,6.2975,80.93
16/04/2012,1.0356,1363.305,421.8424,1.3142,1.59,124.2795,192.7149,210.1972,2022.46,13314.55,2365.65,3920.64,3877.15,6.3065,80.41
17/04/2012,1.039,1366.302,422.2013,1.3127,1.5924,124.3326,193.0524,209.1846,2019.16,13306.21,2402.29,4032.83,3946.04,6.2985,80.85
18/04/2012,1.0359,1356.748,419.2616,1.3123,1.6023,124.2803,193.2677,208.7666,2021.67,13590.97,2392.57,3966.04,3934.82,6.305,81.26
19/04/2012,1.0331,1356.636,419.7228,1.3138,1.6052,124.2925,192.7645,208.238,2023.69,13480.07,2378.48,3892.48,3934.3,6.305,81.61
20/04/2012,1.038,1364.699,420.0817,1.3219,1.6122,124.2722,192.5014,208.1567,2022.08,13442.08,2381.32,3941.9,3953.21,6.305,81.52
23/04/2012,1.0319,1363.557,417.4763,1.3156,1.6132,124.4034,192.3697,208.7022,2026.34,13415.1,2361.35,3828.59,3880.21,6.3075,81.18
24/04/2012,1.0315,1357.918,420.3412,1.3197,1.6144,124.3453,192.8155,208.7774,2023.71,13310.88,2370.04,3895.52,3910.29,6.3073,81.32
25/04/2012,1.0353,1367.823,419.9586,1.3217,1.6163,124.3998,193.1218,208.8232,2021.76,13441.58,2402.71,3963.61,3921.41,6.305,81.34
26/04/2012,1.039,1376.231,424.6135,1.3219,1.6186,124.4522,193.398,209.3543,2023.82,13442.73,2418.89,3963.24,3941.87,6.3035,80.99
27/04/2012,1.0471,1374.737,425.714,1.3255,1.6265,124.5942,193.2821,208.8018,2025.63,13385.17,2424.78,4004.81,3961.34,6.3055,80.27
30/04/2012,1.0429,1372.098,425.5634,1.3239,1.6234,124.6078,194.0127,208.6589,2027.1,,2415.42,3948.39,3934.37,6.3005,79.82
01/05/2012,1.0334,1373.829,425.1042,1.3237,1.6221,124.7442,194.0321,208.829,2022.96,13146.26,2429.1,3948.83,3985.42,6.299,80.09
02/05/2012,1.0333,1357.483,422.9573,1.3158,1.62,124.6744,194.051,209.913,2026.44,13187.45,2423.29,3922.95,3950.53,6.306,80.14
03/05/2012,1.0264,1333.768,418.0487,1.3152,1.6178,124.679,194.4524,209.8086,2026.63,,2405.17,3917.45,3956.32,6.3045,80.18
04/05/2012,1.0182,1299.345,420.7093,1.3084,1.6151,124.6835,194.9483,210.3497,2030.63,,2366.39,3862.01,3879.83,6.3055,79.85
07/05/2012,1.0197,1298.894,419.1527,1.3051,1.619,124.9584,,,2031.28,12820.36,2367.26,3923.23,3879.83,6.3075,79.92
08/05/2012,1.0121,1294.077,410.3083,1.3005,1.6158,124.8771,195.4097,211.6624,2034.71,12908.24,2357.45,3844.23,3810.87,6.308,79.87
09/05/2012,1.0051,1298.192,407.6769,1.2929,1.6128,124.9849,194.4615,211.8249,2034.23,12716.21,2342.31,3827.16,3804.4,6.313,79.64
10/05/2012,1.0082,1293.73,408.01,1.2936,1.6146,124.9143,195.1131,210.7618,2032.99,12666.43,2348.93,3875.87,3813.97,6.313,79.93
11/05/2012,1.002,1286.27,405.0736,1.2917,1.6069,124.9597,195.2684,210.9627,2036.62,12587.22,2341.23,3891.63,3835.69,6.313,79.94
14/05/2012,0.9958,1276.065,399.1779,1.2823,1.6092,124.9868,194.6985,212.406,2041.64,12616.08,2315.45,3800.86,3760.01,6.3195,79.85
15/05/2012,0.9937,1278.97,398.183,1.2729,1.5993,125.0146,193.9222,212.0857,2042.11,12513.31,2302.56,3760.67,3740.82,6.319,80.18
16/05/2012,0.9914,1262.026,392.9237,1.2716,1.591,125.2429,194.0034,212.6869,2043.33,12373.33,2293.21,3754.92,3722.91,6.325,80.33
17/05/2012,0.9888,1235.795,402.7306,1.2698,1.5797,125.1294,194.1588,213.1657,2049.32,12479.36,2258.93,3708.41,3676.85,6.3255,79.28
18/05/2012,0.9844,1229.762,407.0983,1.278,1.5817,125.3569,194.3551,214.2821,2049.55,12106.41,2242.25,3712.2,3628.12,6.3265,79.02
21/05/2012,0.9915,1248.113,406.2844,1.2818,1.5835,125.0758,194.425,213.8931,2048.58,12138.15,2278.24,3728.02,3653.5,6.3265,79.31
22/05/2012,0.981,1243.937,403.1699,1.2684,1.5762,125.0603,195.1529,213.1958,2042.15,12272.27,2279.4,3802.03,3721.55,6.3235,79.96
23/05/2012,0.9746,1213.758,395.9695,1.2582,1.5692,124.9765,195.2737,214.6407,2049.58,12029.49,2283.36,3700.41,3627.58,6.333,79.47
24/05/2012,0.9763,1224.093,398.3198,1.2532,1.5671,124.9849,196.3221,215.0058,2045.41,12039.02,2286.87,3740.92,3685.19,6.3405,79.6
25/05/2012,0.9758,1229.9,401.232,1.2517,1.5666,124.8122,196.1813,215.2844,2046.11,12062.99,2281.92,3754.78,3686.21,6.3455,79.68
28/05/2012,0.9852,,,1.2541,1.5682,124.8646,195.7126,215.1486,,12080.93,,3730.57,3689.52,6.3415,79.47
29/05/2012,0.9848,1228.983,396.0773,1.2503,1.5641,125.1308,195.7282,214.6495,2047.08,12171.37,2307.57,3752.08,3713.49,6.3455,79.49
30/05/2012,0.9704,1192.419,399.8322,1.2367,1.5478,125.168,195.4045,216.6038,2057.94,12137.78,2275.19,3677.9,3652,6.3595,79.07
31/05/2012,0.9734,1173.732,399.4501,1.2365,1.5405,125.3176,196.3937,218.2081,2061.85,12010.6,2270.25,3682.69,3668.25,6.3665,78.32
01/06/2012,0.9701,1133.802,414.237,1.2434,1.5363,125.3896,197.4758,219.6774,2072.35,11866.52,2214.41,3596.81,3626.42,6.3715,78.02
04/06/2012,0.9728,1138.105,412.1459,1.2499,1.5384,125.314,,,2067.44,11663.19,2214.7,3614.72,3626.42,6.369,78.34
05/06/2012,0.9742,1138.224,412.9128,1.2452,1.5383,125.014,,,2064.41,11784.62,2227.45,3629.22,3626.42,6.3675,78.75
06/06/2012,0.9927,1158.193,417.3317,1.2582,1.5497,125.0998,197.1392,217.6423,2055.78,11997.66,2279.42,3716.89,3721.58,6.3575,79.19
07/06/2012,0.9894,1151.694,405.5343,1.2561,1.5528,125.0185,196.4471,215.6445,2054.5,12146.96,2279.28,3726.2,3765.6,6.361,79.63
08/06/2012,0.9916,1149.375,406.4034,1.2517,1.5474,125.2159,196.2977,217.2868,2054.62,11893.24,2297.82,3730.81,3756.81,6.372,79.49
11/06/2012,0.9864,1133.594,407.7849,1.2482,1.5486,125.1107,195.3045,216.8593,2058.55,12126.12,2268.94,3721.16,3754.94,6.3695,79.44
12/06/2012,0.9959,1126.4,412.1273,1.2503,1.557,125.2052,193.6545,215.7848,2052.68,12002.14,2295.4,3731.05,3783.54,6.3705,79.53
13/06/2012,0.9934,1122.107,413.5584,1.2557,1.5505,125.0458,192.8904,214.4856,2058.2,12074.01,2280.13,3731.26,3790.5,6.3685,79.48
14/06/2012,1.0024,1127.682,413.6104,1.2633,1.5563,125.0579,193.1052,214.4808,2057.44,12047.37,2304.83,3739.44,3778.91,6.3705,79.35
15/06/2012,1.0075,1132.444,415.7821,1.2638,1.5715,125.1314,194.2885,215.7612,2060.21,12047.97,2328.66,3796.92,3787.04,6.375,78.73
18/06/2012,1.0124,1115.387,415.5042,1.2576,1.5666,125.218,193.7459,216.1592,2060.88,12261.25,2332.07,3758.96,3795.53,6.3665,79.11
19/06/2012,1.0188,1113.184,414.5348,1.2685,1.5725,125.3598,193.5505,215.2449,2057.2,12169.65,2355.01,3832.85,3861.34,6.3585,78.95
20/06/2012,1.0194,1079.637,412.6461,1.2707,1.5718,125.2666,193.8726,215.4622,2055.47,12305.35,2351.14,3849.39,3887.42,6.358,79.54
21/06/2012,1.0034,1040.286,399.8015,1.254,1.5592,125.2296,194.6668,216.9503,2058.45,12406.8,2299.16,3836.26,3848.75,6.3655,80.28
22/06/2012,1.0064,1059.443,400.16,1.257,1.5588,125.2688,194.836,216.9713,2053.02,12370.81,2315.65,3814.27,3812.33,6.3735,80.43
25/06/2012,1.0011,1060.264,405.654,1.2504,1.5574,125.2281,194.3828,217.7685,2059.76,12287.71,2278.98,3716.42,3768.74,6.372,79.66
26/06/2012,1.0064,1081.86,402.2073,1.2491,1.5642,125.2775,193.2853,217.1847,2057.95,12188.46,2289.86,3711.61,3766.19,6.367,79.52
27/06/2012,1.008,1085.462,403.1022,1.2468,1.5568,125.3848,193.061,217.0708,2058.7,12295.47,2310.98,3777.3,3820.52,6.3635,79.72
28/06/2012,1.0045,1061.666,395.9525,1.2444,1.5519,125.3672,193.1004,217.847,2062.44,12497.74,2306.22,3763.36,3799.17,6.3642,79.46
29/06/2012,1.0238,1136.316,409.6934,1.2667,1.5707,125.2417,194.8392,216.0059,2054.68,12683.56,2363.79,3950.16,3853.18,6.36,79.79
02/07/2012,1.0249,1127.734,408.0366,1.2576,1.5691,125.3694,195.6219,216.8524,2062.85,12678.91,2369.75,3997.88,3901.25,6.3525,79.51
03/07/2012,1.0283,1166.513,414.1926,1.2608,1.5689,125.4262,196.0815,215.3748,2057.9,12767.78,2385.06,4047.33,3933.82,6.352,79.79
04/07/2012,1.0276,,,1.2527,1.5589,125.3734,196.0198,215.9655,,12820.7,,4035.64,3932.1,6.347,79.88
05/07/2012,1.0287,1164.662,411.0281,1.2392,1.5525,125.4051,195.5965,216.562,2060.84,12786.38,2373.91,3987.67,3937.75,6.3575,79.92
06/07/2012,1.0213,1135.293,403.2398,1.2291,1.5495,125.502,196.2928,217.4519,2065.85,12703.22,2352.34,3901.44,3916.99,6.3725,79.66
09/07/2012,1.0208,1157.825,405.8481,1.2313,1.5527,125.5853,195.75,218.0483,2069.51,12528.78,2348.52,3888.16,3892.57,6.3706,79.56
10/07/2012,1.0192,1133.23,403.4804,1.225,1.552,125.635,196.5544,217.8835,2071.11,12473.65,2329.46,3913.7,3917.99,6.3646,79.43
11/07/2012,1.0251,1156.875,402.4458,1.2239,1.5501,125.7575,197.519,218.3551,2071.18,12464.17,2329.71,3921.35,3918.27,6.3651,79.76
12/07/2012,1.0139,1162.983,399.7801,1.2203,1.5428,125.8101,197.6411,219.1734,2073.04,12279.71,2318.09,3889.55,3879.38,6.3721,79.31
13/07/2012,1.0226,1175.074,406.6043,1.2249,1.5575,125.8575,197.564,219.127,2071.58,12285.5,2356.4,3947.17,3919.42,6.3725,79.18
16/07/2012,1.0249,1198.46,406.4801,1.2273,1.5637,125.871,197.7059,220.0049,2075.96,,2350.94,3934.7,3916.86,6.3786,78.87
17/07/2012,1.0316,1205.126,405.9464,1.2294,1.5654,125.9285,198.1556,220.0106,2072.13,12328.99,2368.36,3932.59,3893.8,6.3725,79.06
18/07/2012,1.0363,1216.935,401.1857,1.2284,1.5653,126.0732,197.875,220.5882,2074.48,12289.19,2384.54,3991.9,3933.87,6.3715,78.8
19/07/2012,1.0427,1245.927,403.6313,1.2281,1.5725,126.2297,198.085,219.6095,2071.55,12386.09,2391.27,4022.93,3953.54,6.3705,78.59
20/07/2012,1.0378,1236.579,404.2181,1.2157,1.5623,126.1106,197.6034,220.0583,2077.05,12209.1,2367.26,3909.15,3910.35,6.3735,78.49
23/07/2012,1.0259,1192.872,402.8462,1.2117,1.5507,126.2835,196.264,220.1418,2079.99,11981.6,2346.22,3807.77,3828.78,6.3855,78.4
24/07/2012,1.0221,1193.459,402.5417,1.2061,1.5506,126.1269,194.8762,220.651,2083.16,11953.11,2325.02,3759.26,3804.81,6.387,78.18
25/07/2012,1.0307,1204.567,410.6659,1.2158,1.5498,126.1794,195.1039,220.5671,2083.02,11781.04,2324.33,3772.43,3805.63,6.389,78.16
26/07/2012,1.0397,1211.35,412.475,1.2283,1.5687,126.1232,196.8434,220.3233,2080.87,11889.75,2362.85,3933.12,3857.43,6.3865,78.21
27/07/2012,1.0483,1225.38,413.2145,1.2322,1.5748,126.0468,197.1299,219.223,2067.88,12064.4,2408.07,4020.79,3894.84,6.382,78.46
30/07/2012,1.0503,1223.169,413.5488,1.226,1.571,125.8312,197.6357,219.1531,2074.12,12161.29,2406.99,4089.08,3940.81,6.3825,78.18
31/07/2012,1.0503,1207.392,411.1564,1.2304,1.5678,125.7403,198.0169,220.5959,2075.36,12245.25,2396.62,4063.58,3900.43,6.3755,78.12
01/08/2012,1.0461,1215.462,409.2987,1.2225,1.5536,125.8559,198.0127,219.8062,2070.73,12170.31,2389.73,4076.97,3955.04,6.378,78.44
02/08/2012,1.0465,1209.738,405.0728,1.218,1.5515,125.817,197.887,220.8622,2076.53,12186.27,2372.31,3954.62,3920.06,6.3765,78.24
03/08/2012,1.0569,1246.329,409.8105,1.2387,1.564,126.1134,198.2508,219.0586,2066.75,12048.16,2417.77,4145.46,4006.59,6.3815,78.47
06/08/2012,1.0569,1256.16,411.5714,1.2401,1.5603,126.1122,198.7703,220.2885,2069.22,12289.23,2423.46,4192.17,4021.47,6.378,78.25
07/08/2012,1.0554,1279.659,410.7067,1.2399,1.5621,125.8392,198.2246,218.8539,2062.14,12397.7,2435.88,4263.68,4043.95,6.3735,78.61
08/08/2012,1.0571,1282.936,411.5227,1.2365,1.5656,125.669,198.5819,219.1777,2060.11,12507.34,2438.16,4250.72,4064.4,6.3705,78.43
09/08/2012,1.058,1297.084,412.5934,1.2306,1.5638,125.6516,198.6674,218.7002,2059.52,12644.56,2440.23,4259.03,4068.29,6.3655,78.57
10/08/2012,1.0577,1289.255,413.2567,1.2289,1.569,125.675,198.8108,220.0519,2062.83,12521.81,2445.64,4234.87,4065.23,6.368,78.28
13/08/2012,1.0517,1297.215,410.6626,1.2332,1.5684,125.7421,198.5883,219.3816,2062.66,12513.06,2443.05,4222.19,4054.64,6.3655,78.32
14/08/2012,1.0489,1301.661,408.0664,1.2322,1.5677,125.714,198.5277,218.7694,2055.68,12576.05,2443.16,4250.73,4077.51,6.3638,78.74
15/08/2012,1.0505,1325.395,409.1372,1.229,1.5683,125.5185,198.2973,217.2694,2048.52,12569.23,2446.82,4247.41,4063.58,6.371,78.99
16/08/2012,1.0511,1337.908,412.3472,1.2356,1.5733,125.1989,198.5642,217.2048,2045.3,12806.05,2464.38,4293.09,4064.6,6.3705,79.35
17/08/2012,1.042,1320.728,412.3993,1.2334,1.5697,125.4307,198.9086,217.6018,2047.15,12904.27,2469,4319.3,4077.08,6.3665,79.56
20/08/2012,1.0444,1320.974,413.3199,1.2346,1.5712,125.3572,199.1409,217.8389,2048.08,12916.47,2468.99,4310.55,4057.54,6.3618,79.43
21/08/2012,1.0487,1332.901,418.3889,1.2473,1.5787,125.452,199.0989,216.572,2049.09,12896.41,2460.41,4352.42,4080.63,6.3565,79.29
22/08/2012,1.0505,1336.88,417.779,1.2529,1.5881,125.4548,199.6002,217.595,2057.56,12860.95,2461.12,4287.12,4023.98,6.3575,78.58
23/08/2012,1.0441,1335.715,426.0059,1.2564,1.5861,125.3258,199.9492,218.5993,2061.73,12926.27,2441.29,4245.94,4025.65,6.3575,78.49
24/08/2012,1.0403,1321.106,426.0326,1.2512,1.581,125.4527,199.9858,219.5212,2060.28,12775.07,2457.4,4254.78,4025.65,6.3585,78.67
27/08/2012,1.0369,1305.803,426.7239,1.2499,1.5794,125.4457,,,2063.47,12795.67,2456.22,4303.01,4025.65,6.3615,78.74
28/08/2012,1.0377,1311.418,425.2226,1.2565,1.5819,125.4403,199.9965,220.0919,2064.75,12722.29,2454.39,4268.57,4025.03,6.3595,78.51
29/08/2012,1.0352,1310.136,423.5176,1.253,1.5833,125.5369,199.7668,219.8317,2063.11,12784.02,2457.05,4254.78,4003.82,6.3565,78.71
30/08/2012,1.0289,1311.777,422.0162,1.2506,1.5785,125.5069,199.6973,220.7302,2066.78,12662.76,2438.2,4201.6,3987.04,6.355,78.63
31/08/2012,1.0322,1333.291,429.785,1.2579,1.5866,125.5495,199.3866,220.0532,2072.69,12459.97,2450.6,4266.11,3981.48,6.3515,78.39
03/09/2012,1.0246,,,1.2593,1.5886,125.674,199.3069,219.8622,,12381.01,,4305.37,4014.19,6.3477,78.26
04/09/2012,1.0225,1328.513,431.9292,1.2566,1.587,125.6385,199.9733,220.3304,2071.53,12369.2,2447.8,4258.82,3953.97,6.3478,78.43
05/09/2012,1.0193,1317.528,431.4211,1.2601,1.5902,125.7303,200.1117,219.9022,2070.49,12234.32,2445.81,4268.02,3948.76,6.351,78.39
06/09/2012,1.0284,1322.091,434.3765,1.2631,1.5932,125.6481,200.3089,218.381,2062.37,12235.38,2496.12,4413.34,4032.15,6.348,78.86
07/09/2012,1.0385,1329.927,443.2659,1.2816,1.601,125.593,201.4631,218.7752,2062.95,12504.71,2506.37,4439.51,4044.34,6.341,78.24
10/09/2012,1.0335,1336.368,441.0539,1.2758,1.599,125.7329,200.7746,217.7449,2061.48,12501.5,2491.11,4421.9,4043.22,6.3425,78.29
11/09/2012,1.0434,1341.688,441.8447,1.2855,1.607,125.7331,201.3093,217.518,2061,12414.12,2498.95,4472.83,4042.51,6.3382,77.77
12/09/2012,1.0466,1348.446,441.5403,1.29,1.6107,125.6753,201.311,216.0949,2055.26,12629.18,2504.84,4485.33,4035.99,6.331,77.86
13/09/2012,1.0547,1354.486,451.3212,1.2991,1.6155,125.5016,201.5784,216.9542,2055.8,12678.78,2546.03,4447.59,4062.4,6.335,77.49
14/09/2012,1.0551,1363.57,451.4753,1.313,1.6217,125.6549,200.6601,214.4368,2045.76,12910.28,2556.13,4537.37,4129.15,6.321,78.39
17/09/2012,1.0476,1328.709,450.9442,1.3117,1.6251,125.6684,200.3793,215.1574,2048.85,,2548.26,4518.16,4113.78,6.324,78.71
18/09/2012,1.0457,1307.624,451.0984,1.3048,1.6244,125.4898,200.84,215.8414,2050.96,12860.36,2545.05,4465.4,4096.07,6.329,78.82
19/09/2012,1.048,1261.209,451.227,1.3049,1.6222,125.431,201.3607,216.5105,2053.34,13013.21,2548.11,4490.34,4111.29,6.321,78.38
20/09/2012,1.0436,1279.121,450.8463,1.2968,1.6215,125.5798,201.4221,217.415,2054.15,12808.5,2547.11,4464.74,4087.66,6.315,78.24
21/09/2012,1.0458,1295.736,452.8342,1.298,1.623,125.6329,201.3074,216.4364,2055.31,12840.95,2546.92,4506.8,4086.25,6.3135,78.17
24/09/2012,1.0425,1279.843,449.4253,1.2931,1.6219,125.7182,201.6081,216.7298,2059.06,12783.57,2541.23,4479.21,4076.63,6.3165,77.85
25/09/2012,1.039,1284.913,449.8851,1.2899,1.6188,125.7438,201.2307,216.8936,2062.12,12814.93,2514.83,4500.11,4091.21,6.312,77.8
26/09/2012,1.0371,1279.143,446.6265,1.2873,1.6165,125.8563,201.4004,219.2027,2067.87,12658.58,2500.92,4377.53,4028.42,6.3055,77.75
27/09/2012,1.0442,1301.886,453.479,1.2913,1.6235,125.8322,201.6613,218.4238,2065.76,12719.94,2525.23,4390.74,4036.33,6.3115,77.61
28/09/2012,1.0378,1306.956,451.7995,1.286,1.6167,125.8689,201.9865,218.5711,2066.35,12606.65,2513.93,4299.99,4010.25,6.3015,77.96
01/10/2012,1.0361,1304.612,454.1977,1.2888,1.613,125.9071,201.9667,218.0788,2067.43,12501.98,2520.71,4379.31,4064.99,6.3035,77.99
02/10/2012,1.0267,1299.077,452.2376,1.292,1.6134,125.9343,202.2277,218.3421,2068.42,12487.11,2523.08,4370.15,4057.31,6.3009,78.16
03/10/2012,1.0216,1258.904,453.3084,1.2905,1.6076,125.8697,202.2176,218.8178,2067.99,12431.43,2532.79,4368.21,4068.94,6.306,78.49
04/10/2012,1.0241,1307.684,457.5629,1.3018,1.6191,125.861,202.1554,218.6258,2063.9,12541.89,2550.98,4356.41,4070.32,6.3015,78.48
05/10/2012,1.0187,1301.679,453.5653,1.3045,1.6136,125.7751,202.3803,217.2418,2057.07,12596.91,2551.03,4436.09,4100.52,6.2955,78.67
08/10/2012,1.019,1298.389,452.2695,1.2968,1.6027,125.7885,202.5587,217.9554,,,2542.21,4374.54,4080.06,6.2935,78.33
09/10/2012,1.0205,1326.551,449.5453,1.2885,1.6003,125.8484,202.5508,218.0824,2059.27,12463.73,2517.14,4332.72,4058.07,6.2935,78.26
10/10/2012,1.0234,1323.727,449.572,1.2875,1.6006,125.8281,202.6338,217.3671,2061.7,12217.37,2501.75,4305.22,4036.64,6.2895,78.18
11/10/2012,1.0264,1342.347,450.9741,1.2928,1.6045,125.9135,202.8758,217.2888,2063.66,12147.09,2502.66,4358.74,4073.7,6.281,78.34
12/10/2012,1.0233,1330.097,448.1991,1.2951,1.6072,125.8595,203.514,218.2766,2064.72,12129.1,2495.28,4327.22,4048.25,6.2735,78.44
15/10/2012,1.0253,1337.767,442.574,1.2949,1.6071,125.9107,203.3893,217.9469,2064.71,12191.36,2515.44,4355.31,4056.83,6.267,78.65
16/10/2012,1.0275,1334.707,444.7912,1.3054,1.6111,125.8841,203.0856,216.6005,2059.33,12366.71,2541.28,4465.34,4102.2,6.2625,78.89
17/10/2012,1.0383,1326.463,446.499,1.3119,1.6149,125.8073,203.233,215.0412,2051.15,12516.28,2552.05,4507.26,4131.19,6.2525,78.93
18/10/2012,1.0366,1316.688,444.3862,1.3067,1.6044,125.6452,203.3419,215.325,2049.87,12766.86,2545.95,4514.9,4135.49,6.256,79.28
19/10/2012,1.0331,1288.885,439.1151,1.3024,1.6004,125.7304,203.5815,215.4974,2054.78,12795.03,2503.8,4458.87,4120.88,6.257,79.32
22/10/2012,1.032,1280.531,439.7048,1.306,1.6016,125.775,203.3318,215.1394,2052.87,12806.44,2504.96,4439.33,4111.62,6.2495,79.94
23/10/2012,1.0265,1265.924,435.4014,1.2987,1.5953,125.6703,203.0086,216.5465,2055.94,12811.47,2468.78,4346.05,4052.21,6.254,79.85
24/10/2012,1.0356,1260.272,433.4159,1.2974,1.6038,125.7071,203.1007,216.3656,2055.5,12726.27,2461.18,4368.25,4060.86,6.2455,79.81
25/10/2012,1.0347,1266.402,436.3208,1.2934,1.6118,125.7195,202.943,215.5697,2050.09,12869.67,2468.6,4355.71,4061.05,6.238,80.3
26/10/2012,1.0373,1278.306,436.0418,1.2938,1.6105,125.8683,203.1092,216.5965,2056.49,12695.55,2466.8,4377.94,4062.21,6.243,79.65
29/10/2012,1.0332,1274.664,435.2304,1.2904,1.6033,125.8063,203.1354,217.9804,2059.5,12690.26,,4347.65,4054.09,6.2475,79.8
30/10/2012,1.0365,1271.37,436.0979,1.2959,1.6073,125.8566,203.2154,217.4654,,12565.99,,4412.82,4092.43,6.2428,79.63
31/10/2012,1.0376,1267.368,437.8824,1.296,1.6129,125.8005,203.4527,217.0198,2062.85,12688.71,2467.51,4391.16,4045.55,6.242,79.77
01/11/2012,1.0401,1264.78,436.967,1.2943,1.613,125.8086,203.7054,216.4024,2059.79,12714.46,2494.67,4444.17,4100.97,6.242,80.12
02/11/2012,1.0337,1236.859,426.7034,1.2835,1.6021,125.7736,203.6932,216.6239,2058.64,12862.75,2471.3,4467.81,4105.61,6.2425,80.43
05/11/2012,1.0365,1259.731,428.7456,1.2796,1.5979,125.8113,203.6434,217.2971,2063.04,12799.68,2476.94,4416.12,4084.98,6.2415,80.29
06/11/2012,1.0435,1297.794,436.847,1.2814,1.5997,125.8865,204.1055,217.2328,2058.04,12753.77,2496.46,4448.15,4117.05,6.2415,80.35
07/11/2012,1.0408,1249.015,436.5935,1.2771,1.5985,125.8581,204.32,218.251,2067.79,12750.7,2439.48,4349.39,4055.86,6.2365,80
08/11/2012,1.0405,1254.355,439.6558,1.2747,1.5984,126.0534,204.1498,218.3896,2071.63,12557.81,2409.72,4349.45,4044.95,6.2339,79.47
09/11/2012,1.0387,1276.836,440.9045,1.2714,1.5896,126.0971,204.4474,218.8274,2072.77,12444.77,2413.92,4350.66,4040.49,6.2365,79.49
12/11/2012,1.0428,1274.642,440.9084,1.271,1.5877,126.1406,204.4291,218.7599,,12329.5,2414.24,4340.17,4038.8,6.222,79.5
13/11/2012,1.0435,1265.877,439.3575,1.2704,1.5871,126.131,204.6755,218.8907,2075.58,12307.63,2405.38,4374.6,4052.1,6.219,79.38
14/11/2012,1.0376,1277.903,440.7325,1.2736,1.5841,126.0841,204.4358,218.0322,2075.41,12312.86,2372.94,4338.98,4014.1,6.21,80.25
15/11/2012,1.0332,1271.479,436.5617,1.2781,1.5867,126.0307,204.5458,218.5351,2075.61,12547.32,2369.32,4319.55,3983.05,6.231,81.17
16/11/2012,1.0339,1280.886,436.7665,1.2743,1.5883,126.017,204.693,218.9819,2076.45,12823.63,2381.02,4259.11,3932.43,6.2438,81.32
19/11/2012,1.0412,1312.202,441.8073,1.2814,1.5909,126.0371,204.5651,218.153,2073.34,13007,2428.47,4378.58,4025.08,6.2335,81.41
20/11/2012,1.0389,1290.78,439.061,1.2817,1.5927,126.0919,204.2165,216.8071,2069.45,12991.99,2430.29,4403.86,4032.4,6.2355,81.68
21/11/2012,1.0369,1302.21,440.2577,1.2829,1.5952,126.0111,204.2544,216.7034,2066.92,13105.5,2435.97,4421.53,4040.08,6.23,82.52
22/11/2012,1.039,,,1.2884,1.5937,125.9542,204.4238,217.1871,,13310.53,,4448.57,4067.46,6.23,82.48
23/11/2012,1.0461,1307.335,446.1619,1.2976,1.6028,125.9586,204.5967,217.3442,2066.32,,2468.06,4487.06,4087.21,6.231,82.4
26/11/2012,1.0465,1302.703,445.7073,1.2972,1.6027,126.0491,204.7995,217.3288,2069.41,13341.99,2463.12,4461.61,4064.44,6.2258,82.08
27/11/2012,1.0446,1291.874,443.8769,1.2943,1.6022,126.0679,205.1081,217.0456,2070.88,13390.82,2450.48,4463.23,4073.56,6.2255,82.15
28/11/2012,1.0476,1285.569,437.2637,1.2953,1.6014,126.1378,206.2312,218.7026,2073.1,13228.04,2470.47,4469.19,4077.81,6.223,82.08
29/11/2012,1.0435,1299.738,439.987,1.2979,1.6041,126.153,206.2465,218.5994,2072.65,13359.53,2481.42,4530.95,4124.91,6.2115,82.12
30/11/2012,1.0428,1303.908,435.7143,1.2986,1.6013,126.158,206.4144,218.6888,2073.58,13423.66,2481.82,4519.66,4122.47,6.214,82.48
03/12/2012,1.0421,1301.419,437.8549,1.3054,1.6091,126.1689,206.4977,217.9111,2072.37,13440.95,2470.07,4532.14,4125.57,6.2135,82.25
04/12/2012,1.0472,1288.328,431.4196,1.3094,1.6101,126.1581,206.7315,218.0371,2074.34,13404.4,2465.9,4546.99,4124.02,6.207,81.9
05/12/2012,1.0456,1276.785,430.9119,1.3068,1.6097,126.2305,206.8013,217.6096,2075.5,13456.1,2470.59,4549.2,4141.34,6.207,82.47
06/12/2012,1.0486,1257.028,432.9482,1.297,1.6051,126.491,206.699,218.1386,2076.53,13564.56,2479.4,4569.08,4147.91,6.213,82.4
07/12/2012,1.0488,1255.127,433.8906,1.2927,1.6039,126.4253,206.8171,217.9374,2072.68,13539.31,2486.84,4565.5,4157.03,6.2105,82.49
10/12/2012,1.0488,1254.065,436.158,1.2941,1.6075,126.4556,206.0157,217.4043,2073.85,13548.35,2487.78,4556.1,4162.11,6.213,82.36
11/12/2012,1.0528,1259.663,434.938,1.3005,1.6115,126.4251,206.315,216.9695,2071.23,13536.37,2504.08,4605.27,4164.46,6.2278,82.52
12/12/2012,1.0555,1275.736,437.0507,1.3074,1.6149,126.4302,206.7286,217.0309,2067.29,13616.15,2505.76,4616.34,4179.2,6.2245,83.26
13/12/2012,1.0528,1257.05,431.6837,1.3077,1.6112,126.1611,206.8072,216.5222,2065.16,13845.33,2490.56,4611.64,4167.79,6.2215,83.65
14/12/2012,1.0566,1277.052,431.7357,1.3163,1.6174,126.1278,207.0042,216.4206,2067.04,13837.98,2480.36,4616.69,4162.27,6.2195,83.52
17/12/2012,1.0552,1270.752,432.0442,1.3164,1.6204,126.0568,206.9133,216.3136,2062.33,13967.75,2509.84,4614.95,4155.51,6.2215,83.89
18/12/2012,1.0535,1285.038,425.0483,1.3229,1.6252,125.9228,207.109,215.3381,2056.02,14101.52,2538.72,4642.17,4172.21,6.2112,84.21
19/12/2012,1.0481,1303.134,424.2856,1.3227,1.6247,125.8373,207.4315,214.8593,2058.73,14438.87,2519.54,4661.8,4190.58,6.2083,84.41
20/12/2012,1.0483,1301.826,418.7398,1.3244,1.6279,125.9434,207.709,215.2788,2058.61,14266.82,2533.91,4668.14,4188.29,6.2115,84.39
21/12/2012,1.0396,1287.423,422.353,1.3188,1.6172,126.0651,207.6893,216.2162,2062.8,14125.75,2510.32,4655.49,4175.39,6.2198,84.24
24/12/2012,1.036,1284.69,422.2017,1.3185,1.6123,126.0784,207.7473,216.2568,2061.32,,2504.51,4651,4186.03,6.2198,84.94
25/12/2012,1.0359,,,1.3183,1.6125,126.0378,,,,14324.79,,,4186.03,6.2255,84.77
26/12/2012,1.0378,1310.882,422.5079,1.3224,1.6138,125.8454,,,2062.36,14558.97,2492.54,,4186.03,6.2235,85.63
27/12/2012,1.0377,1307.433,423.2722,1.3236,1.61,125.707,207.8839,217.8414,2066.88,14690.78,2489.97,4671.91,4186.11,6.2235,86.1
28/12/2012,1.0373,1303.388,421.2887,1.3216,1.6153,125.7362,207.9414,217.5919,2067.3,14793.53,2462.71,4613.77,4165.77,6.224,85.96
31/12/2012,1.0394,1308.159,426.3546,1.3193,1.6255,125.7495,207.9993,217.6617,2064.56,,2504.44,4629.72,4146.4,6.224,86.75
01/01/2013,1.0395,,,1.3204,1.6249,,,,,,,,4146.4,6.224,86.7
02/01/2013,1.0504,1323.641,429.6641,1.3186,1.6255,125.7584,207.9358,214.5904,2056.83,,2568.55,4762.01,4237.67,6.2055,87.34
03/01/2013,1.0466,1320.31,426.0522,1.3049,1.6107,125.7628,207.5158,213.3052,2051.67,,2563.19,4745.91,4251.71,6.2125,87.24
04/01/2013,1.048,1310.671,419.5145,1.3069,1.6069,125.5522,207.028,212.4691,2050.59,15210.4,2575.66,4760.21,4281.59,6.211,88.15
07/01/2013,1.0503,1314.488,418.8556,1.3117,1.6116,125.5487,207.0302,213.4516,2051.85,15083.6,2567.63,4735.97,4263.83,6.2115,87.79
08/01/2013,1.0504,1321.633,422.9017,1.3081,1.6056,125.5491,207.4097,214.6956,2054.68,14954.17,2560.17,4728.75,4256.13,6.2057,87.05
09/01/2013,1.0514,1319.898,421.2038,1.3064,1.6023,125.5844,207.5042,214.766,2056.96,15054.51,2567.02,4755.01,4287.95,6.2015,87.88
10/01/2013,1.0598,1322.943,426.9259,1.3272,1.6168,125.6009,207.6423,213.6338,2053.91,15159.92,2586.52,4759.57,4289.96,6.185,88.78
11/01/2013,1.0535,1307.972,422.5033,1.3343,1.6132,125.6811,207.6102,213.5009,2055.65,15371.86,2586.69,4776.3,4304.07,6.1845,89.18
14/01/2013,1.0567,1320.237,424.7422,1.3382,1.6078,125.6944,207.5229,214.5506,2057.04,,2584.27,4771.69,4294.42,6.1848,89.48
15/01/2013,1.0565,1304.46,428.4528,1.3306,1.6065,125.9716,207.7647,214.6638,2059.45,15482.17,2587.2,4751.47,4301.07,6.192,88.79
16/01/2013,1.0572,1304.462,428.2504,1.3289,1.6007,126.177,207.684,214.8454,2059.64,15085.63,2588.02,4753.13,4293.72,6.1865,88.38
17/01/2013,1.0546,1320.727,430.1824,1.3376,1.5993,126.1781,207.2176,214.0529,2055.04,15098.72,2602.64,4781.97,4313.68,6.1845,89.88
18/01/2013,1.051,1327.114,429.2178,1.3321,1.587,126.0124,207.8577,214.4205,2057.76,15530.86,2611.54,4765.53,4329.19,6.1845,90.1
21/01/2013,1.0517,,,1.3313,1.583,126.2162,207.3747,213.795,,15295.25,,4795.51,4347.88,6.195,89.6
22/01/2013,1.0566,1332.064,430.7967,1.3322,1.5839,126.2373,207.5516,214.2576,2059.43,15241.44,2623.22,4778.03,4346.6,6.1965,88.71
23/01/2013,1.0555,1334.958,429.146,1.3318,1.5845,126.2491,207.794,214.8837,2059.29,14924.17,2627.23,4763.24,4360.99,6.1965,88.61
24/01/2013,1.0451,1342.068,424.878,1.3377,1.5791,126.1761,207.6242,214.3678,2058.6,15114.7,2627.33,4794.49,4408.33,6.204,90.33
25/01/2013,1.0424,1340.384,421.4994,1.3464,1.5799,126.1708,207.3094,213.6646,2049.46,15549.86,2641.64,4831.85,4422.07,6.226,90.91
28/01/2013,1.0418,1343.404,420.5365,1.3456,1.5695,126.0783,206.7481,212.9834,2047.63,15404.22,2636.83,4832.42,4429.08,6.234,90.86
29/01/2013,1.0475,1354.128,422.4939,1.3492,1.5763,125.9796,207.081,213.4939,2047,15465.6,2650.43,4840.82,4460.6,6.2195,90.73
30/01/2013,1.0418,1362.202,427.2973,1.3567,1.5801,125.9229,206.5836,212.9008,2045.89,15817.46,2640.77,4810.62,4449.28,6.212,91.08
31/01/2013,1.0425,1369.553,422.3178,1.3579,1.5857,126.093,206.9479,213.3868,2047.89,15852.63,2634.16,4759.3,4416.75,6.212,91.71
01/02/2013,1.0407,1384.976,424.504,1.364,1.5693,126.0102,206.8959,213.6042,2045.66,15927.6,2660.7,4771.82,4466.26,6.2105,92.77
04/02/2013,1.0438,1371.613,425.9804,1.3514,1.576,125.7869,206.4854,213.7688,2049.32,16025.82,2630.05,4622.3,4395.61,6.2175,92.38
05/02/2013,1.039,1381.614,425.2444,1.3583,1.5659,125.8777,206.3579,213.1932,2045.83,15722.06,2657.76,4668.16,4420.89,6.2145,93.63
06/02/2013,1.032,1385.231,426.5919,1.3523,1.5662,125.954,206.0965,213.4832,2049.67,16315.3,2659.55,4609.48,4430.43,6.2175,93.64
07/02/2013,1.0282,1390.534,424.687,1.3398,1.5716,126.0094,206.3703,213.1321,2051.07,16163.47,2655.84,4575.26,4383.33,6.225,93.63
08/02/2013,1.0319,1408.486,423.5697,1.3365,1.5801,126.0768,206.5378,213.0561,2050.43,15873.26,2670.85,4632.28,4408.32,6.2175,92.68
11/02/2013,1.0256,1401.748,419.0491,1.3406,1.5659,126.0901,206.2142,212.8821,2051.2,,2669.37,4618.75,4417.56,6.2175,94.32
12/02/2013,1.0305,1408.497,419.1772,1.3454,1.5663,126.1918,206.4537,212.5019,2047.82,16180.62,2673.77,4664.93,4460.71,6.2195,93.48
13/02/2013,1.0371,1409.464,418.0347,1.3452,1.5542,126.268,206.6446,211.0278,2044.84,16013.09,2676.6,4679.07,4487.26,6.2175,93.39
14/02/2013,1.0359,1411.034,415.5962,1.3363,1.5494,126.1455,206.9407,211.5966,2049.02,16092.6,2678.77,4641.18,4464.85,6.2195,92.88
15/02/2013,1.0305,1406.58,408.9903,1.336,1.5518,126.2924,206.8325,211.47,2048.09,15902.67,2676.21,4605.8,4465.48,6.219,93.5
18/02/2013,1.0306,,,1.3351,1.5465,126.3695,206.8861,211.4843,,16236.5,,4608.25,4458.38,6.232,93.96
19/02/2013,1.0356,1404.666,407.6474,1.3388,1.5425,126.4007,207.0049,211.6932,2046.46,16185.93,2696.26,4688.77,4501.34,6.238,93.57
20/02/2013,1.0256,1381.902,400.991,1.3283,1.5234,126.353,206.6868,211.3208,2047.12,16322.48,2662.94,4649.99,4518.55,6.239,93.57
21/02/2013,1.0245,1357.451,401.1447,1.319,1.5254,126.3324,206.9077,212.8068,2050.78,16095.97,2646.75,4543.29,4445.19,6.2333,93.11
22/02/2013,1.032,1363.84,399.6721,1.3194,1.5163,126.4637,207.1667,212.8958,2051.56,16205.29,2670.36,4631.85,4476.39,6.235,93.42
25/02/2013,1.0258,1367.467,403.1828,1.3063,1.5163,126.6131,207.3671,212.996,2057.62,16598.94,2621.46,4670.27,4490.29,6.2335,91.82
26/02/2013,1.0229,1347.474,410.5282,1.3061,1.5125,126.8209,206.5432,214.8681,2059.13,16234.81,2637.89,4527.01,4430.28,6.226,91.98
27/02/2013,1.0234,1336.877,405.498,1.3139,1.5159,126.9882,206.897,215.2477,2057.54,16028.52,2672.11,4599.87,4470.74,6.226,92.24
28/02/2013,1.0215,1330.256,401.0269,1.3057,1.5163,127.195,207.3579,215.3064,2058.71,16463.47,2669.92,4638.01,4495.42,6.221,92.56
01/03/2013,1.0203,1318.093,399.5544,1.3022,1.5038,127.3582,207.709,216.9011,2061.03,16530.44,2676.18,4608.43,4507.99,6.2215,93.59
04/03/2013,1.0196,1313.89,399.584,1.3026,1.5115,127.88,207.6237,216.3674,2059.52,16595.83,2688.54,4613.76,4484.7,6.221,93.48
05/03/2013,1.0258,1333.411,400.2205,1.3052,1.5127,127.5291,207.6238,215.2352,2058.05,16640.21,2714.35,4725.13,4545.7,6.224,93.29
06/03/2013,1.0233,1326.547,400.2218,1.2967,1.5018,127.421,207.8306,215.495,2054.33,16994.59,2718.07,4720.37,4548,6.2165,94.07
07/03/2013,1.0268,1329.563,400.2738,1.3107,1.5014,127.2624,207.8915,214.4937,2049.88,17045.59,2723.27,4739.69,4556.15,6.2059,94.82
08/03/2013,1.0236,1328.529,400.7323,1.3005,1.4925,127.4357,207.9769,213.9203,2045.02,17495,2735.67,4806.49,4587.58,6.205,96
11/03/2013,1.0281,1322.486,401.0256,1.3046,1.4915,127.2968,207.9707,214.7166,2045.22,17588.19,2744.81,4788.75,4601.77,6.2035,96.28
12/03/2013,1.0324,1317.782,404.5055,1.3034,1.4903,127.492,208.1922,215.2325,2048.07,17539.42,2738.35,4776.67,4606.71,6.206,96.08
13/03/2013,1.0298,1307.012,403.6688,1.2961,1.4923,127.6233,207.987,215.1214,2048.03,17432.39,2742.87,4764.13,4593.71,6.211,96.13
14/03/2013,1.0384,1313.471,404.2536,1.3005,1.5083,127.5717,208.0539,214.9539,2046.83,17633.96,2758.3,4834.52,4627.66,6.2083,96.11
15/03/2013,1.0409,1323.462,404.7369,1.3076,1.5114,127.6243,208.2195,215.5606,2049.83,17890.27,2753.82,4801.09,4599.48,6.2025,95.28
18/03/2013,1.0402,1321.402,407.7604,1.2957,1.5107,127.8747,208.4821,216.4967,2053.31,17405.56,2738.68,4768.1,4577,6.2073,95.21
19/03/2013,1.037,1296.558,409.4618,1.2882,1.5099,127.9227,208.6324,217.6873,2057.49,17758.21,2732.09,4709.04,4565.23,6.2135,95.16
20/03/2013,1.0379,1311.177,408.4729,1.2933,1.51,127.9271,208.6516,217.4957,2055.06,,2750.42,4774.14,4567.47,6.2063,96.01
21/03/2013,1.044,1297.782,410.0729,1.2899,1.5173,128.1307,209.1314,217.3671,2055.72,17996.72,2727.69,4730.12,4536.12,6.2055,94.9
22/03/2013,1.0444,1300.465,408.1195,1.2989,1.523,128.3521,209.1537,217.7288,2056.8,17573.48,2747.25,4726.15,4539.11,6.2035,94.46
25/03/2013,1.0466,1307.904,407.7417,1.2853,1.5175,128.5859,209.0168,218.3307,2057.1,17869.63,2738.08,4669.07,4528.9,6.2045,94.17
26/03/2013,1.0485,1323.741,405.4075,1.2861,1.5159,128.526,208.8519,218.7608,2058.18,17763.04,2760.32,4654.69,4543.8,6.2045,94.44
27/03/2013,1.0444,1328.129,407.9211,1.278,1.513,128.6781,208.5996,219.6337,2061.95,17921.93,2758.85,4604.17,4537.6,6.2107,94.46
28/03/2013,1.0411,1332.638,405.0031,1.2816,1.5193,128.7931,208.7301,219.1162,2060.73,17695.53,2770.05,4624.56,4554.78,6.208,94.15
29/03/2013,1.0419,,,1.2819,1.5198,128.7309,208.7301,219.1162,2060.73,17784.57,,,4554.78,6.2045,94.22
01/04/2013,1.0423,1344.586,406.3263,1.2849,1.5229,128.542,,,2062.85,17407.46,2757.83,,4554.78,6.203,93.23
02/04/2013,1.045,1342.396,399.9819,1.282,1.5104,128.684,208.9956,218.9925,2061.3,17218.7,2772.11,4722.86,4610.84,6.1935,93.44
03/04/2013,1.0461,1299.28,394.2973,1.285,1.513,128.6929,209.3167,219.4217,2065.67,17733.35,2743.38,4650.97,4562.91,6.1953,93.04
04/04/2013,1.0437,1289.782,394.019,1.2936,1.5235,130.341,209.9011,220.2278,2070.9,18124.02,2754.67,4619.98,4508.78,6.2004,96.34
05/04/2013,1.0383,1267.495,399.9844,1.2991,1.5336,129.9206,211.3141,222.5477,2077.14,18409.63,2742.86,4556.27,4441.73,6.199,97.57
08/04/2013,1.0413,1274.811,399.1239,1.3009,1.5256,129.482,211.6598,221.7237,2074.14,18924.54,2761.05,4564.81,4461.04,6.1978,99.36
09/04/2013,1.0489,1289.917,402.7288,1.3083,1.5323,129.1079,211.3004,220.8482,2072.74,18924.2,2770.84,4575.17,4486.81,6.1908,99.02
10/04/2013,1.0543,1285.9,395.6481,1.307,1.5333,128.4945,210.9609,219.7988,2067.7,19061.59,2804.81,4692.38,4539.93,6.1848,99.78
11/04/2013,1.0545,1270.068,397.1971,1.3099,1.5386,128.4419,210.8456,219.5631,2068.81,19436.03,2815.02,4719.48,4560.38,6.1843,99.68
12/04/2013,1.0508,1252.774,381.0805,1.3113,1.5343,127.8957,211.0505,220.2201,2074.37,19344.19,2807.1,4650.91,4537.81,6.1855,98.37
15/04/2013,1.0313,1224.643,345.472,1.3036,1.5285,127.5512,211.1719,220.5575,2076.63,19043.69,2742.63,4635.44,4508.82,6.1965,96.77
16/04/2013,1.039,1217.215,352.148,1.3177,1.5362,127.8393,211.1227,220.3277,2074.96,18965.91,2781.86,4608.22,4481.08,6.1852,97.54
17/04/2013,1.0297,1190.054,350.9556,1.3032,1.5238,127.6821,211.5734,221.035,2076.34,19197.51,2742.01,4509.66,4442.04,6.1768,98.12
18/04/2013,1.0301,1205.525,353.4435,1.3051,1.5279,127.9787,211.6197,221.387,2077.63,18963.95,2723.72,4513.21,4441.66,6.1758,98.17
19/04/2013,1.0277,1211.617,354.2309,1.3052,1.5231,128.3437,211.6388,221.2747,2076.01,19102.25,2747.94,4550.05,4472.19,6.1797,99.52
22/04/2013,1.0275,1221.976,360.7303,1.3066,1.529,128.0366,212.5085,221.6535,2077.03,19463.58,2760.8,4566,4467.94,6.1798,99.23
23/04/2013,1.0258,1220.76,357.5835,1.2996,1.524,128.2445,213.1935,220.8264,2076.64,19408.04,2789.56,4707.38,4557.22,6.1793,99.48
24/04/2013,1.0279,1238.424,361.3659,1.3015,1.5267,128.094,213.0883,220.8479,2077.04,19858.19,2789.93,4776.63,4581.46,6.1713,99.51
25/04/2013,1.0292,1257.428,371.0878,1.3011,1.5434,128.1349,212.8661,220.3945,2075.93,19976.71,2801.28,4782.76,4589.18,6.1668,99.26
26/04/2013,1.0276,1253.897,368.9562,1.303,1.5473,128.1008,213.0721,221.2025,2080.1,19916.72,2796.24,4752.42,4577.66,6.1668,98.05
29/04/2013,1.0351,1260.48,372.4605,1.3099,1.55,128.114,213.7476,221.7271,2079.69,,2816.39,4821.25,4600.17,6.1608,97.76
30/04/2013,1.0371,1242.941,373.6539,1.3168,1.5532,128.0655,214.0368,221.6634,2079.05,19883.34,2823.42,4811.69,4580.29,6.163,97.45
01/05/2013,1.0279,1212.369,367.0804,1.318,1.5555,128.2493,214.0563,221.9734,2082.62,19795.1,2797.28,4811.23,4596.91,6.1627,97.39
02/05/2013,1.0248,1246.599,372.5128,1.3065,1.5535,128.4056,214.8954,223.0595,2083.38,19644.03,2823.82,4829.11,4603.62,6.1602,97.94
03/05/2013,1.0319,1263.288,371.6503,1.3114,1.5574,128.41,214.3604,220.6811,2073.08,,2853.88,4910.75,4646.91,6.155,98.99
06/05/2013,1.0254,1279.373,372.6164,1.3076,1.5539,128.4232,,,2071.03,,2859.34,4892.13,4646.91,6.1765,99.33
07/05/2013,1.0185,1267.68,367.7433,1.3079,1.5484,128.1414,213.9997,219.5689,2070,20341.48,2874.46,4928.01,4672.45,6.1566,99
08/05/2013,1.017,1267.316,374.0626,1.3153,1.5534,128.1022,214.2912,220.0069,2071.81,20492.75,2887.61,4961.21,4698.42,6.1368,99.01
09/05/2013,1.0092,1269.734,372.7488,1.3043,1.5449,128.042,213.9586,219.3607,2070.67,20357.61,2878.3,4950.71,4705.03,6.1429,100.59
10/05/2013,1.0025,1262.651,364.6166,1.2989,1.5358,127.3891,213.0312,217.6192,2063.13,20954.45,2890.77,4972.68,4728.04,6.1515,101.62
13/05/2013,0.9952,1250.893,364.0345,1.2975,1.5299,126.8181,212.9247,217.8041,2061.76,21205.01,2891.17,4958.66,4732.88,6.1444,101.82
14/05/2013,0.9889,1248.815,361.5499,1.292,1.5209,126.3053,212.685,217.5314,2059.11,21170.88,2921.12,4993.85,4771.63,6.143,102.42
15/05/2013,0.9898,1258.36,354.3741,1.2887,1.5234,126.15,212.3517,216.9605,2060.02,21655.18,2936.98,5020.54,4783.4,6.1445,102.25
16/05/2013,0.9808,1264.358,352.0163,1.2882,1.527,126.2695,213.1541,217.9912,2066.48,21570.85,2922.4,5017.01,4779.29,6.1449,102.26
17/05/2013,0.973,1274.637,346.3873,1.2839,1.5169,126.4466,213.7122,217.4385,2059.49,21715.56,2952.56,5041.78,4804.48,6.1445,103.21
20/05/2013,0.9808,1277.701,351.308,1.2882,1.5255,126.1294,213.5006,216.9121,2059.01,22035.01,2950.53,5060.34,4827.76,6.1348,102.27
21/05/2013,0.9803,1266.935,349.6349,1.2906,1.5154,125.9323,212.9726,216.6172,2060.79,22064,2955.69,5058.53,4862.24,6.1325,102.5
22/05/2013,0.9699,1250.296,346.9981,1.2858,1.505,125.8323,213.217,217.293,2054.62,22417.23,2931.58,5082.49,4893.61,6.1345,103.16
23/05/2013,0.975,1247.972,353.1859,1.2934,1.5107,126.2197,212.5223,217.2205,2055.13,20777.2,2923.43,4978.09,4790.96,6.1301,102.02
24/05/2013,0.9652,1249.075,351.8423,1.2932,1.5127,126.2107,211.9965,217.7269,2056.15,20961.49,2921.88,4957.22,4760.59,6.1235,101.31
27/05/2013,0.9634,,,1.2931,1.5099,126.3606,,,,20287.56,,5012.31,4760.59,6.1157,100.96
28/05/2013,0.9616,1268.047,349.8662,1.2856,1.504,125.9719,212.1195,216.7204,2045.97,20530.46,2940.45,5085.59,4837.62,6.1208,102.37
29/05/2013,0.9634,1246.88,352.9349,1.2941,1.5131,125.8281,211.3407,215.9697,2046.61,20551.23,2920.18,4997.84,4741.84,6.1353,101.16
30/05/2013,0.9662,1244.434,358.0577,1.305,1.5232,126.1373,211.4968,216.6328,2046.2,19493.39,2931.39,5020.94,4763.18,6.1361,100.73
31/05/2013,0.9571,1222.533,353.2401,1.2999,1.5198,126.4678,211.3504,215.8376,2043.55,19759.5,2889.46,4968.63,4710.3,6.1506,100.45
03/06/2013,0.9771,1241.259,358.0341,1.3076,1.5322,126.9441,211.1492,215.8994,2046.04,19024.01,2906.91,4929.35,4668.82,6.1278,99.53
04/06/2013,0.965,1253.13,354.3069,1.3081,1.5312,126.3967,211.1635,215.1605,2044.43,19414.11,2891.02,4943.63,4692.76,6.1293,100.03
05/06/2013,0.9542,1251.541,354.637,1.3093,1.5406,126.4505,211.2991,215.6817,2047.5,18669.76,2851.89,4862.13,4596.52,6.1286,99.06
06/06/2013,0.9597,1259.129,359.0245,1.3246,1.56,126.6254,210.1182,215.5759,2049.67,18510.75,2876.5,4803.5,4536.95,6.1279,96.97
07/06/2013,0.9497,1271.979,350.7073,1.3218,1.5558,126.656,210.4559,215.0688,2041.64,18472.75,2913.46,4889.42,4591.28,6.139,97.56
10/06/2013,0.9464,1267.456,351.4694,1.3257,1.5572,126.6576,209.9058,214.0607,2037.77,19386.05,2912.63,4881.02,4583.02,6.1491,98.76
11/06/2013,0.9427,1255.955,349.1876,1.3313,1.5646,126.3795,209.4383,213.7436,2039.52,19104.06,2883.07,4816.05,4539.79,6.1461,96.03
12/06/2013,0.9484,1263.544,352.9918,1.3337,1.568,126.2703,209.4914,214.1874,2036.38,19063.46,2859.62,4787.24,4520.49,6.1432,96.02
13/06/2013,0.9639,1280.187,349.3913,1.3375,1.572,126.3579,209.7455,214.4336,2041,17852.83,2902.32,4778.62,4524.21,6.1415,95.37
14/06/2013,0.957,1291.691,351.8769,1.3347,1.5707,126.5827,210.4372,215.1715,2046.52,18198.74,2885.24,4788.69,4526.81,6.1338,94.31
17/06/2013,0.9543,1286.556,350.7371,1.3367,1.5721,126.4935,210.4463,214.6438,2043.28,18697.66,2907.12,4852.18,4542.77,6.1292,94.51
18/06/2013,0.9485,1293.9,346.6294,1.3392,1.5642,126.5917,210.0939,213.9946,2043.36,18660.59,2929.81,4849.02,4574.14,6.1365,95.33
19/06/2013,0.9295,1294.88,348.4303,1.3295,1.5484,126.5535,210.3903,214.3538,2031.73,19001.95,2889.25,4818.6,4557.26,6.1339,96.45
20/06/2013,0.9197,1245.813,326.1657,1.322,1.5509,126.2952,208.1731,212.062,2023.26,18672.27,2817.44,4644.38,4421.37,6.1289,97.28
21/06/2013,0.9219,1230.274,327.6369,1.3122,1.5419,126.0468,207.6786,210.6525,2015.82,18981.55,2824.97,4577.99,4390.26,6.1313,97.9
24/06/2013,0.9249,1233.338,323.8597,1.312,1.5434,125.9669,206.0924,208.8377,2014.11,18742.68,2790.66,4515.32,4327.76,6.1405,97.73
25/06/2013,0.926,1234.808,323.353,1.3077,1.5422,126.2131,206.0305,209.3503,2010.52,18608.96,2817.44,4572.01,4380.03,6.1413,97.81
26/06/2013,0.9277,1239.705,311.8659,1.3012,1.5314,126.3128,207.2208,210.5288,2014.81,18433.05,2845.04,4678.86,4426.65,6.147,97.72
27/06/2013,0.9275,1253.412,307.2511,1.3038,1.5259,126.4976,208.0059,210.8126,2019.74,18979.87,2862.92,4709.52,4482.59,6.145,98.35
28/06/2013,0.9138,1244.726,310.3201,1.301,1.5213,126.4823,208.1668,210.5675,2021.06,19646.04,2850.66,4678.47,4462.54,6.1369,99.14
01/07/2013,0.9238,1254.155,318.4365,1.3064,1.5217,126.1765,208.6305,211.1307,2021.42,19897.67,2866.41,4714.48,4528.81,6.132,99.66
02/07/2013,0.9147,1266.271,315.3178,1.2979,1.5156,126.0597,209.0139,211.4143,2022.97,20251.37,2865.48,4679.57,4526.06,6.1306,100.63
03/07/2013,0.9087,1287.687,317.4738,1.3009,1.5283,126.0918,208.7284,211.18,2020.04,20189.35,2867.85,4623.12,4473.51,6.1308,99.91
04/07/2013,0.9147,,,1.2914,1.5072,126.3049,209.2512,211.1423,,20136.73,,4759.38,4611.24,6.1284,100.04
05/07/2013,0.9067,1309.105,307.5338,1.2829,1.489,126.2932,209.0782,209.8893,2003.6,20554.78,2897.12,4668.52,4578.1,6.139,101.2
08/07/2013,0.9134,1305.195,313.1649,1.287,1.495,126.1001,209.4168,209.8101,2009.94,20266.6,2913.2,4767.15,4631.63,6.1365,100.97
09/07/2013,0.9176,1310.274,315.9538,1.2781,1.4867,126.239,209.5841,210.6052,2010.48,20788.82,2934.31,4791.04,4676.88,6.1374,101.15
10/07/2013,0.9172,1317.011,316.3241,1.2978,1.5015,126.3294,209.2487,211.0641,2007.66,20707.95,2934.97,4784.37,4671.12,6.1364,99.68
11/07/2013,0.9188,1310.508,324.5422,1.3097,1.5184,126.5848,209.1599,211.718,2016.37,20788.36,2975.06,4823.24,4698.72,6.1359,98.96
12/07/2013,0.9049,1320.708,323.9399,1.3067,1.5107,126.5722,209.6036,212.6591,2013.72,20836.72,2984.24,4811.64,4699.83,6.1404,99.22
15/07/2013,0.9098,1320.713,325.4094,1.3062,1.51,126.5853,209.5999,212.3196,2017.85,,2988.35,4836.72,4729.39,6.141,99.86
16/07/2013,0.9253,1321.21,327.0806,1.3162,1.516,126.5458,209.7465,213.1984,2019.95,20970.12,2977.26,4798.77,4708.02,6.136,99.1
17/07/2013,0.9237,1327.646,323.7393,1.3125,1.5212,126.6532,209.739,212.9291,2023.36,20992.99,2985.85,4828.06,4720.17,6.1371,99.59
18/07/2013,0.917,1328.267,325.4358,1.3109,1.5227,126.688,210.1022,213.2097,2019.8,21270.88,3001.21,4893.08,4765.01,6.1416,100.43
19/07/2013,0.9172,1318.368,327.588,1.3143,1.5267,126.674,210.0952,212.6407,2023.95,20956.9,3006.13,4889.8,4762.36,6.1357,100.65
22/07/2013,0.9249,1317.506,338.5509,1.3186,1.536,126.8126,210.3705,213.1518,2024.67,21054.76,3012.3,4906.4,4756.98,6.136,99.67
23/07/2013,0.9296,1321.839,338.0196,1.3223,1.5368,126.7984,210.1651,212.276,2022.47,21227.8,3006.72,4901.9,4738.49,6.1345,99.43
24/07/2013,0.9163,1309.093,334.1972,1.3201,1.5315,126.8065,209.7667,211.1541,2016.94,21159.96,2995.3,4954.75,4755.1,6.1353,100.27
25/07/2013,0.9246,1314.168,336.5773,1.3277,1.539,126.6297,209.5805,211.4568,2015.96,20918.57,3003.01,4933.21,4731.78,6.1363,99.29
26/07/2013,0.9259,1307.487,334.6536,1.3279,1.5382,126.7674,209.5533,212.1815,2020.65,20296.67,3005.51,4936.22,4707.96,6.1354,98.21
29/07/2013,0.9206,1310.832,336.6039,1.3262,1.5339,126.7678,209.4399,212.3167,2018.64,19624.24,2994.45,4935.81,4711.88,6.136,97.96
30/07/2013,0.9062,1305.759,335.389,1.3263,1.5238,126.8191,209.5509,212.4815,2017.62,19924.02,2995.68,4967.27,4719.57,6.136,98.03
31/07/2013,0.8982,1315.784,332.402,1.3302,1.5207,126.8243,209.7033,212.2487,2018.86,19634.56,2995.72,4983.36,4757.16,6.1322,97.88
01/08/2013,0.8925,1336.205,331.9465,1.3207,1.512,126.828,209.9773,211.7295,2008.45,20119.48,3033.59,5056.27,4800.93,6.1335,99.54
02/08/2013,0.8905,1329.771,331.7696,1.3276,1.5294,126.707,210.3304,211.4325,2018.25,20780.84,3038.63,5060.51,4776.42,6.1269,98.94
05/08/2013,0.8929,1325.319,329.7198,1.3258,1.5356,126.9232,209.9815,210.9878,2015.57,20481.87,3034.43,5057.05,4756.1,6.1222,98.3
06/08/2013,0.8985,1316.162,324.6822,1.3305,1.5349,126.7877,210.0663,210.8572,2015.5,20687.32,3017.16,5024.1,4745.05,6.1201,97.74
07/08/2013,0.9,1305.026,325.3914,1.3336,1.5489,126.9592,210.1995,211.0834,2018.8,19860.23,3006.63,5031.76,4688.45,6.1175,96.33
08/08/2013,0.9105,1295.25,331.6196,1.3381,1.5539,127.0835,210.4466,210.7498,2020.16,19545.08,3019,5072.18,4701.74,6.1131,96.67
09/08/2013,0.9206,1313.197,332.2023,1.3342,1.5498,127.1129,210.5014,210.7387,2020.24,19558.91,3008.79,5087.91,4740.42,6.1187,96.21
12/08/2013,0.9148,1324.958,337.773,1.33,1.5461,127.2038,210.5876,210.9011,2018.67,19421.35,3005.42,5090.67,4733.91,6.1185,96.9
13/08/2013,0.9114,1333.376,334.3052,1.3263,1.5449,127.3287,209.6457,209.0424,2009.86,19920.65,3014.43,5116.71,4760.98,6.1195,98.2
14/08/2013,0.9122,1336.472,337.5715,1.3255,1.55,127.1457,209.8458,208.6332,2010.47,20183.77,2999.42,5135.55,4758.04,6.114,98.14
15/08/2013,0.9142,1346.003,344.5341,1.3347,1.5644,127.0895,208.9888,208.0384,2006.83,19756.8,2957.08,5106.34,4682.86,6.1093,97.37
16/08/2013,0.9185,1353.678,347.0916,1.3329,1.5629,126.9876,209.4089,207.9095,2001.46,19609.77,2947.46,5139.51,4694.89,6.1099,97.53
19/08/2013,0.9109,1348.115,345.7514,1.3335,1.5648,126.9707,208.8865,207.5335,1997.73,19764.95,2930.27,5083.83,4670.14,6.1167,97.55
20/08/2013,0.9071,1350.221,347.4987,1.3417,1.5668,127.1032,209.0342,208.6276,2003,19245.26,2941.58,5020.14,4661.28,6.1144,97.27
21/08/2013,0.8969,1346.015,346.8663,1.3355,1.5665,127.1422,208.5667,208.1634,1999.18,19285.41,2924.73,4996.01,4623.02,6.1197,97.68
22/08/2013,0.9008,1347.378,347.044,1.3356,1.5588,127.0278,208.5103,208.5734,1995.28,19200.42,2949.96,5063.96,4663.55,6.1156,98.72
23/08/2013,0.903,1359.137,353.3737,1.3383,1.5569,126.9189,208.4227,208.982,2001.13,19624.76,2962.06,5088.68,4696.27,6.1114,98.72
26/08/2013,0.903,1355.059,352.6916,1.3368,1.5576,126.9619,,,2003.23,19589.89,2950.13,5080.4,4696.27,6.1139,98.51
27/08/2013,0.8985,1397.882,359.5529,1.3393,1.5547,127.1092,208.5281,210.3336,2010.03,19454.98,2903.29,4950.43,4659.28,6.116,97.03
28/08/2013,0.8941,1423.626,359.1989,1.334,1.5526,127.3472,208.474,209.8304,2005.29,19173.35,2911.83,4938.77,4653.12,6.1165,97.64
29/08/2013,0.893,1406.053,357.7056,1.3241,1.5504,127.4901,208.5523,210.0616,2008.33,19347.64,2917.96,4967.04,4691.46,6.1173,98.35
30/08/2013,0.8901,1390.09,353.4527,1.3222,1.5504,127.4225,208.58,209.8853,2009.05,19245.8,2908.96,4900.51,4640.72,6.1165,98.17
02/09/2013,0.8978,,,1.3192,1.5544,127.3007,208.55,209.2074,,19510.38,,4995.45,4708.21,6.1145,99.33
03/09/2013,0.9063,1408.165,357.4797,1.317,1.5558,127.15,208.252,208.6489,2001.43,20093.29,2921.23,4958.1,4680.87,6.115,99.57
04/09/2013,0.9173,1401.359,351.9102,1.3207,1.5626,127.1142,208.1408,208.644,1997.07,20201.72,2945.62,4967,4688.5,6.1132,99.74
05/09/2013,0.9122,1405.568,347.6066,1.312,1.559,127.1001,207.1344,206.7912,1989.24,20217.46,2949.27,4995.65,4730.28,6.1149,100.11
06/09/2013,0.9185,1416.089,351.0247,1.3178,1.5633,126.9528,207.8659,208.0642,1993.18,19924.32,2949.8,5048.26,4741.07,6.1137,99.11
09/09/2013,0.9228,1390.226,351.0762,1.3255,1.5696,127.234,207.696,207.8355,1997.87,20419.41,2979.45,5039.05,4729.05,6.1071,99.58
10/09/2013,0.9312,1362.067,345.3293,1.3268,1.5734,127.4257,207.1241,206.621,1993.03,20732.96,3001.36,5134.66,4767.61,6.1113,100.39
11/09/2013,0.9329,1364.787,345.2789,1.3311,1.5818,127.3829,207.5437,206.9354,1996.89,20735.42,3010.94,5156.35,4771.7,6.11,99.89
12/09/2013,0.9272,1380.363,336.8737,1.3299,1.5805,127.4576,207.8219,207.7944,1997.83,20681.08,3001.62,5153.88,4772.1,6.1088,99.54
13/09/2013,0.9245,1379.484,331.3041,1.3294,1.5876,127.4425,207.8948,208.2634,1998.12,20706.09,3009.79,5162.95,4768.35,6.1137,99.38
16/09/2013,0.9318,1364.715,333.6338,1.3334,1.5896,127.4555,208.5133,208.7543,2000.93,,3026.94,5212.52,4796.64,6.1084,99.08
17/09/2013,0.9356,1343.759,331.5072,1.3359,1.5904,127.5606,208.6027,207.9438,2003.4,20572.41,3039.75,5205.88,4758.48,6.11,99.13
18/09/2013,0.952,1373.427,331.0516,1.3521,1.6146,127.5933,208.5217,207.1511,2015.82,20851.18,3076.81,5238.24,4750.51,6.1055,97.94
19/09/2013,0.9438,1353.481,346.6726,1.353,1.6032,127.9313,209.2435,208.4913,2012.01,21226.1,3071.61,5287.37,4798.73,6.1102,99.45
20/09/2013,0.9394,1356.763,337.3559,1.3524,1.6006,127.8643,209.1225,207.907,2013.64,21191.95,3049.47,5271.15,4777.76,6.111,99.36
23/09/2013,0.9431,1345.907,335.9637,1.3493,1.6042,127.8773,209.5281,208.5167,2015.4,,3035.09,5237.05,4749.47,6.1134,98.85
24/09/2013,0.9391,1349.948,333.2549,1.3474,1.6004,128.1038,210.0596,209.6881,2020.54,21177.85,3027.52,5269.65,4759.68,6.1178,98.75
25/09/2013,0.9368,1344.646,338.2933,1.3526,1.6081,128.1916,210.2721,210.4096,2023.21,21016.74,3019.31,5277.61,4746.47,6.1171,98.43
26/09/2013,0.9363,1355.504,335.23,1.3489,1.6041,128.03,209.8526,210.7522,2020.74,21388.49,3030.41,5269.75,4756.66,6.1189,98.99
27/09/2013,0.9317,1348.057,339.0532,1.3522,1.6139,128.0935,209.9261,211.3163,2022.68,21332.05,3018.24,5263.18,4718.31,6.1172,98.24
30/09/2013,0.9317,1345.029,335.965,1.3527,1.6186,128.1155,210.1588,211.6148,2023.1,20892.3,3000.18,5217.26,4681.76,6.1168,98.27
01/10/2013,0.9398,1341.873,325.6102,1.3526,1.6195,128.2713,210.5185,211.866,2020.47,20934.1,3024.38,5289.16,4680.17,6.1155,98
02/10/2013,0.9385,1356.644,334.3702,1.3579,1.6223,128.5156,210.6178,211.9052,2022.7,20479.96,3022.95,5262.64,4664.39,6.1118,97.36
03/10/2013,0.9394,1353.11,333.5854,1.3619,1.6156,128.6644,210.4151,212.0578,2023.98,20460.82,2995.81,5233.44,4672.76,6.1077,97.27
04/10/2013,0.9435,1359.549,331.636,1.3558,1.601,128.5651,210.4464,211.2938,2020.75,20268.69,3017.05,5280.67,4676.27,6.1058,97.48
07/10/2013,0.9429,1364.979,335.4846,1.3581,1.6097,128.5539,210.7916,211.7401,2022.03,20021.57,2991.39,5271.16,4664.24,6.1097,96.71
08/10/2013,0.9424,1372.428,335.3583,1.3573,1.6084,128.4397,210.5073,211.8028,2020.99,20081.24,2955.41,5235.65,4612.46,6.1119,96.88
09/10/2013,0.9445,1358.542,330.9534,1.3524,1.5954,128.5151,210.4766,212.1548,2020.32,20288.24,2957.4,5238.15,4594.91,6.1133,97.34
10/10/2013,0.9452,1390.863,328.346,1.352,1.5968,128.5297,210.2773,211.3545,2018.82,20514.96,3022.43,5354.78,4662.02,6.1067,98.16
11/10/2013,0.9468,1384.805,321.0801,1.3544,1.5957,128.4882,210.5531,211.3971,2019.9,20818.51,3041.43,5363.56,4703.13,6.1065,98.58
14/10/2013,0.9488,1382.41,323.2077,1.3561,1.5983,128.5012,210.6776,211.102,,,3053.84,5369.71,4717.96,6.1018,98.57
15/10/2013,0.9526,1373.321,322.3472,1.3524,1.5998,128.3633,210.3607,210.1785,2017.6,20871.7,3032.27,5418.17,4748.03,6.0958,98.16
16/10/2013,0.9551,1388.476,324.6523,1.3534,1.5951,128.5728,210.2233,209.6305,2021.9,20908.7,3074.54,5441.67,4764.32,6.097,98.77
17/10/2013,0.9636,1370.049,334.9579,1.3675,1.6165,128.6334,210.714,210.7992,2028.49,21081.22,3095.42,5432.63,4767.63,6.0913,97.91
18/10/2013,0.9677,1381.416,332.8324,1.3687,1.6167,128.8014,211.1409,211.3191,2028,21045.13,3115.77,5473.99,4801.29,6.0893,97.72
21/10/2013,0.9653,1377.391,333.1398,1.3681,1.6147,128.7595,211.0899,210.8443,2026.52,21235.95,3116.09,5465.58,4824.21,6.0887,98.19
22/10/2013,0.9708,1381.306,339.9255,1.3781,1.6236,128.8436,211.9018,212.7525,2033.46,21264.39,3133.98,5496.47,4854.27,6.0837,98.14
23/10/2013,0.9623,1355.3,337.7484,1.3776,1.6164,129.0073,212.2108,213.4397,2035.22,20849.31,3119.2,5444.84,4843.25,6.0849,97.38
24/10/2013,0.9623,1345.454,341.8757,1.3801,1.6202,128.9047,212.1198,212.7788,2032.7,20936.55,3129.41,5484.18,4871.33,6.0769,97.28
25/10/2013,0.9584,1345.708,342.433,1.3802,1.6165,128.7962,212.0278,213.092,2034.47,20361.08,3143.16,5476.13,4877.25,6.0749,97.42
28/10/2013,0.9572,1376.643,342.3581,1.3785,1.6142,128.8165,212.2191,213.1255,2034.18,20806,3147.36,5453.65,4880.51,6.0738,97.68
29/10/2013,0.9479,1370.206,340.6622,1.3745,1.6047,128.7914,212.5051,213.5072,2034.36,20704.8,3165.11,5505.26,4915.99,6.081,98.19
30/10/2013,0.9484,1382.202,341.6247,1.3736,1.6039,128.9695,212.642,214.15,2033.06,20961.18,3149.93,5487.3,4918.33,6.0832,98.51
31/10/2013,0.9456,1371.472,335.1435,1.3584,1.604,128.9097,213.1308,213.0707,2032.86,20709.09,3138.09,5536.49,4884.75,6.0911,98.36
01/11/2013,0.9438,1336.881,332.4855,1.3487,1.5926,128.8476,213.2547,212.4875,2027.43,20527.8,3147.21,5507.96,4887.16,6.0863,98.67
04/11/2013,0.951,1339.537,332.8665,1.3514,1.5968,128.8605,213.3747,212.6924,2029.09,,3158.47,5524.67,4908.11,6.0869,98.6
05/11/2013,0.9507,1329.186,331.1959,1.3474,1.6046,128.8037,212.5641,211.4274,2024.85,20562.32,3149.96,5479.09,4895.94,6.0886,98.5
06/11/2013,0.9527,1330.072,333.6523,1.3513,1.6081,128.7852,212.4363,211.4534,2026.78,20724.13,3165.13,5520.37,4896.77,6.0847,98.66
07/11/2013,0.9455,1307.979,331.2981,1.3419,1.6097,128.9458,213.2754,211.9708,2029.58,20567.05,3124.12,5496.13,4864.47,6.0852,98.09
08/11/2013,0.9385,1325.31,325.2534,1.3367,1.6017,129.0551,212.7646,210.4954,2019.65,20362.31,3166.11,5481.54,4872.6,6.0802,99.05
11/11/2013,0.9359,1339.197,324.3688,1.3407,1.5989,129.0705,212.8502,210.1617,,20627.01,3168.41,5514.52,4887.09,6.079,99.16
12/11/2013,0.9302,1330.794,321.8639,1.3436,1.5905,128.9736,212.507,210.3409,2017.86,21087.89,3161.1,5481.73,4885.95,6.0771,99.64
13/11/2013,0.936,1348.413,321.1562,1.3487,1.6057,128.9337,212.9434,210.4753,2021.6,21056.78,3187.64,5458.31,4823.54,6.0762,99.25
14/11/2013,0.9316,1363.77,325.6598,1.3461,1.6066,128.9714,213.4354,210.9585,2025.84,21503.8,3203.65,5517.06,4849.83,6.078,100.01
15/11/2013,0.9368,1366.31,325.9135,1.3496,1.6118,128.7347,213.3429,211.5387,2025.29,21922.29,3217.2,5521.17,4869.7,6.0747,100.19
18/11/2013,0.9377,1365.557,322.0955,1.3506,1.6109,128.7486,213.6295,211.8718,2028.32,21919.95,3205.46,5569.56,4891.54,6.0722,99.99
19/11/2013,0.9434,1347.289,322.3998,1.3538,1.612,128.8086,213.3712,211.814,2025.23,21865.4,3199.51,5511.49,4873.02,6.0618,100.14
20/11/2013,0.9334,1359.346,318.4793,1.3439,1.6105,128.8699,213.4036,211.5932,2020.85,21792.43,3188.04,5508.15,4866.08,6.0687,100.03
21/11/2013,0.9234,1383.331,314.7865,1.3482,1.6199,128.7748,213.3107,210.0507,2021.79,22210.93,3214.16,5502.75,4866.26,6.0688,101.16
22/11/2013,0.9183,1396.403,314.8631,1.3558,1.6226,128.7769,213.3972,210.7224,2023.85,22234.81,3230.54,5523.8,4861.14,6.0741,101.27
25/11/2013,0.9161,1395.778,314.1062,1.3517,1.6155,128.6815,213.5856,211.1332,2024.77,22577.99,3226.53,5554.11,4875.94,6.0786,101.67
26/11/2013,0.9127,1394.766,314.0816,1.3572,1.6216,128.8799,213.8957,211.5842,2028.59,22427.81,3227.36,5535.8,4833.41,6.0803,101.28
27/11/2013,0.9079,1401.114,313.1716,1.3579,1.6287,129.0673,213.7377,211.1237,2026.29,22332.97,3236.14,5572.01,4843.31,6.0849,102.16
28/11/2013,0.9101,,,1.3606,1.6343,129.047,213.7279,211.2244,,22734.09,,5590.32,4846.95,6.086,102.33
29/11/2013,0.9108,1383.355,316.3353,1.3591,1.6368,129.036,213.8571,211.0195,2026.21,22639.77,3233.72,5579.89,4844.11,6.0846,102.44
02/12/2013,0.9106,1404.809,309.1273,1.3542,1.6356,128.9526,213.5582,209.8201,2021.84,22629.94,3225.06,5562.88,4803.88,6.086,102.94
03/12/2013,0.9137,1418.262,308.8497,1.3588,1.6391,128.827,213.7609,210.3499,2024.1,22766.67,3214.95,5448.35,4758.06,6.0839,102.51
04/12/2013,0.9029,1410.017,315.5293,1.3593,1.6384,128.829,212.9602,209.267,2018.93,22272.7,3211.59,5408.37,4744.56,6.0786,102.36
05/12/2013,0.9063,1399.615,311.6592,1.3667,1.6333,128.908,212.3178,209.128,2017.22,21939.58,3197.76,5338.6,4736.07,6.0781,101.79
06/12/2013,0.9102,1407.866,310.9261,1.3706,1.6349,128.6641,212.6461,209.6889,2015.9,22116.47,3233.99,5388.19,4775.18,6.0695,102.91
09/12/2013,0.9112,1382.75,312.2436,1.3739,1.643,128.7984,212.9195,209.528,2017.6,22622.91,3239.99,5403.98,4780.64,6.0642,103.27
10/12/2013,0.9151,1382.626,319.0498,1.3761,1.6445,128.7064,213.3335,210.1377,2022.41,22566.68,3229.72,5353.7,4754.28,6.0653,102.85
11/12/2013,0.9048,1387.324,318.0637,1.3786,1.6374,128.6804,213.4568,210.2812,2018.72,22427.55,3193.52,5329.2,4742.99,6.0756,102.42
12/12/2013,0.8937,1372.734,309.8926,1.3753,1.635,128.7255,213.1068,209.9107,2015.86,22177.13,3182.33,5294.51,4697.46,6.0755,103.38
13/12/2013,0.8964,1371.341,312.3473,1.3742,1.63,128.5223,213.2224,209.9796,2016.81,22265.73,3182.07,5283.3,4693.6,6.0722,103.21
16/12/2013,0.8948,1384.292,314.8284,1.3761,1.6297,128.5256,213.3585,210.2014,2016.29,21904.06,3202.22,5388.87,4753.54,6.0704,103.02
17/12/2013,0.8899,1373.255,311.2112,1.3768,1.6264,128.7001,213.3645,210.4428,2019.15,22085.79,3192.33,5321.92,4727.3,6.0704,102.67
18/12/2013,0.8861,1387.342,312.4514,1.3685,1.6391,128.9048,213.1523,209.823,2016.69,22532.71,3245.59,5382.21,4731.82,6.0739,104.29
19/12/2013,0.8867,1395.212,301.9779,1.3661,1.637,128.7525,213.1047,209.0523,2013.07,22925.06,3244.15,5483.44,4799.33,6.0743,104.25
20/12/2013,0.8923,1412.726,304.5337,1.3673,1.6336,128.7435,213.0229,209.3476,2015.24,22941.25,3259.79,5516.55,4815.28,6.0702,104.1
23/12/2013,0.8934,1411.338,302.8403,1.3696,1.6356,128.7563,212.6293,208.9589,2013.07,,3277.62,5556.45,4868.65,6.0705,104.11
24/12/2013,0.8919,1415.656,304.4348,1.368,1.6368,128.7921,212.6487,208.7179,2008.51,22968.59,3287.55,5560.01,4879.99,6.074,104.25
25/12/2013,0.8925,,,1.3681,1.6351,128.7118,,,,23143.01,,,4879.99,6.0724,104.38
26/12/2013,0.8896,1416.803,306.7129,1.3691,1.6411,128.6,,,2007.77,23403.91,3303.15,,4879.99,6.0755,104.81
27/12/2013,0.887,1419.217,307.1436,1.3749,1.6483,128.5224,212.0808,207.3126,2007.04,23410.42,3302.66,5629.66,4921.33,6.0729,105.17
30/12/2013,0.8904,1408.058,304.5648,1.3801,1.6501,128.3338,212.6337,208.3492,2010.22,23573.02,3302.3,5610.78,4907.04,6.0679,105.15
31/12/2013,0.8917,1402.604,304.1859,1.3743,1.6557,128.338,212.6531,208.4858,2007.83,,3315.59,5625.37,4920.23,6.0568,105.31
01/01/2014,0.8886,,,1.3763,1.6566,,,,,,,,4920.23,6.0543,105.25
02/01/2014,0.8911,1365.428,309.9807,1.3672,1.6453,128.3467,213.1478,208.428,2009.94,,3286.69,5536.59,4897.49,6.0516,104.81
03/01/2014,0.8945,1351.979,313.3716,1.3589,1.6418,128.351,213.3661,208.6285,2008.75,,3285.68,5562.83,4906.8,6.0492,104.86
06/01/2014,0.8967,1350.464,313.2214,1.3629,1.6406,128.4875,213.5779,209.3261,2011.72,23019.66,3277.48,5553.29,4906.85,6.0439,104.22
07/01/2014,0.8927,1357.699,311.0967,1.3616,1.6402,128.6677,214.0681,209.6792,2013.38,22882.91,3297.45,5628.93,4924.86,6.0393,104.6
08/01/2014,0.8901,1354.148,310.0598,1.3576,1.6448,128.7047,213.9392,209.1945,2008.16,23327.25,3297.74,5628.39,4900.5,6.0391,104.86
09/01/2014,0.89,1344.861,311.0407,1.3608,1.6481,128.7401,213.8116,209.0833,2010.22,22978.36,3298.87,5591.46,4878.32,6.0401,104.82
10/01/2014,0.8995,1352.55,315.4796,1.367,1.6483,128.7637,214.1046,210.3719,2019.53,23024.27,3306.49,5616.6,4913.75,6.033,104.18
13/01/2014,0.9054,1343.782,316.5601,1.3671,1.6383,128.7766,214.3921,211.201,2022.88,,3265.27,5632.17,4926.29,6.0295,103
14/01/2014,0.8967,1339.788,315.0976,1.3679,1.644,129.093,214.5557,211.1705,2018.85,22315.75,3300.61,5645.91,4933.37,6.0197,104.22
15/01/2014,0.8916,1348.724,313.2772,1.3605,1.6371,129.0289,214.5568,210.5005,2017.21,22874.76,3317.75,5739.06,4974.29,6.0222,104.56
16/01/2014,0.8821,1339.663,313.7327,1.362,1.6354,128.9283,214.9902,211.2851,2020.15,22785.73,3313.36,5705.45,4971.06,6.0251,104.35
17/01/2014,0.8781,1346.94,316.6917,1.3541,1.6424,128.8599,215.3641,210.9066,2021.42,22767.3,3300.51,5712.5,4981.18,6.0233,104.32
20/01/2014,0.8811,,,1.3552,1.6429,128.9733,215.6982,211.0551,,22633.05,,5710.83,4986.6,6.0196,104.18
21/01/2014,0.8806,1348.349,314.0882,1.3561,1.6477,128.795,215.5357,210.9069,2022.03,22856.29,3309.74,5710.65,4984.8,6.0321,104.3
22/01/2014,0.8852,1365.964,313.254,1.3547,1.6575,128.879,215.3415,210.4059,2018.62,22892.46,3312.04,5707.39,4980.53,6.0291,104.52
23/01/2014,0.8768,1359.073,319.2731,1.3696,1.6637,129.1296,215.4215,211.347,2026.8,22711.49,3282.64,5645.46,4941.82,6.038,103.26
24/01/2014,0.8683,1362.138,319.7792,1.3678,1.6482,129.3945,215.6786,211.9265,2029.48,22271.13,3214.13,5484.49,4861.9,6.043,102.31
27/01/2014,0.8739,1347.847,319.5272,1.3673,1.6585,129.352,215.7133,211.7613,2027.31,21712.85,3198.57,5459.9,4779.4,6.0377,102.55
28/01/2014,0.8779,1359.081,316.2401,1.3671,1.6579,129.2962,215.9558,211.2523,2029.19,21675.85,3218.21,5503.32,4795.21,6.0304,102.94
29/01/2014,0.8739,1362.912,319.1994,1.3663,1.6563,129.26,216.1504,211.9989,2034.52,22261.66,3185.7,5459.49,4774.74,6.0307,102.29
30/01/2014,0.8794,1363.425,314.218,1.3555,1.6485,129.4198,216.5069,212.1998,2033.02,21716.33,3221.78,5488.22,4770.49,6.0347,102.72
31/01/2014,0.8756,1344.919,313.5356,1.3486,1.6439,129.3915,217.2864,212.8673,2035.07,21582.43,3200.95,5464.05,4750.05,6.0371,102.04
03/02/2014,0.8753,1339.054,318.6202,1.3525,1.6305,129.4961,217.4185,213.2722,2042.5,21155.2,3127.87,5373.4,4717.39,6.0334,100.98
04/02/2014,0.8925,1336.758,316.4204,1.3519,1.6325,129.6386,217.2997,213.1848,2039.13,20271.52,3151.94,5370.73,4705.42,6.0279,101.64
05/02/2014,0.891,1343.907,317.8622,1.3533,1.6309,129.7248,217.4529,213.2912,2035.5,20520.29,3146.49,5371.83,4712.47,6.0286,101.45
06/02/2014,0.8959,1356.034,317.9384,1.359,1.6322,129.6471,217.0039,212.4145,2033.07,20483.74,3187.25,5459.37,4785.73,6.0258,102.11
07/02/2014,0.8959,1383.734,319.3803,1.3635,1.6411,129.4478,217.5622,212.914,2035.94,20928.42,3229.64,5509.6,4795.51,6.0275,102.3
10/02/2014,0.8949,1372.889,322.3655,1.3646,1.6403,129.4624,217.4019,212.7248,2035.82,21298.77,3234.79,5498.78,4810,6.0357,102.26
11/02/2014,0.9038,1376.594,326.1851,1.3638,1.645,129.4667,217.3473,212.4666,2032.66,,3270.74,5579.58,4869.19,6.0359,102.63
12/02/2014,0.9027,1378.895,327.501,1.3593,1.6596,129.4095,216.9438,211.117,2028.99,21417.03,3271.47,5611.87,4878.65,6.0371,102.53
13/02/2014,0.8979,1380.941,328.7916,1.3681,1.6659,129.5417,217.3308,211.7527,2033.97,21033.09,3290.82,5617.42,4867.24,6.0404,102.17
14/02/2014,0.9034,1388.22,333.4711,1.3693,1.6747,129.6699,217.4229,211.816,2032.85,20712.26,3306.92,5655.68,4870.31,6.0352,101.8
17/02/2014,0.9032,,,1.3707,1.6714,129.5918,217.6516,212.0553,,20828.14,,5655.43,4923.21,6.0354,101.92
18/02/2014,0.9027,1405.466,334.9414,1.3759,1.6684,129.5566,217.9736,212.4382,2036.33,21479.52,3311.27,5652.75,4967.38,6.0378,102.36
19/02/2014,0.9,1405.724,333.9303,1.3733,1.668,129.4606,217.9245,212.7402,2033.76,21368.51,3289.83,5658.85,4977.97,6.0504,102.31
20/02/2014,0.9007,1403.811,333.0456,1.3719,1.6651,129.6021,217.3724,211.6723,2031.77,20909.28,3310.27,5660.28,4989.9,6.0718,102.28
21/02/2014,0.8977,1397.431,334.7405,1.3746,1.6616,129.5044,217.853,212.0491,2033.52,21511.98,3304.36,5678.56,5008.26,6.0933,102.51
24/02/2014,0.9035,1406.627,338.3837,1.3735,1.6656,129.557,217.7254,212.4444,2032.3,21471.48,3324.84,5725.06,5028.62,6.0973,102.51
25/02/2014,0.9019,1391.694,339.5727,1.3745,1.6681,129.6579,218.047,212.7275,2036.47,21781.04,3320.43,5725.35,5002.72,6.1157,102.24
26/02/2014,0.8968,1391.824,335.8555,1.3687,1.6671,129.6497,218.5735,212.9998,2039.05,21676.94,3321.15,5708.51,4981.44,6.1188,102.38
27/02/2014,0.8965,1385.443,336.817,1.371,1.6688,129.6131,219.2117,213.7294,2041.85,21607.64,3338.05,5684.48,4989.6,6.101,102.13
28/02/2014,0.8924,1386.594,334.2378,1.3802,1.6745,129.6954,218.751,213.1971,2040.61,21488.85,3347.38,5710.4,4989.17,6.1195,101.8
03/03/2014,0.8938,1413.915,341.4974,1.3735,1.6667,129.8153,219.3053,214.2462,2044.9,21215.42,3322.85,5537.71,4914.92,6.1267,101.45
04/03/2014,0.895,1389.537,338.3618,1.3743,1.6664,129.8008,219.4175,213.7822,2038.02,21315.69,3373.64,5687.01,4999.49,6.1306,102.21
05/03/2014,0.8985,1369.498,338.9692,1.3733,1.6722,129.6781,219.6634,213.4318,2037.68,21570.74,3374.1,5687.12,4969.69,6.1215,102.3
06/03/2014,0.909,1373.074,341.8781,1.3861,1.674,129.6241,218.8102,212.6709,2034.15,21914.07,3380.49,5702.65,4979.27,6.1007,103.07
07/03/2014,0.9068,1384.437,338.4391,1.3875,1.6713,129.5036,219.0905,212.5245,2029.09,22115.8,3382.57,5613.38,4923.66,6.11,103.28
10/03/2014,0.902,1372.275,339.2751,1.3877,1.6645,129.5184,219.4058,212.4587,2029.85,21892.92,3381.22,5608.81,4906.63,6.1368,103.27
11/03/2014,0.8977,1376.807,340.5905,1.386,1.6617,129.4666,219.1473,212.7371,2031.43,22043.46,3364.17,5608.38,4903.75,6.1412,103.02
12/03/2014,0.8988,1370.555,346.5942,1.3903,1.6619,129.4401,219.3521,213.1378,2034.61,21473.38,3366.07,5559.25,4870.64,6.1414,102.76
13/03/2014,0.9031,1366.374,347.0751,1.3868,1.6624,129.2748,219.7464,213.9177,2040.81,21452.52,3327.11,5475.98,4821.26,6.1431,101.84
14/03/2014,0.9028,1381.662,348.7445,1.3914,1.6647,129.4054,219.8175,214.5263,2041.23,20745.47,3317.81,5448.95,4802.22,6.1553,101.36
17/03/2014,0.9087,1357.133,347.2035,1.3922,1.6637,129.4169,219.8585,214.3507,2037.43,20673.09,3349.71,5529.74,4831.98,6.1604,101.77
18/03/2014,0.9127,1364.328,343.6639,1.3934,1.6593,129.3841,219.974,214.4956,2038.92,20866.88,3373.98,5574.29,4859.15,6.1778,101.44
19/03/2014,0.9042,1353.54,339.2141,1.3833,1.6541,129.5205,219.6454,213.944,2029.64,20941.09,3353.29,5579.02,4837.13,6.1927,102.32
20/03/2014,0.9039,1360.478,336.4836,1.3779,1.6504,129.6851,219.1528,212.6182,2029.28,20596.06,3373.6,5601.75,4814.55,6.2066,102.39
21/03/2014,0.9081,1365.361,337.8243,1.3794,1.6486,129.6894,219.4886,213.0322,2031.18,,3363.72,5615.52,4825.39,6.1969,102.25
24/03/2014,0.9133,1365.11,331.5294,1.3839,1.6498,129.5787,219.8206,213.9182,2032.04,20959.6,3347.36,5539.32,4798.32,6.181,102.24
25/03/2014,0.9166,1367.809,331.6057,1.3826,1.6529,129.5818,220.0299,213.5988,2032.67,20884.15,3362.44,5618.66,4860.5,6.1861,102.26
26/03/2014,0.9226,1370.252,329.5833,1.3781,1.6583,129.4685,220.4071,213.6974,2036.14,20962.47,3339,5679.51,4863.21,6.2033,102.04
27/03/2014,0.9259,1380.274,327.4091,1.374,1.6611,129.4346,220.9308,214.0207,2038.06,21326.53,3333.23,5685.99,4850.71,6.208,102.18
28/03/2014,0.9247,1383.487,327.2831,1.3752,1.6638,129.4673,220.7968,213.1889,2034.83,21433.2,3348.83,5756.18,4870.78,6.2036,102.83
31/03/2014,0.9264,1379.639,324.6294,1.3769,1.6662,129.3641,220.7597,213.2558,2034.78,21625.48,3375.51,5738.78,4858.11,6.2149,103.23
01/04/2014,0.9247,1353.435,323.6689,1.3793,1.663,129.6469,220.5777,213.2863,2032.42,21573.21,3399.51,5783.67,4898.04,6.2056,103.65
02/04/2014,0.9248,1343.931,326.4003,1.3767,1.6626,129.5509,220.2324,212.9,2027.92,21798.29,3409.8,5785.7,4905.34,6.205,103.88
03/04/2014,0.9232,1360.504,324.8329,1.372,1.6598,129.4233,220.5954,213.2262,2029.11,21981.41,3406,5820.74,4898.05,6.2155,103.93
04/04/2014,0.9292,1367.057,329.6125,1.3705,1.6575,129.45,221.4858,214.2864,2035.07,21969.58,3363.41,5863.53,4932.24,6.2129,103.29
07/04/2014,0.927,1357.556,328.2988,1.3742,1.6608,129.6533,221.4257,214.5716,2038.15,21597.79,3327.27,5783,4878.68,6.2102,103.1
08/04/2014,0.936,1380.166,331.0301,1.3797,1.6747,129.5414,221.1077,214.1022,2039.35,21303.23,3340.84,5767.92,4854.99,6.1913,101.81
09/04/2014,0.9391,1384.792,330.2212,1.3855,1.6793,129.5373,221.0707,214.2081,2040.29,20855.21,3377.61,5777.24,4889.4,6.1917,102
10/04/2014,0.9413,1379.655,333.9133,1.3886,1.6785,129.5829,221.6528,215.5131,2046.03,20855.84,3307.08,5727.64,4894.08,6.2107,101.53
11/04/2014,0.9397,1377.857,333.5343,1.3885,1.6733,129.6127,221.5704,215.5933,2047.43,20359.87,3276.04,5661.65,4834.94,6.2109,101.62
14/04/2014,0.9424,1397.515,335.6845,1.3821,1.6729,129.6424,221.6951,215.1642,2045.8,20287.11,3302.98,5694.01,4851.19,6.2228,101.85
15/04/2014,0.9362,1400.599,328.8068,1.3815,1.673,129.6305,222.446,215.6138,2046.24,20413.48,3325.3,5621.2,4820.13,6.2249,101.92
16/04/2014,0.9371,1403.427,329.6163,1.3816,1.6797,129.675,222.4716,215.2423,2045.03,21027.29,3360.27,5708.01,4853.84,6.2253,102.23
17/04/2014,0.933,1402.272,327.1891,1.3814,1.6794,129.6721,222.1714,214.8622,2038.66,21027.07,3365,5739.13,4884.13,6.2239,102.39
18/04/2014,0.9333,,,1.3813,1.6794,129.7141,,,,21171.08,,,4884.13,6.2246,102.43
21/04/2014,0.9328,1407.802,325.8248,1.3793,1.6792,129.6708,,,2038.79,21165.41,3377.75,,4884.13,6.2288,102.62
22/04/2014,0.9367,1399.967,323.9538,1.3805,1.6824,129.6676,222.1192,214.0715,2038.69,20985.13,3391.58,5818.93,4925.78,6.2377,102.62
23/04/2014,0.9291,1398.169,324.8392,1.3817,1.6782,129.5837,222.3388,214.7707,2042.1,21214.83,3384.5,5775.81,4926.28,6.2389,102.54
24/04/2014,0.9264,1412.43,326.3567,1.3831,1.6802,129.615,222.1757,214.4215,2042.2,21008.78,3390.39,5801.76,4947.14,6.2528,102.32
25/04/2014,0.9281,1401.897,328.9362,1.3834,1.6803,129.5541,222.5744,215.3097,2043.95,21044.18,3362.95,5726.5,4934.36,6.2568,102.16
28/04/2014,0.9258,1382.76,328.4819,1.3851,1.6807,129.6048,222.3465,214.8538,2043.5,20838.5,3374.04,5760.05,4945.04,6.2516,102.49
29/04/2014,0.9268,1393.037,327.7993,1.3812,1.6827,129.6091,222.3317,214.523,2041.56,,3390.16,5839.25,4996.53,6.2586,102.64
30/04/2014,0.9287,1381.348,327.6983,1.3867,1.6873,129.5579,222.8541,214.8348,2046.01,20861.66,3400.46,5826.36,5008.21,6.2525,102.24
01/05/2014,0.9274,1377.238,324.5376,1.387,1.6893,129.5832,222.8735,215.2516,2049.66,21125.67,3400.2,5826.86,5029.52,6.2526,102.33
02/05/2014,0.9277,1387.002,329.4688,1.3869,1.687,129.6473,223.2509,215.297,2050.05,21085.39,3395.61,5798.12,5039.52,6.2567,102.2
05/05/2014,0.9274,1376.085,331.0878,1.3875,1.6866,129.6601,,,2048.57,,3402.23,5795.78,5039.52,6.2435,102.14
06/05/2014,0.9351,1367.993,330.911,1.3928,1.6975,129.6643,223.4827,215.0378,2049.89,,3371.72,5756.49,5021.9,6.2222,101.68
07/05/2014,0.9327,1382.382,325.9296,1.391,1.6952,129.7615,223.2628,214.9997,2050.82,20466.92,3392.1,5781.15,5025.33,6.2342,101.9
08/05/2014,0.9375,1380.76,325.6264,1.384,1.6932,129.7373,223.9057,215.3766,2052.31,20657,3388.29,5868.09,5056.99,6.2323,101.66
09/05/2014,0.9362,1377.691,325.5912,1.3758,1.6851,129.6915,223.755,214.8922,2050.43,20709.23,3394.05,5831.09,5038.74,6.2348,101.86
12/05/2014,0.9362,1384.522,327.6499,1.3757,1.6868,129.6386,223.5178,214.2151,2047.92,20636.21,3427.01,5882.18,5066.23,6.2426,102.13
13/05/2014,0.936,1393.105,327.4176,1.3704,1.6826,129.6367,223.999,215.0947,2051.51,21038.62,3429.3,5891,5082,6.2365,102.26
14/05/2014,0.9378,1401.294,330.224,1.3715,1.6767,129.68,224.6138,216.4432,2057.99,21009.92,3413.84,5892.02,5097.11,6.2262,101.9
15/05/2014,0.9356,1399.086,327.1147,1.371,1.679,129.7566,224.3786,217.4211,2061.21,20853.06,3382.52,5805.4,5069.25,6.2306,101.58
16/05/2014,0.936,1405.455,327.039,1.3694,1.6811,129.8185,224.3195,216.8865,2060.02,20559.01,3395.21,5830.83,5080.3,6.2327,101.5
19/05/2014,0.933,1401.039,327.1408,1.3709,1.6814,129.8421,223.9169,216.6784,2059.11,20427.53,3408.52,5833.51,5071.96,6.2372,101.5
20/05/2014,0.9243,1405.329,327.3433,1.3702,1.6838,129.8231,223.1402,216.0455,2061.45,20527.89,3386.48,5825.81,5040.43,6.2371,101.33
21/05/2014,0.9251,1416.247,325.7003,1.3687,1.69,129.839,223.2947,215.5996,2058.83,20479.64,3414.45,5868.44,5058.57,6.2331,101.37
22/05/2014,0.9226,1413.909,327.4449,1.3656,1.687,129.7785,223.4096,215.4248,2056.91,20910.78,3422.99,5871.95,5058.21,6.2313,101.74
23/05/2014,0.9231,1417.419,326.6108,1.3629,1.6832,129.8427,223.8291,215.7289,2059.18,21092.24,3437.58,5902.46,5054.65,6.2347,101.97
26/05/2014,0.9237,,,1.3646,1.6843,129.8393,,,,21296.93,,5970.84,5054.65,6.2365,101.94
27/05/2014,0.9259,1411.444,319.988,1.3635,1.681,129.8209,224.7196,215.6902,2061,21346.52,3458.19,5979.68,5076.29,6.255,101.98
28/05/2014,0.9236,1409.236,318.4714,1.3591,1.6711,129.9076,225.4567,217.0318,2067.69,21396.73,3454.88,5985.54,5081.71,6.2645,101.85
29/05/2014,0.9307,1409.367,317.8143,1.3602,1.6717,129.9908,225.1941,217.3625,2066.33,21412.44,3473.86,5983.73,5096.6,6.2472,101.79
30/05/2014,0.931,1402.87,315.0083,1.3635,1.6755,129.9609,225.0813,216.8926,2065.28,21340.48,3480.29,5983.63,5076.74,6.2475,101.77
02/06/2014,0.9246,1397.155,314.5035,1.3597,1.6746,129.8867,225.0913,216.0934,2058.84,21783.18,3483.14,5994.57,5091.27,6.2548,102.38
03/06/2014,0.9266,1396.637,314.6302,1.3628,1.6749,129.9156,224.63,215.5256,2054.18,21926.59,3482,5982.09,5070.65,6.2509,102.51
04/06/2014,0.9277,1391.179,314.58,1.3599,1.6737,129.8489,224.3629,214.9765,2053.41,21975.75,3489.21,5976.35,5061.59,6.2537,102.75
05/06/2014,0.934,1396.379,316.8556,1.366,1.682,129.7694,225.0068,215.3151,2055.33,21992.39,3512.21,6030.1,5057.78,6.2542,102.41
06/06/2014,0.9333,1392.742,316.6537,1.3643,1.6802,129.9168,226.3712,215.4984,2053.6,21989.28,3528.98,6080.36,5090.97,6.2447,102.48
09/06/2014,0.9356,1408.992,317.0085,1.3594,1.6803,129.8975,226.7132,214.9361,2051.88,22057.48,3532.47,6100.62,5103.43,6.2276,102.53
10/06/2014,0.9373,1406.004,318.5763,1.3547,1.6756,129.9327,226.1044,214.5257,2049.76,21869.05,3531.62,6116.39,5102.36,6.2158,102.35
11/06/2014,0.9383,1412.634,318.8547,1.3532,1.6788,129.8429,226.0456,214.8434,2050.21,21977.97,3519.52,6071.94,5082.71,6.2221,102.07
12/06/2014,0.9426,1450.976,322.0911,1.3552,1.6929,129.9406,225.7957,214.8317,2055.05,21838.03,3495.57,6063.08,5085.86,6.2125,101.7
13/06/2014,0.9402,1451.497,322.1167,1.354,1.6968,129.9227,226.0876,214.4351,2052.9,22019.33,3506.58,6060.41,5037.36,6.212,102.04
16/06/2014,0.9401,1458.91,322.421,1.3574,1.6984,129.9884,226.3259,214.526,2053.37,21779.58,3509.54,6020.87,5020.11,6.2194,101.83
17/06/2014,0.9337,1466.319,321.587,1.3547,1.6965,130.0513,225.6283,214.3291,2048.54,21841.83,3517.23,6046.54,5029.13,6.232,102.15
18/06/2014,0.9408,1476.328,321.7643,1.3595,1.6994,130.046,225.7237,214.8507,2051.56,22045.77,3544.42,6053.7,5038.89,6.2256,101.93
19/06/2014,0.9398,1486.597,332.2314,1.3608,1.7039,129.9571,226.4182,214.7279,2051.45,22403.62,3549.44,6120.38,5060.86,6.229,101.94
20/06/2014,0.9388,1484.779,332.8638,1.36,1.7013,130.0347,226.0434,214.2583,2051.28,22387.12,3555.6,6097.42,5073.57,6.2275,102.07
23/06/2014,0.9422,1478.025,333.3198,1.3605,1.7027,130.0409,226.4453,214.7582,2051.63,22417.46,3555.14,6062.84,5055.25,6.2233,101.93
24/06/2014,0.9368,1482.055,334.0532,1.3606,1.6986,130.0945,226.6581,214.7648,2054.67,22428.06,3532.57,6066.96,5045.22,6.2326,101.97
25/06/2014,0.9408,1475.298,334.3821,1.3629,1.6983,130.1721,227.299,216.1249,2057.46,22269.61,3549.96,6009.54,5005.93,6.2281,101.87
26/06/2014,0.9414,1465.161,332.9666,1.3612,1.7027,130.2942,227.5634,216.2626,2060.99,22351.25,3546.38,5974.22,5007.05,6.2248,101.73
27/06/2014,0.9427,1466.722,333.7253,1.3649,1.7035,130.3975,227.4246,216.235,2060.46,22040.55,3553.35,5964.34,5023.89,6.215,101.42
30/06/2014,0.9433,1456.587,334.2316,1.3692,1.7106,130.3457,227.4887,215.6987,2062.34,22141.62,3552.18,5965.07,5013.61,6.2057,101.33
01/07/2014,0.9497,1456.979,335.395,1.3679,1.715,130.3985,227.5692,215.3021,2058.08,22381.26,3576.55,6021.37,5057.45,6.2042,101.53
02/07/2014,0.9443,1445.283,336.4825,1.366,1.7166,130.362,226.935,214.7808,2052.06,22445.18,3579.11,6009.43,5068.44,6.2163,101.77
03/07/2014,0.9347,1441.125,333.8788,1.361,1.7155,130.311,227.1251,214.7296,2049.69,22413.52,3598.73,6080.53,5104.75,6.2112,102.19
04/07/2014,0.9365,,,1.3595,1.716,130.2852,227.485,214.5551,,22543.26,,6044.88,5105.38,6.2058,102.06
07/07/2014,0.9373,1432.034,332.9701,1.3605,1.7128,130.2568,227.6099,214.9106,2052.3,22459.01,3584.75,5971.78,5073.75,6.2023,101.86
08/07/2014,0.9399,1417.478,332.844,1.3612,1.7131,130.3603,227.7805,216.012,2056.78,22364.04,3560.53,5885.76,5010.5,6.2037,101.57
09/07/2014,0.9414,1410.171,334.8311,1.3642,1.7158,130.4199,227.5487,215.9516,2058.89,22346.87,3577.28,5920.36,4995.89,6.1962,101.64
10/07/2014,0.9395,1418.029,338.5868,1.3609,1.7132,130.3734,227.458,216.5814,2060.58,22221.02,3562.49,5824.4,4961.93,6.2034,101.34
11/07/2014,0.9392,1398.621,338.1474,1.3608,1.7116,130.4532,227.6731,216.8604,2061.92,22144.46,3568.08,5836.35,4975.17,6.2039,101.3
14/07/2014,0.9393,1406.97,330.3729,1.3619,1.7084,130.4612,227.696,216.9417,2059.39,22338.36,3585.37,5889.6,5016.79,6.209,101.54
15/07/2014,0.937,1394.377,327.9485,1.3568,1.7143,130.4662,227.8689,216.3564,2058.64,22481.97,3578.46,5834.38,4990.25,6.2155,101.68
16/07/2014,0.9368,1395.287,328.6559,1.3525,1.7137,130.4293,228.3089,216.3353,2059.06,22458.81,3593.91,5925.39,5046.56,6.2076,101.67
17/07/2014,0.9351,1401.26,333.0002,1.3526,1.7101,130.573,228.7351,217.4537,2064.63,22445.61,3551.73,5841.92,5012.08,6.2066,101.18
18/07/2014,0.939,1395.548,331.1062,1.3524,1.7088,130.5359,228.7737,217.8714,2063.44,22219.92,3588.21,5853.73,5020.36,6.2069,101.34
21/07/2014,0.9373,1404.51,332.2434,1.3524,1.7076,130.5488,229.1418,218.1818,2064.16,,3579.99,5803.52,5004.73,6.2051,101.4
22/07/2014,0.9394,1397.889,330.3494,1.3466,1.7065,130.4891,228.9017,217.9312,2065.92,22406.21,3597.95,5900.01,5054.49,6.2032,101.46
23/07/2014,0.9456,1406.329,329.9708,1.3464,1.7044,130.5542,229.2674,218.4408,2066.2,22384.71,3604.3,5907.24,5058.44,6.1919,101.48
24/07/2014,0.9419,1396.723,326.4857,1.3464,1.6986,130.6708,229.0112,217.8057,2061.9,22320.25,3606.1,5957.07,5075.79,6.1911,101.82
25/07/2014,0.9396,1412.174,329.6682,1.343,1.6975,130.6099,229.3874,218.3447,2065.42,22573.54,3588.68,5873.68,5053.53,6.189,101.84
28/07/2014,0.9406,1401.53,329.7952,1.344,1.6983,130.6661,229.717,218.1902,2063.56,22678,3589.73,5867.32,5050.94,6.1812,101.86
29/07/2014,0.9383,1404.647,328.4569,1.3409,1.6944,130.6449,230.1812,218.7685,2066.42,22808.92,3573.65,5902.46,5065.58,6.1811,102.12
30/07/2014,0.9331,1391.925,327.5479,1.3397,1.6913,130.6133,229.6767,218.1275,2058.8,22850.05,3574.45,5863.02,5040.06,6.1729,102.79
31/07/2014,0.9295,1386.603,323.9871,1.339,1.6886,130.5528,229.5567,217.9928,2058.98,22812.87,3503.19,5763.65,5007.81,6.1804,102.8
01/08/2014,0.9312,1375.699,327.0181,1.3427,1.6821,130.574,229.4952,219.1473,2064.67,22670.25,3493.18,5684.2,4969.92,6.174,102.61
04/08/2014,0.9334,1380.506,325.5288,1.3422,1.6863,130.6048,229.8968,219.6008,2065.91,22599.26,3518.31,5680.31,4968.68,6.1741,102.57
05/08/2014,0.9305,1371.808,324.6198,1.3376,1.6886,130.6806,229.3404,219.0551,2066.65,22374.08,3484.56,5683.52,4972.37,6.1692,102.6
06/08/2014,0.9354,1372.588,330.4037,1.3383,1.6853,130.6714,229.6318,220.2484,2067.33,22139.71,3485.67,5644.25,4948.42,6.1604,102.1
07/08/2014,0.9271,1383.105,331.49,1.3364,1.6833,130.5903,229.8046,220.7651,2071.72,22245.71,3467.14,5574.89,4919.49,6.1665,102.1
08/08/2014,0.9275,1376.615,331.1114,1.341,1.6773,130.7724,230.1839,221.7574,2071.63,21582.68,3507.21,5563.7,4897.12,6.155,102.04
11/08/2014,0.9262,1375.319,330.9858,1.3385,1.6787,130.7025,230.3217,220.7525,2071.28,22097.08,3517.53,5639.06,4945.93,6.1535,102.19
12/08/2014,0.9269,1357.533,331.0113,1.3369,1.6812,130.7689,230.5875,220.5964,2069.63,22142.05,3511.96,5595.05,4945.64,6.1595,102.26
13/08/2014,0.9305,1371.816,331.9966,1.3364,1.6688,130.7829,230.725,221.1627,2072.88,22218.46,3536.42,5654.99,4979.66,6.1585,102.42
14/08/2014,0.9319,1333.646,332.2999,1.3365,1.6686,130.8135,231.3194,221.628,2075.88,22365.88,3551.97,5658.68,5001.04,6.1517,102.45
15/08/2014,0.9322,1352.084,329.9008,1.3401,1.6693,130.8177,232.0783,223.3401,2080.13,22371.39,3552.17,5613.09,5003.89,6.147,102.36
18/08/2014,0.9325,1328.198,328.159,1.3364,1.6728,130.8911,231.4414,222.149,2076.18,22377.61,3582.7,5686.96,5042.92,6.1411,102.57
19/08/2014,0.9302,1328.199,327.5026,1.332,1.6617,130.9017,231.8558,222.8011,2074.39,22563.36,3601.33,5719.64,5071.39,6.1442,102.92
20/08/2014,0.9287,1336.639,327.124,1.3259,1.6595,130.7997,232.1092,222.4341,2071.82,22570.17,3610.49,5705.56,5061.06,6.1448,103.76
21/08/2014,0.9303,1341.963,322.1234,1.3281,1.658,130.6352,232.1812,222.6435,2073.63,22762.58,3621.23,5781.54,5077.68,6.1538,103.85
22/08/2014,0.9317,1337.81,323.336,1.3242,1.6572,130.8074,232.285,222.5078,2073.57,22693.93,3614.5,5733.32,5075.88,6.1568,103.95
25/08/2014,0.9297,1341.968,323.0085,1.3192,1.6579,130.8764,,,2074.67,22802.09,3631.86,5857.22,5075.88,6.155,104.05
26/08/2014,0.9306,1340.671,324.5999,1.3167,1.654,130.9384,233.6623,223.8443,2074.72,22667.69,3635.71,5916.57,5111.47,6.1505,104.06
27/08/2014,0.9337,1343.528,324.1456,1.3193,1.6576,130.9611,234.187,225.2643,2077.91,22700.39,3636.64,5911.17,5118.93,6.1438,103.88
28/08/2014,0.9357,1338.855,325.9138,1.3182,1.6586,131.0188,233.9569,225.5061,2080.85,22590.85,3630.98,5855.64,5100.3,6.1503,103.72
29/08/2014,0.9339,1347.296,325.1564,1.3132,1.6598,131.0189,233.9018,225.7246,2080.7,22539.31,3643.34,5870.8,5110.75,6.1494,104.09
01/09/2014,0.9332,,,1.3128,1.6608,130.9986,233.7497,225.3746,,22615.31,,5875.28,5114.92,6.1459,104.35
02/09/2014,0.9274,1310.817,319.5,1.3133,1.647,130.9229,233.1745,224.179,2073.42,22895.87,3641.52,5884.97,5117.82,6.1522,105.09
03/09/2014,0.9347,1341.718,320.8388,1.315,1.6461,130.9127,232.8109,223.4139,2074.32,22983.18,3639.35,5956.31,5154.78,6.145,104.79
04/09/2014,0.9348,1328.216,319.8793,1.2944,1.6331,130.8673,233.3674,222.9069,2070.82,22906.95,3633.87,6064.4,5158.07,6.1468,105.27
05/09/2014,0.9378,1316.532,320.0815,1.2951,1.6327,130.8079,234.1803,223.1461,2070.52,22895.99,3652.26,6060.69,5140.92,6.1412,105.09
08/09/2014,0.9281,1309.524,316.7988,1.2895,1.6104,130.8997,233.9374,222.9506,2070.06,22949.22,3641.66,6046.43,5125.67,6.14,106.03
09/09/2014,0.9203,1297.736,315.3341,1.2937,1.6106,130.8791,232.981,222.6455,2067.15,23013.57,3617.89,6005.52,5121.35,6.1385,106.2
10/09/2014,0.9155,1283.343,314.526,1.2917,1.6211,130.75,232.5788,222.0439,2064.43,23071.48,3631.45,6003.17,5123.16,6.1333,106.86
11/09/2014,0.91,1284.065,312.935,1.2925,1.6255,130.5204,232.3637,222.2213,2065.34,23247.44,3635.66,5991.32,5100.29,6.1366,107.11
12/09/2014,0.9038,1273.733,311.0409,1.2963,1.6268,130.5056,231.9259,221.6264,2058.62,23304.56,3614.06,5986.35,5105.79,6.1406,107.34
15/09/2014,0.9028,1271.94,311.9507,1.294,1.6233,130.5184,232.1418,221.6841,2060.87,,3611.52,5980.11,5103.73,6.1707,107.19
16/09/2014,0.9094,1285.397,312.3549,1.296,1.6277,130.4592,231.9474,221.7986,2061.41,23250.84,3638.6,5961.66,5094.75,6.1561,107.13
17/09/2014,0.8959,1282.578,312.153,1.2865,1.6276,130.6771,232.4197,221.9719,2059.42,23217.83,3643.4,5990.73,5086.43,6.158,108.37
18/09/2014,0.899,1268.097,309.88,1.2923,1.6396,130.5562,231.9773,220.8315,2057.44,23479.25,3661.73,6053.52,5115.22,6.1458,108.69
19/09/2014,0.8925,1276.172,307.2786,1.2829,1.6288,130.5931,232.9162,222.1103,2061.05,23849.83,3660.03,6056.99,5129.2,6.1443,109.04
22/09/2014,0.8873,1260.41,307.6073,1.2849,1.6361,130.8045,233.1361,222.8452,2063.74,23681.39,3630.7,6031.08,5080.97,6.1534,108.84
23/09/2014,0.884,1258.745,308.643,1.2847,1.6388,130.8088,233.2936,223.3446,2066.93,,3610.1,5938.57,5007.8,6.1422,108.89
24/09/2014,0.8885,1258.745,308.0116,1.278,1.634,130.9295,233.4867,223.5449,2063.88,23625.2,3638.44,6009.1,5031.57,6.1395,109.04
25/09/2014,0.8787,1258.617,308.6179,1.2751,1.6318,131.017,233.755,223.6614,2069.57,23927.23,3579.61,5931.85,4981.63,6.1474,108.75
26/09/2014,0.8765,1258.617,306.9762,1.2684,1.625,131.1044,233.7608,223.5118,2067.34,23853.46,3610.98,5963.85,4988.89,6.1445,109.29
29/09/2014,0.8718,1260.156,307.8352,1.2685,1.6241,131.0949,233.6975,223.9355,2071.06,23972.18,3602.09,5904.48,4986.8,6.1787,109.5
30/09/2014,0.8747,1228.502,306.0169,1.2631,1.6213,131.107,234.1158,224.1412,2069.31,23770.65,3592.25,5976.71,4968.88,6.1792,109.65
01/10/2014,0.8738,1221.582,307.002,1.2623,1.6186,131.0373,234.7983,224.992,2079.56,23636.51,3544.98,5919.55,4920.5,6.1703,108.89
02/10/2014,0.8803,1211.074,306.9011,1.2669,1.6145,131.0619,234.4748,225.6009,2076.7,23018.84,3545.3,5755.28,4837.11,6.1606,108.42
03/10/2014,0.8675,1196.721,301.2941,1.2516,1.5973,131.0782,234.4372,224.6323,2075.42,23087.42,3584.94,5805.22,4898.28,6.1674,109.76
06/10/2014,0.8763,1203.002,304.9316,1.2655,1.6084,131.1298,234.5171,225.2381,2078.37,23355.23,3579.42,5815.03,4925.1,6.1529,108.78
07/10/2014,0.8817,1192.879,306.2198,1.2669,1.6096,131.1456,234.3019,226.68,2085.1,23197.79,3525.29,5710.23,4874.02,6.147,108.03
08/10/2014,0.8841,1182.498,304.6035,1.2734,1.6169,131.2406,234.4455,227.371,2088.49,22921.7,3588.07,5656.89,4864.02,6.1392,108.08
09/10/2014,0.8783,1163.66,309.4783,1.2691,1.6117,131.3638,234.6752,227.0034,2088.89,22749.67,3514.12,5636.77,4827.56,6.139,107.84
10/10/2014,0.8686,1167.12,308.5691,1.2628,1.6076,131.2009,234.7108,227.7108,2090.89,22487.5,3474.23,5542.37,4758.6,6.1413,107.66
13/10/2014,0.8772,1153.794,310.6659,1.2752,1.6085,131.2136,234.5245,228.9114,,,3417.01,5556.65,4778.32,6.136,106.86
14/10/2014,0.8713,1101.122,311.7521,1.2658,1.5904,131.2375,235.1122,229.7309,2101.07,21952.46,3422.43,5561.6,4798.16,6.1411,107.05
15/10/2014,0.8829,1084.205,314.4042,1.2838,1.602,131.3444,235.4932,232.5059,2112.5,22153.83,3395.03,5360.63,4662.28,6.135,105.92
16/10/2014,0.8756,1105.864,313.495,1.2809,1.6087,131.3328,233.7666,230.8048,2106.25,21661.27,3395.64,5327.46,4650.9,6.1425,106.33
17/10/2014,0.8744,1110.094,312.9394,1.2761,1.6093,131.5039,233.7349,228.4352,2101.85,21358.7,3439.39,5489.79,4736.76,6.1413,106.88
20/10/2014,0.8784,1100.227,314.3794,1.28,1.6165,131.3296,233.3404,229.1612,2104.03,22209.26,3470.89,5429.19,4704.31,6.1332,106.95
21/10/2014,0.8779,1109.583,316.1476,1.2716,1.6113,131.4534,233.491,228.6722,2102.22,21758.19,3538.9,5548.18,4783.33,6.1276,107
22/10/2014,0.8779,1090.36,314.5818,1.2649,1.605,131.4314,233.6649,228.3453,2099.88,22333.57,3513.47,5579.84,4803.9,6.1246,107.14
23/10/2014,0.8762,1117.658,310.4397,1.2646,1.603,131.4335,233.4492,227.8397,2095.24,22250.08,3556.7,5646.17,4823.4,6.1252,108.27
24/10/2014,0.8793,1108.559,311.1218,1.2671,1.609,131.5517,233.4358,227.7281,2095.32,22474.48,3581.82,5620.35,4800.55,6.124,108.16
27/10/2014,0.8802,1105.101,310.4909,1.2698,1.612,131.5319,233.6786,228.227,2097.02,22617.94,3576.47,5561.88,4781.56,6.1199,107.82
28/10/2014,0.8856,1108.434,310.5164,1.2734,1.613,131.5865,233.7126,227.6801,2094.81,22531.5,3619.16,5631.07,4810.65,6.1143,108.16
29/10/2014,0.8797,1122.531,309.3799,1.2632,1.6012,131.5357,233.7751,227.3585,2090.45,22860.61,3614.53,5605.59,4849.5,6.117,108.89
30/10/2014,0.8835,1111.126,302.7374,1.2613,1.6002,131.4435,234.1814,227.7746,2092.28,23014.44,3637.3,5630.6,4857.2,6.1176,109.21
31/10/2014,0.8798,1106.513,295.918,1.2525,1.5995,131.7456,234.6894,227.2258,2089.47,24125.54,3679.99,5774.19,4919.51,6.128,112.32
03/11/2014,0.8681,1093.187,295.4638,1.2482,1.5972,131.7583,234.3484,226.9083,2088.4,,3679.58,5717.04,4875.56,6.13,114.05
04/11/2014,0.8738,1068.581,294.9336,1.2546,1.6003,132.3824,234.7672,227.8994,2089.15,24785.58,3669.18,5627.86,4850.01,6.1181,113.6
05/11/2014,0.8594,1070.376,289.3771,1.2486,1.5976,132.0068,234.4332,227.4092,2088.62,24895.57,3691.38,5734.15,4914.01,6.1217,114.64
06/11/2014,0.8559,1069.607,288.5943,1.2375,1.5832,131.9035,234.6041,227.5846,2085.94,24683.48,3706.45,5754.78,4930.62,6.122,115.21
07/11/2014,0.8637,1076.144,295.4645,1.2455,1.5869,131.8531,234.6004,228.3665,2092.09,24812.8,3708.46,5685.87,4942.73,6.1359,114.6
10/11/2014,0.8622,1063.238,292.9446,1.2421,1.5842,132.054,234.9111,228.8517,2087.61,24666.03,3720.25,5740.92,4975.85,6.1242,114.86
11/11/2014,0.8686,1056.561,293.7629,1.2475,1.5919,131.8803,235.1088,228.058,,25171.49,3722.84,5760.06,4988.01,6.1286,115.78
12/11/2014,0.8719,1040.658,292.7482,1.2438,1.5779,131.4266,235.1312,228.8387,2088.46,25278.71,3721.3,5655.44,4975.7,6.1325,115.49
13/11/2014,0.8723,994.091,293.3543,1.2477,1.5711,131.7136,235.1513,228.8818,2089.99,25566.61,3723.58,5673.07,5000.14,6.1296,115.77
14/11/2014,0.875,1017.943,299.4119,1.2525,1.5669,131.9836,235.357,229.6453,2092.45,25710.72,3724.92,5678.98,5014.4,6.1303,116.29
17/11/2014,0.8708,1016.179,298.9077,1.245,1.5641,132.0995,235.5853,229.9555,2090.91,24950.74,3727.86,5725.02,5027.66,6.126,116.65
18/11/2014,0.872,1005.326,302.3152,1.2536,1.5633,131.7493,235.3664,229.8249,2092.6,25495.01,3747.74,5791.14,5055.66,6.118,116.86
19/11/2014,0.8618,998.638,301.5078,1.2554,1.5682,132.1318,234.9593,229.5333,2090.04,25413.71,3742.35,5799.26,5046.22,6.1252,117.97
20/11/2014,0.862,1012.773,300.7256,1.2539,1.5692,132.2712,235.3732,230.2925,2091.98,25431.58,3749.87,5760.43,5037.66,6.126,118.21
21/11/2014,0.867,1027.54,302.4673,1.2391,1.5656,132.1969,236.076,231.2095,2094.02,25514.85,3770.03,5931.29,5091.86,6.1341,117.79
24/11/2014,0.8618,1018.834,302.0136,1.2442,1.5706,132.2096,236.244,231.5801,2095.04,,3780.88,5963.74,5076.04,6.1591,118.27
25/11/2014,0.853,1000.914,302.3166,1.2474,1.5708,132.3198,236.8071,232.6666,2099.64,25588.51,3776.94,5990.59,5077.07,6.1464,117.97
26/11/2014,0.8548,993.216,302.2411,1.2506,1.5792,132.4494,236.914,233.5918,2102.06,25553.17,3788.42,5990.45,5075.58,6.1492,117.73
27/11/2014,0.8545,,,1.2467,1.5736,132.5773,237.7047,234.6585,,25354.61,,6025.44,5071.94,6.1471,117.71
28/11/2014,0.8506,897.808,296.6888,1.2452,1.5645,132.6252,237.9445,234.6786,2106.32,25665.29,3778.96,6036.59,5071.33,6.1604,118.63
01/12/2014,0.8491,926.962,307.4412,1.247,1.573,132.6893,237.9469,235.3071,2103.93,25856.75,3753.31,6003.13,5021.36,6.1581,118.4
02/12/2014,0.8445,902.227,302.7217,1.2383,1.5637,132.7183,237.7304,233.3619,2097.4,25964.23,3777.47,6015.51,5086.03,6.1565,119.21
03/12/2014,0.8405,897.179,305.0691,1.2311,1.5686,132.8,237.898,233.1561,2097.22,26048.33,3792.69,6032.92,5066.81,6.1474,119.79
04/12/2014,0.8383,892.763,304.817,1.2379,1.5673,132.6543,237.5667,233.5328,2100.3,26293.49,3788.34,5928.02,5039.56,6.152,119.78
05/12/2014,0.8316,885.696,300.4508,1.2283,1.558,132.6945,237.961,233.1195,2094.06,26342.35,3794.68,6088.84,5087.44,6.1597,121.46
08/12/2014,0.8294,849.856,301.5872,1.2317,1.5653,132.596,238.4562,233.9129,2098.78,26364.68,3767.7,6034.23,5034.1,6.1731,120.69
09/12/2014,0.8293,856.672,310.9512,1.2374,1.5668,132.8476,238.3904,235.6265,2102.29,26184.96,3766.83,5875.91,4926.45,6.1892,119.69
10/12/2014,0.8318,823.102,310.2952,1.2448,1.5715,133.0205,238.2555,235.3136,2107.72,25595.8,3705.51,5853.94,4904.25,6.1798,117.82
11/12/2014,0.8272,816.035,309.3363,1.2411,1.5732,132.995,238.2623,235.6019,2106.35,25367.69,3723.32,5869.12,4876.06,6.1964,118.65
12/12/2014,0.8247,793.193,308.5541,1.2462,1.5716,132.9857,238.6778,237.8088,2114.28,25535.53,3663.1,5698.57,4754.52,6.1954,118.75
15/12/2014,0.8211,780.069,304.8193,1.2437,1.5638,133.1589,238.9753,237.732,2112.53,25135.44,3639.97,5544.65,4665.54,6.1993,117.82
16/12/2014,0.8218,764.926,301.4375,1.2511,1.575,133.3454,239.2774,238.7507,2117.33,24629.66,3609.06,5669.34,4778.06,6.1927,116.41
17/12/2014,0.8123,779.061,301.4883,1.2342,1.5575,133.4357,239.4456,238.671,2109.72,24724.34,3682.7,5673.07,4781.87,6.2018,118.65
18/12/2014,0.8165,755.714,301.5643,1.2286,1.567,133.5877,239.2756,236.4265,2104.2,25298.1,3771.72,5862.26,4879.88,6.2209,118.84
19/12/2014,0.813,783.101,301.8674,1.2229,1.5626,133.6288,239.4125,236.3629,2106.36,25902.77,3788.97,5839.05,4939.7,6.2238,119.5
22/12/2014,0.8135,768.338,297.7795,1.223,1.559,133.7367,239.6829,236.9807,2107.56,25922.97,3803.94,5866.62,4963.45,6.2193,120.05
23/12/2014,0.8105,788.027,297.3256,1.2172,1.5522,133.7409,239.7569,236.3829,2098.51,,3810.78,5936.47,4979.63,6.2313,120.69
24/12/2014,0.811,769.981,296.1903,1.2196,1.5558,133.8544,239.7761,235.8053,2099.02,26245.02,3810.39,5921.94,4988.5,6.2253,120.51
25/12/2014,0.8119,,,1.2225,1.5559,134.0864,,,,26178.17,,,4988.5,6.207,120.1
26/12/2014,0.8121,760.013,301.6935,1.2183,1.5558,133.9393,,,2100.16,26224.97,3823,,4988.5,6.2179,120.31
29/12/2014,0.8132,740.328,298.3127,1.2152,1.5517,133.9912,240.1883,237.49,2104.8,26093.81,3826.95,5922.89,5007.37,6.2336,120.67
30/12/2014,0.8183,741.212,302.9825,1.2156,1.5562,134.0983,240.5488,237.9635,2107.22,25683.09,3808.69,5831.37,4942.07,6.2167,119.48
31/12/2014,0.8175,734.65,298.8687,1.2098,1.5577,134.1025,240.568,239.0043,2109.32,,3769.44,5850.85,4956.47,6.2165,119.78
01/01/2015,0.8183,,,1.2104,1.5586,,,,,,,,4956.47,6.219,119.74
02/01/2015,0.8089,722.662,299.3994,1.2002,1.5328,134.111,241.6381,239.9561,2114.32,,3768.68,5837.86,4942.97,6.2285,120.5
05/01/2015,0.8083,683.667,303.8931,1.1933,1.525,134.1425,241.2439,241.3201,2122.26,25621.19,3700.03,5621.6,4844.35,6.2279,119.64
06/01/2015,0.8084,657.921,307.7804,1.189,1.5151,134.722,242.1102,243.0373,2130.68,24847.76,3667.14,5593.26,4806.12,6.2122,118.39
07/01/2015,0.8079,658.426,305.5847,1.1839,1.511,134.73,241.3934,242.8375,2132.46,24850.91,3710.94,5628.37,4846.37,6.2158,119.26
08/01/2015,0.8123,656.66,305.0297,1.1793,1.509,134.9867,241.2395,242.2071,2126.67,25265.6,3777.4,5829.74,4959.91,6.2183,119.66
09/01/2015,0.8204,648.405,306.9525,1.1842,1.516,134.7944,241.2234,243.4097,2131.89,25310.68,3745.67,5658.33,4907.96,6.2054,118.5
12/01/2015,0.8157,617.83,311.1673,1.1834,1.5171,134.8071,241.9129,243.7347,2138.64,,3715.36,5735.09,4908.17,6.1973,118.35
13/01/2015,0.8166,607.1,311.5712,1.1773,1.516,135.0119,242.1259,244.0529,2141.1,25148.76,3706.15,5827.47,4938.95,6.1964,117.93
14/01/2015,0.815,629.863,311.5967,1.1789,1.5234,135.1263,242.9671,245.8525,2146.57,24719.38,3684.72,5749.58,4822.89,6.1942,117.33
15/01/2015,0.8217,611.695,319.2392,1.1633,1.5183,135.1377,242.88,245.6033,2153.25,25179.65,3650.74,5875.54,4908.82,6.2107,116.17
16/01/2015,0.8223,634.796,322.3166,1.1567,1.515,135.1971,243.4695,245.3067,2148.18,24819.75,3699.79,5959.06,4947.72,6.2359,117.51
19/01/2015,0.8211,,,1.1606,1.5113,135.4824,243.7513,246.0886,,25040.7,,5993.79,4974.35,6.2239,117.56
20/01/2015,0.8172,605.922,326.6809,1.155,1.5145,135.4591,243.5699,246.6866,2149.98,25558.77,3705.64,6038.48,5000.46,6.2215,118.82
21/01/2015,0.8085,617.112,326.5551,1.161,1.5142,135.1214,242.9322,247.4578,2145.3,25432.46,3723.62,6084.65,5082,6.2167,117.97
22/01/2015,0.8026,611.818,328.3209,1.1366,1.501,133.8401,244.4058,246.5271,2141.24,25503.9,3780.51,6183.13,5135.48,6.2212,118.49
23/01/2015,0.7912,615.188,326.2781,1.1204,1.4989,134.1456,245.7151,247.9235,2148.54,25772.83,3759.76,6294.6,5162.83,6.2519,117.77
26/01/2015,0.7925,609.173,322.9494,1.1238,1.5078,134.284,245.8559,247.4215,2147.17,25709.21,3769.45,6353.65,5177.62,6.2541,118.46
27/01/2015,0.7937,624.815,326.1024,1.1381,1.5197,134.0667,245.6905,247.7996,2147.96,26150.41,3718.99,6276.04,5146.79,6.2434,117.87
28/01/2015,0.7889,610.979,324.6649,1.1287,1.5139,134.033,245.4728,247.9384,2158.54,26192.58,3669.1,6256.32,5157.62,6.2588,117.54
29/01/2015,0.7762,616.995,316.7704,1.132,1.5067,134.0082,245.3113,248.7312,2155.49,25913.65,3704.35,6280.29,5146.04,6.2618,118.29
30/01/2015,0.7762,661.754,322.6474,1.1291,1.506,134.1279,246.1332,250.6074,2163.88,26013.99,3656.28,6242.31,5099.79,6.2835,117.49
02/02/2015,0.7803,683.412,322.0678,1.1341,1.5039,134.1711,246.2411,250.0795,2164.11,25844.18,3703.77,6277.09,5124.84,6.2694,117.57
03/02/2015,0.7793,723.118,317.881,1.1481,1.5166,133.525,246.0424,247.9616,2152.37,25517.13,3757.34,6359.16,5192.27,6.2577,117.57
04/02/2015,0.7753,676.434,318.9405,1.1345,1.5182,133.0489,246.227,246.2882,2151.22,26021.84,3742.84,6361.68,5183.38,6.2561,117.28
05/02/2015,0.7798,703.988,318.4866,1.1477,1.5328,133.3727,246.1768,245.7046,2148.71,25765.55,3782.11,6350.55,5188.62,6.2426,117.53
06/02/2015,0.7796,717.945,311.3992,1.1316,1.5243,133.6214,245.8618,243.4994,2133.98,25977.33,3770.2,6330.44,5179.19,6.2484,119.12
09/02/2015,0.7802,727.451,313.1399,1.1325,1.5215,133.2464,245.5566,244.0464,2133.14,26070.69,3754.36,6236.53,5166.87,6.2539,118.64
10/02/2015,0.7771,705.553,310.7944,1.1321,1.5254,132.8748,245.1718,242.478,2128.89,25983.48,3794.62,6302.44,5160.81,6.2566,119.43
11/02/2015,0.7718,687.025,307.6165,1.1336,1.5238,132.879,245.4487,241.8226,2129.34,,3795.82,6285.69,5152.67,6.2468,120.46
12/02/2015,0.7735,725.407,307.8941,1.1403,1.5384,132.8707,245.9282,241.8118,2129.98,26464.86,3833.35,6366.67,5169.32,6.2407,119.11
13/02/2015,0.7762,749.953,309.5086,1.1394,1.5395,132.5552,246.0373,241.6169,2126.21,26367.18,3849.29,6422.53,5203.7,6.2419,118.75
16/02/2015,0.7773,,,1.1355,1.5363,132.0893,245.8581,241.2579,,26501.73,,6395.9,5191.23,6.2657,118.48
17/02/2015,0.7819,760.302,304.843,1.1411,1.5354,132.7055,245.5312,239.6801,2114.68,26475.71,3856.04,6405.47,5222.33,6.2761,119.25
18/02/2015,0.7811,737.201,302.7245,1.1397,1.5436,132.5988,245.3786,237.7286,2122.79,26787.88,3855,6456.44,5222.29,6.2739,118.79
19/02/2015,0.7792,732.749,304.5911,1.1368,1.5414,132.8755,245.4119,238.3888,2118.34,26884.47,3851.53,6497.96,5223.45,6.2776,118.95
20/02/2015,0.7842,731.185,303.9102,1.1381,1.5399,132.7975,245.6921,239.7485,2116.24,26983.84,3875.6,6502.52,5243.4,6.2787,119.03
23/02/2015,0.7802,717.71,302.8764,1.1335,1.5457,132.9305,246.1555,239.076,2124.52,27181.99,3874.46,6556.64,5241.09,6.2731,118.81
24/02/2015,0.7831,715.184,301.9938,1.134,1.5454,133.0555,246.404,240.2428,2132.31,27383,3885.27,6607.9,5269.5,6.2632,118.97
25/02/2015,0.7887,750.198,303.0533,1.1361,1.5528,133.4128,246.8995,241.2957,2133.72,27369.59,3882.95,6597.99,5258.7,6.2715,118.86
26/02/2015,0.78,730.465,305.2227,1.1198,1.5407,133.2469,248.0197,240.9524,2128.47,27664.99,3877.85,6659.76,5271.54,6.2791,119.41
27/02/2015,0.7808,759.824,305.9795,1.1196,1.5438,133.32,247.8537,239.4815,2130.46,27682.88,3866.42,6704.59,5269.2,6.2872,119.63
02/03/2015,0.7766,724.21,304.7441,1.1184,1.5366,133.255,247.4963,238.8467,2121.8,27725.5,3890.32,6689.85,5264.64,6.2903,120.13
03/03/2015,0.7817,743.342,303.7858,1.1176,1.5361,132.8391,247.007,237.1805,2118.34,27708.24,3872.71,6611.65,5225.57,6.2851,119.73
04/03/2015,0.7817,736.484,302.9031,1.1078,1.5265,132.7912,246.9307,236.3721,2119.01,27543.95,3856.51,6675.59,5248.41,6.2878,119.68
05/03/2015,0.7782,733.476,301.7177,1.103,1.524,133.0114,247.6189,236.701,2120.83,27614.99,3861.29,6740.38,5291.47,6.2747,120.13
06/03/2015,0.7716,724.091,293.6717,1.0844,1.5037,133.1689,247.5057,234.7062,2106.97,27937.74,3807.04,6739.27,5253.96,6.2849,120.83
09/03/2015,0.7702,711.24,294.2269,1.0852,1.5128,132.6901,248.5964,235.0776,2111.95,27672,3822.42,6725.59,5227.11,6.273,121.15
10/03/2015,0.7626,685.473,292.6032,1.0698,1.507,132.266,250.2117,237.5515,2118.81,27487.27,3757.83,6645.44,5096.8,6.2836,121.13
11/03/2015,0.7596,696.914,290.2085,1.0547,1.493,132.6489,251.519,237.337,2120.9,27573.29,3751.2,6798.73,5111,6.2782,121.45
12/03/2015,0.7708,689.397,290.5363,1.0635,1.4883,132.9885,251.1716,239.2463,2123.18,27967.36,3799.43,6783.42,5147.29,6.2757,121.29
13/03/2015,0.7637,663.241,290.6372,1.0496,1.4744,132.7303,251.0413,239.95,2122.18,28354.87,3776.44,6811.16,5131.68,6.2856,121.4
16/03/2015,0.764,653.433,290.814,1.0568,1.4829,132.7686,251.1303,240.7589,2123.94,28342.81,3827.62,6905.32,5180.03,6.2701,121.34
17/03/2015,0.7617,648.179,289.5543,1.0597,1.4749,132.8846,250.229,241.2033,2127.8,28624,3814.91,6840.88,5205.56,6.2479,121.37
18/03/2015,0.7774,676.088,290.3106,1.0864,1.4978,133.6219,250.269,242.7775,2140.38,28782.97,3861.39,6834.1,5287.46,6.2235,120.11
19/03/2015,0.7649,658.573,294.7966,1.066,1.4753,134.1879,250.6987,244.5618,2137.07,28682.94,3842.62,6838.21,5307.78,6.2164,120.78
20/03/2015,0.7775,669.2,298.7282,1.0821,1.4949,133.9462,251.0326,244.922,2142.23,28806.15,3877.26,6941.31,5353.67,6.2035,120.04
23/03/2015,0.788,675.391,299.4853,1.0946,1.4952,133.9749,250.181,245.1076,2143.39,29092.06,3870.49,6893.91,5365.23,6.2047,119.73
24/03/2015,0.7877,666.4,300.4179,1.0924,1.4851,134.1332,249.8413,245.3598,2147.55,29031.81,3847.05,6955.09,5351.52,6.2104,119.76
25/03/2015,0.7845,680.062,301.9049,1.097,1.488,134.0624,249.9568,246.2045,2143.53,29081.2,3791.13,6866.92,5329.63,6.2114,119.49
26/03/2015,0.7828,709.138,303.8455,1.0884,1.4849,134.0989,250.0654,244.2854,2134.78,28676.21,3782.21,6840.35,5259.58,6.216,119.19
27/03/2015,0.7752,677.844,302.5856,1.0889,1.4879,133.3947,250.0318,245.394,2142.2,28568.63,3791.9,6857.57,5228.84,6.2118,119.13
30/03/2015,0.7654,678.663,298.7052,1.0833,1.481,133.5745,250.2118,244.7931,2140.58,28754.94,3838.65,6950.4,5256.61,6.2084,120.07
31/03/2015,0.7607,666.52,298.1763,1.0731,1.4818,133.4287,250.9083,244.5958,2143.9,28452.14,3805.27,6893.69,5166.3,6.2059,120.13
01/04/2015,0.76,689.524,304.4768,1.0763,1.4823,133.5764,251.0153,245.498,2150.71,28197.13,3790.66,6926.33,5194.11,6.2046,119.76
02/04/2015,0.7592,665.12,302.6374,1.088,1.4829,133.8749,250.625,244.5628,2146.62,28608.87,3804.14,6932.31,5214.93,6.2,119.72
03/04/2015,0.7633,,,1.0969,1.492,133.5993,,,2154.35,28790.02,,,5214.93,6.1959,118.97
06/04/2015,0.7592,701.905,307.0991,1.0922,1.488,133.6225,,,2147.36,28735.06,3829.31,,5214.93,6.1962,119.54
07/04/2015,0.7633,711.363,305.0832,1.0814,1.4808,133.5223,250.8971,244.1074,2148.27,29094.37,3821.49,7032.03,5312.84,6.2002,120.28
08/04/2015,0.7684,671.545,303.1933,1.0781,1.4866,133.5369,250.945,244.5498,2148.44,29315.49,3833.2,6983.36,5295.34,6.2065,120.13
09/04/2015,0.7692,683.223,300.7994,1.0659,1.4713,133.4752,250.6749,244.4136,2141.26,29534.6,3850.29,7056.43,5356.14,6.2182,120.58
10/04/2015,0.7682,697.819,303.5717,1.0604,1.4632,133.663,250.9398,244.2201,2141.4,29490.9,3870.31,7121.67,5412.96,6.2179,120.22
13/04/2015,0.7589,698.871,302.2365,1.0567,1.4676,133.6235,250.9263,244.2043,2143.59,29487.69,3852.93,7144.11,5394.49,6.2257,120.13
14/04/2015,0.7626,708.214,300.5483,1.0655,1.4782,133.8457,250.9383,246.1389,2147.65,29492.46,3859.22,7066.46,5402.86,6.2149,119.4
15/04/2015,0.7682,748.85,302.741,1.0684,1.4842,133.9268,251.6631,245.1877,2148.26,29434.8,3879.1,7101.98,5419.29,6.2006,119.14
16/04/2015,0.7803,756.207,301.9096,1.0761,1.4934,133.996,251.2345,244.1267,2150.18,29458.52,3876.17,7005.2,5395.25,6.1884,119.02
17/04/2015,0.7782,750.136,303.195,1.0806,1.4962,134.2433,250.7422,244.3556,2152.89,29113.52,3832.33,6860.17,5344.95,6.1947,118.9
20/04/2015,0.7725,750.021,300.8267,1.0738,1.4907,134.2442,250.8003,244.5337,2147.59,29086.28,3867.82,6942.32,5388.89,6.1962,119.18
21/04/2015,0.7711,734.14,303.1959,1.0736,1.4926,134.1378,250.4566,244.426,2146.15,29493.07,3862.15,6948.54,5397.15,6.1972,119.67
22/04/2015,0.7755,741.264,299.1135,1.0725,1.5037,134.1777,250.4012,241.6431,2139.52,29826.1,3881.93,6958.09,5370.64,6.1947,119.91
23/04/2015,0.7778,764.969,300.9786,1.0824,1.5057,134.0839,250.3719,241.8969,2142.49,29905.72,3891.46,6909.55,5397.59,6.1909,119.58
24/04/2015,0.7824,770.341,296.1149,1.0873,1.5188,134.3046,250.1395,242.9708,2145.51,29657.42,3900.24,6943.87,5410.62,6.1967,118.99
27/04/2015,0.7858,765.905,303.2223,1.0891,1.5238,134.1071,250.3752,242.2058,2145.02,29603.02,3884.1,7052.7,5436.08,6.2155,119.04
28/04/2015,0.8022,763.103,305.919,1.0981,1.5339,134.1328,250.407,242.1824,2139.88,29715.06,3895.21,6947.92,5379.88,6.2048,118.86
29/04/2015,0.8008,776.999,304.9363,1.1128,1.5438,134.137,248.0583,238.8443,2134.01,,3880.9,6764.08,5315.41,6.2016,119.02
30/04/2015,0.7905,787.626,297.9809,1.1224,1.5351,133.8778,247.3528,239.0899,2132.62,28916.68,3841.78,6765.2,5329.14,6.208,119.38
01/05/2015,0.7851,785.057,295.9902,1.1199,1.5148,133.5712,247.3717,238.987,2124.86,28933.89,3883.75,6765.2,5348.53,6.2128,120.15
04/05/2015,0.7838,785.059,299.0905,1.1146,1.512,133.5837,,,2123.2,,3895.16,6807.33,5348.53,6.2118,120.13
05/05/2015,0.7942,797.203,300.7035,1.1185,1.5182,133.5878,243.6448,235.8181,2118.83,,3849.41,6646.8,5303.84,6.207,119.86
06/05/2015,0.7969,799.539,299.9728,1.1347,1.5246,133.592,242.0399,236.5858,2112.67,,3833.7,6670.99,5308.56,6.2025,119.46
07/05/2015,0.7907,773.382,297.9316,1.1267,1.5245,132.9004,242.9931,237.5727,2118.15,28578.89,3849.13,6676.23,5277.95,6.2129,119.74
08/05/2015,0.7932,772.708,299.6199,1.1199,1.5455,133.0505,244.0304,239.4638,2122.36,28708.07,3901.01,6853.56,5400.47,6.2092,119.76
11/05/2015,0.7891,766.536,298.1238,1.1155,1.5586,133.233,243.1917,238.4213,2110.26,29066.15,3881.93,6819.51,5387.46,6.213,120.08
12/05/2015,0.7976,785.709,300.4917,1.1213,1.5671,132.6694,241.6751,236.3806,2112.2,29071.97,3870.69,6727.03,5313.85,6.2094,119.87
13/05/2015,0.8113,784.441,306.9892,1.1354,1.5745,132.6155,241.114,236.7207,2110.36,29279.19,3870.36,6691.12,5325.98,6.2004,119.15
14/05/2015,0.8081,779.152,308.752,1.141,1.5776,132.7306,241.1518,235.9841,2113.98,28991.09,3912.52,6785.07,5353.14,6.2043,119.18
15/05/2015,0.8034,779.152,308.7773,1.1451,1.5727,133.2814,242.3689,238.2405,2123.18,29232.08,3915.99,6730.16,5343.51,6.2028,119.25
18/05/2015,0.7991,772.598,309.357,1.1315,1.5653,133.4987,241.6765,237.1897,2114.49,29465.18,3928.15,6771.2,5349.94,6.2059,119.99
19/05/2015,0.7915,747.413,304.0945,1.115,1.5513,133.428,242.6428,237.1161,2110.64,29666.81,3926.41,6925.06,5370.08,6.2095,120.69
20/05/2015,0.7875,758.108,304.6234,1.1094,1.5536,133.1949,242.4573,236.5517,2112.07,29918.91,3923.18,6953,5379.42,6.2057,121.35
21/05/2015,0.7896,775.704,303.4401,1.1112,1.5662,133.0244,242.3317,236.6261,2118.37,29928.26,3932.9,6965.19,5388.39,6.197,121.04
22/05/2015,0.7823,763.399,303.3899,1.1013,1.549,132.9815,242.6519,237.4925,2113.35,30019.42,3924.16,6953.8,5402.41,6.2007,121.54
25/05/2015,0.7824,,,1.0978,1.547,132.9386,,,,30240.68,,6908.95,5402.41,6.2028,121.56
26/05/2015,0.7735,744.885,299.0847,1.0873,1.5385,132.9246,242.7395,238.5932,2122.93,30275.8,3883.88,6842.69,5338.85,6.2094,123.1
27/05/2015,0.7729,726.254,298.7575,1.0904,1.5354,133.1962,243.1475,238.2211,2123.31,30327.8,3920.11,6962.87,5403.64,6.2052,123.66
28/05/2015,0.7649,731.775,299.3367,1.0949,1.5316,132.9974,243.1195,239.31,2124.58,30444.65,3915.82,6908.5,5410.99,6.204,123.95
29/05/2015,0.7645,766.046,299.5886,1.0986,1.5291,133.1999,243.609,240.164,2128.78,30462,3891.18,6757.26,5367.57,6.2023,124.15
01/06/2015,0.7606,758.687,299.312,1.0927,1.5201,133.0634,243.0672,239.3287,2118.42,30471.95,3899.59,6767.05,5343.87,6.2053,124.77
02/06/2015,0.7772,767.198,300.7474,1.1151,1.5343,133.0295,240.6972,237.3289,2111.69,30432.43,3895.85,6742.18,5324.42,6.2006,124.11
03/06/2015,0.7787,749.027,298.3554,1.1275,1.5341,132.7626,238.8731,234.4701,2102.81,30329.21,3904.83,6783.68,5341.47,6.1995,124.25
04/06/2015,0.7688,727.751,295.913,1.1238,1.5364,132.4879,239.0381,235.8505,2109.27,30350.96,3871.23,6731.73,5275.69,6.2048,124.36
05/06/2015,0.7623,742.932,294.1253,1.1114,1.527,132.4969,238.2059,234.8574,2099.49,30310.53,3865.83,6643.97,5233.66,6.2118,125.63
08/06/2015,0.7703,733.617,295.5105,1.1291,1.5349,132.4113,237.6208,235.3401,2102.3,30305.03,3841.45,6569.6,5222.46,6.2088,124.49
09/06/2015,0.7691,759.379,296.5178,1.1283,1.5385,132.8883,236.6281,233.9433,2098.39,29770.41,3843.16,6547.79,5194.59,6.2117,124.34
10/06/2015,0.7761,770.535,298.7841,1.1324,1.553,132.5694,236.0099,232.8577,2092.74,29696.43,3889.7,6681.09,5253.41,6.2083,122.68
11/06/2015,0.7755,763.75,297.2231,1.1258,1.5517,132.2861,237.6468,234.2233,2101.77,30195.08,3897.59,6729.29,5272.53,6.212,123.42
12/06/2015,0.7731,750.639,296.921,1.1266,1.5561,132.4989,237.2315,236.5069,2101.55,30230.8,3870.56,6636.19,5224.92,6.216,123.39
15/06/2015,0.7766,743.625,298.5833,1.1283,1.5601,132.5368,236.4329,235.4654,2104.41,30202.22,3852.75,6513.6,5167.63,6.2129,123.42
16/06/2015,0.7752,741.67,297.3495,1.1248,1.5648,132.5763,236.7579,235.7064,2108.21,30009.86,3874.73,6543.96,5167.3,6.209,123.36
17/06/2015,0.7749,743.74,296.3173,1.1337,1.5833,132.727,237.0615,234.4006,2109.59,29952.57,3882.49,6496.85,5144.55,6.2038,123.43
18/06/2015,0.78,747.421,302.6627,1.1359,1.588,133.0339,237.3951,234.7205,2105.61,29615.32,3921.43,6539.12,5166.32,6.2035,122.96
19/06/2015,0.7772,733.39,302.6376,1.1352,1.5883,133.2602,237.6767,235.3317,2113.73,29887.05,3900.64,6549.25,5168.3,6.2064,122.71
22/06/2015,0.7728,737.186,298.1558,1.1341,1.5824,133.3293,237.5967,233.3306,2104.46,30266.67,3924.41,6817.33,5257.04,6.2036,123.37
23/06/2015,0.7736,749.032,296.2674,1.1167,1.5729,132.9682,237.8493,233.1934,2099.97,30831.89,3927.23,6874.02,5264.13,6.2002,123.94
24/06/2015,0.7704,737.877,295.3358,1.1205,1.5706,132.9868,237.7826,233.0999,2104.44,30919.68,3898.47,6845.54,5271.77,6.2016,123.85
25/06/2015,0.7738,733.277,295.0589,1.1205,1.5747,132.8395,237.6394,233.09,2102.95,30781.02,3887.04,6845.47,5244.81,6.204,123.63
26/06/2015,0.7655,734.197,295.4115,1.1167,1.5746,132.8857,237.1208,232.5707,2095.03,30713.48,3886.21,6865.3,5203.11,6.2057,123.85
29/06/2015,0.7679,719.937,296.8722,1.1236,1.5738,133.2242,236.7904,235.001,2110.37,29854.69,3805.5,6576.25,5100.48,6.2075,122.54
30/06/2015,0.7707,737.648,295.0594,1.1147,1.5712,133.1321,237.3408,235.6282,2109.99,30041.85,3815.85,6491.71,5023.82,6.2069,122.5
01/07/2015,0.7645,718.442,294.43,1.1053,1.5617,132.9187,237.0358,234.0228,2100.9,30180.79,3843.26,6628.16,5091.32,6.2046,123.17
02/07/2015,0.7633,719.593,292.9697,1.1084,1.5609,132.5705,236.1732,234.2214,2104.54,30467.58,3842.06,6566.51,5109.49,6.2029,123.07
03/07/2015,0.7523,,,1.1114,1.557,132.795,237.1254,235.5661,,30493.25,,6527.69,5075.05,6.2062,122.79
06/07/2015,0.75,655.881,295.4126,1.1056,1.5605,132.9605,236.7599,235.2639,2116.71,29858.33,3827.35,6382.49,5036.44,6.2126,122.57
07/07/2015,0.7451,659.676,290.2257,1.1011,1.5462,132.9934,238.4346,239.2449,2121.58,30250.96,3850.66,6247.82,4956.71,6.2221,122.54
08/07/2015,0.7429,660.021,292.9704,1.1077,1.5361,133.3999,238.7357,237.8669,2125.28,29302.38,3787.67,6310.99,5001.78,6.2225,120.71
09/07/2015,0.7447,676.847,291.8882,1.1036,1.538,133.1453,238.5443,236.6999,2115,29477.35,3796.26,6486.49,5072.31,6.2175,121.34
10/07/2015,0.7446,678.539,291.5612,1.1162,1.5517,133.1807,237.4426,234.0067,2103.11,29365.01,3843.1,6692.79,5143.02,6.2162,122.78
13/07/2015,0.7407,669.403,290.9329,1.1002,1.5487,133.05,237.6956,233.3012,2102.31,29825.14,3885.97,6809.67,5192.78,6.2165,123.43
14/07/2015,0.7452,674.966,290.4352,1.1009,1.5636,132.989,238.0817,233.0643,2105.54,30263.93,3903.31,6841.46,5204.95,6.2145,123.4
15/07/2015,0.7379,655.843,288.9024,1.095,1.5639,133.0674,239.1686,233.1493,2111.12,30379.73,3900.5,6873.09,5204.96,6.2156,123.76
16/07/2015,0.7405,654.26,287.9978,1.0875,1.5609,133.0922,239.3238,234.2896,2110.55,30582.81,3931.85,6973.97,5237.86,6.2138,124.15
17/07/2015,0.7371,655.957,284.8565,1.083,1.56,133.2475,240.2641,234.2733,2111.46,30658.23,3936.22,6962.45,5221.4,6.2131,124.09
20/07/2015,0.7372,650.753,278.4988,1.0825,1.5564,133.2599,240.7922,234.2035,2108.46,,3939.35,6993.26,5231.88,6.214,124.27
21/07/2015,0.7419,656.298,277.5944,1.0935,1.5557,133.3276,240.188,234.0357,2112.03,30941.86,3922.7,6920,5216.76,6.2092,123.89
22/07/2015,0.7377,645.209,274.5789,1.0929,1.5613,133.5175,240.705,235.3797,2114.18,30573.24,3913.75,6896.52,5138.36,6.2121,123.97
23/07/2015,0.7356,635.931,275.2074,1.0984,1.5514,133.5082,240.8698,235.7385,2118.96,30707.27,3891.79,6894.73,5130.69,6.2141,123.93
24/07/2015,0.7282,628.803,272.9207,1.0984,1.5508,133.5343,241.772,237.9485,2120.26,30500.29,3850.15,6829.03,5072.72,6.2274,123.81
27/07/2015,0.7269,616.81,275.6607,1.1088,1.5559,133.4987,241.73,238.4852,2124.98,30211.64,3827.93,6664.17,5015.14,6.22,123.25
28/07/2015,0.7338,616.698,275.6108,1.106,1.5613,133.5527,241.7469,238.0714,2122.95,30180.15,3875.37,6741.98,5053.81,6.2172,123.56
29/07/2015,0.7295,619.527,274.7567,1.0984,1.5602,133.5441,241.477,237.5541,2120.58,30143.15,3904.21,6782.61,5112.18,6.2177,123.94
30/07/2015,0.7293,618.963,273.6011,1.0932,1.5602,133.4653,242.4093,237.8369,2121.7,30469.66,3904.64,6798.28,5141.38,6.2203,124.14
31/07/2015,0.7308,605.951,275.2098,1.0984,1.5622,133.5371,242.8189,239.5985,2127.58,30562.32,3895.8,6830.33,5162.51,6.2211,123.89
03/08/2015,0.7286,576.532,273.7785,1.095,1.5587,133.4862,242.778,240.2501,2133.64,30507.19,3885.07,6897.9,5156.61,6.2197,124.03
04/08/2015,0.738,581.965,274.1058,1.0881,1.5564,133.6962,242.6693,240.2808,2127.33,30465.99,3876.44,6867.37,5155.03,6.2191,124.38
05/08/2015,0.7356,575.856,272.8247,1.0906,1.5603,133.5788,241.1081,238.3388,2121.74,30605.1,3889.99,6976.37,5205.79,6.2184,124.87
06/08/2015,0.7346,575.291,273.9562,1.0925,1.5512,133.2802,241.5163,239.6434,2125.66,30679.9,3860.92,6961.85,5209.14,6.2177,124.74
07/08/2015,0.7418,566.127,274.962,1.0967,1.5491,133.3735,242.1439,241.2694,2131.58,30769.22,3849.96,6905.98,5187.06,6.2164,124.24
10/08/2015,0.7413,586.159,277.4768,1.1019,1.5592,133.4867,241.9207,239.8388,2125.61,30894.13,3899.36,6976.49,5200.75,6.2147,124.63
11/08/2015,0.7304,571.451,278.3825,1.1042,1.5572,133.493,243.2223,241.9623,2136.37,30763.63,3862.81,6844.23,5145.41,6.3878,125.13
12/08/2015,0.7379,576.545,282.3794,1.1159,1.5613,133.8432,243.1933,242.5259,2137.01,30276.69,3867.37,6614.78,5073.34,6.4341,124.21
13/08/2015,0.736,570.663,280.3699,1.115,1.5611,133.6356,242.8112,241.1052,2131,30577.75,3863.03,6675.04,5098.16,6.4638,124.43
14/08/2015,0.7379,566.364,279.642,1.1109,1.5642,133.683,242.534,240.323,2130.22,30464.77,3878.16,6627.36,5084.5,6.4493,124.31
17/08/2015,0.7372,561.052,281.0774,1.1078,1.5586,133.582,243.0808,241.163,2135.2,30614.44,3899.1,6640.4,5084.17,6.4446,124.39
18/08/2015,0.7341,561.054,280.7013,1.1024,1.5661,133.7763,242.5883,240.0495,2130.39,30516.76,3889.6,6635.6,5065.53,6.4395,124.41
19/08/2015,0.7348,542.384,283.4666,1.112,1.568,133.7502,242.5279,240.379,2137.77,30024.08,3857.74,6511.19,4970.18,6.4629,123.8
20/08/2015,0.7337,535.822,289.8259,1.1242,1.569,133.9339,242.8858,242.4306,2141.99,29743.31,3776.36,6366.23,4946.8,6.4401,123.4
21/08/2015,0.7316,522.81,291.4352,1.1386,1.5694,133.9983,242.7238,243.4687,2145.36,28855.93,3656.67,6164.58,4806.79,6.4544,122.04
24/08/2015,0.7156,492.147,289.9298,1.1619,1.5776,134.0318,242.4765,244.1068,2151.35,27526.92,3512.65,5834.5,4582.45,6.4958,118.41
25/08/2015,0.713,498.598,286.085,1.1517,1.5687,133.8377,240.4328,241.5768,2136.46,26437.2,3465.19,6109.06,4724.2,6.5112,118.83
26/08/2015,0.7122,497.128,282.6422,1.1314,1.5463,133.8475,240.8724,240.5577,2132.34,27283.66,3600.73,6019.3,4644.85,6.4899,119.92
27/08/2015,0.7166,547.26,282.1399,1.1246,1.5403,133.6629,240.6931,240.1848,2133.55,27591.63,3688.6,6228.21,4811.29,6.4773,121.03
28/08/2015,0.7173,575.552,285.0054,1.1185,1.5391,133.7535,240.8401,240.2824,2130.85,28426.28,3691.3,6239.24,4854.74,6.4628,121.71
31/08/2015,0.7113,622.291,284.6296,1.1211,1.5345,133.7708,240.208,240.3444,2128.51,28061.09,3660.75,6207.06,4854.74,6.4426,121.23
01/09/2015,0.7019,569.897,286.4651,1.1315,1.5304,133.8445,239.7794,240.484,2130.81,26984.44,3552.65,6053.47,4707.57,6.4178,119.37
02/09/2015,0.7039,580.423,284.9076,1.1227,1.5299,133.7862,239.906,240.3654,2128.18,26880.03,3618.25,6072.7,4726.82,6.4486,120.33
03/09/2015,0.7017,583.141,282.6213,1.1123,1.5258,133.7683,240.8135,240.9949,2131.33,27009.25,3622.66,6207.92,4813.54,6.4503,120.07
04/09/2015,0.6908,571.486,281.8429,1.1149,1.517,134.0224,241.7019,243.0437,2136,26429.58,3567.41,6037.37,4696.06,6.4669,118.99
07/09/2015,0.6924,,,1.117,1.5277,134.0433,241.2387,243.5076,,26531.05,,6071,4720.61,6.4795,119.28
08/09/2015,0.7017,570.474,281.7453,1.1203,1.5396,134.146,241.4762,242.7192,2128.71,25887.27,3657.32,6139.1,4776.24,6.4556,119.81
09/09/2015,0.7018,549.425,276.9706,1.1207,1.5368,134.0643,241.4183,241.8188,2130.95,27882.88,3606.8,6207.71,4840.67,6.4666,120.5
10/09/2015,0.7072,564.323,278.8059,1.128,1.5445,134.1144,241.4908,241.8714,2127.47,27183.39,3626.14,6114.99,4788.73,6.3874,120.62
11/09/2015,0.7092,555.206,277.2984,1.1338,1.5429,134.087,241.7014,242.7606,2132.34,27130.8,3643.54,6051.96,4759.13,6.4108,120.59
14/09/2015,0.7138,537.295,278.4061,1.1317,1.5427,134.0188,241.6825,242.1708,2132.61,26687.36,3628.87,6028.59,4733.33,6.4037,120.23
15/09/2015,0.7142,540.468,277.1247,1.1269,1.5344,133.901,240.8873,240.9811,2120.57,26777.65,3675.48,6089.3,4774.56,6.411,120.42
16/09/2015,0.7197,561.361,281.247,1.129,1.5493,133.8869,240.5317,240.0687,2118.23,26993.8,3707.62,6173.19,4845.83,6.4044,120.57
17/09/2015,0.7173,553.924,280.7448,1.1435,1.5591,133.9676,240.5569,239.6737,2128.27,27381.02,3698.74,6180.78,4813.1,6.4005,120.01
18/09/2015,0.7189,536.095,285.973,1.1298,1.5536,134.3416,242.4467,241.8571,2137.93,26843.18,3638.99,5993.81,4748.63,6.387,119.98
21/09/2015,0.7132,552.067,284.7177,1.119,1.5507,134.3505,242.0299,240.727,2128.83,,3655.64,6048.2,4752.2,6.3988,120.56
22/09/2015,0.7089,554.146,282.707,1.112,1.5365,134.3545,243.1112,243.2259,2138.69,,3610.7,5841.81,4617.72,6.4166,120.15
23/09/2015,0.7003,538.723,284.391,1.1186,1.5245,134.3586,243.0639,242.6084,2137.44,,3603.49,5849.3,4692.72,6.4384,120.28
24/09/2015,0.7024,542.442,289.9959,1.123,1.5242,134.4358,243.2628,244.1869,2140.75,26102.84,3591.37,5734.12,4638.06,6.4167,120.07
25/09/2015,0.7024,546.817,287.935,1.1195,1.518,134.4943,242.402,241.7214,2135.82,26561.38,3589.71,5912.29,4752.84,6.3975,120.59
28/09/2015,0.6989,532.707,284.4415,1.1244,1.5174,134.2556,243.0275,243.2471,2144.5,26386.11,3498.61,5775.23,4636.02,6.358,119.92
29/09/2015,0.6985,541.567,283.21,1.1249,1.5151,134.3951,243.3042,243.8559,2148.38,25318.01,3503.13,5757.03,4597.41,6.3442,119.74
30/09/2015,0.7018,543.755,280.2946,1.1177,1.5128,134.2227,243.4022,243.4324,2147.19,26001.86,3570.17,5891.58,4715.95,6.3636,119.88
01/10/2015,0.703,536.645,279.9177,1.1195,1.5131,134.4128,243.9928,244.188,2148.86,26501.72,3577.47,5831.49,4725.53,6.3679,119.93
02/10/2015,0.7045,541.13,285.6735,1.1216,1.5185,134.5617,244.6903,245.1162,2155.66,26505.77,3629.04,5867.85,4770.29,6.3569,119.91
05/10/2015,0.7083,552.617,285.9252,1.1188,1.5146,134.6341,244.0151,242.7877,2148.35,26925.01,3695.61,6063.27,4901.76,6.3489,120.46
06/10/2015,0.7166,580.291,288.137,1.1272,1.5227,134.5427,243.5646,242.5524,2150.88,27195.09,3682.33,6119.73,4922.95,6.3519,120.23
07/10/2015,0.7208,572.744,288.7151,1.1237,1.5319,134.4856,243.5222,241.7975,2148.43,27399.78,3713.36,6131.72,4930.88,6.3469,120.01
08/10/2015,0.726,590.136,287.6092,1.1276,1.5348,134.5016,243.797,241.9632,2143.3,27127.91,3746.12,6128.98,4962.83,6.3423,119.93
09/10/2015,0.7336,585.542,290.5247,1.1358,1.5322,134.5977,243.5376,241.0507,2143.79,27572.79,3748.96,6177.16,4995.02,6.3384,120.27
12/10/2015,0.7362,557.101,292.6863,1.1358,1.5348,134.61,244.0347,241.8913,,,3753.73,6171.49,4960,6.3228,120.04
13/10/2015,0.7245,551.304,292.9125,1.1379,1.5248,134.6615,243.8566,241.3694,2148.96,27267.9,3728.48,6123.63,4937.5,6.343,119.75
14/10/2015,0.73,551.413,296.5318,1.1474,1.5477,134.7221,244.4927,242.8121,2157.77,26753.88,3711.11,6067.15,4880.92,6.3392,118.83
15/10/2015,0.7329,551.195,298.4671,1.1386,1.5459,134.576,244.253,242.6426,2152.79,27061.78,3766.43,6156.97,4934.69,6.3499,118.9
16/10/2015,0.7264,559.07,297.3612,1.1348,1.5438,134.6225,244.5886,242.2542,2152.59,27353.23,3783.64,6206.61,4965.33,6.3645,119.44
19/10/2015,0.7248,539.381,294.7724,1.1327,1.5465,134.5628,244.4384,241.3137,2151.82,27113.12,3784.72,6220.14,4945.32,6.3886,119.5
20/10/2015,0.726,540.366,295.9538,1.1346,1.5444,134.6137,243.6364,240.9751,2146.82,27226.65,3779.44,6190.78,4939.72,6.3728,119.84
21/10/2015,0.721,531.177,293.34,1.1339,1.5417,134.5351,244.4835,242.2725,2151.66,27745.74,3757.91,6222.18,4942.28,6.3698,119.93
22/10/2015,0.7208,534.131,293.0888,1.1109,1.5394,134.6619,245.9601,242.2575,2153.06,27568.67,3820.49,6375.97,4970.44,6.3879,120.69
23/10/2015,0.7216,532.381,292.2595,1.1018,1.5314,134.7321,245.9208,240.8799,2146.67,28151.02,3862.65,6514.22,5023.29,6.3964,121.47
26/10/2015,0.7249,527.788,293.1144,1.1058,1.5352,134.6081,246.1377,241.8437,2149.62,28333.19,3855.29,6492.91,5002.2,6.3891,121.1
27/10/2015,0.7193,520.131,293.014,1.1051,1.53,134.7197,246.9531,243.3497,2153.09,28078.86,3845.45,6429.04,4961.86,6.3935,120.46
28/10/2015,0.7115,545.071,295.603,1.0923,1.5263,134.8142,247.2886,242.4654,2146.06,28268.7,3891.34,6505.24,5018.4,6.3891,121.09
29/10/2015,0.7074,542.446,288.3645,1.0977,1.531,134.7985,245.9321,239.9772,2137.12,28317.95,3890.04,6491.77,4987.01,6.3491,121.13
30/10/2015,0.7138,550.322,286.8818,1.1006,1.5428,134.7799,245.9445,240.6015,2139.33,28538.43,3871.33,6500.98,4959.95,6.3219,120.62
02/11/2015,0.7147,542.666,285.4999,1.1016,1.5417,134.6737,244.9531,239.9558,2135.92,27941.21,3917.3,6531.91,4960.49,6.3458,120.76
03/11/2015,0.7186,561.592,280.0215,1.0964,1.5421,134.6778,244.9053,239.1203,2131.67,,3928.05,6547.84,4977.5,6.3449,121.07
04/11/2015,0.7149,539.935,278.0367,1.0866,1.5386,134.6135,244.6672,238.5683,2129.54,28305.62,3915.52,6541.13,5000.32,6.3548,121.57
05/11/2015,0.7144,533.483,277.5349,1.0884,1.5208,134.6217,244.2026,239.2351,2127.99,28589.32,3911.89,6556.97,4967,6.3726,121.75
06/11/2015,0.7043,526.921,273.3885,1.0741,1.5053,134.5844,242.9052,237.8218,2118.2,28814.52,3910.98,6596.39,4958.35,6.3916,123.13
09/11/2015,0.7047,524.251,273.4916,1.0752,1.5115,134.4051,242.5436,237.4866,2117.47,29378.89,3873.37,6501.57,4912.57,6.3913,123.18
10/11/2015,0.7032,526.242,273.583,1.0724,1.5119,134.6143,243.5412,238.4529,2120.3,29421.67,3880.23,6515.58,4897.06,6.3939,123.15
11/11/2015,0.7062,510.423,272.6345,1.0743,1.5213,134.5302,244.1119,238.0318,,29451.81,3867.71,6559.36,4914.17,6.3909,122.86
12/11/2015,0.7126,495.599,271.6358,1.0814,1.5233,134.6047,244.3324,238.7408,2119.78,29461.29,3814.29,6446.52,4830.08,6.3917,122.61
13/11/2015,0.7127,487.854,271.6368,1.0773,1.5237,134.6244,245.0131,239.2951,2123.79,29310.44,3771.59,6395.05,4782.85,6.4068,122.61
16/11/2015,0.7096,490.301,272.2929,1.0686,1.5203,134.6737,245.2624,240.1043,2124.53,29006.49,3828.46,6398.06,4804.83,6.4008,123.18
17/11/2015,0.7111,479.266,268.5013,1.0642,1.5213,134.6795,245.3967,239.3114,2126.06,29360.87,3824.14,6568.76,4900.49,6.4112,123.45
18/11/2015,0.7111,484.998,268.4773,1.066,1.5237,134.6734,245.9762,240.2299,2125.47,29388.61,3886.26,6534.2,4908.48,6.4179,123.64
19/11/2015,0.7194,484.894,270.7891,1.0734,1.5291,134.7155,246.4175,240.9762,2127.99,29703.64,3882.06,6566.59,4953.33,6.4036,122.87
20/11/2015,0.7239,489.035,270.3381,1.0646,1.5191,134.5847,246.7462,241.4736,2126.13,29733.55,3897.45,6573.3,4957.01,6.4215,122.81
23/11/2015,0.7192,490.314,267.905,1.0636,1.5124,134.5969,246.0967,241.212,2127.58,,3892.8,6559.6,4934.21,6.4301,122.84
24/11/2015,0.7257,504.431,269.5889,1.0643,1.5084,134.5455,246.4873,242.0384,2128.43,29800.97,3897.67,6491.71,4912.1,6.4273,122.53
25/11/2015,0.7252,504.221,268.6857,1.0624,1.5129,134.6963,247.1019,241.541,2129.48,29685.34,3897.57,6591.6,4959.36,6.4227,122.74
26/11/2015,0.7225,,,1.061,1.5102,134.7705,247.0703,242.8196,,29830.17,,6661.19,5005.07,6.4351,122.57
27/11/2015,0.7193,489.049,265.2969,1.0593,1.5036,134.7606,247.4194,243.157,2129.97,29739.73,3900.74,6642.86,4990.99,6.4475,122.8
30/11/2015,0.7227,485.764,267.5858,1.0565,1.5056,134.7511,247.0228,242.9008,2130.58,29535.62,3882.84,6676.11,4976.07,6.4251,123.11
01/12/2015,0.7323,484.175,267.1352,1.0633,1.5082,134.762,247.0703,244.5088,2138.32,29931.87,3924.63,6625.81,5007.04,6.4468,122.87
02/12/2015,0.7309,464.65,264.7003,1.0615,1.4951,134.7243,247.2491,245.0253,2136.94,29820.79,3882.38,6604.91,5026.83,6.4475,123.24
03/12/2015,0.7341,477.495,266.5607,1.094,1.5144,134.7851,244.1356,242.1801,2120.88,29823.44,3826.74,6366.27,4913.19,6.4215,122.61
04/12/2015,0.7339,467.627,272.3145,1.0881,1.5112,134.6731,243.9743,241.0274,2126.46,29172.2,3905.31,6342.31,4884.45,6.4462,123.11
07/12/2015,0.7267,443.543,270.0838,1.0837,1.5055,134.7023,245.3452,243.7303,2132.74,29461.87,3878.31,6399.25,4873.29,6.4722,123.37
08/12/2015,0.7215,437.39,270.111,1.0892,1.5008,134.8536,245.8075,244.124,2130.82,29154.44,3853.48,6279.74,4804.15,6.4881,122.93
09/12/2015,0.7229,434.953,270.4145,1.1025,1.5181,134.9778,245.3485,242.5724,2134.08,28867.97,3823.9,6241.18,4797.46,6.5068,121.44
10/12/2015,0.7281,433.152,269.2863,1.0941,1.516,135.0187,245.6871,243.1284,2131.06,28487.29,3832.93,6227.4,4767.88,6.4981,121.56
11/12/2015,0.7189,414.156,270.2178,1.0986,1.5213,134.9545,245.9975,244.053,2142.77,28762.39,3759.09,6100.26,4661.95,6.5323,121.01
14/12/2015,0.7242,411.937,267.1343,1.0992,1.5142,135.0303,245.2654,243.7626,2133.41,28243.3,3777.22,5978.42,4600.3,6.5552,121.03
15/12/2015,0.7192,417.46,266.6842,1.0931,1.5039,135.1094,244.1081,240.8057,2129.18,27768.4,3817.36,6173.19,4712.86,6.5399,121.68
16/12/2015,0.7233,403.24,270.5047,1.0912,1.5004,135.1213,244.0582,240.4673,2125.96,28492.32,3873.12,6183.23,4746.85,6.5244,122.21
17/12/2015,0.7129,399.316,263.6738,1.0826,1.4901,135.187,245.0133,242.196,2131.39,28946.48,3815.46,6296.9,4779.89,6.5689,122.56
18/12/2015,0.7176,396.665,267.5446,1.0868,1.4895,135.5869,245.7481,242.513,2135.88,28397.93,3747.56,6209.78,4740.63,6.5567,121.16
21/12/2015,0.719,390.73,271.4698,1.0915,1.4885,135.6048,245.5599,243.0359,2135.8,28292.07,3777.15,6122.33,4726.85,6.5528,121.19
22/12/2015,0.7236,388.185,269.8387,1.0957,1.4828,135.6036,244.7699,241.5742,2130.94,28248.22,3810.85,6124.82,4764.66,6.5271,121.07
23/12/2015,0.7234,402.2,268.3835,1.0912,1.4871,135.6077,244.1211,240.3668,2128.23,,3858.47,6262.7,4888.32,6.5455,120.92
24/12/2015,0.7263,407.828,270.2947,1.0963,1.491,135.5539,244.1394,240.8787,2130.45,28103.13,3852.31,6258.48,4900.28,6.5441,120.43
25/12/2015,0.728,,,1.096,1.4913,135.5525,,,,28072.27,,,4900.28,6.5423,120.33
28/12/2015,0.7249,394.146,268.3929,1.0968,1.488,135.6379,,,2132.54,28267.74,3843.94,6205.18,4900.28,6.5603,120.4
29/12/2015,0.7296,405.72,268.3194,1.092,1.4817,135.6123,244.2584,241.0943,2122.96,28430.82,3885.55,6315.29,4947.23,6.5773,120.46
30/12/2015,0.7287,391.392,266.2612,1.0933,1.4816,135.6459,244.5127,239.3898,2123.4,28507.92,3857.9,6265.19,4915.48,6.5678,120.52
31/12/2015,0.7286,399.887,266.3637,1.0862,1.4736,135.6499,244.531,240.1646,2127.09,,3821.6,6226.2,4890.97,6.5686,120.22
01/01/2016,0.7303,,,1.0856,1.4746,,,,,,,,4890.97,6.5697,120.55
04/01/2016,0.7191,399.156,270.1399,1.0831,1.4716,135.7192,245.2338,241.906,2130.74,27635.13,3763.99,6030.39,4774.31,6.6301,119.44
05/01/2016,0.7161,391.621,270.9455,1.0748,1.4675,135.8338,245.5473,242.1846,2129.84,27519.83,3771.57,6055.63,4808.64,6.6449,119.06
06/01/2016,0.7072,367.631,274.339,1.0781,1.463,135.8911,246.0452,243.9624,2138.64,27246.22,3723.44,5981.92,4758.6,6.6964,118.47
07/01/2016,0.7012,361.901,278.3355,1.0932,1.4618,136.0047,245.1669,243.4033,2141.7,26611.2,3635.29,5877.8,4665.82,6.6823,117.67
08/01/2016,0.6953,360.204,275.8498,1.0922,1.4517,136.1683,245.6869,244.0648,2144.08,26507.29,3595.91,5780.21,4633.19,6.6831,117.26
11/01/2016,0.6995,338.664,275.4144,1.0859,1.4543,136.1805,245.2392,243.921,2142.47,,3598.97,5768.83,4601.37,6.5855,117.76
12/01/2016,0.6986,328.572,272.6346,1.0858,1.4448,136.2681,245.2273,244.4019,2149.61,25789.86,3627.06,5842.6,4646.35,6.578,117.65
13/01/2016,0.6955,321.518,273.1276,1.0877,1.4407,136.3632,245.7854,244.7584,2153.58,26533.75,3536.92,5858.54,4671.22,6.5672,117.68
14/01/2016,0.6985,326.836,269.6993,1.0865,1.4413,135.9766,245.5141,244.9184,2150.36,25822.79,3596.03,5765.09,4637.79,6.6021,118.06
15/01/2016,0.6864,305.745,273.9962,1.0916,1.4258,136.0453,246.1396,246.4982,2158.86,25682.24,3518.51,5628.75,4548.34,6.6139,116.98
18/01/2016,0.6866,,,1.0892,1.4243,136.3108,245.9992,245.6681,,25395.36,,5596.16,4529.4,6.5848,117.32
19/01/2016,0.6909,303.543,273.5757,1.0908,1.4158,136.2031,246.0298,245.2093,2158.93,25534.35,3520.4,5682.13,4605.32,6.5906,117.64
20/01/2016,0.6908,295.107,277.848,1.089,1.4192,136.2419,246.15,247.2227,2165.64,24587.5,3479.75,5495.5,4446.07,6.6032,116.94
21/01/2016,0.6999,305.857,275.7902,1.0874,1.4221,136.2399,246.9277,246.2578,2162.08,23990,3497.94,5612.42,4526.41,6.6034,117.7
22/01/2016,0.7002,337.098,275.3902,1.0796,1.4265,136.2282,246.6585,245.5053,2158.32,25399.8,3568.9,5763.59,4625.36,6.6136,118.78
25/01/2016,0.6955,322.339,277.7322,1.0849,1.4249,136.2727,246.9127,246.5339,2160.89,25628.03,3513.11,5722.73,4607.33,6.6095,118.3
26/01/2016,0.7005,334.597,281.5026,1.087,1.435,136.3479,247.5892,246.5963,2164.08,25025.92,3562.81,5781.94,4634.34,6.6119,118.42
27/01/2016,0.7027,348.864,280.4248,1.0893,1.4234,136.4537,247.7338,246.7559,2163.99,25709.36,3524.33,5808.05,4696.21,6.6178,118.68
28/01/2016,0.7084,357.807,280.377,1.094,1.4362,136.3038,248.0246,247.3222,2165.7,25525.92,3544.13,5685.82,4650.27,6.615,118.82
29/01/2016,0.7084,369.864,280.4547,1.0831,1.4244,137.5208,249.3167,249.3393,2172.39,26240.18,3631.96,5811.15,4769.44,6.5936,121.14
01/02/2016,0.7114,351.892,283.3759,1.0888,1.4433,138.0572,248.7409,247.6125,2167.87,26759.84,3630.46,5766.89,4750.87,6.6203,120.99
02/02/2016,0.7039,336.225,283.1777,1.0919,1.441,137.6683,248.857,249.1776,2180.6,26588.26,3562.52,5634.87,4642.61,6.6276,119.97
03/02/2016,0.7169,359.132,286.7227,1.1105,1.4603,137.9393,249.4947,250.3299,2179.34,25750.31,3581.53,5529.46,4576.08,6.6106,117.9
04/02/2016,0.7201,353.108,290.7953,1.1209,1.4589,138.0384,248.9277,249.1184,2181.52,25531.23,3587.71,5547.17,4626.69,6.5756,116.78
05/02/2016,0.7067,349.194,290.8484,1.1158,1.4503,138.2566,248.8426,249.1833,2182.8,25193.61,3521.6,5497.7,4586.93,6.5672,116.87
08/02/2016,0.7087,337.551,300.9563,1.1193,1.4433,138.2281,248.8129,252.7853,2196.7,25470.28,3472.08,5317.8,4462.45,6.5727,115.85
09/02/2016,0.707,311.233,301.1348,1.1293,1.4472,138.8123,248.5261,252.3812,2196.37,24093.94,3470.5,5224.89,4417.61,6.5655,115.11
10/02/2016,0.7095,316.459,300.1325,1.1292,1.4522,138.4873,248.6491,252.0624,2199,23536.66,3471.04,5325.21,4449.7,6.546,113.35
11/02/2016,0.7109,309.229,313.5011,1.1323,1.4477,138.4913,248.9136,255.5627,2204.93,,3428.99,5117.68,4347.56,6.5295,112.42
12/02/2016,0.7112,341.481,311.3934,1.1256,1.4503,137.6472,248.4242,252.5096,2193.63,22397.11,3496.28,5262.43,4481.54,6.5084,113.25
15/02/2016,0.7139,,,1.1156,1.4435,137.4503,248.9654,252.0756,,23999.79,,5410.78,4573.16,6.5,114.6
16/02/2016,0.7111,329.939,303.5655,1.1144,1.4306,138.1575,248.4054,251.8815,2190.38,24047.5,3555.2,5386.71,4602.91,6.5192,114.07
17/02/2016,0.7185,352.949,304.372,1.1128,1.4294,138.2038,248.562,250.5034,2184.71,23720.86,3614.16,5532.71,4734.93,6.5249,114.1
18/02/2016,0.7157,350.44,308.1183,1.1107,1.4337,138.4495,249.564,251.1411,2191.98,24260.75,3597.49,5527.79,4704.95,6.5228,113.24
19/02/2016,0.7148,337.784,309.2515,1.113,1.4406,138.5713,249.6554,251.9222,2192.59,23916.79,3597.92,5481.78,4687.84,6.5244,112.63
22/02/2016,0.7227,354.571,304.0581,1.103,1.415,138.8583,250.3003,252.0068,2191.03,24132.3,3649.92,5601.81,4756.77,6.5282,112.92
23/02/2016,0.7202,341.312,307.2017,1.102,1.4022,138.9219,250.2599,251.5209,2193.96,24043.93,3604.68,5512.97,4697.35,6.5336,112.1
24/02/2016,0.7196,352.367,311.3504,1.1013,1.3927,139.5425,250.6484,252.8756,2194.12,23839.83,3620.87,5384.78,4622.4,6.535,112.18
25/02/2016,0.7236,358.7,311.2777,1.1018,1.3962,140.0557,250.7612,252.0393,2199.44,24192.02,3662.84,5493.95,4742.24,6.5352,113
26/02/2016,0.7126,356.091,306.6571,1.0934,1.3871,140.0053,250.8124,251.1053,2189.49,24264.07,3656.42,5592.74,4807.86,6.5462,114
29/02/2016,0.7141,367.454,310.1831,1.0873,1.3917,140.0603,251.6876,253.0784,2191.75,24021.78,3627.06,5624.4,4808.71,6.5521,112.69
01/03/2016,0.7175,369.869,309.2813,1.0868,1.3952,140.4579,251.1547,251.9433,2179.84,24109.84,3713.7,5721.09,4852.71,6.5485,114.01
02/03/2016,0.7295,371.078,312.0482,1.0868,1.4078,140.4158,250.1158,250.751,2179.26,25100.64,3729.59,5770.26,4848.12,6.5468,113.48
03/03/2016,0.7352,372.488,316.1722,1.0957,1.4178,140.3332,250.5352,251.4688,2182.4,25420.81,3743.02,5752.56,4844.26,6.5223,113.69
04/03/2016,0.7439,389.071,319.3161,1.1005,1.4229,140.6513,249.7599,250.454,2176.11,25502.68,3755.47,5799.31,4898.76,6.5028,113.74
07/03/2016,0.7469,410.384,317.6411,1.1014,1.4265,140.8949,250.0624,250.5226,2174.82,25347.61,3759.05,5768.26,4885.3,6.5098,113.46
08/03/2016,0.7439,398.321,317.3726,1.1011,1.4215,142.2191,250.7293,253.7289,2182.62,25155.5,3717.49,5731.84,4840.29,6.5083,112.62
09/03/2016,0.7486,412.151,315.9836,1.0999,1.4217,140.4396,250.1757,251.3535,2177.1,24944.24,3736.92,5758.89,4856.79,6.5119,113.35
10/03/2016,0.7454,402.431,319.8694,1.1177,1.4281,140.2906,249.2577,250.4556,2173.26,25259.22,3737.74,5672.19,4774.35,6.5048,113.19
11/03/2016,0.7565,406.798,316.5273,1.1156,1.4382,140.0048,250.4592,249.3423,2167.78,25388.9,3800.07,5868.9,4855.88,6.4819,113.86
14/03/2016,0.7515,397.332,312.9453,1.1103,1.4302,140.5891,250.6284,250.4343,2169.41,25830.88,3795.53,5903.61,4883.39,6.4939,113.82
15/03/2016,0.7457,389.618,309.3829,1.1109,1.4151,140.6173,249.9359,250.7368,2169.86,25655.99,3788.62,5856.31,4856.03,6.5118,113.18
16/03/2016,0.7553,404.472,309.0844,1.1224,1.4259,140.9833,250.2739,250.6945,2174.06,25442.81,3810.09,5846.47,4884.12,6.4853,112.56
17/03/2016,0.7649,415.808,317.9506,1.1318,1.4482,141.2623,251.3761,251.8899,2178.68,25385.75,3835.26,5810.29,4910.88,6.4561,111.39
18/03/2016,0.7608,412.881,315.2418,1.127,1.4476,142.2225,251.627,251.866,2182.43,25068.63,3852.15,5842.11,4901.79,6.4645,111.55
21/03/2016,0.7578,416.41,312.7899,1.1241,1.4369,142.2357,251.7697,251.2925,2176.22,,3855.97,5824.15,4897.79,6.4854,111.95
22/03/2016,0.7622,419.345,313.9476,1.1217,1.4208,142.382,251.8531,251.7104,2175.2,25553.88,3853.18,5828.85,4904.25,6.4939,112.37
23/03/2016,0.7532,405.376,307.7481,1.1181,1.4117,142.3458,251.727,252.0367,2183.43,25482.58,3828.58,5812.98,4909.3,6.5071,112.38
24/03/2016,0.7528,404.891,307.2234,1.1174,1.4153,141.8275,251.9586,251.2089,2181.17,25319.73,3827.14,5706.58,4838.58,6.5232,112.9
25/03/2016,0.7507,,,1.1167,1.4132,141.9359,,,,25486.3,,,4838.58,6.5258,113.08
28/03/2016,0.7545,403.341,306.8569,1.1196,1.4254,141.8932,,,2184.04,25683.47,3829.26,,4838.58,6.5175,113.45
29/03/2016,0.7627,393.574,310.7517,1.1291,1.4384,141.8355,252.9642,252.0601,2191.37,25828.25,3863.8,5741.24,4838.12,6.4929,112.7
30/03/2016,0.7671,395.922,308.5194,1.1338,1.4378,141.8986,252.8861,251.2595,2189.71,25489.24,3881.01,5816.2,4915.2,6.4766,112.43
31/03/2016,0.7657,398.368,310.2798,1.138,1.436,141.3844,252.8749,252.6927,2195.22,25307.89,3873.11,5741.36,4894.5,6.4639,112.57
01/04/2016,0.7677,381.956,307.2439,1.1391,1.4227,142.197,253.1145,252.1801,2193.61,24410.1,3897.66,5642.66,4871.63,6.4714,111.69
04/04/2016,0.7605,371.12,306.1968,1.1391,1.4264,142.3932,253.206,252.4256,2195.81,24348.35,3886,5659.86,4886.44,6.472,111.34
05/04/2016,0.7543,371.611,308.7854,1.1384,1.4161,142.2205,253.4312,253.5803,2202.8,23758.72,3846.59,5524.33,4828.18,6.4854,110.34
06/04/2016,0.7599,390.863,307.3309,1.1399,1.4123,142.0674,252.9887,253.4791,2199.47,23732.35,3888.41,5560.65,4883.99,6.4822,109.79
07/04/2016,0.7505,385.882,310.7734,1.1378,1.4056,142.0714,252.6946,254.9506,2208.01,23784.42,3841.98,5495.28,4870.87,6.4865,108.21
08/04/2016,0.7556,410.607,312.3575,1.1399,1.4128,142.4521,252.986,253.631,2203.85,23892.67,3852.72,5572.61,4924.47,6.479,108.07
11/04/2016,0.7595,419.703,315.9297,1.1408,1.4239,142.5837,252.5909,252.7086,2204.08,23786.37,3842.17,5596.06,4921.06,6.4691,107.94
12/04/2016,0.7684,437.099,316.66,1.1386,1.4275,142.6482,251.8868,251.5205,2197.69,24054.66,3879.42,5630.24,4954.61,6.474,108.54
13/04/2016,0.7653,432.021,313.4977,1.1274,1.4204,142.5164,252.6423,252.3163,2199.81,24737.89,3918.95,5816.06,5050.25,6.4848,109.34
14/04/2016,0.7695,428.017,308.0249,1.1268,1.4155,142.5712,252.1429,252.0847,2197.16,25538.01,3920.03,5857.52,5054.73,6.4928,109.4
15/04/2016,0.7725,420.788,310.0611,1.1284,1.4202,142.7491,252.4885,252.6573,2201.27,25442.84,3916.17,5845.04,5037.78,6.486,108.76
18/04/2016,0.775,417.962,310.1675,1.1313,1.4278,142.9051,252.2707,251.1315,2198.99,24578.92,3941.86,5865.05,5045.54,6.4841,108.82
19/04/2016,0.7813,428.519,315.0165,1.1358,1.4398,143.1425,251.7055,250.3417,2197.3,25482.72,3954.01,5960.01,5086.7,6.4686,109.21
20/04/2016,0.7794,445.916,315.0436,1.1297,1.4332,143.4226,252.035,251.9436,2188.61,25531.2,3957.25,6016.56,5090.59,6.4817,109.84
21/04/2016,0.7738,433.801,314.0158,1.1288,1.4323,143.3911,250.8618,249.5511,2186,26221.45,3936.8,6034.12,5070.3,6.4877,109.46
22/04/2016,0.7708,440.449,308.9193,1.1222,1.4403,143.0336,250.7138,249.1728,2184.27,26536.87,3937,6013.88,5013.89,6.5043,111.79
25/04/2016,0.7715,433.128,311.4867,1.1268,1.4482,142.2877,250.1957,249.3287,2182.51,26335.73,3929.88,5968.88,4974.54,6.5062,111.2
26/04/2016,0.7749,445.445,312.2926,1.1297,1.4582,142.8933,249.8687,247.744,2179.28,26205.83,3937.23,5979.73,4993.3,6.5027,111.31
27/04/2016,0.7591,458.641,314.0529,1.1322,1.4543,142.3871,249.8847,248.7106,2186.79,26111.01,3944.02,6001.2,5021.42,6.5045,111.46
28/04/2016,0.7625,466.853,318.0737,1.1352,1.4609,142.7662,250.4217,249.1969,2189.59,25168.02,3907.88,5998.26,5028.19,6.4839,108.11
29/04/2016,0.7603,462.947,324.1289,1.1451,1.4612,142.7742,250.0178,249.39,2192.91,,3888.13,5816.35,4964.16,6.4869,106.5
02/05/2016,0.7667,447.907,325.4669,1.1534,1.4673,143.3282,,,2187.02,24384.76,3918.53,5836.88,4964.16,6.4798,106.41
03/05/2016,0.7485,439.504,324.4642,1.1496,1.4535,143.3322,251.2879,251.5211,2195.11,,3884.63,5725.43,4919.39,6.5036,106.6
04/05/2016,0.7457,436.086,320.0958,1.1487,1.4496,143.3362,251.1375,251.1932,2197.45,,3862.4,5657.19,4860.87,6.5171,107.01
05/05/2016,0.7465,439.901,319.5702,1.1405,1.4485,143.3402,251.3023,252.0839,2202.29,,3862.4,5673.58,4869.71,6.5195,107.26
06/05/2016,0.7366,443.422,325.0227,1.1404,1.4427,143.4885,251.5622,253.251,2199.47,24323.36,3875.18,5671.52,4876.44,6.5194,107.12
09/05/2016,0.7316,426.711,318.154,1.1383,1.4407,143.3744,251.7702,253.1807,2202.22,24488.43,3878.14,5708.19,4867.77,6.5411,108.32
10/05/2016,0.7363,444.629,317.7043,1.1372,1.4442,143.1001,252.0525,253.5025,2202.33,25015.71,3926.63,5760.09,4901.08,6.5367,109.27
11/05/2016,0.7375,463.935,320.406,1.1426,1.4448,143.2072,252.0498,253.6463,2204.94,25036.58,3891.13,5717.07,4905.72,6.5278,108.41
12/05/2016,0.7325,467.397,319.2696,1.1377,1.4451,143.2037,251.4987,253.2363,2200.39,25138.26,3890.85,5675.96,4864.7,6.5486,109.02
13/05/2016,0.7271,464.43,319.6478,1.1309,1.4365,143.0195,251.9272,254.0689,2206.11,24784.69,3858.17,5721.62,4892.04,6.5561,108.63
16/05/2016,0.7289,476.989,320.0553,1.1321,1.4402,142.9916,251.7333,253.7724,2200.23,24866.52,3896.36,5717.54,4902.33,6.549,109.03
17/05/2016,0.7325,480.25,320.7848,1.1313,1.4463,143.0578,252.1685,254.3414,2199.52,25148.01,3860.88,5692.74,4915.37,6.5475,109.14
18/05/2016,0.7229,477.954,320.1855,1.1216,1.4599,142.9482,251.5816,252.3719,2184.96,25135.76,3862.25,5728.28,4913.8,6.5784,110.19
19/05/2016,0.7228,476.808,315.2991,1.1203,1.4611,142.7203,251.5557,252.6166,2190.5,25138.73,3847.97,5658.56,4836.91,6.5627,109.96
20/05/2016,0.7222,475.95,314.9004,1.1224,1.4502,143.0774,251.5483,251.8012,2190.27,25274.17,3871.75,5741.79,4919.19,6.5645,110.15
23/05/2016,0.7224,473.086,314.6318,1.122,1.4484,143.0383,251.5222,252.0442,2190.66,25150.72,3863.82,5696.97,4903.3,6.5618,109.24
24/05/2016,0.7183,475.486,308.9434,1.1141,1.4636,143.0712,251.8684,251.8845,2189.01,24915.38,3916.77,5846.91,4969.48,6.5663,109.99
25/05/2016,0.7198,484.88,307.5424,1.1155,1.4697,142.9855,252.6998,252.7938,2187.04,25305.89,3944.33,5950.29,5004.31,6.5654,110.19
26/05/2016,0.7226,484.118,306.5675,1.1194,1.467,143.1702,252.7266,253.8071,2193.49,25328.71,3944.05,5974.15,5007.21,6.5585,109.76
27/05/2016,0.7182,482.302,305.0661,1.1115,1.4623,143.2973,252.6411,253.4816,2191.81,25422.94,3961.67,5988.29,5011.32,6.5762,110.31
30/05/2016,0.7183,,,1.1138,1.464,143.1977,,,,25775.07,,6010.72,5011.32,6.5904,111.12
31/05/2016,0.7234,481.842,305.2786,1.1132,1.4483,143.3306,252.6314,254.0298,2192.85,26027.2,3957.95,5959.11,4979.35,6.5865,110.73
01/06/2016,0.7257,480.505,304.5794,1.1188,1.4416,143.165,252.6939,255.6936,2191.64,25605.49,3963.1,5911.04,4948.29,6.5869,109.54
02/06/2016,0.7229,483.48,304.0557,1.1151,1.4423,143.1602,252.9784,256.2901,2196.26,25011.73,3974.76,5906.85,4947.27,6.5877,108.87
03/06/2016,0.7367,479.46,311.6562,1.1367,1.4518,143.2012,253.737,257.7775,2209.58,25132.06,3963.23,5836.14,4966.48,6.5421,106.53
06/06/2016,0.7366,488.385,312.7934,1.1355,1.4442,143.4244,253.3399,257.4599,2207.37,25038.13,3982.74,5849.01,5017.48,6.5663,107.56
07/06/2016,0.7459,497.204,312.6956,1.1358,1.4545,143.5369,253.9931,257.8108,2208.99,25182.23,3987.96,5924.58,5026.39,6.576,107.37
08/06/2016,0.7471,507.652,316.5347,1.1395,1.4504,143.3644,254.3105,258.2821,2210.15,25417.01,4001.98,5883.8,5039.98,6.5666,106.99
09/06/2016,0.7431,502.29,319.1451,1.1316,1.4458,143.5031,254.826,258.8578,2214.01,25171.6,3995.28,5826.1,4992.03,6.5847,107.1
10/06/2016,0.7373,488.784,319.9501,1.1251,1.4257,143.9021,255.083,259.1625,2219.05,25070.35,3958.68,5674.22,4899.01,6.6044,106.97
13/06/2016,0.7387,486.975,322.7161,1.1292,1.427,144.1019,254.3079,259.5562,2222.43,24191.18,3927.73,5561.97,4842.3,6.5972,106.26
14/06/2016,0.7358,482.283,323.0194,1.1207,1.4114,144.2015,254.3657,261.6969,2223.22,23949.29,3920.93,5452.16,4745.02,6.6066,106.11
15/06/2016,0.7407,474.621,323.072,1.126,1.4204,144.495,254.4715,262.6002,2225.8,24040.77,3914.02,5516.7,4779.69,6.5945,106.01
16/06/2016,0.7363,457.663,325.6072,1.1225,1.4203,144.9086,254.3612,262.7681,2229.69,23308.28,3926.93,5495.27,4767.49,6.5977,104.26
17/06/2016,0.7387,476.736,324.7069,1.1277,1.4358,144.0115,254.2069,260.836,2223.68,23558.24,3914.15,5555.43,4824.07,6.5973,104.16
20/06/2016,0.7457,491.504,324.0371,1.1314,1.4698,143.8096,254.4594,258.0255,2218.11,24111.49,3936.91,5740.96,4970.62,6.5901,103.94
21/06/2016,0.745,491.22,319.1242,1.1242,1.4652,143.7427,254.4555,257.1192,2214.93,24419.29,3947.94,5790.33,4988.68,6.5935,104.75
22/06/2016,0.7501,484.899,318.4996,1.1296,1.4707,143.8137,254.4011,256.4523,2215.9,24263.15,3941.45,5811.75,5016.43,6.582,104.41
23/06/2016,0.7613,494.582,316.7716,1.1385,1.4877,144.0352,254.1787,255.739,2208.7,24525.74,3994.18,5928.02,5079.97,6.5859,106.16
24/06/2016,0.7466,469.957,331.6457,1.1117,1.3679,144.9266,255.0119,262.8809,2228.51,22583.66,3850.7,5417.2,4920.14,6.6366,102.22
27/06/2016,0.733,457.797,332.23,1.1025,1.3225,145.1808,256.5526,266.527,2244.5,23123.5,3781.02,5263.73,4794.72,6.6822,102
28/06/2016,0.7386,472.079,330.527,1.1065,1.3344,145.6756,257.5872,267.1065,2244.42,23178.34,3849.05,5383.22,4921.51,6.6845,102.75
29/06/2016,0.7451,491.825,332.7866,1.1125,1.3429,145.5418,257.9349,268.0124,2242.94,23547.38,3915.1,5526.66,5097.8,6.6545,102.83
30/06/2016,0.7451,476.399,331.2089,1.1106,1.3311,145.2526,258.4092,269.0595,2241.26,23563.61,3968.21,5590.19,5214.61,6.6712,103.2
01/07/2016,0.7498,482.536,335.8261,1.1136,1.3267,145.6593,259.0057,270.3396,2245.92,23724.82,3976.68,5625.95,5273.54,6.678,102.52
04/07/2016,0.7538,,,1.1154,1.3287,145.726,258.9142,271.2251,,23866,,5586.25,5228.99,6.6746,102.56
05/07/2016,0.7463,459.645,340.7766,1.1076,1.3022,145.8514,259.3904,273.1821,2259.08,23704.93,3949.72,5492.03,5247.52,6.6889,101.74
06/07/2016,0.752,467.699,342.886,1.11,1.2931,145.8504,259.5657,273.4129,2256.27,23265.7,3972.26,5392.68,5181.96,6.6968,101.32
07/07/2016,0.7479,444.701,341.6345,1.1063,1.2908,145.9317,259.2562,272.1956,2257.19,23110.26,3969.19,5429.26,5239.08,6.7009,100.77
08/07/2016,0.7569,448.154,340.709,1.1051,1.2954,145.916,259.9145,273.1074,2259.66,22854.2,4029.75,5542.34,5284.66,6.7035,100.54
11/07/2016,0.7532,443.491,340.2707,1.1058,1.2998,145.7421,259.6569,272.7969,2251.77,23764.68,4043.49,5634.74,5358.61,6.7053,102.8
12/07/2016,0.7623,464.101,334.9527,1.1061,1.3247,145.5572,258.7646,271.3296,2242.09,24349.89,4071.85,5728.71,5356.87,6.6968,104.69
13/07/2016,0.7608,443.007,337.0456,1.109,1.3147,145.6019,259.3711,273.2761,2247.94,24555.3,4072.77,5714.45,5348.62,6.6899,104.49
14/07/2016,0.7632,453.22,334.1817,1.112,1.3343,145.3117,258.6824,272.1353,2240.06,24788.97,4094.28,5786.58,5335.85,6.6924,105.35
15/07/2016,0.7578,454.441,332.9872,1.1035,1.3192,144.7641,257.8764,270.1032,2232.71,24958.35,4090.49,5777.95,5347.69,6.7104,104.88
18/07/2016,0.7591,447.9,333.4698,1.1075,1.3255,144.7759,258.0914,270.835,2233.91,,4100.4,5759.43,5368.68,6.7107,106.16
19/07/2016,0.7504,445.658,334.2461,1.1021,1.3111,144.7406,258.3359,270.8257,2237.12,25299.43,4094.61,5724.14,5370.25,6.7105,106.12
20/07/2016,0.7478,449.874,331.0061,1.1015,1.3208,144.725,258.2602,269.7728,2233.93,25236.77,4112.61,5794.14,5395.6,6.6785,106.89
21/07/2016,0.7495,439.862,334.0026,1.1026,1.3233,144.3236,258.2268,269.1305,2235.94,25430.91,4097.82,5797.17,5372.26,6.6769,105.82
22/07/2016,0.7462,435.092,332.1595,1.0977,1.3109,144.3491,258.4034,270.4615,2235.64,25154.11,4116.5,5804.46,5396.8,6.6826,106.13
25/07/2016,0.747,426.304,331.0957,1.0995,1.314,144.3775,258.9103,270.708,2234.8,25143.58,4104.13,5806.4,5380.48,6.6883,105.81
26/07/2016,0.7502,426.776,331.373,1.0986,1.313,144.5053,258.809,270.1293,2235.95,24784.66,4105.57,5817.49,5391.62,6.6799,104.66
27/07/2016,0.7491,414.985,332.9227,1.1058,1.3223,144.7888,259.7812,273.1427,2242.6,25212.85,4100.81,5859.59,5412.79,6.6715,105.4
28/07/2016,0.7503,408.436,334.5972,1.1077,1.3164,144.7775,259.8423,273.3946,2243.12,24928.45,4107.75,5794.39,5391.17,6.6612,105.27
29/07/2016,0.7596,411.716,338.6666,1.1174,1.323,143.9635,260.5232,274.7838,2250.34,25068.29,4114.51,5842.57,5393.88,6.6307,102.06
01/08/2016,0.7536,398.808,339.1995,1.1163,1.3179,143.5172,260.3018,273.4979,2245.2,25168.9,4109.28,5796.76,5369.43,6.646,102.39
02/08/2016,0.7609,395.347,342.4455,1.1224,1.3357,142.7591,259.3128,271.703,2240.6,24799.26,4083.25,5678.9,5330.48,6.6327,100.89
03/08/2016,0.7588,407.053,340.4773,1.1149,1.3325,142.8027,259.2559,272.2168,2240.38,24332.76,4097.3,5686.87,5321.66,6.6436,101.24
04/08/2016,0.7628,417.822,341.1536,1.113,1.3107,142.4516,260.2846,277.0437,2245.74,24592.59,4099.21,5729.71,5414.37,6.6465,101.22
05/08/2016,0.7619,417.638,335.418,1.1086,1.3073,142.7287,259.9194,276.9447,2235.05,24591.92,4134.56,5812.92,5457.19,6.666,101.82
08/08/2016,0.7651,428.134,334.6526,1.1088,1.304,142.2484,260.0587,278.2426,2235.37,25191.19,4131.19,5830.93,5469.77,6.6685,102.45
09/08/2016,0.7673,424.58,336.0027,1.1117,1.3003,142.4617,260.4432,280.0179,2240.49,25364.27,4132.96,5921.35,5503.65,6.6618,101.88
10/08/2016,0.7703,415.97,337.3029,1.1176,1.301,142.9073,260.9791,282.549,2245.16,25319.11,4122.65,5900.4,5515.79,6.6427,101.29
11/08/2016,0.7699,434.043,336.8317,1.1137,1.2956,142.9112,260.8706,283.6007,2235.76,,4142.72,5960.17,5583.47,6.6428,101.96
12/08/2016,0.7652,442.473,335.138,1.1162,1.292,143.0365,260.7894,283.2523,2242.81,25598.7,4139.63,5952.16,5584.53,6.652,101.3
15/08/2016,0.7674,455.123,336.2194,1.1184,1.288,142.895,260.4074,282.0392,2238.17,25522.51,4151.69,5955.5,5604.85,6.6466,101.26
16/08/2016,0.7695,463.273,338.5676,1.1279,1.3046,142.8354,259.5796,280.5081,2234.94,25109.4,4129.68,5895.97,5566.69,6.6303,100.31
17/08/2016,0.7655,468.894,336.5493,1.1289,1.3042,142.7207,259.9247,280.438,2237.39,25335.02,4138.42,5826.28,5538.61,6.6353,100.28
18/08/2016,0.7686,478.916,338.6481,1.1354,1.3168,142.7524,260.593,280.9465,2240.85,24942.22,4147.64,5855.14,5552.85,6.6339,99.89
19/08/2016,0.7627,479.295,335.9062,1.1325,1.3075,142.9123,259.9128,279.3376,2235.25,25032.71,4142.23,5802.16,5544.76,6.6561,100.22
22/08/2016,0.7626,464.045,335.2159,1.132,1.3137,142.6597,260.4785,280.8197,2241.08,25111.94,4139.97,5786.84,5520.18,6.6612,100.33
23/08/2016,0.7615,471.165,335.8926,1.1305,1.3198,143.0411,260.4556,282.2239,2240.36,24959.39,4148.16,5852.07,5552.49,6.6578,100.24
24/08/2016,0.7613,462.087,331.8032,1.1264,1.3232,142.9153,260.2887,282.043,2239.76,25110.59,4126.65,5881.11,5526.03,6.6721,100.45
25/08/2016,0.7618,467.428,330.5334,1.1285,1.3192,142.9601,260.1746,282.0527,2236.96,25048.03,4121.09,5840.26,5512.56,6.6685,100.53
26/08/2016,0.7564,469.586,330.8606,1.1198,1.3137,142.7776,260.3976,282.9565,2229.1,24752.65,4114.68,5884.56,5529.66,6.6933,101.84
29/08/2016,0.7569,463.043,331.1686,1.1189,1.3106,142.5691,,,2238.73,25339.86,4136.75,5861.38,5529.66,6.6897,101.92
30/08/2016,0.7509,456.306,328.5266,1.1143,1.308,142.5269,260.2523,282.8701,2237.3,25321.5,4129.34,5924.43,5515.7,6.694,102.96
31/08/2016,0.7517,439.08,327.2569,1.1158,1.3138,142.3213,259.701,282.4452,2237.97,25566.82,4120.29,5909.53,5483.94,6.6915,103.43
01/09/2016,0.7551,425.6,328.6824,1.1197,1.3268,142.055,259.1407,281.7825,2237.91,25626.53,4120.17,5898.51,5456.28,6.6858,103.23
02/09/2016,0.7573,438.526,331.0811,1.1156,1.3294,141.6361,258.812,279.5663,2234.18,25624.77,4137.7,6020.19,5576.49,6.6984,103.92
05/09/2016,0.7582,,,1.1147,1.3304,141.5929,259.2492,280.6697,,25794.26,,6016.13,5564.21,6.6915,103.43
06/09/2016,0.7687,442.569,337.9063,1.1255,1.344,141.6104,260.484,281.0764,2241.83,25861.4,4150.11,6001.47,5521.04,6.6753,102.02
07/09/2016,0.7673,449.316,336.7115,1.1239,1.3341,142.2498,260.9206,281.3435,2242,25756.12,4150.51,6043.49,5537.65,6.6714,101.74
08/09/2016,0.7643,468.143,334.818,1.126,1.3295,141.8927,259.4959,278.5392,2231.4,25674.87,4141.46,6027.62,5549.11,6.6801,102.49
09/09/2016,0.7541,449.691,333.0491,1.1233,1.3267,141.6155,257.7808,274.7129,2224,25685.45,4039.95,5968.31,5482.96,6.6959,102.69
12/09/2016,0.7566,452.771,330.8373,1.1235,1.3337,141.3029,257.6344,274.6599,2225.39,25242.1,4099.47,5889.49,5421.43,6.6851,101.85
13/09/2016,0.7464,441.425,330.3665,1.122,1.3193,141.3458,257.5206,273.6899,2217.19,25327.06,4039.92,5815.06,5392.9,6.6905,102.56
14/09/2016,0.7469,429.828,330.969,1.125,1.3235,141.2006,257.6279,273.1674,2222.93,25153.26,4037.83,5795.7,5399.11,6.6673,102.43
15/09/2016,0.7515,436.629,328.9508,1.1244,1.3239,141.3837,257.2149,272.8175,2221.74,24837.07,4079.32,5813.03,5445.36,6.65,102.1
16/09/2016,0.7491,429.378,327.0075,1.1155,1.3002,141.4236,257.5143,273.4926,2221.58,25010.09,4063.97,5737.74,5429.17,6.6537,102.29
19/09/2016,0.7534,431.137,328.9146,1.1175,1.303,141.4319,257.5656,272.7491,2222.45,,4063.94,5804.58,5512.72,6.666,101.93
20/09/2016,0.7556,430.589,329.0172,1.1151,1.2988,141.6966,258.5165,274.7162,2223.66,24969,4065.2,5797.83,5526.67,6.682,101.7
21/09/2016,0.7624,438.859,332.3147,1.1189,1.3032,141.6559,258.163,274.2052,2225.91,25446.62,4109.63,5831.71,5529.89,6.6699,100.32
22/09/2016,0.7643,447.681,335.6371,1.1208,1.3078,141.6598,259.9232,277.6558,2230.74,,4136.41,5967.62,5592.3,6.6824,100.76
23/09/2016,0.7623,431.886,334.8912,1.1226,1.2966,141.8892,259.6264,277.3394,2233.11,25365.47,4112.69,5929.72,5590.71,6.6794,101.02
26/09/2016,0.7636,445.032,335.4987,1.1254,1.2975,141.9772,260.1269,278.391,2236.1,25048.35,4077.71,5819.38,5516.76,6.6832,100.33
27/09/2016,0.7667,432.359,332.0814,1.1215,1.3023,142.0827,260.3994,279.5757,2240.84,25259.36,4104.18,5812.62,5508.37,6.6841,100.43
28/09/2016,0.7692,456.704,330.4113,1.1217,1.3019,142.3324,260.7252,279.4119,2239.64,25102.09,4126.83,5852.29,5542.12,6.684,100.69
29/09/2016,0.7636,462.402,330.9877,1.1222,1.2968,142.4226,260.092,277.9788,2241.83,25450.16,4088.47,5853.2,5599,6.6711,101.03
30/09/2016,0.7664,466.171,328.7685,1.1235,1.2972,142.4057,260.2186,275.5545,2235.01,25078.37,4121.06,5874.06,5582.74,6.677,101.35
03/10/2016,0.7675,472.703,327.677,1.1211,1.2842,142.2584,259.7242,276.908,2233.03,25305.27,4108.13,5867.95,5650.86,6.6783,101.65
04/10/2016,0.762,472.431,316.9462,1.1204,1.2728,142.2782,259.4473,276.2146,2225.34,25514.1,4088.17,5928.63,5724.36,6.6939,102.9
05/10/2016,0.7622,481.805,316.6743,1.1205,1.2749,142.0607,257.7494,274.7057,2221.13,25641.54,4107.4,5922.32,5691.11,6.699,103.5
06/10/2016,0.7585,487.872,312.7829,1.1151,1.2616,141.9668,257.7528,272.889,2217.86,25763.29,4109.49,5913.13,5667.51,6.7073,103.95
07/10/2016,0.7582,482.64,312.511,1.1201,1.2434,141.9285,257.4922,270.7422,2217.85,25703.82,4096.25,5872.02,5703.48,6.708,102.98
10/10/2016,0.7607,493.859,314.6409,1.1139,1.2362,141.9401,257.1019,269.4422,,,4115.12,5940.87,5746.49,6.7171,103.61
11/10/2016,0.7539,487.158,313.5203,1.1054,1.2123,141.7625,257.4048,270.0413,2215.13,25954.87,4063.92,5911.38,5724.93,6.7297,103.51
12/10/2016,0.7562,482.018,312.9992,1.1007,1.2204,141.8704,256.8057,268.409,2213.24,25673.2,4068.92,5888.28,5686.98,6.7254,104.21
13/10/2016,0.7569,484.136,313.9509,1.1056,1.2254,141.9489,257.356,269.457,2218.62,25572.95,4056.45,5823.7,5650.14,6.7342,103.71
14/10/2016,0.7618,483.589,313.4298,1.0972,1.2191,141.9329,257.1113,267.3965,2211.54,25698.16,4057.28,5921.86,5679.14,6.7376,104.18
17/10/2016,0.7629,479.929,313.7138,1.1,1.2183,141.9035,256.9896,267.2136,2215.91,25764.86,4045.07,5889.62,5625.7,6.7474,103.89
18/10/2016,0.7666,481.863,315.2896,1.0981,1.2298,141.8679,257.3497,267.9699,2218.11,25861.65,4069.99,5966.09,5668.21,6.7436,103.87
19/10/2016,0.7722,490.779,317.0402,1.0974,1.2285,141.9228,257.4382,268.2163,2218.06,25915.47,4079.5,5983.62,5685.92,6.7406,103.44
20/10/2016,0.7627,480.035,316.444,1.0929,1.2254,141.9548,257.9187,268.7024,2218.73,26276.16,4074.18,6024.11,5696.75,6.7479,103.95
21/10/2016,0.7608,484.082,316.4969,1.0884,1.2234,141.971,257.8472,268.783,2219.26,26198.55,4073.85,6026.11,5691.53,6.7704,103.8
24/10/2016,0.7611,481.707,315.5072,1.0882,1.2238,141.9739,257.548,268.4121,2216.75,26274.52,4093.22,6057.85,5663.91,6.7829,104.18
25/10/2016,0.7646,475.831,317.9819,1.0889,1.2188,142.1057,257.5987,268.7334,2217.67,26473.98,4077.8,6045.22,5689.24,6.7756,104.22
26/10/2016,0.7651,468.945,316.2373,1.0908,1.2247,142.1208,256.2616,266.3998,2213.96,26514.52,4070.76,6032.63,5640.96,6.7847,104.47
27/10/2016,0.7589,474.094,316.9643,1.0897,1.2164,142.0066,254.7152,264.8744,2207.41,26430.38,4058.75,6042.08,5666.61,6.7952,105.29
28/10/2016,0.7599,465.646,318.7899,1.0985,1.2185,141.7874,254.6008,263.6839,2207.53,26596.36,4046.36,6030.48,5674.47,6.7848,104.74
31/10/2016,0.7609,446.64,317.8752,1.0981,1.2242,141.894,254.7067,264.3259,2210.41,26566.39,4045.89,5983.87,5640.37,6.7777,104.82
01/11/2016,0.7652,442.326,321.5986,1.1055,1.2243,141.9208,253.9996,262.9519,2213.14,26595.01,4018.47,5921.01,5610.29,6.7733,104.15
02/11/2016,0.7661,430.569,326.6454,1.1098,1.2304,142.0605,255.0813,265.3326,2215.17,26125.64,3992.76,5836.84,5552.12,6.7679,103.3
03/11/2016,0.7682,425.887,325.4251,1.1105,1.2461,142.0644,254.5711,264.7633,2213.09,,3976.56,5823.75,5510.54,6.7702,102.98
04/11/2016,0.7673,418.816,325.7279,1.1141,1.2517,142.1481,254.719,266.9949,2216.62,25775.81,3970.02,5786.61,5431.61,6.7728,103.12
07/11/2016,0.7728,424.066,319.47,1.1041,1.2396,141.9875,254.8463,265.2251,2211.76,26190.33,4058.3,5893.86,5523.84,6.7938,104.46
08/11/2016,0.7762,423.342,318.241,1.1026,1.2379,142.0667,254.4505,264.3155,2207.19,26181.5,4075.61,5922.29,5553.23,6.7979,105.16
09/11/2016,0.7635,425.949,317.9953,1.091,1.2406,142.3034,254.2143,263.8347,2182.11,24780.85,4121.03,5986.65,5608.99,6.8341,105.67
10/11/2016,0.7613,421.24,316.1545,1.0893,1.2555,141.8229,251.5491,260.9641,2175.72,26447.31,4129.46,5967.65,5554.85,6.8301,106.83
11/11/2016,0.7546,411.341,305.5304,1.0855,1.2596,141.609,250.2746,260.7371,,26493.62,4123.69,5935.19,5475.49,6.8226,106.65
14/11/2016,0.7554,408.181,304.9434,1.0737,1.249,141.3762,249.316,259.0049,2163.98,26947.76,4123.81,5954.34,5494,6.8556,108.42
15/11/2016,0.7559,429.527,305.67,1.0722,1.2457,141.1212,250.9023,260.9291,2162.4,26940.94,4155.62,5979.95,5526.18,6.873,109.2
16/11/2016,0.748,426.887,305.5498,1.0691,1.2443,140.7325,250.353,260.4153,2165.25,27236.85,4150.21,5934.15,5491.19,6.8896,109.08
17/11/2016,0.7406,427.246,303.7362,1.0626,1.2417,141.011,250.1864,260.9941,2159.2,27237.49,4169.87,5964.4,5530.18,6.9044,110.12
18/11/2016,0.7338,430.515,301.7482,1.0588,1.2342,140.5882,250.1888,258.845,2153.69,27397.26,4160.58,5923.3,5514.76,6.9054,110.91
21/11/2016,0.7369,448.082,302.0351,1.063,1.2494,140.6237,250.3505,260.132,2153.42,27608.62,4191.68,5947.1,5516.54,6.9048,110.82
22/11/2016,0.7402,448.882,302.3878,1.0627,1.2423,140.5211,250.9141,260.4488,2154.68,27695.41,4200.95,5969.39,5550.53,6.912,111.14
23/11/2016,0.7385,447.918,296.9872,1.0553,1.2443,140.525,249.8075,258.8445,2150.51,,4204.49,5945.49,5548.89,6.9545,112.52
24/11/2016,0.7408,,,1.0554,1.2451,140.4575,249.9322,259.8137,,27955.35,,5962.07,5564,6.9477,113.33
25/11/2016,0.7443,432.32,294.1557,1.0589,1.2477,140.508,250.0912,259.9944,2150.19,28028.25,4221.02,5977.32,5573.41,6.9465,113.22
28/11/2016,0.7482,440.716,297.3557,1.0614,1.2416,140.8527,250.6852,260.8837,2155.63,27991.15,4199.39,5915.41,5539.77,6.9275,111.94
29/11/2016,0.7484,424.141,296.6125,1.065,1.2493,140.9723,251.0088,261.0539,2158.57,27915.14,4205.99,5958.58,5517.4,6.9136,112.38
30/11/2016,0.7385,463.306,292.4069,1.0589,1.2506,140.9066,250.7554,260.7284,2151.43,27917.34,4195.73,5984.45,5527,6.9162,114.46
01/12/2016,0.7415,481.393,291.29,1.0661,1.2591,140.797,249.6578,259.0317,2142.92,28229.38,4181.15,5943.98,5502.84,6.8805,114.1
02/12/2016,0.7457,486.339,293.3864,1.0664,1.2729,140.6691,250.8114,261.235,2149.22,28096.66,4182.81,5912.9,5484.74,6.8704,113.51
05/12/2016,0.7472,490.328,293.0745,1.0764,1.2732,140.7651,249.916,261.0615,2149.35,27866.27,4207.57,5987.5,5497.87,6.8656,113.85
06/12/2016,0.7461,482.043,291.4842,1.0718,1.2678,140.4837,250.0543,260.4432,2148.11,27996.72,4222.04,6081.67,5524.77,6.8878,114.02
07/12/2016,0.7482,474.376,293.3316,1.0753,1.2626,140.4703,250.7289,261.3508,2153.72,28204.33,4278.44,6163.03,5624.5,6.8961,113.77
08/12/2016,0.7463,481.615,292.0651,1.0615,1.2586,140.3753,249.375,261.1104,2149.14,28614.17,4288.1,6248.45,5649.21,6.9124,114.04
09/12/2016,0.7449,485.68,289.4534,1.0561,1.2572,140.0274,249.5119,259.5614,2141.26,28966.25,4313.61,6271.48,5667.68,6.9282,115.32
12/12/2016,0.7497,497.255,290.4368,1.0635,1.2679,139.4229,248.8426,258.2418,2141.18,29208.18,4308.94,6274.56,5615.69,6.9269,115.02
13/12/2016,0.75,497.439,288.747,1.0626,1.2658,139.168,250.2189,259.81,2140.72,29353.79,4337.86,6348.32,5679.38,6.9208,115.19
14/12/2016,0.7406,482.097,289.9221,1.0536,1.2564,139.5501,251.3278,260.8689,2135.62,29358.5,4302.93,6299.29,5663.59,6.927,117.04
15/12/2016,0.7358,482.633,281.4806,1.0414,1.2418,139.4677,250.3706,257.6269,2131.6,29389.27,4319.84,6373.87,5704.78,6.9331,118.18
16/12/2016,0.7304,492.432,283.3783,1.0451,1.2496,139.6997,250.7566,259.0794,2129.33,29583.47,4312.4,6392.5,5715.07,6.9672,117.93
19/12/2016,0.7245,489.984,284.7113,1.0402,1.2395,139.8106,252.099,260.2355,2135.94,29568.91,4321.02,6390.28,5719.57,6.9325,117.09
20/12/2016,0.7259,494.226,282.448,1.0388,1.2368,139.9026,252.1469,260.1147,2133.19,29725.86,4337.36,6432.57,5741.42,6.939,117.86
21/12/2016,0.7238,487.175,282.3524,1.0424,1.2353,140.0582,252.4672,261.4948,2136.35,29649.56,4326.85,6418.72,5739.35,6.9306,117.55
22/12/2016,0.7217,492.211,281.7335,1.0437,1.2283,140.0695,251.998,262.0188,2135.81,29623.91,4319.33,6416.28,5757.64,6.949,117.54
23/12/2016,0.7176,493.188,282.4601,1.0456,1.2282,140.0733,252.5623,262.6464,2137.4,,4325.17,6425.02,5761.3,6.957,117.33
26/12/2016,0.7192,,,1.0455,1.2282,139.9952,,,,29576.59,,,5761.3,6.9565,117.1
27/12/2016,0.7185,501.421,283.772,1.0457,1.2271,139.9496,,,2134.56,29586.38,4334.93,6433.97,5761.3,6.958,117.43
28/12/2016,0.7177,502.576,284.2997,1.0413,1.2226,139.9748,252.8043,264.0955,2141.09,29626.12,4299.45,6434.35,5792.2,6.9712,117.26
29/12/2016,0.7219,501.613,288.5901,1.049,1.2261,140.0387,253.2597,266.0679,2144.43,29234.33,4298.39,6420.69,5805.51,6.964,116.54
30/12/2016,0.7208,501.356,286.9997,1.0517,1.234,140.0027,252.4226,265.9443,2149.16,29187.34,4278.66,6457.51,5823.91,6.9761,116.96
02/01/2017,0.7184,,,1.0455,1.2278,,,,,,,6493.13,5823.91,6.9751,117.55
03/01/2017,0.7219,489.475,289.5842,1.0405,1.2237,140.0142,251.0185,262.5463,2148.27,,4315.08,6505.58,5852.5,6.959,117.75
04/01/2017,0.7283,498.219,290.4108,1.0489,1.2323,139.8019,250.7468,262.6772,2148.37,29919.97,4340.75,6510.49,5862.16,6.866,117.25
05/01/2017,0.7338,502.02,294.4025,1.0607,1.2419,139.7488,250.5781,262.6688,2159.11,29807.78,4337.45,6510.27,5867.12,6.7889,115.35
06/01/2017,0.7301,503.881,292.4381,1.0532,1.2287,139.8264,250.0282,261.3381,2153.03,29706.45,4354.05,6519.48,5879.13,6.8498,117.02
09/01/2017,0.7354,484.842,295.317,1.0574,1.2163,139.8378,250.2986,261.9362,2158.37,,4338.62,6495.53,5901.74,6.8797,116.03
10/01/2017,0.7368,473.416,295.4707,1.0554,1.2177,139.9138,250.489,261.862,2158.16,29472.99,4338.64,6491.36,5932.48,6.9103,115.77
11/01/2017,0.7441,485.729,298.2492,1.0582,1.2213,139.7781,250.977,261.7219,2159.58,29569.54,4351.32,6494.76,5944.73,6.887,115.41
12/01/2017,0.7484,493.585,299.0497,1.0613,1.2162,139.8314,250.9481,263.2584,2159.97,29218.38,4342.09,6453.05,5946.26,6.8597,114.72
13/01/2017,0.7502,488.457,298.1177,1.0643,1.2182,139.8708,250.3361,261.3421,2157.98,29451.37,4350.11,6526.95,5983.31,6.843,114.49
16/01/2017,0.7477,,,1.0601,1.2047,139.8784,250.3702,262.3119,,29158.13,,6468.43,5974.6,6.8594,114.2
17/01/2017,0.7567,489.004,302.3113,1.0713,1.2414,139.9191,250.822,263.2809,2165.11,28727.96,4337.2,6449.81,5887.55,6.8023,112.62
18/01/2017,0.7505,475.928,302.092,1.063,1.2261,139.8679,250.2368,262.7425,2157.85,28851.4,4345.57,6467.39,5909.76,6.8402,114.65
19/01/2017,0.7561,478.361,299.4361,1.0664,1.2342,139.6446,249.5953,260.8404,2150.75,29123.02,4329.96,6460.18,5879.91,6.8464,114.86
20/01/2017,0.7555,489.546,300.2859,1.0703,1.2375,139.5282,248.6574,260.1089,2151.07,29223.28,4344.67,6478.08,5871.75,6.8405,114.62
23/01/2017,0.7584,486.188,302.9845,1.0765,1.2535,139.5774,249.4842,261.2274,2159.39,28846.3,4333.1,6427.74,5833.2,6.8127,112.71
24/01/2017,0.7582,488.015,301.7703,1.0731,1.252,139.7328,249.2782,261.8107,2151.01,28688.96,4361.56,6444.41,5832.52,6.816,113.79
25/01/2017,0.7572,483.776,298.5172,1.0748,1.2634,139.4761,248.0456,259.5276,2145.03,29100.5,4396.57,6532.04,5844.01,6.8277,113.28
26/01/2017,0.7535,492.794,296.5321,1.0682,1.2597,139.1839,247.0254,258.3396,2147.69,29627.14,4393.43,6518.25,5841.61,6.8503,114.53
27/01/2017,0.7551,485.695,296.1881,1.0699,1.2555,139.2599,247.2603,259.2463,2150.89,29728.61,4389.85,6487.22,5860.37,6.8693,115.1
30/01/2017,0.7555,482.596,297.419,1.0695,1.2486,139.2431,246.8638,260.0237,2150.51,29578.11,4363.67,6409.34,5806.53,6.8633,113.77
31/01/2017,0.7585,484.51,301.2529,1.0798,1.2579,139.1917,247.2218,260.8831,2154.02,29077.97,4359.81,6346.4,5790.76,6.8275,112.8
01/02/2017,0.7586,495.002,300.4863,1.0769,1.2659,139.1203,246.3504,259.513,2151.47,29240.97,4362.1,6401.87,5797.7,6.831,113.25
02/02/2017,0.7658,492.67,303.251,1.0759,1.2527,138.9239,247.3785,260.9658,2152.1,28884.39,4364.85,6397.99,5824.69,6.8101,112.8
03/02/2017,0.768,495.277,303.6036,1.0783,1.2484,138.9676,246.9932,261.311,2149.48,28889.92,4396.95,6436.35,5863.48,6.8025,112.61
06/02/2017,0.766,486.198,306.4268,1.075,1.2469,138.6925,246.2358,262.2441,2158.98,28979.5,4387.67,6367.91,5850.3,6.8002,111.74
07/02/2017,0.7628,479.532,307.4261,1.0683,1.2509,138.6945,246.5527,263.0106,2161.53,28878.82,4388.87,6362.8,5861.79,6.8352,112.39
08/02/2017,0.7645,480.753,308.2763,1.0698,1.2541,138.7069,247.7118,264.9356,2166.87,29026.67,4393.31,6367.38,5863.91,6.8422,111.93
09/02/2017,0.7625,485.353,307.6093,1.0655,1.2497,138.9452,248.3619,264.7586,2160.46,28874.07,4419.4,6446.81,5898.5,6.8637,113.25
10/02/2017,0.7674,494.547,307.39,1.0643,1.2491,139.0707,247.3958,263.6559,2158.85,29593.74,4435.42,6433.12,5922.36,6.8634,113.22
13/02/2017,0.764,485.035,304.8915,1.0598,1.2526,139.0341,247.6144,262.9333,2156.36,29716.24,4459.83,6500.79,5938.81,6.8741,113.74
14/02/2017,0.7663,487.903,304.7966,1.0578,1.2468,138.8975,247.3445,262.5841,2151.59,29380.02,4478.98,6507.98,5930.36,6.8601,114.26
15/02/2017,0.771,486.263,306.7164,1.0601,1.2461,138.8706,246.9799,262.3601,2147.39,29683.91,4501.99,6537.13,5958.8,6.8451,114.16
16/02/2017,0.7694,485.404,308.8353,1.0674,1.2489,138.8266,248.0243,263.89,2153.93,29545.78,4498.56,6512.22,5960.64,6.8493,113.24
17/02/2017,0.7664,486.365,308.2181,1.0616,1.2412,138.8174,248.0479,264.9726,2157.12,29373.35,4506.2,6507.83,5978.7,6.8508,112.84
20/02/2017,0.7688,,,1.0614,1.2463,138.8101,248.0556,264.566,,29398.49,,6514.86,5978.61,6.8576,113.1
21/02/2017,0.7675,492.028,308.1868,1.0536,1.2473,138.8073,247.4668,264.1859,2157.16,29597.56,4533.46,6567.86,5958.11,6.8636,113.68
22/02/2017,0.7703,485.794,306.7984,1.0558,1.245,138.9369,247.9487,265.1963,2157.9,29595.16,4528.97,6567.73,5980.57,6.8573,113.31
23/02/2017,0.7715,492.563,311.3055,1.0582,1.2556,139.2025,248.5098,266.2871,2161.14,29582.32,4531.39,6557.28,5976.29,6.8494,112.61
24/02/2017,0.7676,488.149,313.0266,1.0563,1.2462,139.4282,249.5327,268.1987,2169.82,29465.89,4539.25,6498.54,5953.56,6.8545,112.12
27/02/2017,0.7673,489.124,313.165,1.0587,1.2442,139.6067,249.8792,268.3306,2164.04,29196.85,4544.51,6508.78,5961.19,6.8619,112.7
28/02/2017,0.7657,489.912,311.9504,1.0576,1.238,139.6387,250.1127,269.1131,2164.65,29214.45,4532.93,6529.07,5969.78,6.8554,112.77
01/03/2017,0.7677,488.618,310.9847,1.0547,1.2293,139.4143,249.132,268.0105,2151.05,29633.97,4595.73,6667.9,6067.96,6.8716,113.73
02/03/2017,0.7572,477.528,306.7348,1.0507,1.2267,139.2731,249.0249,267.3226,2148.03,29895.66,4569.17,6657.1,6068.97,6.8852,114.41
03/03/2017,0.7596,484.644,305.147,1.0622,1.2291,139.3982,248.7149,267.338,2148.94,29749.53,4571.6,6693.85,6062.32,6.8967,114.04
06/03/2017,0.7579,485.619,304.9113,1.0582,1.2236,139.5112,248.5791,266.8035,2148.72,29611.96,4556.72,6662.52,6042.47,6.9011,113.89
07/03/2017,0.7588,484.848,302.5788,1.0566,1.22,139.5481,248.4268,267.7375,2146.46,29558.49,4543.75,6657.91,6033.33,6.8938,113.98
08/03/2017,0.7528,460.666,300.919,1.0541,1.2168,139.3204,247.2621,266.8249,2141.91,29420.78,4534.68,6666.76,6029.72,6.9162,114.35
09/03/2017,0.7506,452.827,299.3843,1.0577,1.2165,139.1689,246.7887,267.211,2137.26,29519.41,4538.36,6707.54,6018.05,6.9046,114.95
10/03/2017,0.7542,445.606,298.9285,1.0673,1.2167,139.1597,245.7753,266.2334,2139.12,29956.47,4553.28,6720.08,6041.18,6.895,114.79
13/03/2017,0.7571,445.324,299.389,1.0653,1.2219,139.0633,245.9865,266.1263,2136.8,30001,4556.44,6718.55,6060.93,6.8963,114.88
14/03/2017,0.7559,441.206,299.2217,1.0604,1.2153,139.1495,246.2501,266.5907,2138.57,29963.95,4541.26,6686.97,6053.33,6.9005,114.75
15/03/2017,0.7709,448.353,298.7319,1.0734,1.2291,139.1076,247.1914,266.9778,2149.4,29915.45,4579.44,6706.41,6062.21,6.8477,113.38
16/03/2017,0.7678,447.761,305.2898,1.0766,1.236,139.385,246.337,266.6727,2147.05,29934.95,4572.16,6766.69,6109.4,6.8703,113.31
17/03/2017,0.7704,448.458,306.0409,1.0738,1.2396,139.3616,246.3364,267.1237,2149.57,29830.2,4566.17,6783.3,6116.81,6.8865,112.7
20/03/2017,0.7731,447.026,307.0535,1.0739,1.2358,139.3761,246.3257,267.2651,2153.07,,4557.12,6764.84,6120.81,6.8889,112.55
21/03/2017,0.7691,442.391,310.1374,1.0811,1.2478,139.465,246.5674,266.6195,2157.85,29729.79,4500.98,6749.37,6078.41,6.8723,111.71
22/03/2017,0.7678,439.648,310.9382,1.0797,1.2485,139.6069,247.4692,268.8678,2162.3,29096.53,4509.65,6731.82,6034.23,6.8637,111.16
23/03/2017,0.7627,437.422,310.2746,1.0783,1.2521,139.6378,247.4212,267.3929,2160.72,29163.66,4504.92,6793.76,6047.41,6.87,110.94
24/03/2017,0.7623,440.011,310.6783,1.0798,1.2473,139.54,247.8717,267.8693,2163.14,29434.46,4501.11,6777.98,6044.21,6.8729,111.34
27/03/2017,0.7618,440.125,312.4603,1.0864,1.2559,139.5871,248.0514,268.5196,2165.8,29011.46,4496.53,6765.2,6008.52,6.8554,110.66
28/03/2017,0.7633,444.349,312.467,1.0814,1.245,139.6137,248.5495,268.1668,2161.2,29343.48,4529.17,6820.18,6049.65,6.8737,111.15
29/03/2017,0.767,453.992,311.9774,1.0766,1.2434,139.6761,248.9682,268.9164,2164.27,29570.37,4535.01,6840.25,6074.61,6.8668,111.04
30/03/2017,0.7641,459.249,309.7997,1.0674,1.2468,139.5762,248.8972,269.9552,2160.94,29333.07,4548.46,6859.61,6075.15,6.8841,111.92
31/03/2017,0.7629,462.7,310.6008,1.0652,1.255,139.4621,248.6348,269.9879,2163.66,29096.37,4538.21,6897.74,6036.73,6.8715,111.39
03/04/2017,0.7605,459.461,311.3161,1.067,1.2486,139.3947,248.9872,271.8954,2169.38,29210.19,4530.98,6844.6,6003.56,6.8747,110.9
04/04/2017,0.7565,468.332,312.4152,1.0674,1.244,139.4296,249.6698,271.6909,2168.92,28944.02,4534.25,6861.79,6035.82,6.8788,110.74
05/04/2017,0.757,469.977,309.9643,1.0663,1.2483,139.3742,249.6142,270.6696,2168.5,29022.53,4520.86,6843.89,6043.95,6.8825,110.7
06/04/2017,0.7545,474.632,311.1628,1.0644,1.247,139.489,249.7491,270.6158,2170.07,28615.98,4530.93,6877.37,6028.84,6.8894,110.81
07/04/2017,0.75,477.74,312.1627,1.0591,1.2371,139.6215,250.2443,271.0259,2166.45,28719.95,4527.2,6889.66,6066.96,6.8967,111.09
10/04/2017,0.7501,484.568,311.3391,1.0596,1.2415,139.6169,249.9937,270.7921,2168.34,28924.99,4530.57,6859.38,6066.6,6.9055,110.94
11/04/2017,0.7499,486.988,316.3867,1.0605,1.2491,139.7456,249.9137,272.0176,2176.29,28848.04,4524.71,6838.89,6080.27,6.9006,109.62
12/04/2017,0.7522,484.418,317.3623,1.0665,1.254,139.959,249.864,271.9498,2176.58,28547.59,4507.76,6835.87,6066.64,6.8839,109.03
13/04/2017,0.7568,485.032,319.952,1.0613,1.2503,140.0454,250.0472,272.0489,2183.88,28354.06,4477.07,6795.96,6052.01,6.8852,109.09
14/04/2017,0.7579,,,1.0618,1.2523,140.2068,,,,28213.71,,,6052.01,6.8868,108.64
17/04/2017,0.7589,480.86,320.8257,1.0643,1.2565,140.3705,,,2181.69,28243.92,4515.65,,6052.01,6.8781,108.91
18/04/2017,0.756,477.085,321.3793,1.073,1.2841,140.2051,250.2903,272.4867,2190.61,28341.37,4502.66,6723.78,5903.27,6.8758,108.43
19/04/2017,0.7497,459.799,318.7294,1.0711,1.2777,140.2967,250.1604,271.8454,2188.08,28362.31,4495.56,6747.33,5875.91,6.8854,108.86
20/04/2017,0.7527,460.067,318.836,1.0717,1.2813,140.2819,249.9982,271.7788,2183.74,28359.68,4529.65,6784.88,5881.92,6.8845,109.32
21/04/2017,0.7541,451.3,320.1595,1.0728,1.2817,140.2981,249.7567,272.1908,2184.5,28652.44,4515.9,6785.35,5878.62,6.8892,109.09
24/04/2017,0.7571,448.663,317.3005,1.0868,1.2796,140.1954,250.3046,271.1399,2180.31,29045.02,4564.93,7058.04,6002.67,6.8838,109.77
25/04/2017,0.7535,452.46,314.7494,1.0926,1.2842,140.2091,249.4875,270.5665,2173.98,29358.08,4592.74,7071.12,6011.73,6.8884,111.09
26/04/2017,0.7474,451.093,314.0115,1.0904,1.2848,140.0669,249.3133,270.3956,2175.81,29681.37,4590.56,7062.34,6022.54,6.8972,111.06
27/04/2017,0.7465,446.025,314.4409,1.0873,1.2904,140.0593,250.1117,270.7678,2177.44,29623.58,4593.57,7037.64,5983.98,6.9016,111.26
28/04/2017,0.7488,448.015,315.0442,1.0895,1.2951,140.1494,249.9169,270.7262,2178.69,29538.81,4584.82,7033.08,5956.51,6.8988,111.49
01/05/2017,0.7526,443.484,311.8862,1.0899,1.2886,140.2002,249.934,270.7464,2173.41,29713.89,4592.78,7033.08,5956.51,6.8978,111.84
02/05/2017,0.7536,434.37,312.2662,1.093,1.2939,140.0873,249.8215,270.1682,2177.47,29921.9,4598.24,7081.61,5994.63,6.8898,111.99
03/05/2017,0.7423,437.221,310.1619,1.0886,1.2867,140.091,250.0449,270.2786,2176.94,,4593.32,7097.54,5981.8,6.8947,112.75
04/05/2017,0.7409,416.485,305.2255,1.0985,1.2923,140.0948,249.7826,268.9341,2171.65,,4596.24,7188.89,5995.56,6.8926,112.46
05/05/2017,0.7424,422.693,304.8104,1.0998,1.2982,140.0985,249.8504,268.4731,2172.29,,4615.09,7257.27,6036.36,6.9002,112.71
08/05/2017,0.7387,424.852,304.8815,1.0924,1.294,140.001,249.5453,267.8161,2169.95,30614.33,4615.73,7226.65,6039.2,6.9088,113.26
09/05/2017,0.7345,419.536,302.1592,1.0874,1.2934,139.8497,249.0869,266.948,2166.54,30533.41,4611.21,7240.49,6073.4,6.9153,113.98
10/05/2017,0.7367,431.709,302.8613,1.0868,1.2938,139.7169,249.5335,268.0281,2166.27,30621.26,4618.19,7237.91,6109,6.9134,114.28
11/05/2017,0.7379,435.862,304.1827,1.0861,1.2886,139.6329,248.9308,268.1906,2167.45,30715.83,4609.69,7198.23,6121.29,6.904,113.86
12/05/2017,0.7387,435.618,305.0328,1.0931,1.289,139.6135,249.5114,270.049,2174.9,30596.35,4602.96,7229.27,6161.7,6.8987,113.38
15/05/2017,0.7413,443.648,305.6255,1.0975,1.2896,139.6985,249.0688,268.7362,2174.33,30574.73,4625.51,7248.38,6177.42,6.8913,113.79
16/05/2017,0.7426,443.234,307.1943,1.1083,1.2917,139.6706,249.3475,269.5123,2175.83,30651.62,4623.26,7257.34,6233.5,6.8757,113.12
17/05/2017,0.7432,447.67,312.7279,1.1159,1.297,139.6649,250.0855,270.8523,2188.52,30490.14,4540.58,7144.3,6218.11,6.8714,110.83
18/05/2017,0.7419,449.468,311.2738,1.1103,1.2938,139.7409,250.4836,271.1872,2186.7,30088.5,4557.41,7099.24,6178.45,6.8831,111.49
19/05/2017,0.7459,458.669,311.4551,1.1206,1.3036,139.8956,250.4571,270.9176,2186.04,30145.28,4588.35,7149.51,6206.95,6.8743,111.26
22/05/2017,0.7477,462.108,313.4611,1.1237,1.3,139.8503,250.1075,270.98,2185.46,30279.95,4612.12,7134.17,6228.23,6.8782,111.3
23/05/2017,0.7478,464.758,312.0069,1.1183,1.2961,139.8825,250.2291,271.5091,2181.51,30179.93,4620.7,7171.06,6219.06,6.8809,111.78
24/05/2017,0.7503,463.408,311.4201,1.1219,1.2972,139.8409,250.145,271.5827,2183.9,30379.51,4632.37,7156.32,6243.66,6.8744,111.49
25/05/2017,0.7454,442.569,312.2459,1.121,1.2942,139.8309,250.6918,272.191,2185.58,30487.45,4653.59,7152.19,6247.47,6.849,111.84
26/05/2017,0.7448,448.963,315.129,1.1183,1.2804,139.9331,251.2678,272.8242,2185.92,30293.12,4655.65,7141.16,6272.33,6.8233,111.33
29/05/2017,0.744,,,1.1164,1.284,139.929,,,,30286.55,,7141.02,6272.33,6.8208,111.27
30/05/2017,0.7465,446.967,313.7485,1.1186,1.2859,139.9529,251.2778,272.766,2190.26,30279.29,4650.76,7111.84,6254.77,6.8246,110.85
31/05/2017,0.743,434.891,316.1613,1.1244,1.289,139.895,251.3216,272.0287,2192.91,30237.31,4649.34,7102.26,6249.32,6.7462,110.78
01/06/2017,0.7374,433.882,314.856,1.1213,1.2882,139.8889,250.9112,271.1085,2191.08,30559.62,4685.11,7132.74,6274.06,6.75,111.37
02/06/2017,0.7443,427.679,317.3681,1.1279,1.2888,139.8105,251.0581,271.3392,2197.85,31047.79,4702.56,7182.34,6277.26,6.7766,110.4
05/06/2017,0.7487,424.053,318.0133,1.1254,1.2904,139.9031,250.8622,271.2595,2194.97,31037.85,4697,7160.94,6259.08,6.7817,110.45
06/06/2017,0.7506,429.258,321.6913,1.1277,1.2911,139.9442,251.5003,272.7375,2198.89,30744.07,4683.96,7110.18,6258.4,6.756,109.41
07/06/2017,0.7549,412.327,320.6339,1.1257,1.296,139.9414,251.217,273.2707,2195.32,30751.33,4692.29,7099.49,6219.87,6.7742,109.82
08/06/2017,0.7547,410.891,317.2459,1.1214,1.2956,139.6578,251.9237,271.668,2193.46,30635.37,4693.67,7129.57,6205.73,6.7826,110.02
09/06/2017,0.7527,413.201,315.2462,1.1195,1.2746,139.7299,252.1419,271.9997,2192.96,30795.4,4689.79,7173.98,6270.16,6.7869,110.32
12/06/2017,0.7541,414.171,314.6521,1.1203,1.2659,139.723,252.8937,272.4145,2191.43,30634.32,4685.54,7092.68,6257.28,6.7956,109.95
13/06/2017,0.7537,417.674,314.5864,1.1211,1.2754,139.6646,252.983,270.4392,2191.99,30619.19,4707.88,7120.54,6247.76,6.7883,110.07
14/06/2017,0.7585,402.699,316.4053,1.1218,1.2751,139.7515,253.6061,273.4739,2200.84,30595.75,4703.53,7101.22,6226.07,6.786,109.58
15/06/2017,0.7579,401.858,311.1319,1.1145,1.2758,139.9147,252.7728,270.511,2198.49,30516.78,4693.86,7057.79,6182.28,6.8069,110.93
16/06/2017,0.7621,405.616,311.6117,1.1198,1.2783,139.9084,252.6858,271.2446,2199.82,30688.26,4695.23,7094.67,6219.09,6.8126,110.88
19/06/2017,0.76,401.392,309.207,1.1149,1.2737,139.8743,252.8937,271.6224,2196.98,30879.82,4734.48,7166.77,6269.31,6.8292,111.53
20/06/2017,0.758,393.908,308.422,1.1134,1.2629,139.8563,253.4286,272.3187,2202.31,31130.12,4702.82,7128.87,6226.73,6.8237,111.45
21/06/2017,0.7553,383.699,309.0011,1.1168,1.2671,139.9197,253.6834,272.2732,2202.64,30992.25,4700.5,7116.25,6205.97,6.8312,111.38
22/06/2017,0.7542,386.776,309.9028,1.1152,1.2682,139.974,253.7819,272.6886,2203.19,30949.08,4698.4,7119.06,6200.51,6.8371,111.33
23/06/2017,0.7568,389.683,311.6477,1.1194,1.2718,139.9633,253.5424,272.2909,2204.29,30983.68,4705.73,7094.87,6187.88,6.8363,111.28
26/06/2017,0.7585,392.186,309.1935,1.1182,1.2723,139.9296,253.6233,272.4067,2205.91,31016.6,4707.27,7131.09,6206.77,6.8542,111.86
27/06/2017,0.7583,399.693,309.3262,1.1339,1.2814,140.0053,251.9597,270.9405,2199.32,31127.84,4669.27,7084.16,6196.4,6.8143,112.35
28/06/2017,0.764,404.985,309.8805,1.1378,1.2926,139.8742,251.9413,269.3054,2197.58,31025.06,4711.33,7078.9,6157.6,6.8036,112.3
29/06/2017,0.7683,405.763,309.0705,1.1441,1.3007,139.8288,250.2253,266.5148,2192.88,31165.62,4670.96,6950.02,6128.27,6.7935,112.18
30/06/2017,0.7689,415.486,308.2108,1.1426,1.3025,139.5234,249.9529,266.3748,2189.36,30884.9,4678.36,6891.06,6096.92,6.7807,112.39
03/07/2017,0.7661,423.274,302.5054,1.1364,1.294,139.5221,249.8814,265.8613,2184.99,30919.39,4689.61,6991.04,6150.6,6.7973,113.38
04/07/2017,0.7606,,,1.1346,1.292,139.4684,250.0008,266.4382,,30883.24,,6967.38,6134.04,6.8061,113.28
05/07/2017,0.7603,407.195,303.1433,1.1352,1.2934,139.3695,250.0252,266.1506,2186.37,30959.21,4697.34,6967.74,6142.68,6.8001,113.26
06/07/2017,0.7586,409.934,303.5491,1.1423,1.2971,139.2638,248.2894,264.2312,2182.17,30824.21,4655.02,6935.02,6118.3,6.8004,113.22
07/07/2017,0.7601,398.017,300.1833,1.1401,1.289,139.198,247.9403,264.4858,2179.33,30724.05,4684.88,6938.58,6129.67,6.8039,113.92
10/07/2017,0.7606,399.5,301.078,1.1399,1.2881,139.1594,248.6276,265.7545,2182.35,30958.21,4689.25,6967.07,6145.61,6.806,114.04
11/07/2017,0.7638,404.917,301.4585,1.1467,1.2848,139.0998,248.1799,265.5409,2183.34,31134.73,4685.64,6939.86,6112.02,6.8008,113.94
12/07/2017,0.7678,406.76,302.5566,1.1412,1.2885,139.1552,249.1408,266.0878,2188.01,30985.03,4720.28,7041.52,6184.71,6.7865,113.17
13/07/2017,0.7731,412.217,302.0905,1.1398,1.2939,139.3605,248.6698,265.3615,2185.34,30987.23,4729.25,7066.75,6181.81,6.7819,113.28
14/07/2017,0.7832,416.499,304.6189,1.147,1.3098,139.4109,248.8163,264.8632,2187.93,31016.6,4751.43,7062.97,6152.57,6.766,112.53
17/07/2017,0.7801,412.578,306.1753,1.1478,1.3055,139.422,249.3645,265.6596,2189.84,,4751.33,7043.77,6174.04,6.7638,112.63
18/07/2017,0.7916,415.79,308.1831,1.1554,1.304,139.5375,249.8207,267.1769,2194.92,30833.22,4754.27,6968.3,6162.44,6.7498,112.07
19/07/2017,0.7952,422.875,308.1921,1.1515,1.3022,139.4941,250.1646,268.0905,2195.12,30865.52,4780.25,7011.57,6196.37,6.7594,111.97
20/07/2017,0.7958,419.435,309.0155,1.1631,1.2973,139.4968,250.4192,267.3294,2195.94,31056.27,4779.84,7009.99,6243.87,6.7561,111.91
21/07/2017,0.7916,409.258,311.221,1.1663,1.2997,139.5495,250.955,268.4106,2199.96,30987.14,4778.07,6914.28,6214.72,6.7571,111.13
24/07/2017,0.7924,413.42,311.1743,1.1642,1.3028,139.5563,251.1332,268.2602,2197,30795.85,4773.1,6918.74,6152.03,6.7495,111.1
25/07/2017,0.7937,426.066,310.6415,1.1647,1.3025,139.5597,250.0394,266.5756,2188.17,30764.29,4787.04,6959.54,6199.63,6.7588,111.89
26/07/2017,0.8005,432.144,309.9358,1.1734,1.3122,139.4737,250.1841,267.0611,2193.36,30910.69,4788.41,6994.9,6214.23,6.7431,111.18
27/07/2017,0.7967,435.359,312.6366,1.1677,1.3066,139.5603,250.5639,267.6186,2190.07,30958.31,4784.26,6998.83,6208.56,6.744,111.26
28/07/2017,0.7987,440.848,314.8191,1.1751,1.3136,139.532,250.2278,267.3604,2193.2,30773.61,4778.02,6947.91,6146.3,6.737,110.68
31/07/2017,0.8003,445.355,314.3811,1.1842,1.3215,139.5174,250.524,267.1835,2193.01,30720.17,4774.56,6911.1,6149.33,6.7271,110.26
01/08/2017,0.7969,437.534,315.8718,1.1802,1.3203,139.4629,251.5795,268.0113,2198.34,30813.62,4786.27,6967.26,6192.42,6.7299,110.36
02/08/2017,0.7968,441.759,315.6343,1.1856,1.3223,139.5376,251.6581,267.0885,2197.82,30958.93,4789.54,6933.35,6182.21,6.7298,110.72
03/08/2017,0.795,438.234,314.6561,1.187,1.3138,139.5862,252.0412,269.1271,2202.33,30880.76,4779.99,6948.9,6242.01,6.7295,110.05
04/08/2017,0.7922,441.954,312.2458,1.1773,1.304,139.6526,251.717,268.771,2197.63,30762.27,4789.11,7033.55,6272.87,6.7351,110.69
07/08/2017,0.7912,441.657,312.2983,1.1795,1.3035,139.6089,251.9669,269.6693,2199.13,30921.94,4797.13,7030.3,6289.76,6.7313,110.75
08/08/2017,0.7914,439.732,311.7888,1.1752,1.2992,139.5658,251.7364,269.3959,2196.16,30829.62,4786.12,7050.03,6298.77,6.712,110.32
09/08/2017,0.7888,443.62,315.9218,1.1759,1.3004,139.7038,252.3116,270.8949,2201.81,30433.3,4784.94,6955.4,6261.47,6.6921,110.07
10/08/2017,0.7875,436.302,318.598,1.1772,1.2977,139.7917,252.3569,271.5146,2204.99,30419.62,4717.4,6885.4,6204.63,6.6667,109.2
11/08/2017,0.7894,437.663,319.5703,1.1821,1.3014,139.7954,252.6168,271.7492,2207.97,,4723.73,6830.87,6137.48,6.6766,109.19
14/08/2017,0.7852,426.663,318.709,1.178,1.2964,139.8573,252.5068,271.2785,2205.21,30122.76,4771.43,6919.74,6174.36,6.69,109.63
15/08/2017,0.7821,426.675,316.0752,1.1735,1.2869,139.8791,251.9819,270.8937,2199.85,30456.12,4770.15,6942.3,6199.51,6.6963,110.67
16/08/2017,0.7925,422.22,316.8745,1.1767,1.2891,139.8933,251.8833,270.1786,2204.52,30419.07,4778.28,6987.74,6240.81,6.6883,110.19
17/08/2017,0.7885,427.71,319.23,1.1723,1.2868,139.8092,252.025,270.4912,2207.77,30377.98,4704.73,6942.41,6210.91,6.6842,109.57
18/08/2017,0.7929,441.712,319.0414,1.1761,1.287,139.9081,252.4044,270.9106,2208.21,30019.94,4696.22,6910.46,6157.2,6.6827,109.18
21/08/2017,0.7939,432.226,320.3281,1.1815,1.29,139.9719,252.4515,271.531,2210.44,29900.79,4701.82,6865.33,6152.91,6.6713,108.98
22/08/2017,0.7911,434.767,318.929,1.1762,1.2824,140.0217,252.0237,271.0264,2206.67,29886.47,4748.73,6929.62,6205.76,6.6684,109.57
23/08/2017,0.7904,440.342,319.8519,1.1807,1.28,140.0787,252.2243,272.0106,2211.74,29964.79,4732.76,6895.61,6206.53,6.6627,109.04
24/08/2017,0.7905,435.465,319.1938,1.1799,1.2801,140.2,252.0897,271.8651,2209.01,29840.1,4723.03,6907.85,6229,6.661,109.56
25/08/2017,0.7932,438.175,320.6603,1.1924,1.2882,140.2248,252.0281,272.1115,2211.28,29992.49,4731.46,6895.45,6224.28,6.6437,109.36
28/08/2017,0.7963,433.491,324.9859,1.1979,1.2933,140.2638,,,2212.67,29988.31,4733.97,6860.31,6224.28,6.6185,109.25
29/08/2017,0.7951,435.526,325.8846,1.1972,1.2918,140.2854,252.7353,273.6427,2214.85,29871.39,4738.62,6794.52,6170.44,6.6082,109.71
30/08/2017,0.7905,427.698,324.7078,1.1884,1.2925,140.2272,252.4734,272.3884,2213.95,30093.53,4761.72,6825.59,6193.84,6.5991,110.24
31/08/2017,0.7947,445.668,326.7185,1.191,1.293,140.2657,252.6361,272.689,2216.75,30309.05,4789.18,6861.2,6249.85,6.5966,109.98
01/09/2017,0.7975,444.753,328.754,1.186,1.2951,140.366,252.1867,271.8566,2211.94,30378.83,4798.99,6906.14,6256.47,6.5612,110.25
04/09/2017,0.7944,,,1.1896,1.2931,140.3784,252.485,271.7699,,30096.17,,6878.26,6233.74,6.5293,109.72
05/09/2017,0.7996,450.115,332.2755,1.1914,1.3033,140.4436,253.0707,273.2071,2223.34,29907.28,4762.75,6859.98,6201.31,6.5408,108.81
06/09/2017,0.8,457.043,330.9257,1.1917,1.3043,140.4793,252.8568,273.6368,2218.79,29864.33,4777.69,6885.93,6185.51,6.5408,109.22
07/09/2017,0.8047,459.501,333.7278,1.2023,1.3101,140.3786,253.7327,275.0184,2225.03,29923.8,4777.93,6914.09,6226.89,6.4865,108.45
08/09/2017,0.806,453.527,333.9597,1.2036,1.32,140.5163,253.2359,274.1029,2224.89,29736.05,4771.02,6914.16,6210.57,6.4943,107.84
11/09/2017,0.8029,454.258,330.1572,1.1953,1.3163,140.4551,253.0573,272.763,2217.36,30154.06,4822.8,7009.42,6240.87,6.5388,109.39
12/09/2017,0.8019,457.465,329.4252,1.1967,1.3283,140.2218,252.1002,269.4703,2212.55,30510.2,4839.31,7044.26,6230.02,6.536,110.17
13/09/2017,0.7986,464.551,328.2729,1.1885,1.3211,140.2163,251.9799,269.451,2209.85,30647.81,4843.04,7065.47,6212.34,6.5477,110.49
14/09/2017,0.8005,467.462,328.6037,1.1919,1.3399,140.0571,251.7666,267.6578,2209.84,30557.74,4839.29,7072.18,6141.37,6.5428,110.24
15/09/2017,0.8002,469.258,327.5996,1.1945,1.3594,140.1882,251.5728,265.3893,2209.3,30716.06,4848.84,7050.26,6074.09,6.5479,110.83
18/09/2017,0.7958,467.431,324.0681,1.1954,1.3495,140.1992,251.4719,265.7752,2206.15,,4856.08,7074.9,6105.92,6.5752,111.57
19/09/2017,0.801,464.39,324.0281,1.1994,1.3503,140.0697,251.7355,265.0991,2204.98,31317.56,4861.52,7083.81,6124.41,6.5839,111.59
20/09/2017,0.8031,472.55,325.4715,1.1892,1.3495,140.1286,251.7943,265.2879,2201.35,31334.65,4864.61,7072.52,6121.64,6.5863,112.22
21/09/2017,0.7929,473.752,320.1405,1.1941,1.358,140.154,251.4719,264.6979,2202.08,31391.76,4849.95,7100.7,6115.65,6.5686,112.48
22/09/2017,0.7962,476.142,320.8174,1.1951,1.3504,140.2515,251.4598,264.6843,2203.87,31313.03,4853.2,7104.37,6155,6.5794,111.99
25/09/2017,0.7937,492.565,324.307,1.1848,1.3466,140.2692,252.052,265.6118,2209.05,31469.05,4842.41,7100.31,6147.13,6.6124,111.73
26/09/2017,0.7886,489.099,321.8931,1.1793,1.3458,140.2016,251.845,265.6018,2207.66,31365.08,4843.14,7097.45,6134.04,6.6284,112.24
27/09/2017,0.7849,486.821,318.4652,1.1745,1.3387,139.9618,251.1912,264.4677,2197.99,31469.23,4862.93,7135.16,6157.42,6.6398,112.84
28/09/2017,0.7856,483.185,318.6971,1.1786,1.3442,139.5919,251.1482,264.5731,2198.83,31618.39,4869.81,7152.15,6165.87,6.6543,112.34
29/09/2017,0.7834,480.398,317.7419,1.1814,1.3398,139.7262,251.4414,265.2474,2197.75,31607.78,4887.97,7214.8,6207.92,6.6468,112.51
02/10/2017,0.7827,474.498,315.544,1.1733,1.3276,139.616,251.3863,266.3202,2196.82,31676.88,4906.92,7230.52,6263.56,6.6729,112.77
03/10/2017,0.7836,473.578,315.2564,1.1744,1.3237,139.5949,251.1168,265.4459,2197.24,32008.06,4917.73,7236.64,6288.21,6.6664,112.85
04/10/2017,0.7865,472.064,315.8097,1.1759,1.3248,139.8344,250.9853,264.9095,2196.98,32027.61,4924.19,7214.91,6287.76,6.6487,112.76
05/10/2017,0.7795,481.502,314.9285,1.1711,1.3119,139.9006,251.2473,264.1237,2194.68,32030.56,4952.85,7252.3,6324.59,6.6543,112.82
06/10/2017,0.7767,470.053,315.3582,1.173,1.3066,139.7789,251.1175,264.5685,2192.67,32127.06,4949.09,7233.23,6337.12,6.6505,112.65
09/10/2017,0.7753,471.623,317.8842,1.174,1.3142,139.7899,251.5708,264.8676,,,4940.16,7247.63,6324.5,6.6154,112.68
10/10/2017,0.7778,478.6,320.0704,1.1808,1.3203,139.772,251.4526,264.8391,2196.32,32333.26,4951.77,7224.14,6350.09,6.5667,112.45
11/10/2017,0.7788,481.756,318.8679,1.1859,1.3223,139.7278,251.471,264.6021,2196.17,32422.95,4960.79,7242.65,6346.33,6.5737,112.5
12/10/2017,0.782,476.166,320.7577,1.183,1.3262,139.7471,251.7683,264.7372,2198.55,32537,4952.85,7238.94,6371.15,6.5783,112.28
13/10/2017,0.7887,483.654,322.7713,1.182,1.3285,139.7504,252.485,265.3143,2203.59,32848.26,4957.27,7236.95,6353.61,6.5683,111.82
16/10/2017,0.7851,488.878,322.4047,1.1796,1.3251,139.7375,252.9548,266.155,2200.32,33004.12,4966.05,7240.4,6346.47,6.5829,112.19
17/10/2017,0.7846,488.723,318.2576,1.1766,1.319,139.6951,253.2463,267.5137,2201.66,33129.21,4969.38,7243.41,6337.37,6.6063,112.2
18/10/2017,0.7846,490.946,317.4755,1.1787,1.3205,139.6858,252.673,266.7319,2196.68,33171.02,4973.28,7268.81,6359.87,6.6208,112.94
19/10/2017,0.7878,483.996,319.2172,1.1852,1.3159,139.6756,252.7412,267.778,2199.25,33303.73,4975.32,7233.53,6344.45,6.6056,112.54
20/10/2017,0.7817,489.107,316.8761,1.1784,1.319,139.5845,251.9357,266.0156,2192.05,33317.89,5001.11,7239.56,6344.61,6.623,113.52
23/10/2017,0.7807,486.518,317.0039,1.1749,1.3198,139.627,252.4082,266.6649,2193.52,33689.01,4981.37,7247.16,6345.64,6.6369,113.43
24/10/2017,0.7776,494.179,316.3702,1.1761,1.3134,139.6633,251.8186,265.6101,2190.32,33857.81,4989.56,7250.8,6347.41,6.6428,113.9
25/10/2017,0.7704,494.704,316.5531,1.1813,1.3262,139.7014,251.8359,264.2362,2186.34,33706.34,4966.29,7212.19,6280.51,6.6377,113.74
26/10/2017,0.766,501.601,314.2364,1.1651,1.3161,139.7282,252.5304,264.2427,2185.31,33762.61,4972.6,7304.05,6315.12,6.6535,113.98
27/10/2017,0.7677,510.877,314.7905,1.1608,1.3128,139.7102,253.0739,265.2968,2188.43,34179.99,5012.75,7334.23,6330.75,6.6479,113.67
30/10/2017,0.7688,514.832,316.2799,1.1651,1.3208,139.7497,253.9286,266.0321,2195.34,34185.43,4997.15,7354.2,6316.23,6.6369,113.18
31/10/2017,0.7656,517.822,314.5076,1.1646,1.3283,139.7548,254.2063,266.098,2195.09,34186.47,5002.03,7378.27,6320.67,6.6324,113.64
01/11/2017,0.7676,514.015,316.2008,1.1619,1.3245,139.8113,254.2403,265.9166,2195.25,34823.62,5009.99,7425.37,6316.35,6.609,114.18
02/11/2017,0.7713,515.135,316.4088,1.1658,1.3059,139.9008,254.222,267.9175,2198.97,35008.75,5011.48,7409.5,6374.42,6.6068,114.08
03/11/2017,0.765,527.473,314.2154,1.1608,1.3077,139.9045,254.3035,267.4708,2199.27,,5027.49,7411.83,6378.66,6.6365,114.07
06/11/2017,0.7691,546.219,317.3149,1.161,1.3171,140.2479,254.6542,267.7977,2202.53,35023.94,5034.3,7396.57,6380.29,6.6251,113.71
07/11/2017,0.7645,541.308,315.8893,1.1587,1.3166,140.2584,255.2897,268.3818,2204.58,35629.55,5033.38,7349.97,6338.81,6.641,114.01
08/11/2017,0.7678,539.64,317.8545,1.1595,1.3116,140.3492,255.086,269.5453,2202.49,35593.08,5040.74,7342.47,6352.82,6.6322,113.87
09/11/2017,0.768,543.511,318.8046,1.1642,1.3145,140.2958,253.8528,268.1087,2200.91,35523.38,5023.01,7257.02,6322.3,6.648,113.47
10/11/2017,0.7661,540.746,315.5284,1.1665,1.3196,140.1649,253.419,265.9573,2192.66,35232.58,5020.31,7219.38,6279.12,6.6618,113.53
13/11/2017,0.7623,538.475,316.7401,1.1667,1.3116,140.0519,253.5122,266.3034,2192.49,34765.9,5025.36,7180.74,6264.08,6.6571,113.62
14/11/2017,0.7631,529.087,317.7383,1.1798,1.3165,140.0017,253.8381,266.6165,2195.01,34764.38,5014.53,7146.72,6263.44,6.6367,113.46
15/11/2017,0.7589,526.54,316.4658,1.1791,1.3171,140.0807,254.0385,267.2811,2200.6,34218.08,4987.96,7125.3,6228.12,6.6327,112.88
16/11/2017,0.7588,522.795,316.6001,1.177,1.3195,140.0935,253.9755,267.0208,2197.32,34719.51,5030.48,7163.65,6251.72,6.633,113.06
17/11/2017,0.7564,533.076,321.1282,1.179,1.3215,140.1607,254.1458,267.1837,2198.09,34790.47,5017.45,7128.81,6246.42,6.6365,112.1
20/11/2017,0.755,529.112,315.9282,1.1733,1.3235,140.1865,254.4994,268.1614,2196.57,34580.7,5024.01,7156.83,6253.85,6.6471,112.62
21/11/2017,0.7578,531.098,317.5442,1.1738,1.3239,140.2639,255.0427,268.5611,2197.65,34821.04,5056.95,7192.82,6272.36,6.6271,112.45
22/11/2017,0.7617,536.506,320.1726,1.1822,1.3325,140.336,255.1312,268.225,2202.36,34986.74,5053.6,7159.34,6278.86,6.5967,111.22
23/11/2017,0.7625,,,1.1851,1.3309,140.3397,255.0375,268.8017,,,,7178.27,6283.19,6.579,111.22
24/11/2017,0.7617,540.479,318.961,1.1933,1.3337,140.2182,254.6201,269.2557,2200.4,35029.77,5064.23,7196.66,6276.75,6.5881,111.53
27/11/2017,0.7602,539.767,320.7483,1.1898,1.3318,140.1406,254.9967,268.7913,2201.55,34944.55,5062.85,7162.08,6254.95,6.5975,111.09
28/11/2017,0.7595,538.931,320.8338,1.184,1.3339,140.086,255.075,268.734,2200.85,34929.4,5112.91,7201.21,6319.96,6.6082,111.48
29/11/2017,0.757,532.533,317.635,1.1847,1.3409,140.1703,254.4755,266.2274,2196,35101.76,5111.68,7214.11,6263.13,6.612,111.93
30/11/2017,0.7566,533.408,315.3003,1.1904,1.3525,140.137,254.9803,266.8339,2192.07,35300.22,5155.44,7173.95,6207.69,6.6112,112.54
01/12/2017,0.7613,543.01,316.6945,1.1896,1.3477,140.1666,256.0922,269.2754,2199.23,35446.35,5145.21,7088.79,6185.51,6.5984,112.17
04/12/2017,0.7598,532.629,315.5924,1.1866,1.348,140.0742,255.7141,267.792,2196.95,35272.57,5139.91,7186.59,6218.11,6.6186,112.41
05/12/2017,0.7607,536.071,312.4422,1.1826,1.3443,139.9904,255.9293,268.3641,2199.53,35140.88,5120.92,7177.18,6208.4,6.6181,112.6
06/12/2017,0.7564,522.312,312.7498,1.1796,1.3393,140.0078,256.1825,269.3278,2202.52,34449.1,5120.46,7159.07,6225.79,6.6179,112.29
07/12/2017,0.7511,530.204,309.5498,1.1773,1.3474,140.0707,256.3922,268.5421,2197.14,34947.72,5136.37,7182.33,6203.07,6.6249,113.09
08/12/2017,0.7509,539.467,308.3998,1.1773,1.339,140.161,256.398,267.8442,2197.26,35434,5165.19,7219.14,6265.11,6.6238,113.48
11/12/2017,0.7526,547.827,308.0625,1.1769,1.3341,140.1758,256.4063,269.9027,2197.17,35632.29,5181.75,7200.57,6315.54,6.6218,113.56
12/12/2017,0.7558,536.976,306.7891,1.1742,1.3318,140.2396,255.8221,269.4715,2195.74,35519.58,5189.96,7239.17,6355.31,6.6279,113.55
13/12/2017,0.7637,529.12,308.5052,1.1826,1.342,140.2341,255.3725,269.7963,2202.83,35351.66,5187.68,7201.77,6352,6.614,112.54
14/12/2017,0.7666,536.416,310.6167,1.1778,1.3431,140.2594,255.4241,271.4653,2203.57,35252.83,5167.45,7150.44,6311.58,6.6069,112.39
15/12/2017,0.7646,536.35,310.7269,1.1749,1.332,140.2731,255.6095,271.8281,2203.19,35033.45,5214.1,7159.1,6347.56,6.606,112.6
18/12/2017,0.7664,538.635,312.7379,1.1782,1.3383,140.3536,255.7385,272.1404,2199.05,35574.88,5242.28,7257.42,6386.91,6.6088,112.55
19/12/2017,0.7663,542.851,312.4285,1.184,1.3385,140.3595,254.5154,270.0195,2190.42,35522.42,5225.43,7205.94,6392.91,6.6062,112.89
20/12/2017,0.7667,548.951,313.7748,1.1871,1.3376,140.2059,253.7927,268.3515,2185.77,35559.27,5221.79,7146.46,6376.92,6.5646,113.4
21/12/2017,0.7702,551.711,314.0338,1.1874,1.3386,140.122,253.8876,268.3717,2188.46,35519.47,5232.16,7182.92,6444.12,6.5664,113.33
22/12/2017,0.7709,554.301,316.0723,1.1862,1.3363,140.2139,253.969,268.9634,2187.54,35576.42,5229.79,7147.94,6434.52,6.567,113.29
25/12/2017,0.7717,,,1.187,1.3371,140.2944,,,,35632.99,,,6434.52,6.5545,113.26
26/12/2017,0.7728,569.199,318.2703,1.1858,1.3374,140.2622,,,2190.59,35560.77,5224.51,,6434.52,6.5415,113.23
27/12/2017,0.7768,565.197,319.2471,1.1888,1.34,140.2013,254.2755,270.8172,2197.55,35641.3,5229.01,7141.47,6458.27,6.5554,113.35
28/12/2017,0.7794,566.676,320.6938,1.1943,1.3443,140.2056,253.421,270.3516,2195.94,35443.38,5239.59,7089.44,6464.81,6.5309,112.87
29/12/2017,0.7809,572.78,323.6981,1.2005,1.3513,140.2422,252.8506,271.1311,2198.84,35413.76,5212.76,7048.52,6519.85,6.5143,112.69
01/01/2018,0.7805,,,1.2012,1.3503,,,,,,,,6519.85,6.5163,112.63
02/01/2018,0.783,570.302,325.4313,1.2059,1.359,140.2495,252.0311,268.3394,2191.86,,5256.28,7020.8,6486.2,6.5015,112.29
03/01/2018,0.7836,581.205,326.0377,1.2015,1.3516,140.2531,252.542,270.2591,2194.05,,5289.92,7060.42,6505.71,6.4957,112.51
04/01/2018,0.7864,583.199,326.8173,1.2068,1.3551,140.2207,252.8811,269.7618,2192.87,36567.09,5312.33,7179.11,6527.28,6.492,112.75
05/01/2018,0.7864,579.366,327.0035,1.2029,1.3571,140.176,253.0189,269.7885,2190.18,36890.97,5349.69,7257.05,6551.31,6.4785,113.05
08/01/2018,0.7842,580.807,326.5728,1.1967,1.3568,140.1869,253.3169,270.4034,2190.21,,5358.68,7274.8,6527.81,6.4972,113.09
09/01/2018,0.7824,589.715,324.9299,1.1937,1.354,140.0578,252.6084,269.0057,2183.12,37101.7,5367.26,7287.71,6557.08,6.535,112.65
10/01/2018,0.7843,593.042,326.3259,1.1948,1.3507,139.8361,252.3754,268.6975,2182.57,37005.58,5361.33,7261.48,6571.92,6.523,111.44
11/01/2018,0.7892,593.386,327.1286,1.2032,1.3538,139.9402,251.8628,268.2166,2185.26,36884.6,5399.46,7234.05,6584.16,6.4907,111.26
12/01/2018,0.7917,598.688,330.2198,1.2202,1.3728,139.9644,252.3726,267.7913,2184.14,36796.54,5435.92,7269.01,6597.47,6.4611,111.06
15/01/2018,0.7965,,,1.2264,1.3792,139.9695,252.2101,268.456,,36891.53,,7267.4,6589.41,6.4305,110.54
16/01/2018,0.7961,594.184,330.8146,1.226,1.3792,139.9566,252.7827,268.628,2185.5,37260.1,5416.86,7287.91,6578.21,6.4369,110.45
17/01/2018,0.797,595.943,331.3208,1.2186,1.3831,139.904,252.7916,268.908,2182.1,37130.25,5467.85,7269.35,6552.34,6.4326,111.29
18/01/2018,0.8001,595.446,328.3757,1.2238,1.3894,139.9073,252.5794,267.9893,2178.47,36966.96,5459.5,7285.7,6534.15,6.4215,111.11
19/01/2018,0.7995,589.48,329.868,1.2222,1.3858,139.9308,252.8282,267.8244,2175.48,37036.48,5483.57,7342.37,6559.46,6.4004,110.77
22/01/2018,0.8017,592.676,329.6361,1.2262,1.3987,139.9864,253.1445,267.4513,2173.36,37049.35,5527.89,7376.78,6546.43,6.4029,110.92
23/01/2018,0.8,600.427,330.8328,1.2299,1.4,140.0674,253.3408,267.5644,2177.64,37528.2,5540.13,7390.88,6560.34,6.3987,110.31
24/01/2018,0.8062,604.358,335.7035,1.2408,1.4242,139.9993,252.971,266.316,2173.76,37242.94,5537.03,7332.38,6485.33,6.3495,109.22
25/01/2018,0.8026,604.382,337.3444,1.2396,1.4142,139.9396,252.5895,266.4945,2178.67,36820.91,5540.38,7306.06,6461.92,6.3295,109.41
26/01/2018,0.811,606.143,334.6945,1.2427,1.416,140.041,252.4057,266.0239,2173.59,36762.4,5606.08,7340.8,6504.1,6.3263,108.58
29/01/2018,0.8094,598.747,331.7506,1.2383,1.4074,140.0155,251.6624,265.9955,2170.51,36761.16,5568.67,7332.01,6509.18,6.3381,108.96
30/01/2018,0.8083,592.431,330.5059,1.2402,1.4147,139.8938,251.7722,265.7857,2167.53,36236.3,5508.36,7261.26,6438.29,6.3281,108.78
31/01/2018,0.8055,595.581,331.2836,1.2414,1.4191,140.009,251.9483,265.1328,2168.97,35934.98,5511.21,7266.37,6392.1,6.2985,109.19
01/02/2018,0.8039,602.379,332.4807,1.251,1.4264,139.926,252.1337,264.6579,2162.57,36538.33,5508.7,7208.85,6355.48,6.2913,109.4
02/02/2018,0.7931,593.109,329.8792,1.2463,1.4118,139.948,251.4278,263.8914,2154.07,36209.17,5392.21,7099.9,6315.63,6.3131,110.17
05/02/2018,0.7878,584.493,329.7211,1.2367,1.3959,139.9821,251.4845,263.9784,2161.1,35287.58,5171.26,7010.22,6223.62,6.3118,109.09
06/02/2018,0.7906,577.568,328.0079,1.2377,1.3949,140.1023,252.2062,264.9359,2163.59,33620.07,5262.02,6841.23,6059.37,6.2819,109.56
07/02/2018,0.7823,566.037,324.3456,1.2264,1.3881,140.0777,252.1898,264.3007,2155.23,33674.72,5235.84,6961.35,6176.48,6.3198,109.33
08/02/2018,0.7781,560.326,325.4447,1.2247,1.3913,140.0038,251.576,262.7468,2153.75,34056.64,5040.06,6805.74,6084.58,6.3646,108.74
09/02/2018,0.7813,542.886,324.6441,1.2252,1.3827,140.0922,251.5964,263.6273,2156.88,33265.95,5116.99,6702.34,6018.18,6.3115,108.8
12/02/2018,0.7862,541.65,327.3249,1.2292,1.3838,140.1031,251.6889,263.5652,2154.68,,5188.37,6787.5,6089.98,6.3237,108.66
13/02/2018,0.7859,542.63,328.3263,1.2352,1.3894,140.2022,251.1968,262.9517,2155.58,33051.35,5202.22,6732.44,6082.3,6.3338,107.82
14/02/2018,0.7926,556.385,335.152,1.2451,1.3999,140.2901,251.1767,262.4233,2146.86,32910.54,5273.43,6790.68,6122.14,6.3126,107.01
15/02/2018,0.7945,556.235,334.5003,1.2506,1.4099,140.3107,251.101,261.564,2149.43,33394.08,5338.35,6832,6159.82,6.2823,106.13
16/02/2018,0.7905,560.866,334.737,1.2406,1.4026,140.373,251.8206,263.6096,2151.06,33791.22,5340.82,6906.92,6210.82,6.2987,106.21
19/02/2018,0.7913,,,1.2407,1.4,140.3341,251.2065,263.3163,,34458.57,,6868.61,6170.76,6.3054,106.59
20/02/2018,0.7883,565.483,328.6251,1.2337,1.3996,140.2979,251.1438,264.2255,2149.04,34109.91,5309.99,6923.62,6170,6.3405,107.33
21/02/2018,0.7804,566.378,328.8621,1.2284,1.3918,140.3744,251.2823,264.6832,2143.28,34181.02,5280.91,6913.7,6199.63,6.3376,107.78
22/02/2018,0.7846,574.75,329.0252,1.233,1.3956,140.429,251.2787,264.7745,2146.1,33816.4,5286.5,6917.38,6192.53,6.3343,106.75
23/02/2018,0.7843,582.861,328.4476,1.2295,1.3971,140.5275,251.88,265.1748,2151.41,34059.63,5371.56,6936.47,6185.71,6.3262,106.89
26/02/2018,0.7855,585.114,329.1095,1.2317,1.3968,140.5319,252.2158,265.5782,2152.9,34484.4,5435.38,6980.25,6224.28,6.2946,106.93
27/02/2018,0.7789,578.445,325.6182,1.2233,1.3909,140.5782,252.0686,264.5032,2148.01,34852.12,5367.09,6969.86,6218.19,6.3264,107.33
28/02/2018,0.7762,562.906,325.4602,1.2194,1.376,140.5694,252.42,265.813,2152.63,34351.49,5308.09,6931.43,6175.04,6.3311,106.68
01/03/2018,0.7756,555.105,322.3388,1.2267,1.3776,140.6132,252.7982,266.6963,2160.13,33816.38,5238.18,6851.21,6134.18,6.3475,106.24
02/03/2018,0.776,559.827,326.8484,1.2317,1.3802,140.4192,252.7259,266.8624,2154.3,32971.41,5265.24,6701.24,6043.79,6.3407,105.75
05/03/2018,0.7765,570.079,326.0288,1.2336,1.3849,140.7192,252.7021,265.9749,2152.29,32754.19,5323.36,6762.84,6083.19,6.3349,106.2
06/03/2018,0.7829,572.28,329.8232,1.2404,1.3888,140.6728,252.355,265.2376,2153.3,33338.96,5337.69,6767.98,6109.49,6.3105,106.13
07/03/2018,0.7825,559.694,327.961,1.2411,1.3896,140.6934,252.8225,265.927,2152.19,33082.06,5335.47,6807.28,6118.97,6.3199,106.07
08/03/2018,0.7789,553.395,326.5249,1.2312,1.3811,140.6565,253.4779,266.3262,2154.3,33261.61,5360.73,6880.65,6164.96,6.3434,106.23
09/03/2018,0.7844,569.473,327.1072,1.2307,1.385,140.6448,253.0287,265.3325,2151.66,33419.03,5454.03,6895.28,6183.17,6.3306,106.82
12/03/2018,0.7873,565.41,326.3641,1.2334,1.3906,140.6715,253.3518,265.2639,2155.04,33971.36,5447.1,6913.3,6174.82,6.3247,106.42
13/03/2018,0.786,563.283,327.9304,1.239,1.3962,140.6625,253.4964,266.3284,2157.61,34195.62,5412.75,6848.54,6109.79,6.3267,106.58
14/03/2018,0.7877,565.149,327.552,1.2368,1.3962,140.661,253.7275,268.2745,2161.92,33898.6,5383.27,6835.69,6104.59,6.3071,106.32
15/03/2018,0.7798,566.753,325.6237,1.2305,1.3937,140.7034,254.0288,268.4754,2160.9,33940.1,5379.39,6882.37,6112.3,6.3295,106.34
16/03/2018,0.7713,576.155,324.2857,1.229,1.3942,140.7497,254.1606,268.645,2158.52,33741.73,5388.74,6929.26,6133.17,6.3264,106.01
19/03/2018,0.7718,573.869,325.6595,1.2335,1.4024,140.7745,254.3926,269.1358,2159.18,33437.24,5312.23,6846.58,6029.4,6.3192,106.1
20/03/2018,0.7683,585.115,324.2484,1.2242,1.3998,140.7835,254.679,268.529,2154.81,33281.69,5320.2,6881.46,6045.1,6.3335,106.53
21/03/2018,0.7765,601.622,326.6515,1.2338,1.4141,140.7871,254.3843,267.7873,2153.1,,5310.96,6859.18,6026.01,6.3044,106.05
22/03/2018,0.7693,595.604,328.1197,1.2302,1.4096,140.8237,255.4466,270.5899,2161.19,33610.16,5177.52,6752.6,5957.27,6.3395,105.28
23/03/2018,0.7699,607.905,333.6736,1.2353,1.4132,140.9726,255.4851,269.5301,2162.05,32094.06,5069.03,6651.51,5931.01,6.3132,104.74
26/03/2018,0.7748,605.541,335.003,1.2444,1.4229,140.9727,255.3713,269.709,2161.18,32325.96,5206.69,6612.48,5902.52,6.254,105.41
27/03/2018,0.7679,605.132,331.8193,1.2403,1.4157,140.8984,255.9195,270.092,2167.21,33184.03,5116.75,6690.72,5998.01,6.2682,105.34
28/03/2018,0.7662,599.024,327.4291,1.2308,1.4077,140.9219,256.04,271.1268,2168.17,32986.26,5102.69,6719.55,6036.23,6.2857,106.85
29/03/2018,0.7678,603.701,326.7804,1.23,1.4018,140.8701,256.467,271.3117,2172.93,33186.85,5173.19,6780.57,6049.76,6.2716,106.43
30/03/2018,0.7679,,,1.2324,1.4015,140.808,256.467,271.3117,2172.93,33650.39,,,,6.2635,106.28
02/04/2018,0.7663,589.176,331.67,1.2302,1.4044,140.7936,256.5001,271.352,2174.58,33547.31,5057.69,,,6.2692,105.89
03/04/2018,0.7685,593.502,329.3221,1.227,1.4057,141.0352,256.256,270.7019,2168.24,33396.28,5121.7,6751.18,6027.34,6.2734,106.61
04/04/2018,0.7716,592.478,330.0522,1.2278,1.4079,141.068,256.639,269.9435,2167.44,33439.04,5181.31,6737.92,6030.39,6.2867,106.78
05/04/2018,0.7684,595.577,327.1868,1.224,1.4003,140.9124,255.991,268.6822,2162.6,33950.16,5217.62,6918.64,6178.7,6.2921,107.39
06/04/2018,0.7684,584.904,329.0744,1.2281,1.4092,140.8214,256.1669,269.2806,2169.67,33827.98,5103.35,6884.79,6165.08,6.3122,106.93
09/04/2018,0.7697,598.147,330.1074,1.2321,1.4131,140.8786,256.1073,269.1516,2169.23,34001.67,5121.9,6898.42,6174.62,6.3038,106.77
10/04/2018,0.7761,617.827,331.5519,1.2356,1.4176,140.9601,255.7362,268.3969,2168.02,34183.71,5207.73,6946.77,6236.41,6.277,107.2
11/04/2018,0.7755,626.981,335.0411,1.2367,1.4177,141.0232,256.1078,269.8815,2169.2,34015.54,5179.19,6908.25,6228.17,6.2737,106.79
12/04/2018,0.7754,626.485,330.5981,1.2327,1.4228,141.0623,255.7848,268.295,2164.04,33973.47,5222.55,6957.26,6232.86,6.2778,107.33
13/04/2018,0.7764,631.165,332.0921,1.2331,1.4238,141.0585,255.9301,268.3689,2164.11,34160.73,5207.57,6967.27,6238.2,6.2723,107.35
16/04/2018,0.7781,621.428,332.8295,1.238,1.4339,141.0315,255.7918,267.5022,2164.35,34249.81,5249.94,6955.33,6181.22,6.2665,107.12
17/04/2018,0.7766,622.862,332.5501,1.237,1.4288,140.9962,256.2223,267.829,2166.85,34268.73,5305.9,7031.78,6205.14,6.282,107
18/04/2018,0.7784,639.305,333.5521,1.2374,1.4203,141.0658,256.1723,268.2074,2160.57,34755.93,5310.32,7058.03,6283.52,6.271,107.23
19/04/2018,0.773,641.706,332.4102,1.2345,1.4087,141.0134,255.2277,265.927,2155.08,34807.66,5280.57,7049.35,6301.9,6.2773,107.37
20/04/2018,0.7672,643.844,329.8388,1.2288,1.4,140.7346,255.1512,266.2145,2150.96,34762.27,5235.75,7065.68,6335.65,6.2795,107.66
23/04/2018,0.7605,649.732,326.3629,1.2209,1.394,140.6877,254.822,265.2798,2149.57,34645.88,5236.04,7103.81,6362.05,6.3075,108.71
24/04/2018,0.7604,641.513,328.598,1.2233,1.3978,140.7072,254.8813,264.8799,2148.29,34944.03,5166.1,7101.43,6384.86,6.2967,108.82
25/04/2018,0.7565,642.95,326.1003,1.2161,1.3932,140.6438,254.7756,265.2858,2144.5,34845.53,5175.59,7059.99,6345.24,6.3223,109.43
26/04/2018,0.7554,648.69,324.909,1.2103,1.3919,140.6106,255.3716,266.3691,2147.9,35009.11,5229.61,7104.52,6387.89,6.3268,109.3
27/04/2018,0.7581,647.933,326.2815,1.213,1.3781,140.6929,255.6617,267.5133,2152.43,35241.8,5235.73,7135.21,6457.42,6.3185,109.05
30/04/2018,0.753,655.934,325.2959,1.2078,1.3763,140.7036,255.5015,268.4938,2155.33,,5193.04,7174.28,6463.52,6.3157,109.34
01/05/2018,0.749,642.268,322.2548,1.1993,1.3614,140.962,255.518,268.7598,2150.81,35304.79,5206.31,7173.75,6473.04,6.3382,109.86
02/05/2018,0.7493,644.321,321.9754,1.1951,1.3576,140.892,255.3314,267.1602,2152.16,35249.5,5168.79,7211.87,6492.7,6.3747,109.84
03/05/2018,0.7532,646.637,323.7427,1.1988,1.3575,140.8956,255.9051,269.0156,2154.53,,5157.7,7168.73,6460.82,6.3442,109.19
04/05/2018,0.7539,657.649,324.2525,1.196,1.3531,140.8991,255.3937,268.7984,2155.02,,5224.71,7216.45,6516.32,6.3564,109.12
07/05/2018,0.7517,669.169,324.1543,1.1922,1.3557,140.9103,,,2154.94,35240.68,5242.87,7252.26,,6.3598,109.09
08/05/2018,0.7455,657.669,324.0723,1.1864,1.3547,140.8215,254.8618,267.5948,2153.39,35305.82,5241.53,7239.41,6515.12,6.3662,109.13
09/05/2018,0.7463,678.598,323.9165,1.1851,1.3547,140.8234,254.9587,267.0443,2149.66,35149.26,5292.9,7263.55,6598.45,6.3646,109.74
10/05/2018,0.7532,681.515,326.2209,1.1915,1.3519,140.8182,254.8761,267.9482,2152.46,35287.76,5343.7,7273.69,6650.4,6.3298,109.4
11/05/2018,0.7543,679.017,325.8443,1.1943,1.3542,140.833,254.9925,267.1961,2152.75,35697.62,5354.69,7272.36,6670.77,6.3334,109.39
14/05/2018,0.7526,687.815,325.2314,1.1927,1.3556,140.782,254.3453,266.4797,2151.13,35866.05,5359.66,7272.8,6659.05,6.3369,109.66
15/05/2018,0.7472,691.045,318.3475,1.1838,1.3502,140.7,253.8597,265.8609,2141.54,35791.01,5323.23,7269.84,6669.41,6.3669,110.35
16/05/2018,0.7516,699.156,318.659,1.1808,1.3486,140.6769,253.2672,266.3046,2140.72,35632.92,5346.33,7266.9,6679.1,6.3506,110.4
17/05/2018,0.7511,699.992,318.1354,1.1795,1.3516,140.6068,252.877,265.0307,2139.1,35822.93,5343.29,7326.74,6731.46,6.3577,110.77
18/05/2018,0.7511,693.55,318.5697,1.1772,1.3469,140.594,252.9097,266.2153,2144.09,35967.22,5329.66,7301.52,6723.53,6.3648,110.78
21/05/2018,0.7582,700.05,318.4972,1.1791,1.3427,140.6196,252.2947,266.4113,2144.4,36080.17,5369.19,7308.53,6793,6.358,111.05
22/05/2018,0.7576,703.016,318.7597,1.1779,1.3432,140.6781,252.4817,265.6015,2144.31,36014.24,5352.45,7339.92,6808.8,6.3516,110.9
23/05/2018,0.756,705.272,318.1377,1.1697,1.3347,140.7844,252.5931,267.7592,2151.38,35589.79,5369.99,7246.97,6731.87,6.378,110.08
24/05/2018,0.7576,696.699,321.8401,1.172,1.338,140.8095,253.2937,268.6105,2154.94,35193.37,5359.32,7205.93,6672.36,6.3764,109.26
25/05/2018,0.7548,675.962,321.6605,1.1651,1.3309,140.8784,253.237,270.3655,2160.42,35215.08,5347.31,7193.29,6684.07,6.3886,109.41
28/05/2018,0.7546,,,1.1625,1.3311,140.9074,,,,35262.61,,7134.84,,6.397,109.42
29/05/2018,0.7505,668.026,320.5243,1.154,1.3249,141.0196,251.018,272.7699,2180.98,35070.21,5285.7,7024.38,6599.64,6.4239,108.77
30/05/2018,0.7575,687.33,321.1311,1.1665,1.3286,141.1655,250.9343,273.2618,2171.94,34537.05,5353.76,7062.19,6648.86,6.4006,108.91
31/05/2018,0.7568,686.035,320.7056,1.1693,1.3298,141.0458,252.3712,273.3984,2174.68,34824.56,5318.1,6993.52,6644.27,6.4094,108.82
01/06/2018,0.7569,679.499,319.3952,1.1659,1.3346,140.9535,252.6359,271.5382,2166.15,34776.77,5376.29,7089.77,6664.66,6.4131,109.54
04/06/2018,0.7648,667.084,318.9541,1.1699,1.3313,140.8705,253.3131,271.154,2161.23,35254.53,5400.5,7122.69,6698.86,6.4055,109.82
05/06/2018,0.7616,667.386,320.1758,1.1718,1.3393,140.8719,252.8818,271.2401,2163.48,35354.29,5404.62,7098.15,6651.71,6.3967,109.79
06/06/2018,0.7667,665.912,319.9961,1.1774,1.3413,140.8354,250.8614,268.2457,2157.04,35489.48,5451.09,7106.44,6673.84,6.3776,110.18
07/06/2018,0.7624,683.892,320.4065,1.18,1.3423,140.8962,250.3805,267.5264,2162.4,35799.31,5448.18,7104.28,6676.1,6.3896,109.7
08/06/2018,0.7601,676.91,320.3498,1.1769,1.3405,140.9478,250.1888,267.8888,2162.64,35597.34,5465.42,7078.67,6655.88,6.3993,109.55
11/06/2018,0.7609,677.018,320.5239,1.1784,1.3379,140.9747,250.8932,267.6965,2160.3,35769.16,5471.29,7151.11,6704.72,6.3982,110.03
12/06/2018,0.7573,672.255,319.6063,1.1745,1.3372,140.89,250.906,268.3887,2160.27,35885.72,5481.07,7141.57,6675.58,6.4054,110.37
13/06/2018,0.7578,679.667,320.0906,1.1791,1.3376,140.909,251.475,269.6703,2157.61,36023.8,5459.21,7151.97,6675.5,6.3889,110.34
14/06/2018,0.7478,672.06,321.8295,1.1568,1.3262,140.9806,252.3791,270.9858,2161.61,35666.53,5474.37,7249.7,6733.2,6.4174,110.63
15/06/2018,0.7442,649.522,314.5161,1.161,1.3278,141.0454,253.3287,270.8047,2164.15,35844.81,5469.37,7204.31,6618.86,6.4367,110.66
18/06/2018,0.7423,666.157,314.9599,1.1623,1.3245,141.0763,253.597,270.5121,2164.11,35575.99,5457.83,7125.43,6616.62,6.4547,110.55
19/06/2018,0.7381,663.526,314.6075,1.159,1.3174,141.1218,253.9002,271.4063,2167.95,34945.65,5436.13,7060.99,6592.79,6.4772,110.06
20/06/2018,0.7368,660.805,313.6153,1.1572,1.3172,141.1107,253.8563,270.8908,2164.14,35382.28,5445.43,7069.83,6613.22,6.4811,110.36
21/06/2018,0.7379,647.238,312.6476,1.1604,1.324,141.0829,253.1172,271.5679,2167.51,35598.73,5411.4,6995.66,6554,6.5001,109.99
22/06/2018,0.744,669.677,312.7134,1.1651,1.3261,141.1184,253.0734,270.5647,2167.35,35322.98,5421.63,7073.93,6663.13,6.5087,109.97
25/06/2018,0.7414,662.937,312.3201,1.1704,1.3281,141.1488,252.7463,270.5556,2170.77,35044.25,5347.23,6925.15,6513.58,6.5415,109.77
26/06/2018,0.7394,677.111,310.1214,1.1648,1.3225,141.113,252.1992,270.9248,2170.33,35052.88,5359.01,6924.14,6537.94,6.582,110.06
27/06/2018,0.734,688.885,309.2024,1.1554,1.3113,141.0671,252.9481,272.2428,2177.38,34990.11,5312.89,6982.54,6610.59,6.618,110.26
28/06/2018,0.7352,690.256,307.9634,1.1569,1.3078,141.104,253.2792,272.228,2175.36,34989.72,5346.44,6917.56,6610.75,6.6361,110.49
29/06/2018,0.7405,704.701,308.8413,1.1684,1.3207,141.1262,254.2802,271.7086,2175.13,35050.37,5350.83,6979.38,6629.24,6.6357,110.76
02/07/2018,0.734,687.646,305.7391,1.1639,1.3143,141.1687,254.7253,272.1973,2173.59,34276.31,5367.49,6931.31,6551.91,6.6877,110.9
03/07/2018,0.7386,691.776,308.6611,1.1658,1.3193,141.1934,254.8341,272.7637,2176.93,34234.84,5340.93,7001.47,6591.36,6.6659,110.59
04/07/2018,0.7386,,,1.1657,1.323,141.2355,254.7433,271.7762,,34127.2,,7013.15,6573.83,6.6433,110.49
05/07/2018,0.7387,688.559,309.9995,1.1691,1.3222,141.358,254.4536,272.4773,2177.14,33859.98,5388.28,7072.54,6600.46,6.6583,110.64
06/07/2018,0.743,686.105,309.2774,1.1746,1.3283,141.394,254.3604,272.3777,2179.01,34238.93,5434.36,7088.1,6613.02,6.6638,110.47
09/07/2018,0.7467,694.758,310.2634,1.1751,1.326,141.4003,254.3769,272.2465,2176.07,34653.86,5483.89,7115.32,6674.05,6.6233,110.85
10/07/2018,0.7459,701.744,309.2476,1.1744,1.3276,141.375,254.2859,271.5681,2174.53,34881.26,5503.05,7141.78,6677.56,6.6506,111
11/07/2018,0.7366,654.402,306.5351,1.1674,1.3205,141.3246,254.2615,271.6194,2178.17,34465.33,5464.01,7036.99,6590.68,6.7234,112.01
12/07/2018,0.7408,664.341,307.0466,1.1672,1.3206,141.3315,254.4947,272.239,2177.22,34867.23,5512.36,7084.58,6642.34,6.6934,112.55
13/07/2018,0.7424,671.443,305.7033,1.1685,1.3222,141.336,254.9602,271.9875,2180.14,35510.57,5518.33,7103.19,6651.48,6.7113,112.38
16/07/2018,0.7419,641.385,305.3623,1.1711,1.3235,141.3467,254.5359,271.4466,2176.77,,5512.92,7091.96,6598.17,6.7033,112.29
17/07/2018,0.7389,645.438,302.3262,1.1661,1.3115,141.367,255.2954,272.2354,2176.07,35667.73,5534.91,7109.28,6620.63,6.722,112.88
18/07/2018,0.7398,651.812,302.4894,1.1639,1.3069,141.3614,255.101,272.9484,2174.77,35819.89,5546.86,7165.98,6663.99,6.7456,112.86
19/07/2018,0.7361,649.437,301.4314,1.1642,1.3014,141.3691,255.1548,274.194,2178.19,35773.52,5525.51,7138.35,6670.67,6.7915,112.47
20/07/2018,0.7415,653.759,303.0113,1.1724,1.3136,141.3886,254.384,273.17,2172.57,35668.55,5520.5,7114.47,6666.18,6.7809,111.41
23/07/2018,0.7381,657.081,301.5957,1.1692,1.3101,140.6065,253.9083,272.6007,2164.46,35195.72,5530.66,7104.44,6646.21,6.8055,111.35
24/07/2018,0.7423,661.314,301.6612,1.1687,1.3145,140.4464,254.0672,272.7167,2166.6,35374.06,5557.37,7164.63,6692.45,6.8109,111.2
25/07/2018,0.7455,667.155,303.2415,1.1729,1.3189,140.606,254.2228,272.9165,2168.02,35537.13,5607.99,7134.06,6648.35,6.7607,110.98
26/07/2018,0.7377,673.265,301.8653,1.1643,1.3109,140.4283,253.9472,272.1979,2163.45,35494.1,5590.99,7218,6655.38,6.8264,111.23
27/07/2018,0.74,669.729,301.2465,1.1657,1.3105,140.338,253.7354,271.845,2165.05,35694.19,5554.31,7254.85,6688.5,6.8178,111.05
30/07/2018,0.7407,676.717,301.0028,1.1706,1.3133,140.1798,252.9466,269.9818,2164.16,35430.31,5522.81,7226.79,6688.1,6.8266,111.04
31/07/2018,0.7424,664.605,301.5329,1.1691,1.3124,140.7998,253.4048,270.7727,2166.03,35444.27,5549.96,7253.91,6729.71,6.8053,111.86
01/08/2018,0.7404,649.276,300.0831,1.166,1.3127,140.0656,252.5621,269.3785,2161.56,35747.55,5544.19,7220.46,6646.47,6.8243,111.73
02/08/2018,0.736,658.336,298.2664,1.1585,1.3017,140.0242,252.2339,269.5236,2163.51,35379.54,5572.08,7139.59,6581.97,6.8813,111.66
03/08/2018,0.7404,657.032,299.0409,1.1568,1.3001,139.9853,252.6771,270.8096,2167.59,35399.42,5598.71,7166.73,6654.23,6.8461,111.25
06/08/2018,0.7387,661.967,297.7462,1.1554,1.2944,140.0216,253.1844,271.6766,2169.47,35371.35,5619.05,7170.94,6658.29,6.8656,111.4
07/08/2018,0.7421,670.227,297.9096,1.1599,1.2939,140.0164,253.0042,271.0164,2165.05,35615.6,5634.98,7214.33,6705.82,6.8206,111.38
08/08/2018,0.7431,649.261,298.5865,1.161,1.2882,139.9617,253.0435,271.1755,2165.39,35586.64,5633.67,7192.16,6756.35,6.8252,110.98
09/08/2018,0.7373,647.063,298.3342,1.1527,1.2824,139.9302,253.1985,271.419,2169.76,35514.77,5627,7193.25,6759.23,6.846,111.08
10/08/2018,0.7302,653.535,298.1308,1.1413,1.2758,140.0724,253.3943,272.7847,2179.25,35042.81,5588.66,7053.56,6693.96,6.8692,110.83
13/08/2018,0.727,651.946,293.2651,1.141,1.2771,140.1967,252.7927,272.3012,2176.86,34350.3,5566.36,7019.39,6672.52,6.899,110.7
14/08/2018,0.7243,650.731,293.7219,1.1344,1.2723,140.1356,252.8916,272.3342,2174.78,35133.96,5602.41,7018.9,6645.62,6.8996,111.15
15/08/2018,0.7239,635.747,289.8979,1.1345,1.2697,140.1131,252.7143,273.447,2179.98,34895.3,5560.85,6915.23,6546.29,6.9471,110.74
16/08/2018,0.7261,641.595,289.6697,1.1377,1.2716,140.0672,252.7551,273.1962,2178.1,34876.16,5606.56,6953.27,6612.53,6.8628,110.9
17/08/2018,0.7313,644.493,289.735,1.1438,1.2749,140.0937,252.7953,272.9564,2178.35,34999.28,5625.66,6943.76,6614.46,6.8368,110.5
20/08/2018,0.734,649.073,292.3287,1.1482,1.2798,140.1063,253.3018,273.2986,2184.86,34887.1,5639.53,6986.44,6643.05,6.8353,110.07
21/08/2018,0.7368,652.151,293.6667,1.1571,1.2901,140.2187,253.4556,271.876,2182.36,34919.68,5651.39,7023.46,6620.68,6.8285,110.31
22/08/2018,0.7348,671.508,294.4909,1.1597,1.2911,140.1623,252.9858,271.7627,2184.82,35144.13,5649.31,7041,6628.16,6.8475,110.56
23/08/2018,0.7248,671.725,292.2315,1.154,1.2811,140.1146,252.8476,271.6401,2185.33,35219.99,5640.1,7039.12,6622.24,6.8939,111.29
24/08/2018,0.7329,681.067,296.9718,1.1622,1.2846,140.1206,252.6887,271.4835,2184.67,35520.08,5675.12,7055.94,6634.73,6.8057,111.24
27/08/2018,0.7351,684.493,297.6831,1.1678,1.2892,140.1927,,,2182.36,35831.04,5719.3,7114.76,,6.7936,111.08
28/08/2018,0.7338,682.653,297.3087,1.1695,1.2873,140.1708,251.9089,270.8024,2178.29,35852.77,5720.89,7097.4,6669.52,6.8009,111.19
29/08/2018,0.7311,693.162,296.6159,1.1707,1.3026,140.1456,251.7901,269.7818,2178.65,35928.98,5754,7115.02,6622.23,6.8218,111.68
30/08/2018,0.7263,698.214,295.0417,1.1671,1.3009,140.005,252.0233,270.6413,2181.33,35962.44,5729.45,7063.25,6581.43,6.8677,110.98
31/08/2018,0.7189,694.853,295.475,1.1602,1.296,140.0289,251.9488,271.2035,2182.6,35955.6,5730.8,6984.84,6508.21,6.8459,111.03
03/09/2018,0.7214,,,1.1619,1.287,139.9636,252.07,271.7968,2182.6,35707.51,,6989.14,6571.41,6.8351,111.07
04/09/2018,0.7178,699.758,293.6825,1.1582,1.2855,139.9363,252.5582,270.9909,2176.68,35691.03,5721.86,6915.8,6530.48,6.8495,111.41
05/09/2018,0.7193,691.742,294.2385,1.163,1.2905,140.0053,252.6145,269.5833,2176.89,35508.51,5705.86,6825.75,6465.18,6.8422,111.53
06/09/2018,0.72,684.889,294.9905,1.1623,1.293,140.0797,253.0841,271.2192,2179.93,35362.44,5686.7,6785.65,6416.76,6.8448,110.75
07/09/2018,0.7107,687.883,294.0524,1.1553,1.292,140.067,252.8167,270.1296,2172.07,35078,5674.58,6780.32,6380.59,6.8691,110.99
10/09/2018,0.7115,692.839,293.9569,1.1594,1.3026,140.0311,253.2142,269.7072,2173.38,35181.83,5685.34,6813.1,6381.99,6.8691,111.13
11/09/2018,0.7119,707.92,294.5622,1.1606,1.3033,140.0984,252.8404,268.8509,2168.38,35640.37,5706.99,6817.99,6376.94,6.8752,111.63
12/09/2018,0.7169,714.258,296.7112,1.1626,1.3045,140.1158,252.9623,269.0333,2170.23,35545.89,5709.08,6848.74,6411.85,6.8356,111.26
13/09/2018,0.7195,700.454,296.067,1.169,1.3108,140.0851,252.8222,268.5388,2170.47,35886.67,5740.75,6863.32,6384.21,6.8451,111.92
14/09/2018,0.7153,699.176,294.3446,1.1625,1.3068,140.063,252.445,268.1337,2166.7,36316.51,5743.19,6885.86,6403.91,6.8745,112.06
17/09/2018,0.7182,699.39,295.5483,1.1683,1.3157,140.0736,252.8511,267.9492,2166.39,,5711.29,6888.91,6402.21,6.8704,111.85
18/09/2018,0.7219,707.763,294.8549,1.1667,1.3148,140.0025,252.9286,267.0475,2160.84,36828.94,5742.18,6914.34,6400.57,6.8612,112.36
19/09/2018,0.7263,711.246,296.196,1.1673,1.3144,139.9695,252.4853,265.5678,2156.77,37225.18,5749.39,6935.14,6427.65,6.8513,112.28
20/09/2018,0.7292,705.129,296.949,1.1777,1.3265,139.9259,252.4391,266.3326,2158.21,37228.97,5794.72,7006.3,6459.69,6.8355,112.49
21/09/2018,0.729,705.262,294.5151,1.1749,1.3072,139.7084,252.8768,267.3474,2159.5,37535.61,5792.72,7063.29,6567.45,6.8493,112.59
24/09/2018,0.7252,725.496,295.3274,1.1748,1.312,139.7189,251.9634,265.7959,2159.22,,5772.36,7023.65,6539.56,6.8682,112.8
25/09/2018,0.725,731.881,295.5169,1.1767,1.3184,139.6094,251.8662,265.0182,2156.52,37646.2,5765.25,7046.38,6582.65,6.8686,112.97
26/09/2018,0.7258,727.668,294.0636,1.1739,1.3167,139.6194,252.257,266.0539,2161.36,38037.01,5746.27,7073.94,6586.09,6.8793,112.73
27/09/2018,0.7208,733.329,291.2121,1.1641,1.3079,139.7603,252.108,266.3138,2161.95,37661.84,5763.22,7108.23,6616.38,6.8879,113.38
28/09/2018,0.7224,745.244,293.388,1.1604,1.3031,139.6715,251.6159,266.7895,2162.22,38173.51,5763.42,7003.99,6585.47,6.8761,113.7
01/10/2018,0.7224,765.95,292.3378,1.1578,1.3042,139.5899,250.9465,266.6564,2159.48,38372.48,5784.45,7034.8,6572.73,6.8879,113.93
02/10/2018,0.7188,764.547,296.1088,1.1548,1.2979,139.6099,250.8901,267.3831,2162.22,38411.82,5782.37,6982.95,6554.21,6.8856,113.65
03/10/2018,0.7103,778.008,295.1209,1.1478,1.294,139.6324,250.9545,266.8062,2150.3,38159.13,5786.48,7016.91,6585.54,6.8896,114.53
04/10/2018,0.7076,762.917,294.8198,1.1514,1.3021,139.316,250.3372,264.4681,2146.39,37944.93,5740.56,6954.28,6511.28,6.8962,113.91
05/10/2018,0.7052,759.609,295.8191,1.1524,1.312,139.3885,249.5768,263.0907,2142.8,37641.22,5708.9,6893.36,6423.68,6.895,113.72
08/10/2018,0.7078,757.481,291.7016,1.1492,1.309,139.3991,249.1785,264.0453,,,5706.66,6821.17,6348.89,6.9208,113.23
09/10/2018,0.7103,766.594,292.4309,1.1491,1.3143,139.3387,249.3024,263.2048,2145.78,37143.75,5700.23,6846.06,6352.63,6.9166,112.96
10/10/2018,0.7055,749.503,292.9154,1.152,1.3196,139.372,249.2143,261.8139,2143.85,37201.75,5512.94,6734.31,6272.01,6.9243,112.27
11/10/2018,0.7124,724.339,301.3277,1.1593,1.323,139.5611,249.1237,262.3312,2154.5,35753.34,5399.54,6615.35,6157,6.8786,112.16
12/10/2018,0.7114,726.198,299.9718,1.156,1.3153,139.4957,249.2082,263.5906,2153.87,35917.62,5476.83,6584.87,6147.32,6.9183,112.21
15/10/2018,0.713,729.598,302.0649,1.1579,1.3152,139.5222,249.248,264.2541,2151.29,35247.59,5444.61,6617.77,6176.59,6.923,111.77
16/10/2018,0.7141,735.177,302.2559,1.1574,1.3181,139.4689,249.9021,264.5522,2152.27,35687.47,5561.8,6714.59,6203.11,6.9133,112.25
17/10/2018,0.7109,722.433,301.391,1.1501,1.3115,139.5048,249.9462,266.1625,2150.05,36149.41,5560.62,6685.21,6198.89,6.9304,112.65
18/10/2018,0.7099,714.495,302.0731,1.1453,1.3018,139.4578,249.3978,266.1704,2150.46,35859.85,5481.13,6621.61,6176.01,6.9395,112.21
19/10/2018,0.7119,719.167,301.7484,1.1514,1.3076,139.459,249.5824,266.3189,2147.16,35660.31,5479.3,6620.03,6196.05,6.9346,112.55
22/10/2018,0.7081,720.937,300.7988,1.1464,1.2963,139.426,250.0439,267.3622,2148.08,35791.26,5455.88,6577.28,6189.9,6.9372,112.82
23/10/2018,0.7086,691.125,303.8147,1.1471,1.2983,139.4881,250.2391,268.3588,2151.65,34835.28,5426.08,6475.95,6112.93,6.9385,112.44
24/10/2018,0.706,691.351,302.434,1.1392,1.2881,139.6591,250.3693,268.9032,2155.83,34962.52,5258.61,6454.07,6119.75,6.9442,112.26
25/10/2018,0.708,697.84,302.7727,1.1375,1.2817,139.969,250.7984,269.1607,2155,33660.87,5356.54,6524.31,6157.03,6.9566,112.42
26/10/2018,0.709,704.965,303.6274,1.1403,1.2828,140.0448,251.4471,270.6575,2161.47,33528.2,5263.74,6463.47,6100.29,6.9528,111.91
29/10/2018,0.7055,702.468,301.6711,1.1373,1.2793,140.0712,251.8187,270.1884,2160.39,33473.71,5229.28,6504.8,6176.56,6.9752,112.37
30/10/2018,0.7105,689.62,301.1253,1.1345,1.2706,139.9982,251.3148,270.5926,2157.46,33983.42,5311.67,6488.72,6184.94,6.9696,113.13
31/10/2018,0.7073,681.402,298.6133,1.1312,1.2766,139.8942,251.5142,269.4568,2151.89,34722.2,5369.49,6593.03,6266.04,6.9746,112.94
01/11/2018,0.7206,661.922,304.4327,1.1408,1.3012,139.8592,251.4334,269.3038,2154.29,34355.3,5426.33,6608.27,6255.5,6.9171,112.72
02/11/2018,0.7193,661.42,303.1496,1.1388,1.297,139.8451,251.3851,268.2597,2145.95,35236.17,5392.53,6629.31,6237.44,6.8981,113.2
05/11/2018,0.7211,664.635,302.9622,1.1407,1.3041,139.8379,251.5215,268.0651,2148.31,34690.38,5422.88,6635.42,6245.99,6.9128,113.19
06/11/2018,0.7247,655.231,301.5067,1.1427,1.3099,139.7821,251.1153,266.9934,2147.45,35084.55,5457.25,6615.74,6190.45,6.9239,113.43
07/11/2018,0.7276,654.729,302.1163,1.1426,1.3126,139.8117,251.1126,266.8263,2147.14,34986.41,5573.06,6695.64,6257.81,6.918,113.52
08/11/2018,0.7256,642.403,301.2515,1.1363,1.3062,139.7791,250.758,265.7773,2145.46,35621.89,5562,6677.98,6283.78,6.9411,114.07
09/11/2018,0.7226,638.074,297.2119,1.1336,1.2972,139.8219,251.1362,267.25,2150.61,35247.15,5511.79,6661.25,6252.68,6.948,113.83
12/11/2018,0.7173,637.926,296.0044,1.1218,1.2849,139.8776,251.1031,268.6225,,35278.25,5403.19,6588.22,6206.7,6.9643,113.84
13/11/2018,0.7218,596.834,295.509,1.129,1.2977,139.9726,250.9312,266.5544,2156.14,34550.57,5395.37,6651.63,6207.29,6.9466,113.81
14/11/2018,0.7232,602.834,297.6578,1.131,1.2992,140.0469,250.6547,266.2329,2159.13,34607.54,5355.94,6611.49,6189.72,6.9438,113.63
15/11/2018,0.7277,605.764,298.9256,1.1328,1.2774,140.0922,250.9572,268.5275,2158.9,34539.64,5414.43,6580.44,6206.82,6.9272,113.64
16/11/2018,0.7332,607.159,300.879,1.1415,1.2834,140.1291,250.7915,267.634,2164.85,34344.35,5426.86,6560.71,6185.54,6.9206,112.83
19/11/2018,0.7294,607.819,301.4519,1.1454,1.2854,140.3027,250.3435,268.2313,2167.37,34567.43,5336.7,6518.6,6174.09,6.9338,112.55
20/11/2018,0.7214,569.729,300.4677,1.137,1.2788,140.2289,250.55,267.8368,2168.08,34192.48,5240.23,6427.31,6127.37,6.9451,112.77
21/11/2018,0.7263,578.893,302.1525,1.1384,1.2778,140.3295,250.8617,268.1147,2166.78,34072.74,5256.61,6505.36,6217.6,6.9246,113.06
22/11/2018,0.7254,,,1.1403,1.2877,140.3512,251.1434,267.7066,,34292.96,,6449.18,6146.82,6.9274,112.95
23/11/2018,0.7233,535.321,301.041,1.1337,1.2814,140.3547,251.6005,268.4973,2167.77,,5222.43,6470.91,6140.24,6.9449,112.96
26/11/2018,0.7221,548.622,301.002,1.1328,1.2827,140.4531,252.0315,267.4202,2166.28,34555.07,5304.17,6544.14,6213.66,6.9503,113.58
27/11/2018,0.7225,547.663,298.8661,1.1289,1.2747,140.4749,252.1193,267.2352,2167.33,34777.49,5321.52,6532.52,6196.75,6.9519,113.79
28/11/2018,0.7306,536.038,301.3113,1.1366,1.2825,140.3434,252.1077,266.6081,2168.49,35133.34,5444.12,6536.4,6185.86,6.9405,113.68
29/11/2018,0.7319,543.125,301.4782,1.1393,1.2791,140.5285,252.8433,267.3379,2169,35268.92,5433.49,6548.5,6217.7,6.9358,113.48
30/11/2018,0.7306,538.73,300.42,1.1317,1.2749,140.51,252.9732,266.0065,2170.99,35411.41,5478.91,6546.38,6165.84,6.95,113.57
03/12/2018,0.7358,559.092,303.812,1.1354,1.2725,140.5609,253.3116,267.5749,2173.83,35765.82,5538.86,6632.74,6238.43,6.8764,113.66
04/12/2018,0.7338,562.746,305.5477,1.1343,1.2719,140.8256,253.7518,269.9,2183.09,34912.33,5359.91,6581.93,6203.41,6.8507,112.77
05/12/2018,0.7268,558.623,304.5874,1.1344,1.2734,140.758,253.9859,269.7245,,34727.41,,6501.47,6114.26,6.8594,113.19
06/12/2018,0.7236,545.725,304.8526,1.1374,1.2781,140.8914,254.0003,272.8126,2189.3,34065.62,5353.43,6286.17,5922.36,6.8811,112.68
07/12/2018,0.7208,559.51,307.0789,1.1379,1.2726,140.7526,253.8285,272.6482,2192.21,34346.14,5229.44,6312.14,5987.78,6.885,112.69
10/12/2018,0.719,543.79,306.3551,1.1356,1.2561,140.9263,254.1927,277.3829,2192.62,33618.65,5238.7,6226.42,5937.81,6.9145,113.33
11/12/2018,0.7206,546.088,305.836,1.1317,1.2487,140.8848,254.1779,275.63,2190.53,33505.4,5237.1,6305.52,6013.25,6.906,113.38
12/12/2018,0.722,545.4,306.5428,1.1369,1.2629,140.8346,254.4092,272.3864,2188.47,34225.84,5265.53,6414.19,6077.96,6.8733,113.29
13/12/2018,0.7227,557.291,305.9255,1.1361,1.2643,140.7846,254.424,272.4484,2188.18,34564,5265.46,6422.85,6076.47,6.8781,113.63
14/12/2018,0.7172,546.649,304.4742,1.1306,1.2583,140.9918,254.5593,273.6419,2191.46,33864.74,5165.6,6382.45,6047.9,6.9023,113.39
17/12/2018,0.7179,540.06,307.0854,1.1348,1.2624,141.0897,254.4643,273.0985,2196,34073.95,5058.58,6323.87,5984.36,6.9012,112.83
18/12/2018,0.7181,509.046,307.5473,1.1361,1.2639,141.2302,254.7314,272.7951,2201.08,33453.8,5059.34,6280.85,5921.05,6.8932,112.52
19/12/2018,0.7109,520.125,308.2546,1.1376,1.261,141.2021,255.167,272.5009,2207.47,33251.75,4981.92,6304.1,5977.9,6.9055,112.48
20/12/2018,0.7108,494.809,311.0965,1.1446,1.2656,141.396,255.6603,273.0982,2206.09,32308.54,4903.46,6198.08,5930.69,6.8952,111.28
21/12/2018,0.704,489.862,308.7125,1.1372,1.2645,141.149,255.1615,271.6902,2205.9,31949.86,4802.51,6199.22,5938.86,6.9239,111.22
24/12/2018,0.7049,459.807,312.1355,1.1406,1.2706,141.1595,255.2097,273.4306,2211.44,,4672.66,6143.77,5907.77,6.903,110.45
25/12/2018,0.7036,,,1.1392,1.2675,141.5141,,,,30348.98,,,,6.8944,110.31
26/12/2018,0.7066,496.005,312.4721,1.1353,1.2633,141.4303,,,2206.03,30678.24,4904.49,,,6.8948,111.37
27/12/2018,0.7033,477.651,314.4813,1.143,1.2644,141.3411,255.5996,272.067,2211.91,31869.62,4946.94,6068.53,5823.49,6.8747,111.01
28/12/2018,0.7047,482.031,314.9689,1.1444,1.2699,141.5799,255.2751,272.8851,2212.22,31769.86,4941.61,6170.11,5955.53,6.882,110.27
31/12/2018,0.7049,487.474,314.6151,1.1467,1.2754,141.5903,255.3233,272.4847,2217.7,,4984.22,6200.89,5950.36,6.8706,109.69
01/01/2019,0.7053,,,1.1465,1.274,,,,,,,,,6.8718,109.74
02/01/2019,0.6985,497.598,315.3459,1.1344,1.2607,141.5973,256.1328,273.6266,2221.39,,4990.56,6183.86,5955.76,6.8785,108.88
03/01/2019,0.7006,507.057,317.9952,1.1394,1.2628,141.6008,255.4613,274.8554,2235.78,,4868.3,6104.29,5919.68,6.883,107.68
04/01/2019,0.7113,517.151,315.8067,1.1395,1.2723,142.1981,254.8261,272.6953,2223.01,31051.11,5035.45,6284.4,6047.71,6.8659,108.51
07/01/2019,0.7148,519.705,316.8788,1.1474,1.2777,141.9625,254.5231,273.9076,2220.87,31808.28,5070.76,6267.45,6024.24,6.8465,108.72
08/01/2019,0.714,532.34,315.9174,1.1441,1.2717,141.7096,254.2008,273.0898,2216.66,32070.3,5120.04,6311.45,6069.1,6.8547,108.75
09/01/2019,0.717,556.943,317.4358,1.1543,1.2789,141.549,254.7056,274.2553,2215.22,32424.3,5142.66,6345.13,6108.93,6.8123,108.17
10/01/2019,0.7185,558.965,316.3388,1.15,1.2747,141.6724,255.0021,273.3789,2213.83,32006.42,5165.89,6356.48,6140.99,6.7935,108.43
11/01/2019,0.7215,548.329,316.8745,1.1469,1.2844,141.8078,255.3197,272.2492,2217.17,32317.38,5165.15,6344.71,6119.15,6.7601,108.48
14/01/2019,0.7197,535.579,317.3983,1.1469,1.2864,141.8183,255.7453,272.6272,2215.88,,5138.58,6314,6063.29,6.763,108.16
15/01/2019,0.7201,549.761,316.6615,1.1413,1.2861,141.8217,255.9238,273.8018,2215.65,32627.84,5193.78,6341.66,6098.67,6.7735,108.68
16/01/2019,0.7168,554.303,318.0033,1.1392,1.2885,141.893,256.0837,272.6741,2213.87,32449.2,5205.45,6360.62,6070.06,6.7621,109.09
17/01/2019,0.7193,552.628,317.6333,1.1389,1.2986,141.9215,255.9297,271.6276,2212.53,32384.95,5245.48,6344.35,6048.07,6.7758,109.26
18/01/2019,0.7168,564.922,315.2577,1.1363,1.2872,141.889,255.9901,271.0784,2208.26,32803.69,5314.78,6479.87,6166.12,6.8034,109.78
21/01/2019,0.7159,,,1.1365,1.2892,141.9148,255.8551,272.1028,,32888.23,,6461.83,6168.12,6.8012,109.67
22/01/2019,0.7124,554.618,315.489,1.136,1.2954,142.0149,256.2644,272.0489,2214.81,32735.18,5239.75,6436.45,6106.88,6.8157,109.37
23/01/2019,0.7142,551.5,315.6812,1.1381,1.3069,142.0569,256.3824,272.5908,2212.73,32688.85,5251.29,6435.07,6055.11,6.7936,109.6
24/01/2019,0.7094,552.799,314.6501,1.1304,1.3066,142.0656,257.4146,274.2222,2218.08,32658.55,5258.69,6464.39,6033.94,6.7949,109.64
25/01/2019,0.7179,556.533,319.149,1.1406,1.3196,142.1776,257.475,273.2791,2213.65,32974.32,5303.51,6540.75,6025.33,6.7536,109.55
28/01/2019,0.7166,540.323,320.4607,1.1428,1.3163,142.2216,257.2634,274.5218,2214.7,32776.6,5261.88,6487.04,5970.36,6.7552,109.35
29/01/2019,0.7155,552.805,321.926,1.1433,1.3066,142.1925,257.4014,274.6095,2218.48,32804.12,5254.31,6520.45,6047.19,6.7483,109.4
30/01/2019,0.7248,555.908,322.0208,1.148,1.3116,142.1481,257.5105,274.9159,2220.33,32632.52,5336.6,6540.1,6142.49,6.7121,109.04
31/01/2019,0.7273,549.631,324.4165,1.1448,1.3109,142.2531,258.0708,275.3848,2228.14,32976.92,5383.63,6542.17,6166.58,6.7095,108.89
01/02/2019,0.725,566.446,323.6791,1.1456,1.3079,142.6354,257.3753,274.8444,2221.85,33000.51,5389.19,6566.38,6212.04,6.7565,109.5
04/02/2019,0.7226,564.664,323.0579,1.1438,1.3037,142.5483,257.1334,273.8139,2218.53,33151.92,5425.8,6554.12,6224.34,6.7787,109.89
05/02/2019,0.7234,560.099,323.0548,1.1406,1.2945,142.5828,257.0051,275.4229,2221.54,33089.5,5451.4,6657.33,6351.1,6.7628,109.96
06/02/2019,0.7105,566.182,321.9008,1.1362,1.2932,142.5967,256.8462,275.7883,2221.85,33136.5,5439.8,6652.58,6347.31,6.7782,109.97
07/02/2019,0.7101,556.203,321.8733,1.1341,1.2952,142.4822,256.8902,276.7082,2228.15,32941.59,5389.69,6524.21,6277.36,6.7844,109.82
08/02/2019,0.7088,559.85,322.9478,1.1323,1.2944,142.7542,256.8379,277.6268,2231.04,32277.86,5395.12,6492.86,6257.54,6.7847,109.73
11/02/2019,0.7062,555.359,321.3956,1.1276,1.2855,142.7647,256.8781,277.1834,2227.68,,5399,6554.96,6308.8,6.8004,110.38
12/02/2019,0.7095,563.34,321.9316,1.1326,1.2892,142.5265,256.895,276.682,2225.09,33120.86,5468.98,6607.03,6312.37,6.7738,110.48
13/02/2019,0.709,574.03,322.2226,1.1261,1.2846,142.4342,257.2243,276.7257,2222.45,33565.77,5485.97,6631.09,6364.4,6.7834,111.01
14/02/2019,0.7106,582.555,321.9501,1.1295,1.2803,142.477,257.5191,277.7896,2227.82,33558.2,5473.33,6591.7,6386.5,6.7802,110.48
15/02/2019,0.7141,597.944,323.9809,1.1296,1.2889,142.653,257.3648,277.0984,2227.4,33178.67,5533.27,6713.04,6421.7,6.7705,110.47
18/02/2019,0.713,,,1.1311,1.2924,142.6904,257.512,277.0889,,33783.84,,6720.38,6406.43,6.7738,110.62
19/02/2019,0.7165,600.361,329.6302,1.1341,1.3062,142.7722,257.6025,276.4915,2230.15,33816.86,5541.98,6709.24,6370.67,6.7454,110.63
20/02/2019,0.7165,606.362,330.4121,1.1338,1.305,142.8231,257.5196,276.4527,2229.3,34021.39,5552.9,6750.83,6414.55,6.7189,110.85
21/02/2019,0.7092,606.945,325.507,1.1336,1.3043,142.8984,257.2714,276.0567,2224.16,34073.36,5533.8,6759.55,6377.83,6.7234,110.7
22/02/2019,0.7129,607.527,326.7545,1.1335,1.3053,142.8622,257.5822,277.2489,2228.67,34011.89,5569.45,6773.72,6387.81,6.7096,110.69
25/02/2019,0.7167,586.51,326.0109,1.1358,1.3097,142.7986,257.8271,276.4084,2227.03,34174.95,5577.09,6793.32,6392.38,6.683,111.06
26/02/2019,0.7186,590.615,325.7875,1.1389,1.3252,142.6409,257.9512,275.1325,2231.34,34074,5572.74,6812.6,6363.35,6.6863,110.59
27/02/2019,0.7138,601.679,324.0191,1.137,1.3309,142.569,257.1889,272.8974,2224.38,34244.17,5570.57,6799.03,6324.27,6.6817,111
28/02/2019,0.7094,599.279,322.7901,1.1371,1.3263,142.5954,257.1069,272.7447,2222.1,33971.97,5556.49,6831.12,6307.72,6.7034,111.39
01/03/2019,0.7079,588.113,318.6668,1.1365,1.3202,142.4068,256.9287,273.1948,2216.48,34317.53,5595.11,6859.79,6336.25,6.714,111.89
04/03/2019,0.7092,593.654,315.8611,1.134,1.318,142.2415,257.2955,274.022,2220.94,34665.98,5573.53,6870.18,6360.91,6.707,111.75
05/03/2019,0.7084,595.412,315.1954,1.1308,1.3178,142.2064,257.4468,274.0461,2221.12,34513.86,5567.4,6891.04,6404.63,6.7051,111.89
06/03/2019,0.7032,596.627,315.9281,1.1307,1.317,142.3333,258.273,276.1723,2224.84,34308.19,5531.34,6885.81,6415.84,6.7171,111.77
07/03/2019,0.7016,599.47,315.5812,1.1193,1.3085,142.4376,259.6176,278.1019,2232.18,34084.52,5487.56,6854.28,6393.55,6.7341,111.58
08/03/2019,0.7045,594.372,318.838,1.1235,1.3015,142.7737,259.6536,276.507,2234.09,33400.72,5476.39,6801.97,6345.99,6.7309,111.17
11/03/2019,0.707,601.878,316.8746,1.1245,1.315,142.7898,259.4678,277.2316,2231.95,33558.83,5556.77,6845.15,6369.5,6.7324,111.21
12/03/2019,0.7082,602.733,318.594,1.1288,1.3075,142.7517,259.3586,276.8492,2237.05,34160.27,5573.44,6844.12,6387.83,6.7068,111.36
13/03/2019,0.7094,610.752,321.3729,1.1327,1.3338,142.9083,259.1743,275.513,2236.12,33821.19,5612.56,6884.53,6395.01,6.7013,111.17
14/03/2019,0.7064,607.617,317.8774,1.1304,1.3242,142.9511,259.3675,275.4821,2232.84,33816.07,5609.59,6924.03,6421.73,6.722,111.7
15/03/2019,0.7085,606.751,319.7306,1.1326,1.329,142.8714,259.4358,276.122,2236.97,34076.33,5637.77,7015.29,6460.03,6.7136,111.48
18/03/2019,0.7104,609.323,319.5018,1.1337,1.3255,142.8485,259.9988,276.9038,2236.95,34288.64,5658.73,7019.15,6523.4,6.7208,111.43
19/03/2019,0.7088,609.908,320.7449,1.1352,1.3268,142.9935,259.6224,277.2227,2235.21,34260.6,5658.15,7066.22,6545.57,6.7177,111.39
20/03/2019,0.7116,617.302,319.5691,1.1413,1.3198,142.9026,259.6834,279.0603,2244.46,34327.43,5641.74,6990.32,6516.09,6.6876,110.7
21/03/2019,0.7112,612.169,321.0079,1.1374,1.3107,142.9061,260.6535,281.8287,2245.05,,5703.28,6980,6579.24,6.7071,110.82
22/03/2019,0.7083,603.676,322.2757,1.1302,1.3209,143.3725,261.5941,283.8451,2256.26,34356.99,5595.5,6852.16,6447.1,6.723,109.92
25/03/2019,0.7112,604.252,324.8578,1.1312,1.3195,143.5744,261.3378,284.1352,2261.97,33324.04,5591.23,6841.28,6420.26,6.7171,109.97
26/03/2019,0.7135,609.378,323.0219,1.1266,1.3212,143.3066,261.4468,282.5211,2262.43,34040.94,5631.39,6880.76,6437,6.7234,110.64
27/03/2019,0.7084,607.33,321.9436,1.1244,1.3189,143.2889,262.4444,282.671,2268.36,34235.27,5605.32,6887.47,6435.12,6.7382,110.51
28/03/2019,0.7074,606.19,316.6846,1.1221,1.3044,143.7028,261.9614,282.2198,2267.43,33682.94,5626.32,6883.85,6475.11,6.7395,110.63
29/03/2019,0.7096,610.5,317.4883,1.1218,1.3035,143.6842,261.7876,281.9979,2264.52,33960.15,5664.46,6955.63,6515.26,6.7232,110.86
01/04/2019,0.7112,623.158,316.5008,1.1213,1.3103,143.4442,260.9568,280.9417,2254.96,34445.74,5730.04,7025.51,6549.44,6.719,111.35
02/04/2019,0.7071,626.288,316.8153,1.1204,1.3128,143.3092,261.2988,282.4149,2256.86,34439.78,5730.35,7046.91,6615.44,6.7261,111.32
03/04/2019,0.7113,626.148,316.8119,1.1233,1.3158,143.2987,260.5792,280.2841,2251.99,34772.72,5742.67,7129.63,6639.75,6.7142,111.49
04/04/2019,0.7112,627.189,316.5883,1.1221,1.3077,143.1853,261.0446,279.5072,2253,34791.52,5755.96,7142.85,6634.53,6.7171,111.66
05/04/2019,0.7105,635.5,316.9273,1.1216,1.3038,143.095,261.2254,278.6517,2254.15,34923.72,5782.7,7154.36,6674.8,6.7123,111.73
08/04/2019,0.7127,641.806,318.5314,1.1263,1.3061,143.266,261.2605,279.04,2252.41,34850.29,5788.86,7137.31,6679.3,6.7174,111.48
09/04/2019,0.7124,637.758,320.1183,1.1263,1.3052,143.2391,261.5893,279.2376,2254.99,34915.85,5755.49,7094.07,6655.71,6.719,111.14
10/04/2019,0.7171,648.163,321.5098,1.1274,1.3091,143.3776,262.0861,279.8669,2257.12,34731.65,5775.99,7109.49,6652.43,6.719,111.01
11/04/2019,0.7124,640.024,316.4902,1.1253,1.3058,143.4868,262.1173,278.2515,2253.08,34769.78,5776.28,7131.67,6656.03,6.7281,111.66
12/04/2019,0.7173,646.067,316.9761,1.1299,1.3074,143.4062,261.1198,276.0911,2247.02,35024.7,5815.04,7159.65,6673.17,6.7089,112.02
15/04/2019,0.7173,643.286,316.0846,1.1304,1.31,143.133,260.7899,276.4023,2248.37,35502.81,5811.51,7167.44,6673,6.7075,112.04
16/04/2019,0.7175,647.602,312.6542,1.1281,1.3048,143.0757,260.5992,276.2335,2244.06,35586.97,5814.46,7195.2,6702.66,6.7127,112
17/04/2019,0.7179,646.554,312.577,1.1296,1.3043,142.7872,260.2544,275.6302,2244.75,35677.15,5801.83,7225.06,6703.91,6.6777,112.06
18/04/2019,0.7151,649.689,312.4019,1.123,1.2991,143.0356,261.1857,276.6825,2249.13,35376.32,5811.13,7269.73,6697.38,6.7074,111.97
19/04/2019,0.7152,,,1.1245,1.2993,142.8966,,,,35553.18,,,,6.7024,111.92
22/04/2019,0.7134,667.689,312.8765,1.1257,1.2982,142.9426,,,2246.1,35580.95,5817.16,,,6.7121,111.94
23/04/2019,0.7102,672.282,311.8199,1.1227,1.2938,143.0101,260.503,275.8798,2248.87,35647.95,5868.88,7281.5,6754.11,6.7289,111.86
24/04/2019,0.7015,671.872,313.3591,1.1155,1.2902,143.1327,261.4442,277.2275,2254.95,35552.28,5856.03,7278.96,6708.03,6.7347,112.19
25/04/2019,0.7015,670.006,313.4536,1.1132,1.2899,142.9671,260.9903,277.8909,2253.67,35724.56,5853.87,7263.07,6681.11,6.7501,111.63
26/04/2019,0.7042,651.852,315.7035,1.1151,1.2916,143.1086,261.7181,278.1827,2257.72,35646.44,5881.48,7284.86,6675.78,6.7405,111.58
29/04/2019,0.7056,651.164,313.9787,1.1186,1.2937,143.1189,261.6586,278.1039,2254.03,,5888.05,7297.27,6686.99,6.7389,111.65
30/04/2019,0.7048,655.94,315.0286,1.1215,1.3032,143.1224,261.6931,277.3823,2258.24,,5893.81,7326.32,6666.82,6.737,111.42
01/05/2019,0.7015,657.076,314.682,1.1196,1.305,143.1258,261.7088,278.2224,2258.39,,5849.65,7326.32,6637.2,6.7328,111.38
02/05/2019,0.7,644.102,311.7134,1.1172,1.3032,143.1292,261.7567,277.0062,2253.24,,5837.46,7283.88,6610.67,6.7455,111.51
03/05/2019,0.7018,645.055,314.0131,1.1198,1.3173,143.1326,261.862,276.0247,2255.88,,5894.3,7312.17,6637.05,6.7354,111.1
06/05/2019,0.6991,648.734,314.6884,1.1199,1.3097,143.1429,,,2260.03,,5868.45,7235.86,,6.7733,110.76
07/05/2019,0.7012,636.393,315.1505,1.1191,1.3075,143.3399,262.2387,277.8023,2266.24,35109.94,5771.59,7110.98,6528.98,6.7948,110.26
08/05/2019,0.6988,641.117,314.1428,1.1192,1.3006,143.376,262.2811,278.5985,2262.58,34595.66,5762.48,7144.64,6538.45,6.8077,110.1
09/05/2019,0.6989,640.425,315.0935,1.1215,1.3014,143.323,261.8393,278.9689,2265.8,34274.63,5747.08,7020.5,6489.09,6.8374,109.74
10/05/2019,0.7002,641.815,315.6375,1.1233,1.2998,143.3021,261.774,278.4469,2266.71,34183.01,5770.44,7043.51,6485.38,6.8448,109.95
13/05/2019,0.6944,638.994,319.218,1.1222,1.2958,143.2527,261.9182,279.1472,2273.72,33936.96,5631.41,6961.05,6449.71,6.9121,109.3
14/05/2019,0.6944,648.167,317.872,1.1204,1.2905,143.2903,261.9779,279.5772,2271.93,33738.3,5677.2,7052.43,6519.87,6.9039,109.61
15/05/2019,0.6928,653.801,318.2835,1.1201,1.2845,143.311,262.3314,280.3809,2277,33932.6,5711.49,7099.22,6569.71,6.9044,109.6
16/05/2019,0.6892,660.646,315.448,1.1174,1.2798,143.514,262.6722,280.3079,2273.61,33731.49,5763.95,7216.79,6641.41,6.9286,109.85
17/05/2019,0.6868,656.496,312.8807,1.1158,1.2724,143.396,262.8799,281.1012,2275.38,34031.14,5730.89,7192.08,6637,6.9491,110.08
20/05/2019,0.6908,656.066,313.3086,1.1166,1.2726,143.2614,262.4729,280.43,2273.32,34113.84,5692.3,7086.9,6602.92,6.9398,110.06
21/05/2019,0.6883,657.321,312.3277,1.1161,1.2706,143.2735,262.3645,279.7046,2271.26,34066.95,5740.81,7124.75,6619.2,6.934,110.5
22/05/2019,0.6882,644.499,312.519,1.115,1.2665,143.3922,262.5874,281.425,2275.43,34084.44,5724.71,7125.78,6623.96,6.9341,110.36
23/05/2019,0.6901,611.258,315.3482,1.1181,1.2657,143.488,262.8714,283.4457,2288.65,33872.68,5657.1,7006.71,6533.18,6.927,109.61
24/05/2019,0.6927,620.248,314.9291,1.1203,1.2714,143.6294,263.4044,283.8563,2284.12,33818.36,5665.6,7056.2,6575.37,6.9168,109.31
27/05/2019,0.6918,,,1.1194,1.2679,143.5982,,,,33923.03,,7089.33,,6.9089,109.51
28/05/2019,0.6924,631.692,313.3743,1.116,1.2653,143.6967,263.4348,284.3349,2292.25,34047.24,5618.18,7057.34,6567.44,6.9216,109.38
29/05/2019,0.6917,624.738,314.323,1.1131,1.2626,144.0263,264.1291,284.7942,2296.94,33637.04,5579.51,6956.81,6491.86,6.933,109.59
30/05/2019,0.6912,601.926,315.8338,1.1129,1.2608,143.8507,263.9593,285.0974,2299.01,33539.6,5591.97,6999.72,6526.54,6.9291,109.62
31/05/2019,0.6938,570.53,320.424,1.1169,1.2629,144.1108,264.5505,285.4189,2311.31,32992.94,5519.27,6921.41,6475.51,6.9368,108.29
03/06/2019,0.6977,564.11,324.5917,1.1241,1.2664,144.0336,265.0738,286.51,2320.2,32688.16,5504.05,6963.17,6496.38,6.922,108.07
04/06/2019,0.6991,569.931,324.8081,1.1252,1.2698,144.2186,265.5859,285.2611,2313.58,32684.41,5622.31,7035.08,6523.05,6.9244,108.15
05/06/2019,0.697,555.505,326.0267,1.1221,1.2687,144.5966,265.9723,286.4961,2313.2,33273.06,5668.89,7048.71,6528.41,6.9282,108.46
06/06/2019,0.6977,564.779,328.2723,1.1276,1.2694,144.5675,266.5666,287.8537,2312.77,33269.76,5705.22,7045.45,6570.76,6.9272,108.4
07/06/2019,0.7001,580.306,329.1246,1.1334,1.2737,144.5579,267.8574,288.6114,2318.97,33447,5765.66,7129.8,6636,6.9442,108.19
10/06/2019,0.6961,572.578,325.0802,1.1312,1.2685,144.8179,266.8563,287.7718,2311.65,33846.91,5792.56,7146.83,6675.47,6.9438,108.45
11/06/2019,0.6962,573.641,325.5651,1.1326,1.2725,144.7062,267.3273,287.3736,2312.14,33958.79,5790.83,7181.26,6696.2,6.9261,108.52
12/06/2019,0.6928,552.579,326.955,1.1287,1.2689,144.7717,267.0247,286.0857,2313.59,33839.38,5779.12,7150.71,6668.3,6.9281,108.5
13/06/2019,0.6915,564.377,328.663,1.1276,1.2674,144.691,267.25,287.3146,2319.09,33682.88,5804.53,7158.88,6673.27,6.929,108.38
14/06/2019,0.6872,569.64,328.8792,1.1208,1.2589,144.7453,268.0331,287.0848,2318.89,33818.83,5795.96,7134.99,6652.63,6.9306,108.56
17/06/2019,0.6853,560.223,328.5494,1.1218,1.2534,144.7719,267.8001,286.5265,2320.23,33830.22,5801.4,7143.49,6663.07,6.9307,108.54
18/06/2019,0.6877,572.771,330.4776,1.1194,1.2558,144.8465,270.2827,287.9188,2323.27,33587.93,5857.95,7292.87,6740.71,6.9028,108.45
19/06/2019,0.6881,570.097,330.0327,1.1226,1.2639,145.0213,269.5845,286.4469,2328.78,34169.15,5875.45,7296.71,6704.94,6.8946,108.1
20/06/2019,0.6923,595.536,341.822,1.1293,1.2702,145.544,270.3059,287.9127,2331.99,34377.86,5931.66,7324.97,6725.59,6.8609,107.3
21/06/2019,0.6926,602.016,342.6257,1.1369,1.2737,145.4041,269.4095,286.6767,2322.91,34051.39,5924.54,7322.51,6710.25,6.8653,107.32
24/06/2019,0.6963,599.603,347.1172,1.1399,1.2743,145.1527,269.996,287.8654,2329.89,34095.52,5914.29,7298.54,6718.57,6.8764,107.3
25/06/2019,0.6961,600.573,347.2598,1.1367,1.2689,145.194,270.4839,288.144,2333.08,33948.51,5858.13,7274.86,6723.77,6.8846,107.2
26/06/2019,0.6985,613.781,346.4722,1.1369,1.269,144.9145,270.3019,287.132,2325.61,33831.32,5850.9,7271.89,6718.3,6.8877,107.79
27/06/2019,0.7009,613.63,345.66,1.1369,1.2674,144.7793,270.3494,286.5097,2331.79,34235.92,5874.15,7270.67,6711.32,6.8712,107.79
28/06/2019,0.702,604.976,346.0963,1.1373,1.2696,145.039,270.6259,285.9878,2332.64,34152.83,5908.25,7336.82,6732.44,6.8679,107.85
01/07/2019,0.6966,608.071,340.183,1.1286,1.2641,144.8304,271.8822,287.5562,2327.69,34881.69,5953.63,7387.28,6797.6,6.8579,108.45
02/07/2019,0.6994,583.246,344.7822,1.1285,1.2593,144.8094,272.2293,290.0763,2335,34920.7,5971.29,7409.23,6853.53,6.8876,107.88
03/07/2019,0.7029,596.554,347.9617,1.1278,1.2574,145.1972,274.048,291.758,2338.48,34734.32,6018.54,7479.74,6898.98,6.8849,107.81
04/07/2019,0.7022,,,1.1285,1.2579,145.2683,274.0687,291.6165,,34837.52,,7490.05,6895.57,6.8744,107.82
05/07/2019,0.698,600.458,342.9096,1.1225,1.2521,145.3749,272.8581,289.4375,2325.45,34908.04,6008.31,7455.86,6849.82,6.8956,108.47
08/07/2019,0.6972,599.443,342.9466,1.1214,1.2515,145.1352,272.768,290.7694,2327.86,34567.68,5979.34,7446.94,6846.31,6.8891,108.72
09/07/2019,0.6928,600.117,343.0949,1.1208,1.2465,145.138,272.4568,290.4264,2325.24,34617.12,5988.48,7417.35,6834.71,6.8957,108.85
10/07/2019,0.6959,626.291,346.0552,1.1251,1.2502,144.8554,271.8906,289.3866,2325.26,34566.28,6015.56,7400.63,6829.46,6.8725,108.46
11/07/2019,0.6974,621.836,344.6922,1.1254,1.2521,145.0163,271.0381,287.0372,2317.39,34742.94,6029.33,7390.52,6810.67,6.8764,108.5
12/07/2019,0.702,622.854,346.0516,1.127,1.2572,144.6568,270.2951,287.3309,2319.14,34810.95,6057.77,7392.41,6807.18,6.879,107.91
15/07/2019,0.7039,618.249,346.4312,1.1258,1.2516,144.667,271.4675,288.6961,2321.74,,6058.83,7402.12,6830.53,6.8736,107.91
16/07/2019,0.7012,598.835,345.8443,1.1211,1.2407,144.7306,271.9015,287.7553,2318.13,34569.12,6038.4,7442.58,6871.78,6.8814,108.24
17/07/2019,0.701,593.016,348.8528,1.1224,1.2433,144.7783,272.5826,289.242,2326,34463.06,5999.05,7400.77,6833.92,6.8773,107.95
18/07/2019,0.7075,578.981,350.0638,1.1277,1.2549,144.9354,273.0902,289.3464,2329.51,33784.14,6021.15,7361.15,6795.5,6.8741,107.3
19/07/2019,0.7042,585.815,349.7443,1.1221,1.2502,144.8839,272.9966,290.1386,2327.44,34459.54,5984.2,7355.53,6809.65,6.8834,107.71
22/07/2019,0.7036,592.435,349.879,1.1209,1.2476,144.9217,272.9914,291.3751,2328.85,34378.96,6001.28,7378.5,6815.3,6.884,107.87
23/07/2019,0.7005,599.175,348.6352,1.1152,1.244,145.0063,273.2989,292.1042,2324.38,34706.57,6042.48,7469.32,6853.33,6.8849,108.23
24/07/2019,0.6977,592.691,349.1411,1.114,1.2484,145.0968,274.2276,292.0093,2327.44,34848.94,6071.05,7469.38,6803.09,6.8761,108.19
25/07/2019,0.6951,594.047,346.9734,1.1147,1.2458,145.1766,273.7878,290.4717,2323.53,34924.35,6039.13,7421.27,6794.38,6.8734,108.63
26/07/2019,0.6911,594.742,348.1356,1.1128,1.2384,145.1427,273.8145,290.9968,2323.29,34766.39,6083.82,7451.55,6848.82,6.8806,108.68
29/07/2019,0.6902,597.206,348.4623,1.1145,1.2219,145.0579,274.1439,291.4933,2326.88,34700.01,6074.01,7450.26,6973.61,6.8926,108.78
30/07/2019,0.6872,606.501,350.5489,1.1155,1.2152,145.143,274.1944,291.0166,2326.2,34850.87,6058.96,7321.85,6937.47,6.8895,108.61
31/07/2019,0.6845,610.032,349.5966,1.1076,1.2159,145.2266,275.2101,292.2196,2329.89,34549.42,5993.17,7330.3,6883.04,6.9099,108.78
01/08/2019,0.68,566.689,348.3037,1.1085,1.2128,144.9795,275.5967,293.8296,2349.02,34580.66,5939.83,7379.3,6882.23,6.9545,107.34
02/08/2019,0.6801,579.575,354.4271,1.1108,1.2162,145.488,276.3157,294.7854,2353.73,33852.11,5897.1,7138.47,6720.89,6.976,106.59
05/08/2019,0.6756,561.056,359.1088,1.1203,1.2143,145.9444,276.6909,297.1257,2371.22,33263.16,5721.8,7002.93,6554.66,7.0987,105.95
06/08/2019,0.6761,553.335,361.0014,1.1199,1.2171,145.7191,277.3086,296.7394,2372.52,33046.47,5796.72,6962.17,6507.32,7.0538,106.47
07/08/2019,0.6757,528.786,369.6318,1.1199,1.2143,146.0741,279.0497,299.015,2381.66,32936.1,5801.32,7000.94,6531.83,7.0859,106.27
08/08/2019,0.6802,539.31,367.1955,1.118,1.2133,146.1129,277.5421,296.6308,2376.42,33059.37,5911.66,7140.77,6643.73,7.0766,106.07
09/08/2019,0.6786,550.213,366.9726,1.12,1.2033,146.5731,276.1795,297.5337,2374.41,33206.21,5873.47,7053.5,6614.5,7.0984,105.69
12/08/2019,0.6752,551.344,369.1501,1.1214,1.2076,146.5833,276.913,297.7004,2389.65,,5804.25,7038.29,6589.77,7.103,105.3
13/08/2019,0.6799,576.152,368.4159,1.1171,1.206,146.9456,277.9347,298.6437,2383.27,32837.98,5890.16,7103.06,6611.81,7.0126,106.74
14/08/2019,0.6748,558.687,371.7696,1.1139,1.206,146.7094,279.2197,301.2681,2398.24,33158.55,5719.3,6958.21,6517.88,7.0533,105.91
15/08/2019,0.6775,546.611,372.6172,1.1107,1.2088,147.1002,281.3638,304.8067,2406.48,32758.05,5734.49,6945.68,6468.27,7.0494,106.12
16/08/2019,0.6779,550.14,370.7881,1.109,1.2149,146.8972,280.354,302.1776,2405.3,32779.18,5818.17,7043.64,6514.15,7.0446,106.38
19/08/2019,0.6764,560.257,367.9285,1.1078,1.2126,146.7688,279.2687,300.4587,2394.82,33010.91,5888.93,7128.51,6580.51,7.0721,106.64
20/08/2019,0.6778,563.693,368.9459,1.11,1.217,146.7846,280.3081,302.1216,2400.67,33194.02,5842.76,7088.39,6521.34,7.0709,106.23
21/08/2019,0.6781,566.372,368.9654,1.1085,1.213,146.9808,280.1285,302.5804,2397.47,33099.87,5891.19,7182.9,6593.62,7.0672,106.62
22/08/2019,0.6757,562.995,367.2322,1.108,1.2251,146.9487,279.283,299.8643,2391.51,33115.02,5888.37,7137.98,6529.39,7.0894,106.44
23/08/2019,0.6756,556.402,374.3358,1.1144,1.2266,146.7735,279.6779,299.8422,2403.93,33248.1,5735.63,7054.59,6498.99,7.1315,105.39
26/08/2019,0.6775,550.055,374.2979,1.1102,1.2217,147.4608,,,2401.46,32525.9,5799.34,7085.45,,7.1666,106.12
27/08/2019,0.6752,558.698,377.8732,1.109,1.229,147.2121,281.3935,302.2747,2410.29,32839.01,5780.79,7131.23,6494.04,7.1666,105.75
28/08/2019,0.6734,567.246,377.2362,1.1078,1.2212,147.2708,282.6301,304.4908,2413.79,32876.48,5818.84,7120.44,6517.06,7.1691,106.12
29/08/2019,0.6728,572.577,374.2858,1.1057,1.2181,147.5618,282.2742,304.7405,2407.4,32871.79,5893.65,7217.67,6581.55,7.1439,106.52
30/08/2019,0.6733,560.871,372.4796,1.0982,1.2156,147.4583,281.9958,303.1377,2409.1,33262.89,5898.23,7251.62,6602.49,7.1623,106.28
02/09/2019,0.6716,,,1.097,1.2066,147.3283,281.7695,305.9306,2409.1,33127.65,,7263.83,6670.98,7.194,106.24
03/09/2019,0.676,551.621,379.0145,1.0974,1.2081,147.5862,282.7865,307.5409,2415.44,33135.63,5857.95,7238.86,6658.38,7.178,105.94
04/09/2019,0.6797,574.754,380.1311,1.1035,1.2253,147.6679,282.094,303.3747,2416.85,33174.16,5921.96,7302.54,6697.84,7.1471,106.39
05/09/2019,0.6815,577.152,371.6495,1.1035,1.2334,147.3857,279.8439,298.5641,2400.11,33875.91,6000.38,7374.62,6671.57,7.1378,106.94
06/09/2019,0.6846,582.77,369.2332,1.1029,1.2283,146.7854,281.0466,303.3704,2403.98,34058.46,6006.07,7396.83,6681.81,7.1064,106.92
09/09/2019,0.6862,592.807,368.2207,1.1048,1.2346,146.8676,279.2359,299.3594,2393.71,34249.4,6005.99,7396.47,6639.11,7.1178,107.24
10/09/2019,0.6861,590.916,365.3406,1.1043,1.235,146.1859,278.5641,298.8239,2380.75,34367.77,6008.12,7404.87,6668.61,7.1094,107.54
11/09/2019,0.6862,576.348,366.3349,1.101,1.2326,145.9681,279.1366,298.7179,2377.11,34698.18,6051.87,7442.61,6732.91,7.1086,107.82
12/09/2019,0.6866,571.783,367.3781,1.1065,1.2335,145.9917,279.6774,299.2639,2368.5,34958.2,6070.23,7489.24,6739.3,7.0685,108.1
13/09/2019,0.6879,569.495,365.4724,1.1073,1.2501,145.2582,277.7067,294.6886,2352.75,35325.59,6067.5,7513.06,6760.21,7.0467,108.09
16/09/2019,0.6865,646.736,368.4557,1.1001,1.2431,145.2683,278.5907,297.9865,2361.86,,6048.67,7446.06,6717.96,7.0621,108.12
17/09/2019,0.6866,609.357,368.9388,1.1073,1.25,145.2575,278.0014,298.2474,2365.88,35346.52,6064.31,7452,6717.03,7.0858,108.13
18/09/2019,0.6828,600.643,369.5439,1.103,1.2472,145.5621,279.0966,300.4757,2369.83,35281.28,6066.42,7466.34,6711.2,7.0833,108.45
19/09/2019,0.6792,606.41,367.2235,1.1041,1.2526,146.1324,278.9195,300.8852,2372.52,35415.81,6066.9,7518.42,6750.08,7.1028,108.02
20/09/2019,0.6766,604.596,369.4133,1.1017,1.2478,145.7557,279.0692,300.7681,2375.29,35471.46,6037.5,7558.09,6739.53,7.1243,107.56
23/09/2019,0.6773,609.457,373.472,1.0993,1.2429,145.7658,280.8946,304.4994,2382.75,,6036.9,7487.61,6722.25,7.1098,107.55
24/09/2019,0.6801,594.615,375.6134,1.102,1.2487,145.9664,281.2738,304.7902,2392.72,35503.19,5986.58,7477.18,6690.45,7.1061,107.07
25/09/2019,0.6751,588.522,368.8292,1.0943,1.2353,146.0513,281.0204,304.8867,2378.58,35376.77,6023.46,7436.92,6689.13,7.1272,107.77
26/09/2019,0.6749,591.761,369.5561,1.0921,1.2328,146.0469,281.0579,304.8656,2386.15,35421.9,6009.19,7477.47,6745.99,7.1245,107.83
27/09/2019,0.6764,585.278,367.4294,1.094,1.2292,146.0811,280.8561,304.672,2388.14,35406.98,5978.11,7510.13,6814.94,7.1382,107.92
30/09/2019,0.675,568.744,359.3168,1.0899,1.2289,145.8315,280.8996,304.7178,2388.72,35207.83,6008.59,7560.05,6798.42,7.1413,108.08
01/10/2019,0.6704,565.758,363.2628,1.0933,1.2302,144.8244,280.51,305.9579,2393.86,35417.24,5935.2,7451.6,6754.47,7.147,107.75
02/10/2019,0.6707,554.797,367.8923,1.0959,1.2303,145.2408,279.784,304.8259,2400.36,35244.68,5828.93,7229.34,6536.26,7.1483,107.18
03/10/2019,0.6742,555.019,369.3506,1.0965,1.2332,145.6655,280.8059,304.8203,2410.65,34537.69,5876.86,7237.94,6502.22,7.1284,106.92
04/10/2019,0.6771,561.662,369.15,1.0979,1.2331,145.8597,280.7502,306.6519,2413.65,34648.48,5960.43,7300.09,6573.64,7.1126,106.94
07/10/2019,0.6733,562.527,367.1327,1.0971,1.2293,145.9472,280.429,306.0636,2407.57,34591.92,5933.76,7352.03,6612.69,7.1345,107.26
08/10/2019,0.6728,561.969,367.0279,1.0957,1.2219,145.6384,280.7858,307.3473,2409.96,34935.86,5841.57,7270.53,6562.41,7.1642,107.09
09/10/2019,0.6725,562.774,369.2171,1.0971,1.2206,145.6489,280.0611,305.5039,2402.81,34723.21,5896.6,7332.7,6583.86,7.138,107.48
10/10/2019,0.6761,570.681,366.33,1.1005,1.2443,145.727,278.5824,302.1434,2392.67,34877.92,5934.56,7400.16,6610.25,7.1043,107.98
11/10/2019,0.6794,585.012,363.3694,1.1042,1.2668,145.2892,278.1488,296.5054,2380.29,35277.47,6000.04,7562.66,6666.1,7.0811,108.29
14/10/2019,0.6775,575.363,365.5928,1.1027,1.2608,145.2993,278.564,299.1867,,,5991.72,7533.73,6635.17,7.0693,108.4
15/10/2019,0.6753,569.745,362.1678,1.1033,1.2787,145.2545,277.8639,297.1115,2378.05,35938.29,6051.39,7623.54,6633.51,7.0844,108.86
16/10/2019,0.6759,575.806,364.7477,1.1072,1.2832,145.1699,277.6804,297.2959,2380.64,36368.29,6039.69,7624.8,6593.32,7.0998,108.76
17/10/2019,0.6824,578.752,365.8142,1.1125,1.2891,145.107,277.8622,296.6965,2379.19,36334.21,6056.84,7602.29,6608.1,7.0812,108.66
18/10/2019,0.6856,575.177,364.8054,1.1167,1.2984,144.9837,277.4261,296.1258,2380.3,36400.27,6033.26,7582.76,6578.89,7.0715,108.45
21/10/2019,0.6868,571.265,363.3904,1.115,1.296,144.8067,276.4609,294.1995,2374.63,36491.25,6074.9,7626.57,6590.91,7.0699,108.62
22/10/2019,0.6855,578.689,363.2604,1.1125,1.2872,144.8101,277.3192,295.5774,2378.46,,6053.42,7636.6,6635.86,7.0759,108.49
23/10/2019,0.6853,592.638,365.2794,1.113,1.2912,144.8413,277.6477,296.9445,2379.01,36615.02,6070.87,7640.98,6680.25,7.0611,108.69
24/10/2019,0.6819,597.727,367.4939,1.1104,1.2851,145.0162,277.8831,299.3032,2378.17,36817.67,6082.54,7671.65,6743.68,7.0731,108.61
25/10/2019,0.6823,601.065,367.6571,1.108,1.2827,144.9962,277.1501,298.0295,2372.64,36897.31,6107.42,7678.67,6740.2,7.0511,108.67
28/10/2019,0.6838,596.473,365.3869,1.11,1.2863,144.8314,276.19,295.4419,2365.93,37006.48,6141.51,7680.82,6746.47,7.0642,108.95
29/10/2019,0.6865,596.305,364.1575,1.1112,1.2862,144.5177,276.6641,294.8157,2368.36,37180.69,6136.47,7673.18,6723.45,7.0656,108.89
30/10/2019,0.6903,586.691,365.6397,1.1151,1.2902,144.7016,276.6183,296.3687,2374.36,36969.25,6156.93,7673.25,6746.01,7.0464,108.85
31/10/2019,0.6894,580.679,370.078,1.1152,1.2942,145.0468,277.7405,298.9308,2390.35,37104.01,6138.73,7641.69,6671.59,7.0465,108.03
01/11/2019,0.6904,600.866,369.264,1.1166,1.2946,145.6288,276.8772,297.3664,2384.87,36983.56,6198.59,7682.67,6721.34,7.0419,108.19
04/11/2019,0.6884,605.233,369.2407,1.1128,1.2884,145.6389,276.3851,295.6784,2376.93,,6221.63,7771.71,6783.25,7.033,108.58
05/11/2019,0.6893,613.344,362.561,1.1075,1.2884,145.1152,276.0073,293.7842,2366.49,37632.64,6214.28,7796.61,6800.19,7.0026,109.16
06/11/2019,0.6884,601.485,364.8734,1.1066,1.2855,144.442,276.1488,294.6922,2373.6,37716.53,6219.1,7822.53,6808.07,7.0128,108.98
07/11/2019,0.6898,606.868,358.364,1.105,1.2817,144.407,274.4969,293.3564,2357.84,37759.53,6238.99,7860.56,6823.05,6.9712,109.28
08/11/2019,0.6863,609.029,357.5247,1.1018,1.2774,143.9685,274.4005,292.3553,2356.54,37859.29,6256.11,7845.67,6779.72,6.9864,109.26
11/11/2019,0.6851,605.937,356.165,1.1033,1.2855,144.0112,273.7712,292.1968,,37762.13,6243.81,7839.65,6751.31,7.0076,109.05
12/11/2019,0.6841,605.487,355.3367,1.1009,1.2845,143.6437,273.8371,291.9095,2360.85,38066.74,6253.91,7872.28,6785.3,7.0242,109.01
13/11/2019,0.6838,608.437,357.6899,1.1007,1.2851,143.7811,274.4982,293.8981,2366.46,37742.23,6258.58,7845.34,6772.2,7.0299,108.82
14/11/2019,0.6786,607.065,360.1384,1.1022,1.2882,144.1429,274.6473,295.0147,2374.49,37453.63,6265.42,7822.66,6732.02,7.0187,108.42
15/11/2019,0.6817,616.684,358.9863,1.1051,1.2897,144.0478,274.8791,294.4365,2371.76,37715.45,6314.74,7871.03,6741.42,7.0064,108.8
18/11/2019,0.6811,607.971,359.8605,1.1072,1.2953,144.2482,275.113,293.8657,2375.21,37899.05,6318.02,7856.83,6745.81,7.0259,108.68
19/11/2019,0.6828,593.105,360.4599,1.1078,1.2926,144.3785,274.9644,293.8897,2378.89,37698.18,6314.66,7840.5,6760.68,7.0275,108.54
20/11/2019,0.6803,607.523,360.4267,1.1073,1.2924,144.6193,275.2643,293.9424,2385.78,37466.03,6292.17,7813.6,6704.08,7.0405,108.61
21/11/2019,0.6787,621.643,357.8868,1.1059,1.2914,144.7554,274.9281,292.698,2381.09,37288.01,6282.59,7804.66,6684.98,7.0324,108.63
22/11/2019,0.6786,616.072,357.9021,1.1021,1.2834,144.3089,275.4235,294.2633,2380.93,37408.26,6296.34,7820.9,6766.48,7.0435,108.66
25/11/2019,0.6779,619.15,356.3174,1.1014,1.29,144.2882,275.4776,294.7415,2383.37,37699.48,6344.36,7864.09,6830.65,7.0313,108.93
26/11/2019,0.6788,624.975,357.2092,1.1021,1.2866,144.5184,275.7639,296.7599,2387.36,37829.79,6358.46,7859.57,6836.98,7.0145,109.05
27/11/2019,0.6776,622.903,355.6181,1.0999,1.2921,144.8248,275.4752,295.6945,2383.52,37934.1,6385.76,7875.05,6861.58,7.0161,109.54
28/11/2019,0.677,,,1.1009,1.2912,144.5949,275.2767,296.2068,,37887.76,,7857.29,6856.73,7.0313,109.51
29/11/2019,0.6763,598.461,358.5459,1.1018,1.2925,144.4704,275.2439,296.3869,2383.16,37701.26,6361.56,7855.4,6792.1,7.0309,109.49
02/12/2019,0.6819,602.338,357.7405,1.1079,1.2939,144.1516,273.4377,294.7204,2373.91,38082.56,6306.88,7694.76,6736.08,7.0436,108.98
03/12/2019,0.6847,601.164,361.4571,1.1082,1.2995,143.8358,274.9926,296.5805,2392.83,37840.29,6265.22,7661.5,6618.5,7.0697,108.63
04/12/2019,0.6849,622.093,360.4501,1.1078,1.3104,144.0506,274.6227,294.3148,2382.42,37444.44,6305.49,7765.55,6646,7.0525,108.86
05/12/2019,0.6834,624.92,361.172,1.1104,1.3157,144.1955,273.6668,293.1817,2380.55,37711.27,6316.69,7740.31,6599.44,7.0411,108.76
06/12/2019,0.6841,634.049,356.8042,1.106,1.314,143.8202,273.6074,293.7075,2374.31,37799.17,6374.7,7835.33,6693.57,7.0246,108.58
09/12/2019,0.6823,633.031,356.802,1.1064,1.3147,143.7295,274.2019,294.1147,2376.56,37922.66,6355.07,7792.56,6688.24,7.0369,108.56
10/12/2019,0.6809,634.859,357.5965,1.1092,1.3156,143.8446,274.2199,293.3677,2376.72,37889.46,6348.31,7791.71,6669.62,7.0282,108.72
11/12/2019,0.6876,628.483,359.2923,1.113,1.3196,143.6959,274.8033,293.6954,2382.42,37859.79,6366.84,7824.98,6671.92,7.0285,108.56
12/12/2019,0.6909,633.112,358.6498,1.113,1.3161,143.9028,273.8483,291.6788,2367.76,37913.12,6422.35,7865.08,6725.89,6.9457,109.31
13/12/2019,0.6876,642.843,360.833,1.1121,1.3331,143.8809,274.759,293.1026,2379.16,38881.45,6423.93,7917.53,6799.83,7.0144,109.38
16/12/2019,0.6885,644.526,360.7083,1.1144,1.3332,144.0216,274.4956,292.2111,2370.27,38766.94,6470.03,8005.96,6952.98,6.9915,109.55
17/12/2019,0.6851,651.958,360.7481,1.115,1.3131,143.9262,274.8802,293.6649,2370.29,38951.08,6472.24,7949.91,6958.74,6.9988,109.48
18/12/2019,0.6853,652.787,360.3006,1.1114,1.3078,143.8615,273.9579,293.4317,2365.9,38737.94,6470,7936.57,6973.04,7.0026,109.55
19/12/2019,0.6886,656.417,361.7049,1.1122,1.3009,143.7988,273.441,292.6522,2368.03,38625.32,6499.26,7936.94,7004.16,6.999,109.37
20/12/2019,0.69,652.543,360.8676,1.1079,1.2999,143.5004,273.6101,293.5001,2367.41,38547.28,6531.75,8016.31,7012.16,7.0031,109.44
23/12/2019,0.6922,654.828,362.8147,1.1089,1.2936,143.5055,273.4473,293.5597,2364.96,38554.53,6537.4,8016.52,7050.18,7.0081,109.4
24/12/2019,0.6922,662.264,366.7542,1.1089,1.2944,143.481,273.4626,293.7927,2368.8,38569.86,6536.58,8011.69,7064.04,7.0044,109.39
25/12/2019,0.692,,,1.1093,1.2961,143.7716,,,,38492.64,,,,6.9957,109.38
26/12/2019,0.6945,668.327,369.1257,1.1098,1.2993,143.7466,,,2369.73,38722.55,6570.71,,,6.9918,109.63
27/12/2019,0.698,669.457,370.0435,1.1177,1.3078,143.8334,273.8771,294.3911,2374.73,38646.24,6571.03,8028.41,7075.77,6.9929,109.44
30/12/2019,0.6994,667.542,370.2134,1.1199,1.3113,144.0204,272.5918,290.6385,2372.41,38352.64,6533.91,7956.69,7022.22,6.9846,108.88
31/12/2019,0.7021,660.862,371.3261,1.1213,1.3257,144.0237,272.6071,291.967,2369.78,,6553.57,7949.64,6980.94,6.9617,108.61
01/01/2020,0.7017,,,1.1212,1.3254,,,,,,,,,6.9623,108.76
02/01/2020,0.6993,663.421,372.5765,1.1172,1.3145,144.0304,273.1564,293.6654,2374,,6609.29,8051.71,7038.92,6.9592,108.57
03/01/2020,0.695,686.982,378.517,1.1161,1.3083,144.0337,274.3794,295.6689,2386.77,,6563.32,8009.53,7055.67,6.9663,108.09
06/01/2020,0.694,690.173,382.5638,1.1197,1.3171,144.1616,274.3878,295.0582,2383.1,37620.24,6586.54,7969.01,7012.1,6.9693,108.37
07/01/2020,0.687,683.792,383.9212,1.1153,1.3126,143.8083,274.07,294.6791,2380.72,38221.49,6568.74,7983.29,7010.73,6.9427,108.44
08/01/2020,0.6866,655.476,380.4989,1.1105,1.3097,143.9602,273.6917,293.9574,2373.52,37620.08,6601.15,8011.57,7011.73,6.9368,109.12
09/01/2020,0.6858,654.71,379.0773,1.1106,1.3067,143.8203,273.2134,292.5109,2376.69,38487.61,6646.84,8063.46,7033.23,6.9249,109.52
10/01/2020,0.6901,650.802,380.5056,1.1121,1.3064,143.728,273.6163,294.0892,2381.76,38667.08,6627.87,8049.94,7023.73,6.915,109.45
13/01/2020,0.6904,643.209,378.257,1.1134,1.2989,143.7381,272.6218,294.6428,2379.36,,6674.13,8029.03,7051.26,6.8823,109.95
14/01/2020,0.6902,645.556,376.7949,1.1128,1.3019,143.5469,272.9415,295.794,2383.7,38950.15,6664.66,8019.39,7055.66,6.8894,109.99
15/01/2020,0.6902,640.468,379.0461,1.115,1.3038,143.5564,273.427,298.0161,2388.09,38774.1,6677.25,8007.4,7074.58,6.8923,109.9
16/01/2020,0.6898,646.327,378.1875,1.1137,1.308,143.5463,273.2291,298.4144,2385.54,38800.93,6733.35,8018.39,7046.65,6.8766,110.16
17/01/2020,0.6879,647.889,380.6334,1.1092,1.3016,143.5965,273.3052,298.2988,2380.96,38976.23,6759.51,8090.88,7106.61,6.8674,110.14
20/01/2020,0.6873,,,1.1095,1.301,143.4917,273.5271,297.5353,,39044.73,,8073.99,7085.2,6.8672,110.18
21/01/2020,0.6845,646.056,380.1151,1.1082,1.305,143.7932,274.1325,298.8907,2390.85,38689.76,6741.71,8052.95,7047.48,6.9089,109.87
22/01/2020,0.6844,632.165,379.8396,1.1093,1.3142,143.7743,274.2784,299.3014,2392.34,38960.16,6743.9,8011.86,7011.57,6.9105,109.84
23/01/2020,0.6847,620.321,381.9702,1.1055,1.3123,144.0716,275.4807,301.5745,2397.33,38577.7,6752.09,7941.85,6952.08,6.932,109.49
24/01/2020,0.6832,605.814,383.5906,1.1025,1.3073,144.1094,275.8099,301.8971,2405.37,38629.16,6691.22,8031.77,7024.59,6.9304,109.28
27/01/2020,0.6761,593.712,384.9764,1.1019,1.3057,144.5265,277.7504,304.1635,2416.46,37845.02,6585.95,7816.43,6863.52,6.9866,108.9
28/01/2020,0.6762,596.398,383.0724,1.1022,1.3028,144.4111,277.4148,302.3489,2411,37637.83,6652.3,7904.39,6927.09,6.9661,109.15
29/01/2020,0.6754,597.345,383.1373,1.101,1.3021,144.4321,278.0984,303.1217,2418.16,37903.21,6646.69,7940.81,6929.76,6.9697,109.02
30/01/2020,0.6722,583.55,386.3626,1.1032,1.3093,144.6559,278.7423,302.38,2422.98,37254.45,6668.52,7843.93,6835.67,6.983,108.96
31/01/2020,0.6692,577.637,386.063,1.1093,1.3206,144.6395,279.3253,303.0974,2427.69,37623.19,6551,7737.95,6746.81,6.9984,108.35
03/02/2020,0.6692,559.18,384.7752,1.106,1.2995,144.5479,278.8721,302.6825,2428.45,37245.03,6598.63,7781.22,6784.13,7.014,108.69
04/02/2020,0.6739,554.289,378.2508,1.1044,1.3031,144.4357,278.5724,301.4278,2415.67,37427.67,6697.49,7932.14,6889.24,6.9908,109.52
05/02/2020,0.6746,567.625,380.0422,1.0999,1.3002,144.164,277.8436,299.9501,2409.02,37808.63,6772.98,8028.96,6928.75,6.9754,109.83
06/02/2020,0.673,565.908,381.8095,1.0983,1.2931,143.9804,277.6678,300.4617,2410.79,38706.89,6796.64,8094.65,6949.85,6.9782,109.99
07/02/2020,0.6673,561.222,382.6529,1.0946,1.2892,144.3267,278.2643,301.2838,2420.93,38632.94,6761.26,8079.7,6914.57,7.007,109.75
10/02/2020,0.6687,548.698,384.1859,1.0911,1.2915,144.6059,278.7301,301.9865,2425.45,38402.71,6811.83,8068.41,6896.22,6.9847,109.77
11/02/2020,0.6714,555.277,381.9161,1.0916,1.2952,144.6092,278.2559,301.9778,2419.88,,6823.59,8137.88,6944.9,6.9708,109.79
12/02/2020,0.6737,572.714,382.2974,1.0874,1.296,144.406,278.5027,300.7515,2414.24,38686.82,6867.92,8198.68,6977.98,6.9742,110.09
13/02/2020,0.6719,577.553,384.0654,1.0841,1.3046,144.2906,278.9356,299.7868,2416.11,38632.54,6858.92,8182.32,6917.43,6.9891,109.82
14/02/2020,0.6714,585.978,385.9307,1.0831,1.3047,144.2466,278.9825,300.477,2420.68,38405.33,6872.68,8170.07,6877.61,6.9929,109.78
17/02/2020,0.6714,,,1.0836,1.3008,144.4022,279.0974,299.7225,,38138.86,,8196.22,6900,6.985,109.88
18/02/2020,0.6686,589.255,390.1817,1.0792,1.2998,144.6621,278.9685,300.3526,2426,37604.73,6853.04,8160.64,6852.44,7.0072,109.87
19/02/2020,0.6675,601.678,392.1936,1.0805,1.292,144.5301,279.2585,300.798,2424.03,37940.18,6886.47,8221.55,6922.07,7.0132,111.37
20/02/2020,0.6615,602.524,394.3274,1.0785,1.2882,144.5577,279.9378,302.2049,2430.82,38067.37,6860.52,8133.29,6911.46,7.0462,112.1
21/02/2020,0.6627,593.737,401.2308,1.0847,1.2964,144.7823,280.2365,304.4489,2439.24,37917.54,6788.6,8085.19,6881.05,7.0366,111.61
24/02/2020,0.6605,571.577,408.0476,1.0854,1.2924,144.7922,280.4632,304.9761,2453.82,,6561.94,7760.96,6651.41,7.0359,110.72
25/02/2020,0.6604,556.125,401.5909,1.0882,1.3005,145.1758,280.6898,306.0724,2461.29,36650.75,6363.37,7600.42,6522.28,7.0256,110.2
26/02/2020,0.6544,541.287,399.9283,1.0881,1.2905,145.0641,280.1845,305.8975,2464.08,36360.18,6339.38,7611.42,6545.12,7.0213,110.43
27/02/2020,0.6569,530.24,399.799,1.1001,1.2887,145.1022,279.9169,306.6198,2467.07,35610.96,6060.67,7352.36,6341.48,7.0084,109.59
28/02/2020,0.6515,509.147,381.3654,1.1026,1.2823,145.8392,280.6664,307.3272,2492.04,34304.41,6011.73,7083.4,6140.13,6.9798,107.89
02/03/2020,0.6537,532.07,388.2534,1.1134,1.2754,145.7935,280.7495,307.8492,2497.84,34630.73,6288.64,7103.26,6209.44,6.9632,108.33
03/03/2020,0.6584,531.677,400.341,1.1173,1.2811,145.34,281.9313,308.2235,2506.19,34206.69,6112.07,7173.77,6268.51,6.949,107.13
04/03/2020,0.6627,524.21,400.013,1.1136,1.2872,145.6433,282.2035,308.8096,2509.19,34234.81,6370.35,7277.14,6359.38,6.9231,107.53
05/03/2020,0.6614,512.539,406.1125,1.1237,1.2954,145.1764,281.9545,310.8912,2519.77,34606.46,6155.58,7157.32,6271.78,6.9412,106.16
06/03/2020,0.6636,464.162,407.1968,1.1284,1.3048,145.6819,282.6774,318.6522,2562.15,33666.43,6050.8,6877.47,6044.61,6.9324,105.39
09/03/2020,0.6587,354.426,408.0002,1.145,1.3117,146.2554,282.234,323.9987,2596.07,31961.2,5591.74,6296.57,5579.95,6.9529,102.36
10/03/2020,0.6505,384.182,404.2674,1.1281,1.2911,145.0145,281.4464,322.4503,2547.72,32234.36,5868.11,6192.18,5574.77,6.9638,105.64
11/03/2020,0.6484,374.869,399.9083,1.127,1.282,145.2546,282.5376,317.1745,2538.1,31502.52,5581.76,6182.69,5496.48,6.9688,104.54
12/03/2020,0.6236,357.372,387.2305,1.1185,1.2571,144.8545,277.7759,317.0054,2531.45,30112.96,5051.97,5416.93,4902.01,7.0279,104.64
13/03/2020,0.6203,358.35,369.3218,1.1107,1.2278,144.3122,274.9629,309.9125,2512.58,28281.84,5522.85,5503.74,5022.41,7.0225,107.62
16/03/2020,0.6117,323.18,361.8234,1.1183,1.2271,144.0124,270.7383,306.4648,2554.81,27585.77,4861.22,5215.04,4821.15,7.0127,105.83
17/03/2020,0.6,311.195,371.4273,1.0997,1.2055,143.94,269.1219,303.9249,2511.84,27601.17,5152.83,5385.58,4955.75,7.0317,107.7
18/03/2020,0.5773,275.916,359.8847,1.0915,1.1608,143.4622,266.7897,292.8934,2465.95,27138.79,4885.76,5077.67,4755.16,7.0745,108.08
19/03/2020,0.5743,310.03,360.3008,1.0692,1.1485,142.9376,269.6551,293.4724,2491.25,26856.93,4909.13,5222.95,4823.16,7.1545,110.71
20/03/2020,0.5785,298.532,361.7135,1.0688,1.1629,142.9409,272.8899,309.0683,2519.92,,4697.09,5423.89,4859.84,7.1227,110.93
23/03/2020,0.5838,304.192,382.2861,1.0726,1.1542,143.157,272.7884,315.575,2554.85,27400.5,4559.5,5289.9,4675.5,7.1213,111.23
24/03/2020,0.5958,311.307,404.3088,1.0788,1.1762,143.4611,271.2998,312.4866,2549.87,29354.92,4987.8,5778.48,5098.79,7.0858,111.23
25/03/2020,0.5959,317.35,397.2596,1.0882,1.1878,143.4941,270.3035,311.3569,2544.26,31714.5,5045.35,5959.44,5325.54,7.1268,111.21
26/03/2020,0.6063,304.972,403.5796,1.1032,1.2203,143.64,274.2856,313.3887,2551.96,30283.56,5360.49,6060.83,5451.97,7.0814,109.58
27/03/2020,0.6168,301.268,402.0725,1.1141,1.246,143.522,275.5536,315.026,2562.64,31459.31,5179.92,5807.3,5165.42,7.0883,107.94
30/03/2020,0.6174,290.255,399.423,1.1048,1.2414,143.6847,275.4009,315.582,2571.72,31254.49,5354.39,5889.83,5215.37,7.1142,107.76
31/03/2020,0.6131,289.086,388.0965,1.1031,1.242,143.5167,273.3989,311.9862,2564.12,30978.96,5269.2,5935.15,5316.82,7.0939,107.54
01/04/2020,0.6071,273.297,386.8335,1.0964,1.2371,143.6721,273.293,314.655,2574.14,29584.36,5036.64,5708.13,5113.04,7.1227,107.17
02/04/2020,0.6061,312.869,398.0889,1.0858,1.2396,143.8947,273.1847,313.556,2576.4,29180.37,5152.47,5725.56,5122.1,7.0934,107.91
03/04/2020,0.5997,345.814,400.0344,1.0801,1.2269,143.9514,272.8448,313.8641,2582.96,29182.78,5075.16,5671.27,5061.3,7.1111,108.55
06/04/2020,0.6088,340.065,411.7536,1.0793,1.2231,143.6686,272.7719,313.4327,2570.62,30421,5432.17,5954.45,5217.28,7.1069,109.22
07/04/2020,0.617,336.168,409.2757,1.0892,1.2332,143.5112,270.9672,311.9931,2563.5,31033.27,5423.52,6088.49,5331.36,7.0671,108.76
08/04/2020,0.623,342.31,409.4229,1.0858,1.2383,143.5112,270.6485,314.2096,2561.07,31693.33,5609.55,6074.86,5306.38,7.0685,108.83
09/04/2020,0.634,333.149,426.0755,1.093,1.2458,143.4142,271.6408,318.0411,2566.62,31681.1,5691.54,6163.32,5459.91,7.0596,108.49
10/04/2020,0.6349,,,1.0937,1.2455,143.4894,,,,31930.62,,,,7.0473,108.47
13/04/2020,0.6382,340.269,428.1719,1.0914,1.2515,143.4321,,,2561.9,31185.35,5634.15,,,7.0544,107.77
14/04/2020,0.6442,327.21,429.9984,1.098,1.2623,143.3028,271.306,317.0261,2561.18,32160.39,5807.1,6217.76,5411.06,7.0471,107.22
15/04/2020,0.6319,306.451,423.0251,1.091,1.2518,143.2286,271.6038,318.1603,2580.72,32015.1,5679.53,5984.33,5230.11,7.0711,107.46
16/04/2020,0.6327,307.526,420.9621,1.084,1.2457,143.3211,271.8913,318.0392,2587.5,31589.51,5712.6,5993.18,5262.77,7.0883,107.92
17/04/2020,0.6366,307.821,412.9677,1.0875,1.2499,143.1403,272.3354,317.8221,2576.64,32583.63,5865.9,6155.02,5411.01,7.0787,107.54
20/04/2020,0.6336,284.727,415.9917,1.0862,1.2442,143.1452,270.7951,316.7875,2582.92,32210.03,5761,6200.2,5435.19,7.0911,107.62
21/04/2020,0.628,225.365,410.3046,1.0858,1.2289,143.232,269.7185,319.4539,2592.24,31574.09,5584.44,5949.47,5274.56,7.1018,107.8
22/04/2020,0.6323,234.529,422.5826,1.0823,1.2334,143.573,268.8571,318.9483,2584.16,31340.19,5712.65,6042.32,5395.73,7.1008,107.75
23/04/2020,0.637,241.645,424.3101,1.0777,1.2344,143.7844,270.1461,320.6867,2585.36,31817.53,5710.04,6079.75,5451.41,7.0941,107.6
24/04/2020,0.6371,241.841,421.9291,1.0823,1.2367,143.9757,271.5161,320.3913,2588.02,31543.33,5789.65,5988.7,5384.04,7.0904,107.51
27/04/2020,0.6465,224.882,419.0649,1.0829,1.2431,143.9231,272.2252,319.0484,2577.59,32396.88,5874.94,6144.38,5472.54,7.0926,107.25
28/04/2020,0.6491,221.666,418.6774,1.082,1.2426,144.0532,272.8355,319.2347,2584.76,32377.18,5844.18,6250.9,5577.1,7.0884,106.87
29/04/2020,0.6557,236.192,416.5394,1.0873,1.2469,144.0564,273.3321,319.7053,2581.74,,5999.74,6393.55,5723.82,7.0731,106.68
30/04/2020,0.6512,258.125,411.8731,1.0955,1.2594,144.0079,274.754,322.0304,2580.43,33069.06,5944.68,6251.16,5524.05,7.0817,107.18
01/05/2020,0.6418,257.736,413.5033,1.0981,1.2506,143.8642,274.7687,320.3584,2578.48,32128.52,5778.53,6251.16,5394.13,7.1349,106.91
04/05/2020,0.6428,265.147,416.522,1.0907,1.2443,143.8741,273.8535,322.0327,2578.16,,5803.12,6020.62,5385.44,7.1305,106.74
05/05/2020,0.6431,301.898,415.8669,1.084,1.2435,143.8773,273.4114,323.0023,2574.09,,5855.58,6150.73,5474.96,7.1226,106.57
06/05/2020,0.64,289.714,410.4954,1.0795,1.235,143.8806,271.6871,322.1748,2564.38,,5815.17,6081.99,5479.03,7.1297,106.12
07/05/2020,0.6495,287.18,419.5648,1.0834,1.2362,143.5868,272.4372,322.2687,2579.67,32219.28,5884.14,6169.7,5563.61,7.0922,106.28
08/05/2020,0.6532,302.342,416.8123,1.0839,1.241,143.5551,,,2570.83,33045.15,5984.55,6228.64,,7.0934,106.65
11/05/2020,0.6489,289.037,413.0189,1.0807,1.2335,143.4045,272.287,321.0011,2562.74,33391.62,5985.66,6179.18,5567.13,7.1052,107.66
12/05/2020,0.6471,290.521,414.7441,1.0848,1.226,143.5438,272.5464,320.9703,2571.19,33352.02,5863.68,6180.16,5618.72,7.1066,107.14
13/05/2020,0.6455,282.589,417.0669,1.0818,1.2232,143.5217,273.4637,321.2485,2577.37,33189.19,5761.7,6022.33,5533.68,7.1121,107.03
14/05/2020,0.6462,296.292,423.1544,1.0805,1.223,143.5396,273.1069,321.0626,2584.48,32612.31,5829.33,5915.93,5389.6,7.11,107.25
15/05/2020,0.6413,306.041,426.996,1.082,1.2116,143.4408,272.9232,320.209,2581.35,32813.23,5852.84,5940.13,5444.26,7.1339,107.06
18/05/2020,0.6524,326.367,421.8562,1.0913,1.2194,143.5305,272.8416,318.7073,2563.24,32970.86,6037.9,6245.36,5677.82,7.1186,107.34
19/05/2020,0.6537,325.725,424.5627,1.0923,1.2253,143.4199,273.5615,319.2458,2567.32,33459.32,5975.15,6225.42,5634.3,7.1181,107.71
20/05/2020,0.6597,335.382,426.4239,1.098,1.2245,143.4705,273.8454,320.0315,2572.69,33724.1,6075.76,6312.03,5695.26,7.1042,107.53
21/05/2020,0.6565,338.693,419.4939,1.095,1.2223,143.6289,274.1,322.4563,2572.77,33653.95,6028.93,6235.54,5649.9,7.1325,107.61
22/05/2020,0.6537,332.349,423.5046,1.0901,1.2173,143.6793,274.2202,322.014,2575.8,33385.16,6044.16,6236.59,5629.1,7.1485,107.64
25/05/2020,0.6545,,,1.0898,1.2191,143.5031,,,,33963.99,,6378,,7.148,107.71
26/05/2020,0.6653,342.01,417.4003,1.0982,1.2334,143.4323,273.7236,319.5663,2567.94,34831.07,6118.54,6437.83,5699.05,7.1446,107.54
27/05/2020,0.6622,330.516,417.0636,1.1006,1.2261,143.4816,274.4541,320.932,2569.45,35073.51,6209.38,6549.14,5770.9,7.1763,107.72
28/05/2020,0.6637,335.667,417.4274,1.1077,1.2321,143.4751,275.0139,320.6611,2564.21,35889.83,6197.02,6642.29,5842.01,7.1729,107.65
29/05/2020,0.6667,351.026,423.0806,1.1101,1.2343,143.3313,275.3408,322.0587,2573.89,35827.13,6227.81,6547.25,5708.44,7.1332,107.83
01/06/2020,0.6798,353.421,422.7471,1.1136,1.2492,143.2343,274.6121,320.2147,2568.98,36129.27,6251.48,6606.75,5792.81,7.1265,107.59
02/06/2020,0.6897,364.734,418.8119,1.117,1.2551,143.237,274.6851,319.7404,2565.78,36560.32,6303,6783.18,5843.28,7.1068,108.68
03/06/2020,0.6921,367.587,411.761,1.1233,1.2575,143.1671,273.5474,316.3633,2554.3,37032.19,6389.67,7020.62,5995.72,7.117,108.9
04/06/2020,0.6942,369.427,417.2213,1.1338,1.2597,142.9136,274.1265,315.4777,2545,37166.44,6369.54,7003.61,5957.33,7.1086,109.15
05/06/2020,0.6969,390.121,406.4991,1.1292,1.2668,142.6808,273.3557,313.3904,2534.76,37441.54,6536.58,7266.89,6091.53,7.0705,109.59
08/06/2020,0.7021,377.067,411.842,1.1294,1.2724,142.6248,274.2073,313.9347,2538.46,37956.35,6615.4,7228.25,6080.53,7.0563,108.43
09/06/2020,0.6961,381.759,415.9017,1.134,1.2728,142.9596,273.8313,316.3716,2548.58,37813.76,6564.27,7131.24,5951.95,7.0766,107.76
10/06/2020,0.6998,385.716,415.6139,1.1374,1.2747,142.9738,273.4718,318.9842,2559.78,37869.31,6529.42,7073.26,5945.76,7.0538,107.12
11/06/2020,0.6855,357.575,420.2292,1.1299,1.2602,143.1924,275.1873,321.9077,2574.83,36801.53,6145.3,6752.99,5713.56,7.0807,106.87
12/06/2020,0.6866,358.496,419.6273,1.1256,1.254,143.1074,275.6384,320.7828,2567.71,36527.35,6227.42,6772.68,5740.34,7.0775,107.38
15/06/2020,0.6919,367.239,417.1937,1.1323,1.2605,143.1989,275.7154,321.0195,2567.91,35258.98,6279.4,6735.45,5702.28,7.0722,107.33
16/06/2020,0.6889,378.277,419.4421,1.1264,1.2573,142.9959,276.0275,321.1909,2557.72,36980.52,6398.58,6963.61,5869.72,7.0821,107.32
17/06/2020,0.6884,374.968,419.2268,1.1244,1.2555,142.9274,276.0639,322.2248,2560.35,36773.45,6375.54,7018.67,5879.56,7.076,107.01
18/06/2020,0.6852,381.408,418.1418,1.1205,1.2424,142.9498,276.6632,318.3074,2567.62,36609.2,6379.56,6981.38,5852.71,7.0813,106.97
19/06/2020,0.6835,387.572,423.4338,1.1178,1.235,142.9007,276.9603,317.1672,2566.67,36810.17,6344.7,7029.37,5917.15,7.0745,106.87
22/06/2020,0.6908,396.131,426.6767,1.1261,1.2469,142.933,277.7089,318.3652,2567.02,36742.18,6385.91,6976.24,5872.03,7.0583,106.91
23/06/2020,0.693,393.005,430.4467,1.1308,1.252,142.9041,277.0709,318.157,2564.96,36925.45,6413.44,7101.5,5943.03,7.0606,106.52
24/06/2020,0.6869,372.773,428.7819,1.1251,1.2419,142.8514,277.6398,319.9237,2570.29,36900.58,6247.66,6880.38,5758.32,7.0791,107.04
25/06/2020,0.6887,378.201,427.6967,1.1218,1.2419,142.8664,277.9548,321.6232,2573.24,36450.6,6316.45,6929.45,5781.97,7.0827,107.19
26/06/2020,0.6865,376.455,430.0416,1.1219,1.2336,142.8544,278.1288,320.5897,2579.69,36861.45,6163.5,6897.7,5793.41,7.0859,107.22
29/06/2020,0.6866,384.921,430.2646,1.1242,1.2298,142.8562,278.0813,321.1258,2579.1,36067.42,6254.78,6961.53,5855.92,7.0764,107.58
30/06/2020,0.6903,379.588,434.9285,1.1234,1.2401,142.6827,278.1176,320.1512,2576.3,36547.19,6351.67,6965.95,5803.22,7.0699,107.93
01/07/2020,0.6915,386.58,429.9541,1.1251,1.2475,142.4067,276.7436,318.1953,2572.51,36273.43,6383.76,6953.85,5792.14,7.0679,107.47
02/07/2020,0.6924,396.791,432.3957,1.1239,1.2468,142.3161,277.9415,319.614,2573.5,36313.16,6414.16,7151.23,5874.45,7.068,107.5
03/07/2020,0.6939,,,1.1248,1.2483,142.5688,277.717,319.6464,,36576.37,,7097.88,5796.26,7.0678,107.51
06/07/2020,0.6973,396.43,433.2484,1.1309,1.2492,142.5465,277.9547,319.6264,2572.13,37245.31,6516.05,7217.77,5917.35,7.0131,107.35
07/07/2020,0.6947,396.248,437.2119,1.1274,1.2542,142.4704,278.1827,320.281,2578.81,37081.75,6445.59,7161.18,5826.95,7.0229,107.52
08/07/2020,0.6982,398.181,439.7984,1.133,1.261,142.7781,278.5221,320.0145,2578.88,36793.09,6496.14,7088.03,5795.19,6.9986,107.26
09/07/2020,0.6964,389.643,435.7408,1.1285,1.2606,142.9497,278.8875,320.412,2588.8,36941.71,6461.31,7035.93,5699.33,6.9976,107.2
10/07/2020,0.695,397.911,435.2579,1.13,1.2622,142.9461,278.918,320.8333,2584.9,36550.67,6528.96,7111.57,5742.47,7.0107,106.93
13/07/2020,0.694,393.379,438.2104,1.1344,1.2555,142.6627,277.811,319.3892,2584.21,37360.58,6467.84,7227.59,5818.57,7.001,107.29
14/07/2020,0.6975,394.951,437.7591,1.14,1.2553,142.6691,278.7887,320.593,2589.15,37036.36,6555.4,7168.81,5821.92,7.0106,107.24
15/07/2020,0.7008,401.418,437.7847,1.1412,1.2587,142.6146,278.6513,318.457,2585.68,37624.18,6615.07,7291.44,5928.28,6.9822,106.94
16/07/2020,0.6971,397.777,434.1969,1.1384,1.2553,142.7607,279.1768,319.4369,2589.68,37337,6592.75,7263.68,5888.76,6.9943,107.27
17/07/2020,0.6996,396.413,435.9102,1.1428,1.2568,142.846,278.8319,318.7837,2586.18,37215.64,6611.86,7264.23,5926.07,6.9928,107.02
20/07/2020,0.7016,397.965,437.4369,1.1448,1.2661,142.7619,279.7403,319.2911,2587.71,37250.17,6667.45,7316.24,5898.97,6.9875,107.27
21/07/2020,0.7128,407.802,444.4512,1.1527,1.2731,142.8314,279.7283,319.8578,2589.26,37522.03,6678.74,7352.98,5906.69,6.9728,106.8
22/07/2020,0.714,408.077,449.9204,1.157,1.2734,142.8758,280.4778,321.1593,2591.78,37305.19,6717.29,7278.3,5847.69,7.0176,107.15
23/07/2020,0.7098,400.246,455.8175,1.1596,1.2741,142.8791,280.6572,320.7245,2596.2,,6635.04,7280.4,5854.41,7.0127,106.86
24/07/2020,0.7105,402.16,457.6733,1.1656,1.2794,142.8823,279.8656,319.7269,2596.69,,6594.1,7149.01,5771.83,7.0173,106.14
27/07/2020,0.7149,403.803,464.8572,1.1752,1.2882,142.8511,280.6676,321.1227,2594.49,37246.56,6642.89,7131.63,5753.97,7,105.37
28/07/2020,0.7158,400.981,466.8793,1.1716,1.2932,142.8729,280.7383,321.3341,2599.49,37150.69,6599.97,7133.18,5776.95,7.0051,105.09
29/07/2020,0.7188,404.898,469.9236,1.1792,1.2997,143.0299,280.5747,320.5612,2598.21,36720.39,6682.01,7125.85,5779.03,6.9993,104.92
30/07/2020,0.7195,396.976,467.5714,1.1847,1.3096,143.0378,281.4315,321.7934,2605.11,36628.15,6658.02,6927.28,5646.61,7.0032,104.73
31/07/2020,0.7143,399.345,472.1135,1.1778,1.3085,143.1591,281.0258,321.4858,2605.74,35596.21,6709.81,6854.12,5559.66,6.9892,105.83
03/08/2020,0.7124,405.542,472.2127,1.1762,1.3075,142.9818,280.8828,321.1932,2600.39,36391.98,6758.2,7013.82,5687.01,6.9823,105.95
04/08/2020,0.716,408.366,480.4634,1.1803,1.3071,143.0272,281.943,322.1844,2608.62,37012.22,6782.6,7026.79,5689.97,6.9746,105.72
05/08/2020,0.7192,415.016,487.1927,1.1863,1.3114,143.1038,281.1325,319.6872,2604.23,36915.27,6826.22,7057.22,5754.75,6.9434,105.6
06/08/2020,0.7236,414.015,491.9725,1.1877,1.3143,143.0452,281.8435,321.2258,2606.4,36754.72,6870.86,6998.22,5689.31,6.9438,105.55
07/08/2020,0.7157,407.732,482.1316,1.1787,1.3052,143.0511,281.7025,318.9778,2601.81,36609.51,6876.65,7026.12,5694.25,6.9695,105.92
10/08/2020,0.715,413.382,484.9171,1.1738,1.3073,143.0608,282.1118,319.1415,2599.57,,6895.59,7041.36,5711.63,6.961,105.96
11/08/2020,0.7143,409.74,462.7137,1.174,1.3048,142.8492,281.1799,316.6185,2584.64,37296.85,6840.67,7197.79,5809.57,6.9415,106.49
12/08/2020,0.7162,418.12,463.3569,1.1784,1.3034,142.6285,280.7437,314.9674,2582.43,37450.46,6937.44,7264.87,5928.31,6.9333,106.91
13/08/2020,0.7149,413.75,468.4459,1.1814,1.3067,142.6466,279.5303,314.589,2574.91,38115.12,6924.96,7220.96,5859.66,6.948,106.93
14/08/2020,0.7171,412.84,463.5498,1.1842,1.3086,142.4115,279.7968,314.1214,2575.13,38180.29,6924.28,7139.32,5769.12,6.9444,106.6
17/08/2020,0.7214,418.217,475.1795,1.187,1.3103,142.481,280.6489,315.3808,2578.15,37864.53,6943.22,7141.03,5804.54,6.9324,106
18/08/2020,0.7243,419.038,478.6044,1.1931,1.3239,142.5277,280.9249,315.3759,2581.3,37789.66,6960.3,7106.02,5756.4,6.906,105.41
19/08/2020,0.7182,417.855,468.4303,1.1838,1.3098,142.6231,281.1716,314.3188,2579.55,37887.25,6930.8,7166.45,5789.91,6.922,106.12
20/08/2020,0.7192,414.214,462.7733,1.186,1.3214,142.577,281.5119,314.259,2584.78,37510.21,6952.92,7072.19,5703.62,6.9071,105.8
21/08/2020,0.7161,409.206,462.8935,1.1797,1.309,142.4783,281.34,314.9953,2586.61,37575.26,6977.27,7041.45,5692.76,6.9208,105.8
24/08/2020,0.7163,415.676,461.0432,1.1788,1.3063,142.6305,281.2348,315.224,2586.67,37682.16,7048.17,7196.97,5790.3,6.9122,105.98
25/08/2020,0.7195,421.597,457.2167,1.1835,1.3152,142.6832,279.5089,312.5016,2581.33,38192.44,7073.6,7192.57,5726.07,6.9042,106.39
26/08/2020,0.7233,420.414,464.2078,1.183,1.321,142.5417,279.5185,310.9374,2579.18,38182.75,7145.77,7251.01,5734.22,6.8807,105.99
27/08/2020,0.7259,415.315,459.4779,1.1822,1.3201,142.5176,279.0888,309.279,2568.06,38048.32,7158.18,7195.44,5691.57,6.8887,106.57
28/08/2020,0.7365,417.229,469.536,1.1903,1.3353,142.2724,279.1843,311.0348,2569.83,37532.95,7207.1,7164.58,5657.01,6.859,105.37
31/08/2020,0.7376,412.405,470.4196,1.1936,1.337,142.4216,278.8298,311.087,2577.2,37954.67,7192.11,7072.35,,6.8477,105.91
01/09/2020,0.7372,415.139,470.4923,1.1912,1.3384,142.465,279.1979,311.3543,2581.16,37951.9,7246.37,7083.29,5560.72,6.837,105.96
02/09/2020,0.7338,404.666,462.3625,1.1855,1.335,142.4862,280.7326,313.9353,2586.42,38130.82,7358.49,7214.76,5635.56,6.8329,106.18
03/09/2020,0.7273,401.388,460.7233,1.1852,1.3281,142.5597,281.1118,314.9042,2591.55,38489.01,7101.38,7142.56,5554.59,6.8472,106.19
04/09/2020,0.7282,388.547,459.8925,1.1838,1.3279,142.5377,280.4577,314.0253,2572.81,38062.38,7043.62,7048.25,5505.44,6.8369,106.24
07/09/2020,0.7277,,,1.1817,1.3166,142.4451,279.9993,314.1823,,37872.97,,7163.85,5636.75,6.8325,106.27
08/09/2020,0.7214,362.32,462.0139,1.1778,1.2982,142.5465,280.6631,317.6837,2580.55,38175.07,6848.42,7062.9,5630.01,6.8538,106.03
09/09/2020,0.7283,371.379,464.7972,1.1803,1.3002,142.6709,280.2202,314.8695,2576.38,37778.81,6986.76,7187.12,5708.37,6.8317,106.18
10/09/2020,0.7258,364.91,467.0336,1.1815,1.2805,142.6728,279.8226,314.3041,2580.31,38111.66,6864.23,7161.04,5699.4,6.8451,106.13
11/09/2020,0.7284,363.065,463.1358,1.1846,1.2796,142.8076,280.8191,317.0917,2583.07,38392.17,6868.22,7167.61,5726.72,6.8331,106.16
14/09/2020,0.7288,361.964,466.8969,1.1866,1.2846,142.8612,281.1743,316.6496,2583.81,38642.81,6957.91,7169.74,5721.18,6.8084,105.73
15/09/2020,0.7302,369.317,467.4927,1.1847,1.2889,142.8719,281.3023,316.0854,2581.65,38471.55,6994.33,7203.17,5796.45,6.7803,105.44
16/09/2020,0.7306,383.315,468.5165,1.1816,1.2967,142.8656,281.5334,316.2769,2579.59,38505.4,6962.29,7217.39,5770.76,6.7453,104.95
17/09/2020,0.7313,391.821,463.62,1.1848,1.2973,142.9091,282.0025,317.317,2581.85,38249.11,6903.82,7169.26,5743.85,6.7539,104.74
18/09/2020,0.7289,390.67,466.5222,1.184,1.2917,142.9206,281.6845,317.2972,2578.68,38316.24,6826.72,7098.18,5703.16,6.7791,104.57
21/09/2020,0.7224,375.702,454.2814,1.1771,1.2817,142.9275,282.5493,318.3349,2582.37,,6748.08,6833.49,5510.65,6.7929,104.65
22/09/2020,0.7171,377.21,453.5694,1.1708,1.2733,142.9307,282.6204,316.856,2584,,6819.08,6840.37,5534.55,6.784,104.93
23/09/2020,0.7072,377.919,444.2501,1.166,1.2724,142.9741,282.5469,315.6862,2582.39,38293.59,6657.82,6874.92,5600.81,6.8252,105.39
24/09/2020,0.7047,380.135,446.2724,1.1672,1.2747,142.9524,282.5268,316.3965,2585.19,37869.31,6678.04,6830.65,5528.72,6.826,105.41
25/09/2020,0.7031,379.516,443.7532,1.1631,1.2746,142.9084,282.706,317.8064,2585.3,38060.89,6784.95,6785.48,5547.6,6.8284,105.58
28/09/2020,0.7071,383.24,447.5613,1.1666,1.2834,142.77,282.7904,317.1607,2583.82,38564.44,6894.27,6971.78,5628.56,6.8131,105.5
29/09/2020,0.713,371.901,452.532,1.1744,1.2863,142.7927,283.347,318.0154,2586.76,38843.62,6861.96,6952.55,5599.67,6.8167,105.66
30/09/2020,0.7162,378.724,450.7024,1.1721,1.292,142.8621,282.7065,315.9864,2580.77,38259.49,6918.83,6907.8,5569.85,6.7838,105.48
01/10/2020,0.7185,367.12,455.6494,1.1748,1.2891,142.7926,283.0411,315.1079,2580.54,38259.49,6956.2,6910.76,5587.37,6.7492,105.53
02/10/2020,0.7161,352.68,453.582,1.1716,1.2935,142.862,283.3237,314.0822,2577.03,38003.35,6889.65,6903.91,5608.92,6.7537,105.29
05/10/2020,0.7181,370.49,456.558,1.1783,1.2979,142.7932,283.0393,312.6575,2565.43,38469.1,7014.23,6967.29,5647.71,6.7192,105.75
06/10/2020,0.7102,382.097,453.8723,1.1734,1.2881,142.6261,283.0205,312.4004,2569.11,38669.74,6916.4,6995.6,5654.36,6.7475,105.63
07/10/2020,0.7139,376.162,449.5935,1.1763,1.2919,142.6209,282.8578,311.8497,2562,38651.74,7036.91,6995.86,5650.85,6.7346,105.98
08/10/2020,0.7165,387.768,450.6171,1.1759,1.2938,142.6697,283.4342,312.3812,2565.7,39021.79,7095.4,7044.19,5681.59,6.7382,106.03
09/10/2020,0.724,383.783,458.0132,1.1826,1.3036,142.6691,284.0682,313.2564,2564.14,38976.61,7157.92,7081.75,5718.3,6.6878,105.62
12/10/2020,0.7209,373.864,458.6589,1.1813,1.3064,142.6714,284.5562,312.9707,,38875.95,7275.43,7135.83,5703.78,6.7449,105.33
13/10/2020,0.7161,380.066,450.5041,1.1746,1.2937,142.6349,284.8681,314.9883,2573.1,38947.06,7229.55,7094.88,5673.68,6.7384,105.48
14/10/2020,0.7162,387.155,453.5253,1.1746,1.3012,142.6341,285.172,315.9937,2574.5,38988.23,7182.38,7082.1,5640.75,6.7108,105.17
15/10/2020,0.7094,385.561,453.9071,1.1708,1.2909,142.736,285.3496,318.1587,2573.11,38791.03,7171.61,6907.73,5544.87,6.7134,105.45
16/10/2020,0.7081,383.347,453.3139,1.1718,1.2915,142.8167,285.8315,317.8424,2570.56,38631.62,7172.7,7021.92,5627.64,6.6939,105.4
19/10/2020,0.7074,380.781,454.5782,1.1769,1.2948,142.8024,285.2377,318.2963,2568.16,39061.49,7055.58,7015.52,5594.43,6.679,105.43
20/10/2020,0.7048,385.655,455.4593,1.1822,1.2948,142.8866,284.8858,317.1563,2561.53,38889.72,7089.06,6983.84,5598.77,6.663,105.5
21/10/2020,0.7117,372.721,458.8133,1.1861,1.3149,142.7687,284.57,314.9225,2558.66,39009.23,7073.65,6881.78,5491.61,6.6441,104.59
22/10/2020,0.7118,379.013,452.8937,1.1818,1.3083,142.7315,283.6565,312.7647,2554.05,38736.64,7111.17,6861.84,5501.96,6.6701,104.86
23/10/2020,0.7139,372.723,453.0376,1.186,1.3039,142.6489,284.0145,312.8548,2555.36,38806.48,7135.81,6921.22,5572.92,6.6679,104.71
26/10/2020,0.7123,361.563,453.1603,1.181,1.3024,142.6922,284.3787,312.8515,2562.43,38769.76,7003.21,6718.69,5508.01,6.7006,104.84
27/10/2020,0.7129,368.652,454.6358,1.1796,1.3044,142.7445,285.1677,315.5632,2566.13,38755.67,6982.14,6643.72,5448.07,6.7152,104.42
28/10/2020,0.7045,351.2,446.8613,1.1746,1.2983,142.7939,284.8576,316.7224,2566.06,38644.04,6735.75,6412.07,5309.05,6.7285,104.32
29/10/2020,0.7029,338.974,444.1992,1.1674,1.293,142.7745,285.5698,316.5133,2558.57,38502.03,6816.79,6406.79,5309.57,6.7089,104.61
30/10/2020,0.7028,336.14,447.0302,1.1647,1.2947,142.6417,285.496,314.1571,2556.44,37921.07,6734.84,6402.86,5305.32,6.6964,104.66
02/11/2020,0.7055,345.268,450.0302,1.1641,1.2917,142.6205,285.5572,315.4671,2558.43,38446.62,6817.89,6536.88,5379.23,6.6889,104.72
03/11/2020,0.7164,351.826,454.2879,1.1715,1.3059,142.6237,285.6512,313.5335,2553.69,,6939.3,6708.3,5504.6,6.6829,104.49
04/11/2020,0.7182,365.294,450.9124,1.1726,1.2988,142.6691,286.2305,316.5227,2570.36,39105.36,7092.3,6843.29,5596.38,6.6237,104.52
05/11/2020,0.7283,362.637,462.9461,1.1826,1.3148,142.9317,286.2213,315.0297,2569.85,39781.97,7231.67,6961.26,5621.19,6.6092,103.49
06/11/2020,0.7258,349.525,464.1126,1.1874,1.3156,142.9164,285.8502,312.701,2562.4,40147.04,7230.51,6936.32,5624.84,6.5915,103.35
09/11/2020,0.7284,375.404,440.9389,1.1813,1.3166,142.9363,283.5468,308.5589,2541.03,40997.6,7315.77,7377.66,5887.78,6.6163,105.38
10/11/2020,0.7284,385.698,446.2023,1.1815,1.3272,142.7129,283.291,307.8284,2539.34,41107.19,7306.75,7452.81,5993,6.599,105.3
11/11/2020,0.7281,387.156,442.6773,1.1777,1.3222,142.639,283.8652,306.9043,,41840,7362.65,7506.24,6074.14,6.618,105.43
12/11/2020,0.7232,384.653,445.5289,1.1806,1.3118,142.6877,284.5851,308.891,2554.99,42123.3,7290.69,7421.59,6042.15,6.6174,105.13
13/11/2020,0.727,377.145,448.5632,1.1834,1.3189,142.7366,285.0262,310.3265,2554.59,41900.61,7390.61,7429.97,6020.66,6.6001,104.63
16/11/2020,0.732,385.88,448.8276,1.1852,1.3199,142.7708,285.3059,309.7026,2553.36,42760.64,7476.79,7503.88,6120.65,6.5743,104.58
17/11/2020,0.7301,385.794,448.1652,1.1862,1.3246,142.791,285.7448,310.7947,2558.14,42937.41,7442.04,7508.79,6067.31,6.5481,104.19
18/11/2020,0.7305,389.986,445.2991,1.1853,1.3273,142.9372,285.6715,310.2847,2557.47,42464.57,7357.34,7538.44,6086.28,6.5618,103.82
19/11/2020,0.7288,388.765,442.3856,1.1875,1.3261,142.9613,285.892,310.6285,2562.75,42309.75,7386.86,7473.05,6038.4,6.5771,103.74
20/11/2020,0.7302,394.18,445.0643,1.1857,1.3275,143.0288,286.0317,311.7072,2567.85,42134.23,7336.76,7506.89,6054.71,6.552,103.86
23/11/2020,0.7286,401.954,436.9872,1.1841,1.3321,143.0383,285.8324,311.0317,2563.95,,7378.94,7497.01,6037.92,6.5815,104.52
24/11/2020,0.7361,417.237,429.121,1.1892,1.3357,142.9292,285.8227,311.4088,2559.27,43187.64,7498.29,7594.3,6131.65,6.5751,104.44
25/11/2020,0.7365,423.875,429.1931,1.1917,1.338,142.9194,285.8942,312.2067,2558.52,43404.31,7486.68,7602.78,6092.49,6.5631,104.46
26/11/2020,0.7362,,,1.1913,1.3358,142.8725,286.1631,313.7816,,43801.19,,7600.71,6070.83,6.5695,104.26
27/11/2020,0.7387,421.868,423.7212,1.1963,1.3311,142.7955,286.1508,313.3057,2564.45,43978.46,7505.38,7637.18,6075.26,6.5754,104.09
30/11/2020,0.7344,418.728,422.0181,1.1927,1.3323,142.7906,285.7751,312.6755,2565.34,43630.05,7472.06,7560.87,5978.52,6.5839,104.31
01/12/2020,0.7371,413.926,431.0239,1.2071,1.342,142.8497,284.6111,310.2081,2550.25,44214.21,7556.51,7632.82,6091.63,6.5524,104.33
02/12/2020,0.7416,420.825,433.7027,1.2115,1.3365,142.8564,284.7638,310.4339,2547.17,44236.39,7570.76,7625.65,6166.67,6.5436,104.42
03/12/2020,0.7439,424.407,436.2867,1.2144,1.345,142.8712,285.499,311.1894,2552.66,44250.24,7567.44,7616.5,6193.45,6.5356,103.84
04/12/2020,0.7425,429.56,436.027,1.2121,1.3441,142.8395,285.1822,310.3664,2544.76,44154.29,7634.77,7664.52,6250.68,6.5173,104.17
07/12/2020,0.7421,426.157,442.1914,1.2109,1.338,142.855,285.9757,313.3474,2551.69,43817.91,7620,7644.62,6255.6,6.5196,104.05
08/12/2020,0.7411,426.246,444.3014,1.2104,1.3355,142.9971,286.5965,315.1424,2554.9,43685.27,7641.43,7635.49,6258.87,6.5202,104.16
09/12/2020,0.7447,425.897,435.6766,1.2081,1.3399,143.0475,286.5875,315.1608,2550.78,44264.38,7581.06,7642.94,6264.09,6.5284,104.23
10/12/2020,0.7535,437.687,435.4169,1.2138,1.3295,143.0885,286.5139,317.6001,2557.8,44162.54,7571.87,7628.42,6299.16,6.5356,104.24
11/12/2020,0.7533,435.767,436.8871,1.2112,1.3224,143.0831,287.3113,319.2018,2560.29,43991.34,7562.46,7549.42,6248.57,6.5397,104.04
14/12/2020,0.7535,438.827,434.1648,1.2144,1.3324,143.0236,287.0855,316.9524,2560.56,44123.27,7530.87,7588.67,6234.33,6.529,104.05
15/12/2020,0.7559,442.845,439.6635,1.2151,1.346,143.0753,287.1308,314.598,2555.66,44049.66,7628.28,7626.65,6216.66,6.5171,103.67
16/12/2020,0.7577,445.902,440.565,1.22,1.3509,143.016,286.235,313.6716,2555.78,44164.47,7641.82,7673.22,6271.63,6.5125,103.47
17/12/2020,0.7622,450.269,447.9833,1.2268,1.3585,143.0297,286.3773,314.1706,2554.17,44245.79,7686.18,7711.93,6261.21,6.5168,103.11
18/12/2020,0.7622,456.383,447.6287,1.2257,1.3523,143.0555,286.1536,315.6357,2551.4,44174.35,7659.75,7679.17,6240.3,6.518,103.3
21/12/2020,0.7587,445.208,446.186,1.2244,1.3464,143.0024,286.2605,317.6275,2553.24,44093.52,7630.07,7468.95,6132.44,6.5359,103.32
22/12/2020,0.7523,438.048,443.2248,1.2163,1.3361,143.0467,286.4887,318.3372,2557.71,43634.62,7614.83,7574.66,6167.65,6.5401,103.64
23/12/2020,0.7575,447.481,445.0744,1.2187,1.3493,143.1215,285.335,312.7534,2551.84,43780.53,7620.63,7665.88,6208.35,6.5339,103.57
24/12/2020,0.7597,448.355,446.2841,1.2187,1.3558,143.019,285.3488,314.8489,2555.72,44017.48,7648.39,7674.57,6214.52,6.5178,103.65
25/12/2020,0.7605,,,1.2193,1.356,142.9144,,,,43998.1,,,,6.5104,103.43
28/12/2020,0.7579,444.517,445.625,1.2216,1.3452,142.8958,,,2555.88,44323.95,7715.1,7744.16,,6.5332,103.81
29/12/2020,0.7606,447.4,446.2187,1.2249,1.3503,142.8359,286.3008,316.8677,2555.4,45558.97,7697.93,7757.07,6310.62,6.518,103.58
30/12/2020,0.7686,450.895,448.7082,1.2298,1.3625,142.8124,286.1963,316.7662,2556.95,45354.08,7709.1,7735.89,6265.86,6.5062,103.19
31/12/2020,0.7694,452.381,449.1122,1.2216,1.367,142.8155,286.2102,317.9063,2559.4,,7759.35,7694.85,6174.77,6.5028,103.25
01/01/2021,0.7694,,,1.2215,1.3672,,,,,,,,,,103.2
04/01/2021,0.7665,446.185,461.3218,1.2248,1.3571,142.8001,286.5484,317.8962,2559.08,45047.04,7645.27,7724.15,6281.21,6.4551,103.13
05/01/2021,0.7759,468.107,463.1714,1.2298,1.3627,142.9305,286.346,316.5853,2552.32,44882.19,7700.34,7688.32,6319.8,6.437,102.72
06/01/2021,0.7802,474.221,452.3185,1.2327,1.3608,142.843,285.8483,315.0335,2536.68,44712.49,7744.43,7825.32,6539.25,6.4498,103.04
07/01/2021,0.7769,474.921,453.5046,1.2272,1.3568,142.7236,285.7097,312.6449,2532.91,45430.03,7861.1,7849.91,6554.36,6.4714,103.81
08/01/2021,0.7757,488.983,434.9731,1.2218,1.3568,142.661,286.0402,313.0211,2529.23,46502.4,7905.28,7898.95,6569.94,6.4649,103.94
11/01/2021,0.7697,486.439,438.6147,1.2151,1.3518,142.6705,285.3777,312.049,2526.51,,7853.45,7846.01,6498.46,6.4794,104.26
12/01/2021,0.7772,494.372,437.0436,1.2207,1.3664,142.705,284.1254,310.849,2525.64,46544.23,7856.72,7829.96,6456.05,6.4424,103.76
13/01/2021,0.7733,490.824,439.5628,1.2157,1.3639,142.8155,285.5983,312.8214,2533.96,47027.2,7874.75,7839.44,6447.84,6.467,103.89
14/01/2021,0.7778,493.983,438.7549,1.2155,1.3689,142.7624,285.5903,313.5385,2527.98,47426.58,7846.1,7893.34,6503.27,6.4643,103.8
15/01/2021,0.7703,483.368,433.6245,1.2082,1.359,142.7417,285.4874,313.1989,2531.73,47130.63,7789.79,7802.69,6439.93,6.4847,103.85
18/01/2021,0.7681,,,1.2077,1.3587,142.5587,284.9937,313.1558,,46672.91,,7812.47,6425.52,6.4971,103.69
19/01/2021,0.7695,488.9,436.0645,1.2129,1.363,142.5357,285.3673,313.7066,2534.33,47319.49,7853.47,7797.14,6418.16,6.4808,103.9
20/01/2021,0.7747,489.603,442.2612,1.2106,1.3654,142.5362,285.2074,312.7665,2534.87,47137.37,7962.92,7859.2,6444.4,6.4617,103.54
21/01/2021,0.7764,489.517,442.0494,1.2164,1.3733,142.6633,283.8894,311.6871,2531.2,47523.42,7966.11,7846.87,6420.53,6.4653,103.5
22/01/2021,0.7715,483.2,439.8276,1.2171,1.3686,142.5738,284.03,312.2275,2533.26,47316.17,7942.2,7812.31,6401.06,6.497,103.78
25/01/2021,0.7713,486.977,439.6179,1.2139,1.3675,142.5656,285.1402,314.6245,2541.46,47631.55,7970.92,7705.46,6347.32,6.4871,103.75
26/01/2021,0.7747,486.276,438.6256,1.216,1.3736,142.66,285.0046,314.2795,2540.66,47175.25,7959.1,7791.52,6361.81,6.4727,103.62
27/01/2021,0.7663,485.575,437.2314,1.2111,1.3687,142.6198,285.1169,314.7132,2542.74,47322.38,7754.74,7669.11,6278.98,6.4961,104.11
28/01/2021,0.7683,481.715,435.4114,1.2122,1.3721,142.5966,285.1006,314.3005,2538.29,46601.09,7831.22,7713.92,6239.67,6.4743,104.24
29/01/2021,0.7644,480.927,437.5644,1.2136,1.3708,142.464,284.4663,312.3433,2534.92,45718.51,7681.01,7549.97,6126.19,6.4522,104.68
01/02/2021,0.7621,492.249,440.7835,1.206,1.3663,142.3272,284.5462,312.4313,2536.34,46425.29,7804.31,7657.11,6182.56,6.4743,104.93
02/02/2021,0.7607,501.902,433.5715,1.2044,1.3668,142.3,283.8651,311.1423,2531.47,46873.36,7912.87,7786.39,6230.58,6.4589,104.98
03/02/2021,0.7618,510.414,433.9743,1.2036,1.3647,142.3498,283.8526,310.4438,2525.55,47343.26,7920.85,7828.21,6222.14,6.4595,105.03
04/02/2021,0.76,513.924,423.5934,1.1964,1.3672,142.3962,283.8208,307.6152,2524.24,46839.94,8007.62,7904.24,6218.22,6.4726,105.54
05/02/2021,0.7678,518.4,428.7495,1.2046,1.3735,142.4448,283.7213,305.3112,2518.95,47562.55,8039.67,7933.86,6204.46,6.4593,105.39
08/02/2021,0.7702,528.845,433.7654,1.205,1.3741,142.3268,283.6932,305.8174,2520.9,48569.54,8099.33,7954.99,6237.17,6.4411,105.23
09/02/2021,0.7739,532.706,434.5462,1.2119,1.3817,142.2447,283.7945,306.8109,2521.58,48763.61,8091.7,7945.49,6244.84,6.4204,104.59
10/02/2021,0.7722,535.866,435.7764,1.2118,1.3834,142.2075,283.5872,305.7672,2526.54,48858.64,8089.11,7917.8,6237.96,6.429,104.59
11/02/2021,0.7752,532.707,432.0166,1.213,1.3816,142.2106,284.0316,306.2904,2523.55,,8104.19,7968.38,6242.28,6.4233,104.75
12/02/2021,0.7761,542.974,431.1657,1.212,1.3849,142.3164,283.1741,304.2963,2515.17,48787.81,8142.79,8020.31,6300.67,6.4217,104.94
15/02/2021,0.7781,,,1.2129,1.3903,142.2099,282.215,302.0637,,49720.06,,8104.08,6459.69,6.406,105.38
16/02/2021,0.7758,550.698,425.4443,1.2106,1.3903,142.1674,281.6557,300.3373,2503.25,50354.04,8139.16,8088.33,6452.76,6.4251,106.04
17/02/2021,0.7751,558.069,419.2488,1.2038,1.3857,141.955,281.4862,302.4684,2506.54,50063.89,8137.88,8030.7,6416.47,6.4355,105.87
18/02/2021,0.7768,554.121,419.7695,1.2092,1.3975,142.0148,280.5083,300.8682,2505.19,49971.17,8102.24,7989.87,6338.25,6.46,105.69
19/02/2021,0.7869,545.26,420.3376,1.2119,1.4016,141.9147,280.1479,298.5359,2496.38,49610.6,8087.68,8060.25,6344.83,6.4542,105.45
22/02/2021,0.7916,564.741,427.6702,1.2157,1.4063,141.7189,280.9132,298.8819,2491.88,49838.85,8025.81,8030.71,6333.55,6.4667,105.08
23/02/2021,0.7911,565.795,427.0793,1.215,1.4113,141.722,280.1503,297.0074,2491.38,,8036.06,8007.37,6346.67,6.4601,105.25
24/02/2021,0.7968,580.712,425.1877,1.2166,1.4141,141.6127,279.2725,294.4245,2486.97,49038.4,8127.38,8044.02,6378.31,6.4476,105.87
25/02/2021,0.7873,580.098,419.867,1.2175,1.4015,141.3444,277.9512,294.4754,2465.7,49879.18,7929.56,7999.08,6384.64,6.4892,106.21
26/02/2021,0.7706,565.27,408.8469,1.2075,1.3933,141.162,279.0882,294.0786,2488.92,47891.4,7892.81,7893.07,6222.88,6.4807,106.57
01/03/2021,0.7772,558.865,407.4762,1.2049,1.3925,141.4145,280.7874,296.003,2482.33,49044.61,8080.78,8045.39,6323.76,6.4699,106.76
02/03/2021,0.782,550.179,409.9835,1.2091,1.3955,141.6932,280.6217,298.6595,2484.51,48622.46,8015.54,8047.78,6347.96,6.4748,106.69
03/03/2021,0.7775,562.201,405.7744,1.2063,1.3954,141.9033,279.4316,296.0976,2475.24,48872,7911.21,8060.26,6407.2,6.4774,107.01
04/03/2021,0.7726,585.63,402.2038,1.1969,1.3895,141.661,279.6197,297.7484,2468.8,47832.05,7806.45,8044.4,6398.56,6.4918,107.98
05/03/2021,0.7686,608.621,401.684,1.1915,1.3841,142.2612,279.2127,296.8742,2468.2,47723.28,7958.98,7967.75,6378.98,6.5163,108.31
08/03/2021,0.765,599.139,396.8248,1.1847,1.3824,141.9721,279.1528,297.5273,2461.1,47523.11,7916.41,8171.18,6464.22,6.5515,108.89
09/03/2021,0.7714,593.265,406.0185,1.1901,1.3892,141.7274,279.8735,298.926,2470,47993.81,8029.2,8220.73,6475.01,6.5187,108.48
10/03/2021,0.7736,596.214,407.1624,1.1929,1.3932,141.7697,280.0119,299.2381,2472.85,48008.06,8078.05,8294.27,6470.45,6.4948,108.38
11/03/2021,0.779,610.278,407.333,1.1986,1.3991,142.1033,280.8356,297.846,2470.33,48297.53,8162.58,8350.1,6491.25,6.4788,108.51
12/03/2021,0.7764,607.862,406.6724,1.1953,1.3924,142.0367,279.9379,294.8133,2455.58,49134.45,8172.9,8323.45,6514.87,6.4962,109.03
15/03/2021,0.7755,604.821,408.8933,1.1929,1.39,142.0055,280.6516,295.9305,2459.04,49215.7,8226.32,8315.8,6503.53,6.498,109.13
16/03/2021,0.7746,601.242,409.2242,1.1903,1.3891,142.1264,280.5031,296.1742,2457.88,49470.52,8213.63,8361.65,6555.48,6.5011,109
17/03/2021,0.7798,599.453,408.2801,1.1979,1.3966,142.1832,279.112,294.6971,2455.26,49459.34,8237.35,8359,6516.03,6.4861,108.84
18/03/2021,0.7759,560.343,409.5555,1.1915,1.3925,142.1462,278.7499,293.3817,2446.54,49959.35,8116.17,8399.06,6538.61,6.5072,108.89
19/03/2021,0.7742,571.888,411.7516,1.1904,1.3872,141.9475,279.3259,294.6316,2448.3,49257.17,8112.13,8332.79,6470.16,6.5079,108.88
22/03/2021,0.7746,573.68,410.9263,1.1933,1.3864,142.3754,279.5917,295.4514,2455.23,48235.55,8169.14,8325.88,6486.94,6.5071,108.85
23/03/2021,0.7624,541.998,407.8806,1.1849,1.3752,142.509,280.3617,297.238,2462.65,47940.87,8106.83,8311.08,6460.98,6.5203,108.59
24/03/2021,0.7582,571.174,409.7697,1.1813,1.3686,142.6279,280.7573,297.8246,2465.78,46965.62,8063,8323.07,6474.19,6.5292,108.73
25/03/2021,0.758,549.516,407.8337,1.1764,1.3734,142.4818,281.1865,298.8418,2462.33,47502.81,8105.51,8326.91,6444.25,6.5482,109.19
26/03/2021,0.7637,572.338,409.5811,1.1794,1.3789,142.392,280.6159,297.8664,2458.03,48241.21,8240.38,8401.01,6507.74,6.5401,109.64
29/03/2021,0.7633,576.098,404.8358,1.1765,1.3762,142.5405,279.8386,296.5336,2452.46,48585.48,8233.24,8436.19,6503.46,6.5751,109.81
30/03/2021,0.7597,569.296,398.0833,1.1717,1.374,142.4186,279.0523,294.6749,2453.74,48960.3,8208.1,8530.32,6538.18,6.5729,110.36
31/03/2021,0.7598,557.662,405.0724,1.173,1.3783,142.2312,279.4858,294.2904,2450.55,48537.95,8238.48,8515.14,6481.71,6.5647,110.72
01/04/2021,0.7617,576.904,408.0948,1.1777,1.3833,141.9839,280.1327,295.7547,2458.93,48887.39,8335.91,8575.74,6506.24,6.5747,110.62
02/04/2021,0.761,,,1.1759,1.3832,141.9698,,,2451.97,49661.12,,,,6.5771,110.69
05/04/2021,0.7651,553.368,408.1902,1.1813,1.39,141.9699,,,2455.05,50052.45,8457.4,,,6.5565,110.18
06/04/2021,0.7664,558.738,411.5432,1.1876,1.3824,142.1293,279.5276,296.1473,2462.27,49399.34,8449.54,8634.7,6589.53,6.5424,109.75
07/04/2021,0.7614,562.139,411.2129,1.1868,1.3737,142.352,279.5258,296.3803,2459.33,49456.16,8462.18,8605.03,6649.19,6.5484,109.85
08/04/2021,0.7653,561.244,415.1326,1.1914,1.3735,142.3163,279.8347,297.4814,2465.26,49419.88,8499.85,8650.83,6708.19,6.5569,109.26
09/04/2021,0.7623,559.634,411.9689,1.1899,1.3707,142.2272,278.9216,296.8167,2461.64,49518.16,8565.57,8653.02,6682.61,6.5584,109.67
12/04/2021,0.7623,562.588,409.1126,1.1911,1.3741,142.1898,278.774,296.786,2460.58,49136.68,8564.03,8616.17,6656.88,6.548,109.38
13/04/2021,0.7641,566.347,412.6309,1.1948,1.375,142.2542,278.5953,296.9371,2466.82,49490.8,8592.25,8627.25,6658.21,6.5436,109.06
14/04/2021,0.7728,592.034,409.9631,1.198,1.3779,142.476,278.1542,295.8318,2464.6,49273.52,8558.16,8647.46,6705.64,6.5316,108.93
15/04/2021,0.7752,594.719,417.1648,1.1967,1.3787,142.4725,278.8558,298.9046,2475.87,49309.62,8653.29,8684.76,6753.86,6.5266,108.76
16/04/2021,0.7734,593.287,420.3289,1.1983,1.3832,142.4994,278.3841,297.3787,2470.67,49377.29,8684.51,8771.83,6788.71,6.5261,108.8
19/04/2021,0.7759,594.81,418.0629,1.2037,1.3986,142.518,277.8985,297.8461,2469.5,49380.62,8638.42,8746.04,6769.9,6.509,108.17
20/04/2021,0.7726,589.977,419.9049,1.2036,1.3937,142.5824,278.1048,298.5562,2474.11,48407.51,8579.95,8578.04,6634.3,6.5005,108.11
21/04/2021,0.7754,578.88,423.3761,1.2035,1.3931,142.7528,278.4593,298.0166,2475.2,47423.02,8659.8,8656.29,6668.56,6.4902,108.08
22/04/2021,0.7707,579.507,420.7555,1.2015,1.3839,142.759,278.5391,298.7268,2477.17,48553.55,8580.73,8739.86,6714.25,6.4958,107.97
23/04/2021,0.7739,585.504,419.7641,1.2097,1.3876,142.7402,278.1762,298.1821,2474.93,48274.85,8674.8,8736.68,6714.56,6.49,107.88
26/04/2021,0.78,582.014,420.308,1.2086,1.3899,142.6876,278.1601,298.0858,2473.71,48450.51,8690.26,8752.98,6738.32,6.4724,108.08
27/04/2021,0.7765,589.533,420.0013,1.2091,1.3913,142.624,277.9202,297.6142,2467.26,48227.04,8688.45,8735.71,6720.76,6.4804,108.7
28/04/2021,0.7791,597.677,418.8446,1.2126,1.3935,142.4619,277.5397,296.907,2469.2,48330.42,8681.17,8746.78,6738.86,6.4759,108.6
29/04/2021,0.7766,609.044,417.5226,1.2121,1.3944,142.465,276.5335,295.5241,2466.94,,8740.35,8710.86,6739.81,6.4647,108.93
30/04/2021,0.7716,597.499,417.3811,1.202,1.3822,142.4577,276.5017,295.8043,2468.93,47928.96,8678.16,8670.31,6747.87,6.4735,109.31
03/05/2021,0.7763,604.66,423.0722,1.2064,1.3911,142.467,276.9033,295.8508,2470.58,,8702.02,8727.89,,6.4707,109.07
04/05/2021,0.7707,616.474,419.3418,1.2014,1.3887,142.4701,277.4676,297.6857,2474.02,,8643.91,8565,6702.72,6.4838,109.33
05/05/2021,0.7747,617.191,421.3017,1.2005,1.3905,142.4732,277.0303,296.5208,2476.27,,8650.04,8743.33,6815.15,6.4875,109.21
06/05/2021,0.7782,609.404,428.7159,1.2065,1.3889,142.5154,276.8928,297.107,2477.09,48791.87,8722.04,8744.7,6857.48,6.4644,109.09
07/05/2021,0.7844,611.105,432.3995,1.2166,1.3984,142.5322,276.3137,297.6202,2476.3,48835.87,8787.82,8830.29,6909.36,6.4161,108.6
10/05/2021,0.783,611.608,433.8872,1.2129,1.4118,142.5704,276.3938,296.8028,2470.89,49102.89,8696.29,8814.38,6903.52,6.4221,108.81
11/05/2021,0.7842,613.962,433.5145,1.2148,1.4142,142.642,275.1691,294.6254,2467.2,47589.55,8620.98,8645.06,6733.26,6.4288,108.62
12/05/2021,0.7725,620.836,430.3765,1.2072,1.4054,142.6605,274.3996,293.0954,2458.56,46822.56,8437.24,8648.04,6788.15,6.4588,109.67
13/05/2021,0.773,600.599,430.6787,1.2081,1.4052,142.4275,274.1166,292.4916,2461.55,45658.96,8541.39,8666.07,6751.48,6.4481,109.47
14/05/2021,0.7771,613.232,433.9571,1.2141,1.4097,142.5497,274.0216,293.7276,2466.48,46717.69,8669.49,8808.57,6829.32,6.4378,109.35
17/05/2021,0.7764,619.82,440.9387,1.2152,1.4134,142.6085,273.5946,293.8365,2464.88,46285.79,8647.57,8788.17,6818.88,6.4425,109.21
18/05/2021,0.7792,614.587,441.0568,1.2222,1.4189,142.5948,273.7342,293.7082,2464.48,47253.95,8574.98,8784.88,6820.24,6.4217,108.9
19/05/2021,0.7728,596.901,444.1938,1.2175,1.4115,142.6112,273.7023,294.4019,2460.75,46651.12,8550.95,8634.43,6738.75,6.4402,109.22
20/05/2021,0.7776,584.449,444.3119,1.2228,1.419,142.5332,274.2742,294.3591,2467.51,46740.61,8641.98,8774.26,6815.31,6.4339,108.78
21/05/2021,0.7732,595.728,443.1328,1.2182,1.415,142.4713,274.7963,294.6324,2468.51,47105.87,8635.55,8831.01,6813.63,6.4368,108.96
24/05/2021,0.7752,613.686,444.973,1.2216,1.4157,142.5013,275.0684,295.5931,2471.29,47183.69,8722,8860.27,6846.18,6.4096,108.75
25/05/2021,0.7751,614.318,448.2278,1.225,1.4153,142.544,275.8773,296.7712,2478.54,47498.7,8703.59,8861.3,6825.02,6.4113,108.78
26/05/2021,0.7743,616.484,449.0063,1.2192,1.4119,142.5696,276.7974,298.1487,2477.01,47645.43,8720.04,8851.7,6822.24,6.3814,109.15
27/05/2021,0.7747,620.905,447.7565,1.2195,1.4207,142.5685,276.0779,296.518,2474.02,47490.43,8730.97,8868.24,6817.79,6.3732,109.81
28/05/2021,0.7712,616.665,449.3605,1.2192,1.4188,142.4855,276.2789,297.2086,2477.44,48489.18,8738.77,8937.8,6820.64,6.3603,109.85
31/05/2021,0.7734,,,1.2227,1.4212,142.4943,276.3663,297.2551,2477.44,48007.89,,8869.85,,6.3728,109.58
01/06/2021,0.7754,630.291,449.2905,1.2213,1.415,142.4881,276.3686,295.5661,2473.14,47931.8,8734.74,8940.76,6876.83,6.3831,109.48
02/06/2021,0.7754,640.217,450.4464,1.2211,1.4171,142.4544,276.7486,296.358,2474.82,48151.05,8748.3,8978.9,6903.57,6.3833,109.56
03/06/2021,0.7658,639.676,441.8146,1.2127,1.4106,142.4004,276.4923,295.1984,2470.61,48337.31,8717.97,8958.57,6866.12,6.3992,110.29
04/06/2021,0.7739,645.091,446.2252,1.2167,1.4157,142.3615,276.9347,296.4185,2480.71,48143.37,8795.08,8980.83,6870.68,6.3923,109.52
07/06/2021,0.7754,641.663,447.8297,1.219,1.4183,142.4103,276.5973,295.8827,2478.94,48272.65,8788.28,8998.99,6878.62,6.3875,109.25
08/06/2021,0.7742,647.98,446.7923,1.2173,1.4157,142.5031,277.1757,297.0224,2483.91,48180.03,8790,8995.39,6895.99,6.3998,109.5
09/06/2021,0.7731,647.439,447.052,1.218,1.4118,142.6335,277.9001,298.4878,2489.89,48009.09,8774.31,8997.23,6882.31,6.3876,109.63
10/06/2021,0.7754,649.515,447.2646,1.217,1.4177,142.7941,277.7053,297.7896,2495.03,48171.71,8815.56,8995.54,6890.67,6.3862,109.33
11/06/2021,0.7708,650.688,443.3026,1.2109,1.4107,142.9413,278.4477,299.252,2492.58,48155.36,8832.94,9062.79,6935.28,6.3966,109.66
14/06/2021,0.7712,652.314,440.0724,1.212,1.4112,142.906,277.9715,298.4391,2486.55,48509.8,8851.17,9075.9,6947.55,6.4058,110.07
15/06/2021,0.7687,661.428,437.8322,1.2126,1.4083,142.7874,277.6555,298.0673,2486.16,48974.74,8833.68,9099.74,6972.63,6.4069,110.08
16/06/2021,0.761,664.045,439.0117,1.1995,1.3988,142.667,277.7957,298.5711,2478.4,48724.74,8786.18,9117.82,6984.75,6.4405,110.71
17/06/2021,0.7552,652.315,418.5874,1.1907,1.3922,142.5266,277.3718,297.8253,2486.65,48272.94,8782.58,9131.83,6955.46,6.4571,110.21
18/06/2021,0.7479,656.286,417.2197,1.1864,1.381,142.647,277.4055,299.8075,2496.48,48185.32,8667.76,8967.63,6823.26,6.4616,110.21
21/06/2021,0.7535,668.198,420.4989,1.1919,1.3934,142.7647,277.0508,299.5526,2487.96,46601.47,8789.52,9031.24,6866.84,6.4672,110.27
22/06/2021,0.7554,668.47,419.2023,1.194,1.3949,142.7024,276.7961,298.1265,2490.92,48056,8834.56,9054.94,6893.79,6.4806,110.65
23/06/2021,0.7575,672.261,420.6179,1.1926,1.3964,142.71,276.9343,297.8374,2487.77,48041.53,8825.01,8952.3,6878.28,6.4781,110.96
24/06/2021,0.7583,675.059,419.0382,1.1932,1.3922,142.728,277.1517,299.1946,2488.25,48050.68,8877.06,9058.28,6918.86,6.4709,110.87
25/06/2021,0.759,680.203,419.2982,1.1935,1.3879,142.7176,276.0369,297.8405,2482.22,48371.86,8906.79,9054.4,6944.25,6.4612,110.75
28/06/2021,0.7567,669.016,419.9837,1.1925,1.3883,142.6481,276.8195,299.5176,2489.22,48348.38,8927.4,8986.83,6882.86,6.4613,110.63
29/06/2021,0.7512,670.281,415.9512,1.1897,1.3836,142.6365,276.779,299.2369,2490.43,48003.06,8930.67,9025.51,6897.04,6.4659,110.53
30/06/2021,0.7498,673.35,417.8386,1.1858,1.3831,142.588,277.671,299.4546,2493.36,47970.26,8942.78,8930.55,6848.31,6.4683,111.11
01/07/2021,0.747,684.359,419.0657,1.185,1.3767,142.7674,277.7628,299.2824,2492.5,47829.49,8990.08,8962.62,6934.69,6.4726,111.53
02/07/2021,0.7526,687.338,420.5993,1.1865,1.3824,142.869,278.4395,299.9711,2497.55,47956.52,9058.66,8974.52,6932.84,6.4717,111.05
05/07/2021,0.753,,,1.1864,1.3844,142.9405,277.9667,299.6947,,47648.14,,8981.25,6973.38,6.462,110.97
06/07/2021,0.7497,672.543,423.1724,1.1824,1.38,142.8936,279.2808,302.5516,2508.31,47723.15,9040.76,8904.99,6911.06,6.4796,110.63
07/07/2021,0.7487,662.618,425.0363,1.179,1.3801,142.9409,279.8261,304.0661,2514.41,47262.87,9071.14,8962.43,6959.86,6.4745,110.66
08/07/2021,0.7429,668.845,424.5888,1.1845,1.3786,143.0822,279.8198,304.2099,2519.19,46848.14,8995.26,8775.07,6847.71,6.4934,109.72
09/07/2021,0.7488,681.826,427.0412,1.1876,1.3901,142.9967,279.2529,301.7053,2508.59,46552.22,9096.84,8943.1,6936.56,6.4813,110.14
12/07/2021,0.7476,678.715,425.9354,1.1861,1.3883,142.9918,279.5429,302.5786,2507.34,47599.55,9128.22,8998.68,6940.01,6.4764,110.37
13/07/2021,0.7447,690.599,426.8923,1.1776,1.3814,143.0621,279.83,303.9325,2500.5,47848.17,9096.15,9001.29,6939.32,6.4797,110.63
14/07/2021,0.7481,674.868,430.448,1.1837,1.386,143.1354,280.0971,304.0142,2509.77,47665.31,9107.85,9012.14,6906.67,6.4592,109.97
15/07/2021,0.7423,664.269,431.3899,1.1812,1.3829,143.3399,280.2987,302.2265,2517.07,47116.49,9078.33,8917.38,6829.56,6.4613,109.83
16/07/2021,0.7401,666.575,428.0959,1.1806,1.3767,143.2723,280.8306,303.7291,2515.75,46656.62,9009.89,8872.03,6825.73,6.4755,110.07
19/07/2021,0.7344,622.059,426.7092,1.18,1.3675,143.2833,281.5011,307.3075,2532.8,46072.91,8867.07,8639.37,6666.29,6.495,109.46
20/07/2021,0.733,628.604,427.1804,1.1781,1.3628,143.3689,281.9458,308.0423,2528.61,45632.09,9001.77,8700.52,6702.08,6.4882,109.85
21/07/2021,0.7359,654.228,425.3454,1.1794,1.3713,143.2732,281.4153,305.824,2518.25,45898.4,9075.97,8855.22,6816.17,6.4645,110.29
22/07/2021,0.7379,667.41,425.7696,1.1771,1.3768,143.2762,282.1195,307.5106,2524.7,,9094.95,8926.39,6788.22,6.4757,110.14
23/07/2021,0.7366,669.715,424.9936,1.1771,1.3748,143.2793,282.293,307.25,2520.59,,9187.64,9038.46,6845.96,6.4764,110.55
26/07/2021,0.7385,671.746,424.407,1.1803,1.3818,143.3031,282.233,307.8959,2518.96,46373.73,9209.63,9024.13,6843.87,6.4835,110.39
27/07/2021,0.7362,669.995,424.5488,1.1817,1.3879,143.2253,282.5209,308.2377,2526.62,46601.87,9166.27,8941.07,6815.28,6.5269,109.78
28/07/2021,0.7376,673.867,424.6906,1.1845,1.3902,143.2692,282.4948,307.9996,2527.32,45954.48,9164.62,9025.1,6835.3,6.4859,109.91
29/07/2021,0.7396,685.39,432.0337,1.1887,1.3959,143.2953,282.5941,308.0281,2522.42,46291.55,9204.25,9055.33,6897.96,6.4574,109.48
30/07/2021,0.7344,687.511,427.6571,1.187,1.3904,143.323,282.7849,308.0557,2527.29,45460.39,9155.21,8994.89,6853.01,6.4633,109.72
02/08/2021,0.7361,665.484,428.8355,1.187,1.3883,143.351,283.4243,308.8403,2535.09,46289.22,9138.36,9055,6901.17,6.465,109.31
03/08/2021,0.7396,661.522,426.9299,1.1864,1.3916,143.4341,283.6195,310.1952,2535.74,46057.42,9213.35,9057.91,6924.56,6.4666,109.04
04/08/2021,0.7379,644.01,427.0246,1.1837,1.3889,143.5109,283.5597,309.7456,2535.79,45961.43,9170.76,9117.2,6942.23,6.463,109.48
05/08/2021,0.7405,652.583,425.7073,1.1834,1.3931,143.4445,284.3165,310.3093,2529.62,46201.43,9226.49,9152.8,6946.8,6.462,109.77
06/08/2021,0.7356,648.16,414.9293,1.1762,1.3872,143.3606,283.1986,306.8019,2517.2,46354.89,9243.03,9182.4,6949.26,6.4786,110.25
09/08/2021,0.7333,632.401,406.3176,1.1737,1.3847,143.3697,283.3928,309.2221,2513.89,,9235.05,9188.12,6958.37,6.4864,110.29
10/08/2021,0.735,647.242,407.5419,1.172,1.3843,143.2401,283.7088,309.2813,2509.85,46468.38,9244.22,9211.61,6986.41,6.4874,110.57
11/08/2021,0.7374,654.985,412.6259,1.1739,1.3868,143.1098,283.358,309.1925,2510.81,46773.82,9267.4,9252.32,7044.07,6.4763,110.43
12/08/2021,0.7335,653.603,412.2734,1.173,1.3808,143.2044,283.5352,308.0221,2509.11,46681.69,9297.2,9296.31,7043.69,6.4776,110.41
13/08/2021,0.737,647.06,418.487,1.1797,1.3866,143.203,283.5834,308.7514,2519.82,46618.59,9312.51,9304.88,7068.64,6.4776,109.59
16/08/2021,0.7338,637.292,421.2188,1.1778,1.3849,143.306,283.6488,309.1283,2523.41,45862.15,9337.18,9244.9,7005.25,6.4761,109.24
17/08/2021,0.7253,632.408,420.7489,1.171,1.3741,143.351,283.5213,309.5822,2522.66,45697.65,9271.83,9231.6,7031.81,6.4912,109.6
18/08/2021,0.7232,624.667,419.9495,1.1711,1.3756,143.3137,283.7684,308.955,2523.5,45966.66,9173.93,9216.25,7020.27,6.485,109.77
19/08/2021,0.7147,608.537,419.6444,1.1675,1.3639,143.2934,283.8822,309.7603,2528.19,45458.87,9186.07,9073.91,6928.44,6.5011,109.74
20/08/2021,0.7132,596.832,419.857,1.1698,1.3623,143.304,284.1041,309.9451,2527.34,45012.43,9261.31,9124.03,6956.95,6.5002,109.78
23/08/2021,0.7209,630.203,425.1077,1.1745,1.3719,143.2677,283.644,309.546,2527.86,45813.91,9341.09,9187.65,6977.67,6.4771,109.7
24/08/2021,0.7258,649.008,425.6261,1.1756,1.3729,143.2229,283.6024,309.5889,2522.36,46210.26,9355.11,9191.32,6994.13,6.4696,109.65
25/08/2021,0.7276,657.028,421.5082,1.1772,1.3763,143.1967,281.9762,307.0214,2515.72,46198.1,9376,9198.01,7018.02,6.4701,110.02
26/08/2021,0.7237,646.89,422.4973,1.1752,1.37,143.2437,281.8557,307.075,2517.19,46227.24,9321.74,9173.24,6998.94,6.4846,110.09
27/08/2021,0.7312,660.902,428.2169,1.1795,1.3764,143.1816,281.9674,307.5022,2522.88,46058.69,9404.15,9219.68,7021.56,6.4624,109.84
30/08/2021,0.7296,665.79,426.5008,1.1797,1.376,143.2206,,,2526.54,46326.37,9445.24,9236.89,,6.4654,109.92
31/08/2021,0.7316,660.26,427.8899,1.1809,1.3755,143.2089,281.1388,305.387,2522.86,46826.9,9433.58,9231.64,6993.75,6.4542,110.02
01/09/2021,0.7366,659.892,427.3962,1.1839,1.377,143.1473,280.9367,306.4141,2523.24,47429.51,9437.15,9299.52,7023.35,6.4519,110.01
02/09/2021,0.74,673.167,426.3377,1.1875,1.3833,143.1795,281.3184,307.0086,2525.88,47583.7,9465.47,9311.53,7050.9,6.4493,109.94
03/09/2021,0.746,669.296,431.563,1.188,1.3871,143.1424,280.8885,305.6165,2520.18,48558.26,9462.54,9245.25,7025.75,6.4386,109.71
06/09/2021,0.7439,,,1.187,1.3837,143.0437,281.1145,306.5894,,49444.77,,9342.4,7073.81,6.4506,109.86
07/09/2021,0.7386,660.819,423.2808,1.184,1.3786,143.0128,279.9741,304.9426,2513.84,49871.95,9430.68,9295.94,7036.6,6.4615,110.28
08/09/2021,0.7365,669.208,422.1045,1.1816,1.3771,142.9259,280.1788,305.5091,2518.32,50313.84,9418.57,9190.64,6983.61,6.4569,110.25
09/09/2021,0.7368,658.899,423.6349,1.1825,1.3837,142.9793,281.3539,305.3775,2525.99,50025.41,9375.99,9190.9,6914.7,6.4513,109.72
10/09/2021,0.7356,672.516,421.7761,1.1814,1.3839,142.9859,280.7365,305.277,2519.63,50648.31,9304.03,9176.02,6919.61,6.4432,109.94
13/09/2021,0.7369,678.354,422.319,1.1811,1.3838,142.9948,280.6842,305.4457,2523.75,50757.55,9325.29,9218.22,6958.23,6.4424,109.99
14/09/2021,0.732,678.898,425.3085,1.1803,1.381,143.0005,281.048,305.975,2531.45,51128.85,9273.99,9222.93,6924.39,6.4346,109.69
15/09/2021,0.7333,695.23,422.4141,1.1817,1.384,143.0926,280.4095,305.2182,2528.52,50864.8,9352.83,9122.3,6907.1,6.4269,109.38
16/09/2021,0.7292,696.733,413.4476,1.1767,1.3795,143.0304,280.251,303.3789,2523.64,50550.78,9338.61,9174.95,6918.12,6.453,109.73
17/09/2021,0.7265,692.322,412.2006,1.1725,1.3741,142.9393,279.7312,301.6368,2518.69,50845.37,9253.57,9089.08,6855.27,6.4713,109.93
20/09/2021,0.7252,678.245,415.1204,1.1726,1.3657,142.9458,280.2884,303.4854,2528.59,,9096.52,8899.49,6796.47,6.483,109.44
21/09/2021,0.7231,682.939,418.5099,1.1726,1.3659,142.9825,280.6643,303.5091,2527.76,49744.54,9089.55,9021.9,6872.34,6.4816,109.23
22/09/2021,0.7247,699.459,418.6516,1.1687,1.3622,143.0361,280.8113,303.3125,2529.6,49410.61,9176.08,9137.9,6973.14,6.4662,109.78
23/09/2021,0.7295,709.597,411.8266,1.1739,1.372,143.0391,279.5028,299.9172,2512.3,,9287.8,9236.37,6968.8,6.4624,110.33
24/09/2021,0.7262,716.731,412.2742,1.172,1.3679,142.8371,278.6678,298.4878,2505.41,50426.53,9301.49,9156.21,6942.35,6.4619,110.73
27/09/2021,0.7286,731,412.346,1.1695,1.3698,142.7505,278.5272,297.2597,2501.53,50411.94,9275.87,9171.55,6954.07,6.458,111
28/09/2021,0.7236,727.81,408.9337,1.1683,1.3537,142.5738,277.9841,295.6752,2492.08,50318.42,9087.47,8940.51,6919.33,6.4662,111.5
29/09/2021,0.7176,725.933,405.4979,1.1598,1.3427,142.6429,278.397,295.7644,2494.52,49555.34,9102.62,8987.63,6998.15,6.4777,111.96
30/09/2021,0.7227,727.717,413.524,1.158,1.3474,142.6989,277.7743,293.7298,2495.52,49401.65,8994.83,8916.83,6982.44,6.4492,111.29
01/10/2021,0.7258,737.104,413.8539,1.1596,1.3546,142.9007,278.3892,293.956,2502.64,48258.4,9098.25,8888.7,6923.96,6.4369,111.05
04/10/2021,0.7281,755.41,416.0204,1.1621,1.361,142.9109,278.1447,294.3185,2500.68,47711.29,8980.64,8807.68,6908.13,6.4505,110.93
05/10/2021,0.7292,768.082,414.444,1.1598,1.3629,142.8291,277.5796,291.3499,2493.8,46666.7,9076.19,8959.79,6973.25,6.4493,111.46
06/10/2021,0.7272,754.566,414.6563,1.1556,1.3582,142.6421,277.4569,292.0652,2496.03,46174.82,9113.45,8843.47,6893.22,6.454,111.41
07/10/2021,0.7312,762.827,414.0448,1.1552,1.3619,142.675,277.6697,292.0092,2488.02,46425.31,9191.19,9032.32,6975.4,6.4524,111.63
08/10/2021,0.7309,766.77,413.6216,1.1569,1.3615,142.5617,277.0988,289.3696,2482.73,47047.14,9173.74,8978.38,6992.66,6.4455,112.24
11/10/2021,0.7351,778.318,413.2229,1.1552,1.3595,142.4916,276.5236,288.7662,,47800.69,9110.76,8976.69,7043.21,6.4591,113.31
12/10/2021,0.735,776.536,414.0706,1.153,1.3588,142.4717,276.2538,290.7426,2489.57,47351.86,9088.73,8938.28,7026.83,6.4558,113.61
13/10/2021,0.7379,774.941,422.403,1.1594,1.3659,142.5217,277.2167,294.8985,2494.16,47200.35,9116.39,9000.42,7038.26,6.4281,113.25
14/10/2021,0.7416,782.263,423.1567,1.1597,1.3673,142.6253,278.2657,296.052,2497.6,47889.14,9272.97,9145.4,7104.72,6.4359,113.68
15/10/2021,0.7421,789.868,416.1906,1.1601,1.3751,142.6133,277.9567,293.6444,2489.93,48757.49,9342.15,9220.02,7130.66,6.4346,114.22
18/10/2021,0.7411,785.271,415.5804,1.161,1.3726,142.4979,277.7152,293.0948,2489.7,48685.08,9373.68,9154.51,7100.89,6.4278,114.32
19/10/2021,0.7474,791.843,416.7108,1.1633,1.3797,142.525,276.7817,293.011,2482.25,49003.87,9443.12,9188.54,7114.4,6.3763,114.38
20/10/2021,0.7516,799.26,420.1006,1.1651,1.3824,142.4307,277.0242,292.3548,2479.29,49071.01,9477.82,9200.3,7119.89,6.3946,114.31
21/10/2021,0.7467,787.809,419.3952,1.1623,1.3793,142.4615,276.5777,290.3916,2474.59,48153.56,9506.91,9164.04,7089.09,6.3942,113.99
22/10/2021,0.7466,794.475,422.7851,1.1643,1.3755,142.3838,276.7693,292.6383,2480.65,48315.04,9496.86,9237,7103.14,6.3837,113.5
25/10/2021,0.7491,799.454,425.2583,1.1608,1.3767,142.3399,277.1509,293.441,2482.03,47972.13,9541.99,9236.28,7121.15,6.3829,113.71
26/10/2021,0.7501,803.96,422.1051,1.1596,1.3767,142.3033,277.0623,294.8096,2485.92,48820.18,9559.39,9314.94,7175.18,6.3787,114.16
27/10/2021,0.7517,787.253,423.3767,1.1603,1.3745,142.3414,278.4423,301.2157,2497.23,48808.66,9511.27,9308.12,7151.17,6.3939,113.83
28/10/2021,0.7544,785.283,424.2717,1.1681,1.379,142.4847,277.5735,302.0757,2492.65,48345.37,9605.23,9337.12,7148.41,6.3892,113.58
29/10/2021,0.7518,785.848,419.871,1.1558,1.3682,142.519,276.0115,300.425,2493.76,48468.13,9625.02,9375.97,7136.68,6.4049,113.95
01/11/2021,0.7526,795.144,422.6738,1.1606,1.3665,142.5667,275.753,299.3764,2491.1,49734.63,9642.44,9441.94,7187.02,6.3942,114
02/11/2021,0.7429,795.239,421.1681,1.1579,1.3612,142.6031,277.6589,299.5683,2496.45,49524.47,9677.95,9478.56,7173.4,6.4028,113.96
03/11/2021,0.7448,769.615,415.1668,1.1612,1.3687,142.6061,277.9554,298.0834,2489.74,,9740.47,9508.11,7147.84,6.3948,114.01
04/11/2021,0.7401,756.005,422.1342,1.1554,1.35,142.6926,279.0067,300.8773,2499.61,49983.95,9782.48,9560.46,7181.83,6.3974,113.76
05/11/2021,0.74,776.657,427.6189,1.1567,1.3498,142.8372,280.3891,305.8431,2510.41,49680.06,9819.98,9626,7205.55,6.3944,113.41
08/11/2021,0.7423,783.074,430.2562,1.1587,1.3563,142.8621,279.7734,305.9293,2504.83,49505.53,9828.81,9602.79,7202.04,6.3884,113.23
09/11/2021,0.7378,794.887,430.9061,1.1593,1.3557,142.7933,280.9481,307.9917,2514.72,49135.08,9795.12,9585.38,7176.04,6.3897,112.87
10/11/2021,0.7327,775.747,435.0509,1.1479,1.3405,142.8385,279.7548,303.2198,2496.04,48835.37,9716.72,9594.62,7241.25,6.4003,113.91
11/11/2021,0.7294,778.948,438.7385,1.1451,1.3372,142.7189,279.1921,303.4751,,49122.83,9722.08,9614.86,7292.55,6.391,114.06
12/11/2021,0.7332,772.209,439.7969,1.1445,1.3414,142.6665,279.4745,303.0112,2492.58,49680.65,9793.22,9642.08,7256.73,6.38,113.89
15/11/2021,0.7347,771.634,439.4224,1.1368,1.3416,142.708,279.2208,301.7012,2483.89,49965.5,9793.53,9677.07,7260.63,6.3829,114.12
16/11/2021,0.7303,774.909,436.4844,1.132,1.343,142.6761,279.1517,301.2722,2482.59,50018.05,9831.91,9711.67,7236.05,6.3903,114.82
17/11/2021,0.7267,755.749,440.2698,1.1319,1.3487,142.636,278.8886,300.6484,2489.05,49817.04,9808.27,9710.16,7200.73,6.3753,114.08
18/11/2021,0.7277,765.956,438.2016,1.1371,1.3494,142.5763,279.8336,302.4021,2491.44,49666.57,9842.35,9672.42,7170.01,6.3802,114.26
19/11/2021,0.7235,744.967,435.9218,1.129,1.3451,142.6671,281.0464,304.609,2496.98,49913.59,9828.8,9612.34,7138.01,6.3903,113.99
22/11/2021,0.7225,754.406,425.2975,1.1237,1.3397,142.7007,280.103,302.7992,2484.35,49961.4,9798.29,9576.77,7169.51,6.3907,114.88
23/11/2021,0.7228,776.649,419.9381,1.1248,1.3378,142.7037,278.3313,302.3399,2475.24,,9814.65,9455.64,7180.61,6.3911,115.14
24/11/2021,0.7196,774.339,420.0798,1.1199,1.3328,142.5842,277.7096,301.5425,2483.4,49170.3,9837.6,9438.94,7200.01,6.3956,115.43
25/11/2021,0.719,,,1.1209,1.3322,142.5604,278.3951,303.1541,,49500.23,,9476.45,7229.86,6.3877,115.36
26/11/2021,0.7123,685.661,420.363,1.1317,1.3337,142.6341,280.2238,308.593,2507.37,48245.65,9614.25,9026.91,6966.45,6.3975,113.38
29/11/2021,0.7143,701.359,419.683,1.1291,1.3315,142.6437,279.9417,307.8034,2502.93,47460.84,9741.78,9070.89,7031.64,6.3865,113.53
30/11/2021,0.7127,663.23,417.6383,1.1338,1.3299,142.825,280.825,309.6372,2512.85,46685.33,9558.33,8970.07,6981.71,6.3671,113.17
01/12/2021,0.7105,660.246,419.4726,1.132,1.3279,142.8113,280.2022,308.6816,2516.46,46876.39,9446.21,9226.36,7089.73,6.3721,112.78
02/12/2021,0.7094,667.468,414.3952,1.1301,1.3305,142.8028,281.2582,309.6164,2512.98,46570.57,9581.79,9070.72,7054.33,6.3729,113.11
03/12/2021,0.7001,669.299,419.3797,1.1315,1.3236,142.9047,281.4215,310.8418,2523.02,47034.04,9501.28,9009.18,7047.52,6.3748,112.8
06/12/2021,0.705,699.921,418.3471,1.1285,1.3264,142.9914,281.9345,312.2908,2512.21,46862.55,9613.02,9134.94,7156.32,6.3748,113.48
07/12/2021,0.7119,723.128,419.5702,1.1267,1.3244,142.8423,281.7224,313.6354,2504.48,47748.93,9812.2,9442.06,7262.8,6.364,113.6
08/12/2021,0.7172,727.847,419.7589,1.1343,1.3204,142.884,280.0703,312.7136,2494.96,48428.56,9842.68,9346.88,7259.98,6.3459,113.67
09/12/2021,0.7149,714.753,417.6907,1.1293,1.3221,142.8918,280.8871,311.896,2498.81,48201.78,9773.19,9292.13,7244.56,6.3798,113.49
10/12/2021,0.7172,721.302,419.5956,1.1313,1.3273,142.8653,281.2133,312.1605,2498.57,47719.01,9866.62,9271.96,7215.38,6.3763,113.44
13/12/2021,0.7131,715.239,420.4204,1.1284,1.3217,142.9114,281.9761,312.2398,2509,48059.18,9776.69,9236.36,7155.68,6.3756,113.54
14/12/2021,0.7104,708.981,416.6595,1.1259,1.3231,142.95,281.6973,311.0105,2505.84,47710.4,9705.06,9151.29,7143.01,6.3742,113.7
15/12/2021,0.7169,710.426,414.8264,1.1289,1.3262,142.9512,281.5244,310.2097,2500.64,47755.84,9863.92,9184.78,7095.62,6.3742,114.04
16/12/2021,0.7184,721.404,422.7498,1.133,1.3323,143.0288,280.6947,309.6028,2504.76,48773.72,9778.09,9277.94,7185.34,6.3806,113.67
17/12/2021,0.7125,707.925,424.3256,1.124,1.3245,142.9926,281.448,307.9578,2510.59,47900.08,9678.03,9188.47,7194.55,6.3872,113.63
20/12/2021,0.7112,689.152,421.906,1.1279,1.3207,143.0591,281.259,307.8408,2507.95,46880.07,9567.91,9068.75,7123.41,6.3827,113.61
21/12/2021,0.7155,712.167,420.5198,1.1285,1.3262,142.9317,279.4092,303.484,2501.96,47852.95,9738.73,9218.6,7221.76,6.3762,114.1
22/12/2021,0.7214,724.878,423.6945,1.1326,1.3352,142.8043,279.0275,303,2504.66,47927.82,9838.9,9311.49,7265.55,6.3776,114.1
23/12/2021,0.7244,737.975,425.9288,1.1327,1.3408,142.733,277.793,301.6589,2497.53,48324.1,9900.3,9419.24,7301.84,6.3753,114.39
24/12/2021,0.7221,,,1.1319,1.3386,142.7015,277.8056,302.5605,,48297.62,,9395.29,7300.61,6.3739,114.38
27/12/2021,0.7239,753.196,425.2506,1.1328,1.3441,142.7434,277.6653,302.6062,2499.35,48119.53,10037.67,9468.09,,6.375,114.87
28/12/2021,0.7229,757.531,425.7453,1.131,1.3434,142.7219,277.8168,302.6215,2497.87,48778.49,10027.53,9520.97,,6.3745,114.82
29/12/2021,0.725,762.732,424.5473,1.1349,1.349,142.6914,276.5833,299.1068,2489.61,48569.39,10041.61,9461.12,7348.73,6.3711,114.95
30/12/2021,0.7256,765.815,426.4996,1.1325,1.3499,142.5573,276.3045,300.6395,2496.16,48375.88,10012.51,9508.02,7331.85,6.3758,115.08
31/12/2021,0.7263,748.966,429.9096,1.137,1.3532,142.5603,276.3171,301.1603,2499.95,,9986.7,9491.1,7313.56,6.357,115.08
03/01/2022,0.719,760.526,423.2122,1.1297,1.348,142.5693,275.6502,301.206,2477.09,,10050.41,9568.74,,6.3744,115.32
04/01/2022,0.7236,770.35,426.6223,1.1287,1.353,142.4566,275.6585,297.6515,2475.23,49232.92,10044.75,9647.81,7433.01,6.3757,116.16
05/01/2022,0.7221,778.056,429.092,1.1314,1.3557,142.4537,275.4524,297.8751,2468.03,49283.95,9850.7,9702,7444.62,6.3755,116.11
06/01/2022,0.7162,789.517,420.6528,1.1297,1.3532,142.254,274.7577,295.3402,2465.56,47865.37,9841.92,9553.25,7379.29,6.3944,115.83
07/01/2022,0.7181,787.207,422.5817,1.136,1.3588,142.1667,274.3163,294.3838,2459.79,47849.73,9803.85,9511.32,7413.88,6.3829,115.56
10/01/2022,0.717,779.051,422.9139,1.1326,1.3577,142.1757,274.4901,293.7574,2459.55,,9789.72,9367.17,7374.22,6.3806,115.2
11/01/2022,0.721,806.199,427.5439,1.1367,1.3635,141.9203,274.1568,295.1165,2464.15,47419.46,9879.39,9460,7419.91,6.3774,115.3
12/01/2022,0.7284,814.779,429.6123,1.1442,1.37,142.1444,274.9685,295.8394,2462.69,48332.11,9907.38,9537.01,7479.68,6.3626,114.64
13/01/2022,0.7283,812.682,428.2282,1.1455,1.3706,142.1937,275.7511,296.9924,2469.18,47867.48,9767.35,9536.48,7493.28,6.3645,114.2
14/01/2022,0.7208,827.758,427.0792,1.1411,1.3675,141.9224,274.8997,295.9371,2455.71,47254.46,9775.53,9439.9,7472.58,6.3578,114.19
17/01/2022,0.7217,,,1.1408,1.3647,141.9404,274.3276,294.3273,,47606.03,,9506.09,7540.22,6.3512,114.63
18/01/2022,0.7185,841.178,426.1223,1.1325,1.3596,141.9465,274.1374,293.3094,2441.69,47477.88,9595.93,9408.15,7492.98,6.3606,114.61
19/01/2022,0.7211,848.523,433.3089,1.1343,1.3612,142.0699,273.7379,291.2685,2447.33,46150.49,9503.14,9431.27,7518.85,6.3511,114.33
20/01/2022,0.7226,849.017,433.1701,1.1312,1.36,141.9811,274.3736,292.5088,2451.3,46664.13,9398.96,9500.49,7515.15,6.347,114.11
21/01/2022,0.7185,843.637,430.6363,1.1344,1.3553,142.0917,274.9749,294.483,2461.32,46242.95,9221.28,9345.71,7425.1,6.3414,113.68
24/01/2022,0.7145,827.695,433.0139,1.1326,1.3488,142.0709,275.3993,296.3098,2458.38,46354.03,9246.84,8961.65,7229.94,6.3337,113.95
25/01/2022,0.7151,844.045,435.552,1.1301,1.3501,142.0399,275.0751,295.2594,2455.83,45586.13,9134.33,9014.48,7303.57,6.3311,113.88
26/01/2022,0.7115,857.949,430.1539,1.124,1.3463,142.0311,274.2276,293.1214,2442.72,45384.49,9120.75,9205.32,7400.98,6.3355,114.64
27/01/2022,0.7033,851.787,421.4686,1.1145,1.3383,141.8274,274.4876,292.3114,2451.96,43971.39,9072.24,9250.35,7484.74,6.3685,115.37
28/01/2022,0.6988,853.26,419.4985,1.1151,1.3401,141.6696,274.2585,291.8595,2454.45,44893.2,9294.21,9144.12,7397.31,6.3678,115.26
31/01/2022,0.7067,859.929,421.8062,1.1235,1.3447,141.4987,273.3388,288.9245,2452.59,45371.48,9469.92,9227.42,7395.62,6.3707,115.11
01/02/2022,0.7129,859.152,423.0065,1.1272,1.3522,141.3322,272.5686,289.3896,2450.04,45500.07,9534.95,9337.61,7466.38,6.3691,114.71
02/02/2022,0.7137,862.584,425.0756,1.1305,1.3577,141.3475,272.6066,292.1236,2453.73,46264.81,9624.89,9332.3,7513.16,6.3579,114.46
03/02/2022,0.7141,877.958,423.6226,1.144,1.3598,141.3797,269.8094,287.8794,2446.45,45773.67,9390.57,9153.21,7459.5,6.3536,114.97
04/02/2022,0.7072,897.15,424.4943,1.1449,1.3531,141.114,268.5102,286.9609,2430.57,46107.51,9440.58,9032.86,7447.17,6.3635,115.26
07/02/2022,0.7126,893.057,427.7901,1.1442,1.3536,140.9708,267.3651,286.0863,2431.78,45786.37,9405.84,9107.98,7503.72,6.3626,115.1
08/02/2022,0.7146,874.954,429.226,1.1415,1.3543,140.678,266.6537,283.2041,2425.05,45846.27,9484.95,9127.19,7497.38,6.3661,115.55
09/02/2022,0.7179,882.792,431.2723,1.1425,1.3535,140.7844,267.6063,285.6628,2425.99,46342.55,9623.84,9292.62,7573.02,6.3631,115.52
10/02/2022,0.7167,881.331,431.4637,1.1428,1.3557,140.4919,266.1308,282.7267,2405.14,46537.82,9450.72,9277.1,7601.74,6.3636,116.01
11/02/2022,0.7137,906.692,432.5708,1.135,1.3564,140.4949,265.7065,282.344,2423,,9271.8,9191.04,7590.46,6.3655,115.42
14/02/2022,0.7127,924.237,438.992,1.1307,1.3528,140.4124,265.829,281.2973,2410.2,45501.93,9236.86,8990.24,7462.22,6.3575,115.54
15/02/2022,0.7152,891.845,435.8976,1.1359,1.3538,140.3208,264.8585,281.8981,2403.85,45141.67,9383.57,9165.55,7538.84,6.3366,115.61
16/02/2022,0.7195,905.464,439.4959,1.1373,1.3586,140.1148,265.7662,283.2523,2409.61,46141.8,9393.09,9151.21,7533.75,6.3324,115.52
17/02/2022,0.7187,889.028,446.6638,1.1361,1.3616,139.7818,266.7082,284.7552,2417.5,45759.48,9195.35,9098.05,7477.69,6.3346,114.94
18/02/2022,0.7177,894.717,446.1526,1.1322,1.3589,140.0668,267.0564,287.4348,2424.28,45573.3,9130.81,9012.74,7454.13,6.3248,115.01
21/02/2022,0.719,,,1.1311,1.3602,140.3784,266.4647,287.0715,,45218.42,,8817,7425.07,6.3263,114.74
22/02/2022,0.7219,918.844,447.9592,1.1325,1.3585,140.6746,265.935,284.8701,2424.2,44443.36,9038.32,8816.47,7434.87,6.3239,115.08
23/02/2022,0.7234,920.812,448.6685,1.1307,1.3544,140.6775,266.275,284.691,2413.52,,8871.95,8789.79,7438.8,6.3121,115.01
24/02/2022,0.7163,934.235,452.4074,1.1192,1.338,140.676,267.761,284.7544,2416.82,43638.85,9005.37,8470.97,7169.1,6.3229,115.53
25/02/2022,0.7226,921.517,443.3232,1.1268,1.3409,140.3618,266.8757,283.7029,2416.15,44510.59,9207.85,8783.77,7449.68,6.3141,115.55
28/02/2022,0.7263,959.241,446.4139,1.1219,1.342,140.6785,268.0175,284.6978,2436.43,44595.18,9186.37,8680.99,7418.64,6.314,115
01/03/2022,0.7252,1027.789,456.5412,1.1125,1.3325,140.6774,273.0249,293.1673,2452.6,45129.61,9044.47,8330.65,7291.27,6.319,114.92
02/03/2022,0.7297,1105.737,451.4961,1.1119,1.3406,141.1585,271.1819,289.6993,2421.13,44370.26,9213.39,8453.1,7390.1,6.3233,115.52
03/03/2022,0.7329,1081.564,454.6949,1.1066,1.3348,140.9452,270.8287,287.2541,2429.04,44679.99,9166.13,8278.72,7203.07,6.3225,115.46
04/03/2022,0.737,1156.479,461.9101,1.0928,1.323,141.0594,272.7366,290.7579,2444.78,43685.09,9094.04,7867.72,6952.61,6.3252,114.82
07/03/2022,0.7317,1206.451,468.8058,1.0854,1.3104,141.2567,271.9523,288.4306,2436.99,42400.6,8825.72,7770.82,6925.08,6.327,115.32
08/03/2022,0.7269,1252.742,479.9453,1.0899,1.3102,140.9626,270.0647,284.3341,2424.93,41676.94,8762.11,7755.49,6929.69,6.3258,115.67
09/03/2022,0.7322,1087.405,467.0261,1.1076,1.3181,140.9234,268.2059,281.5323,2415.47,41553.51,8988.65,8332.36,7155.18,6.3233,115.83
10/03/2022,0.7358,1072.987,469.9783,1.0986,1.3086,140.7563,265.8734,280.9717,2405.45,43189.04,8950.9,8081.78,7090.71,6.3272,116.14
11/03/2022,0.7293,1111.345,466.4273,1.0912,1.3037,140.678,265.9163,280.9821,2405.37,42302.04,8835.4,8160.12,7147.2,6.358,117.29
14/03/2022,0.7188,1052.966,460.8386,1.094,1.3002,140.6778,264.1361,278.4258,2383.65,42545.92,8771.75,8280.36,7184.98,6.395,118.19
15/03/2022,0.7196,1001.263,453.6229,1.0956,1.3042,140.3562,265.0307,279.6497,2382.8,42610.86,8959.74,8273.72,7167.23,6.3816,118.3
16/03/2022,0.729,980.546,448.8454,1.1035,1.3149,140.4622,264.3493,277.4873,2383.59,43309.42,9160.51,8609.24,7283.08,6.3637,118.73
17/03/2022,0.7376,1056.879,456.7996,1.1091,1.3149,140.5017,264.3207,278.5487,2378.42,44807.7,9274.17,8599.55,7384.47,6.3631,118.6
18/03/2022,0.7415,1073.539,453.4523,1.1051,1.3178,140.4971,264.8182,281.081,2384.81,45101.13,9382.43,8637.46,7403.86,6.367,119.17
21/03/2022,0.74,1137.443,453.6804,1.1016,1.3169,140.5085,263.2956,277.3945,2361.3,,9378.84,8591.76,7441.51,6.3711,119.47
22/03/2022,0.747,1136.306,451.7871,1.1029,1.3262,140.287,262.2465,274.9363,2351.6,45768.01,9484.86,8693.7,7475.83,6.3765,120.8
23/03/2022,0.7499,1192.126,455.5215,1.1004,1.3205,140.1474,262.7167,276.4571,2366.46,47139.92,9368.98,8567.72,7459.75,6.389,121.15
24/03/2022,0.7513,1167.537,461.4133,1.0997,1.3187,140.0683,262.2105,277.2946,2358.59,47258.88,9504.19,8554.81,7473.43,6.3832,122.35
25/03/2022,0.7515,1189.226,459.5669,1.0983,1.3182,139.8652,261.6851,276.1282,2341.07,47325.2,9552.4,8564.42,7489.41,6.3838,122.05
28/03/2022,0.7489,1111.584,456.0444,1.0985,1.3088,139.5179,261.4033,278.7822,2344.96,46979.45,9620.66,8607.3,7479.2,6.3868,123.86
29/03/2022,0.7509,1096.734,449.7908,1.1086,1.3093,139.1909,260.2778,277.8737,2352.29,47498.15,9738.6,8862.13,7543.36,6.3755,122.88
30/03/2022,0.7509,1137.589,454.723,1.1159,1.3134,139.839,259.795,277.4968,2359.03,47522.61,9678.3,8766.84,7584.89,6.3598,121.83
31/03/2022,0.7482,1075.724,458.2484,1.1067,1.3138,140.2819,261.6897,278.4156,2360.57,47173.86,9527.46,8641.45,7524.08,6.3547,121.7
01/04/2022,0.7496,1076.684,451.1502,1.1043,1.3114,140.2923,260.5643,278.9404,2353.94,46910.28,9559.95,8677.23,7546.32,6.3678,122.52
04/04/2022,0.7543,1110.038,453.5886,1.0972,1.3116,140.2754,261.2648,281.3297,2352.61,47029.8,9637.37,8749.06,7567.37,6.3741,122.79
05/04/2022,0.7579,1101.681,452.0725,1.0905,1.3074,140.1633,258.6678,278.0569,2332.25,47117.14,9517.94,8675.39,7622.23,6.3775,123.6
06/04/2022,0.7512,1049.864,451.049,1.0896,1.3069,139.6229,257.6675,276.2712,2328.12,46375.01,9425.49,8472.68,7596.18,6.359,123.8
07/04/2022,0.748,1047.789,454.5052,1.0879,1.3075,139.7093,257.3056,275.7174,2324.92,45592.1,9466.76,8422.44,7569.56,6.3632,123.95
08/04/2022,0.7458,1070.01,456.3431,1.0877,1.3025,139.9568,257.0794,274.4313,2315.08,45756.96,9441.84,8553.94,7687.58,6.3699,124.34
11/04/2022,0.7417,1029.226,456.9784,1.0884,1.303,139.7575,255.5291,272.067,2307.23,45478.41,9282.48,8512.38,7636.2,6.3884,125.37
12/04/2022,0.7456,1091.566,463.5328,1.0828,1.3001,139.6616,255.8821,273.1568,2314.18,44653.44,9251.07,8494.31,7594.46,6.3765,125.38
13/04/2022,0.7451,1132.018,465.5602,1.0888,1.3117,139.7906,256.5043,273.0455,2316.85,45515.67,9356.21,8486.53,7598.61,6.3778,125.62
14/04/2022,0.7419,1160.532,463.2715,1.0828,1.3071,140.0022,254.8704,270.4214,2301.9,46072.69,9242.58,8532.46,7634.75,6.3898,125.88
15/04/2022,0.7395,,,1.081,1.306,140.0402,,,,45940.25,,,,6.3815,126.46
18/04/2022,0.7349,1172.573,466.0096,1.0782,1.3019,139.9426,,,2297.03,45442.61,9240.69,,,6.3777,126.99
19/04/2022,0.7374,1116.979,459.5927,1.0788,1.2998,139.8572,253.4142,267.3132,2285.99,45756.95,9389.21,8502.15,7619.6,6.4192,128.91
20/04/2022,0.745,1113.863,458.8061,1.0853,1.3068,139.6535,254.6687,269.6928,2299,46151.63,9383.54,8648.74,7647.62,6.4449,127.86
21/04/2022,0.7374,1130.965,457.0809,1.0834,1.303,139.636,253.4726,268.4604,2289.86,46720.02,9245.86,8718.04,7657.57,6.4808,128.38
22/04/2022,0.7244,1112.031,453.8307,1.079,1.2839,139.4588,252.627,269.9803,2288.18,45960.71,8989.51,8522.68,7550.89,6.5262,128.5
25/04/2022,0.7178,1070.311,444.8772,1.0713,1.2741,139.5772,254.2052,272.9199,2297.89,45088.34,9040.86,8340.17,7409.2,6.5721,128.14
26/04/2022,0.7123,1096.006,446.7888,1.0638,1.2574,139.6701,255.0004,274.6196,2309.04,45273.72,8786.47,8266.74,7414.88,6.5898,127.23
27/04/2022,0.7126,1099.595,443.1863,1.0557,1.2545,139.7389,254.6903,273.5067,2300.2,44742.29,8805,8302.87,7454.44,6.5868,128.43
28/04/2022,0.7097,1123.825,443.8073,1.0499,1.2457,139.9402,252.5589,271.4318,2298.02,45524.44,9023.42,8400.51,7545.44,6.6597,130.85
29/04/2022,0.7061,1122.596,448.6053,1.0545,1.2574,139.9462,251.7262,270.1366,2287.44,,8696.65,8461.36,7580.97,6.6404,129.7
02/05/2022,0.705,1127.289,437.3513,1.0507,1.2492,139.7357,251.2229,270.1675,2275.74,45474.64,8746.05,8327.97,,6.6742,130.16
03/05/2022,0.7096,1099.969,439.0052,1.0521,1.2499,139.7387,251.5696,269.1969,2278.14,,8788.36,8398.29,7597.83,6.6487,130.14
04/05/2022,0.726,1154.172,438.5939,1.0622,1.2631,139.7416,250.5903,268.6616,2287.87,,9050.9,8317.44,7529.63,6.6223,129.09
05/05/2022,0.7112,1162.166,440.2243,1.0542,1.2362,139.7446,249.6816,268.5953,2270.03,,8729.21,8263.71,7540.14,6.6819,130.2
06/05/2022,0.7076,1177.809,441.9018,1.0551,1.2348,139.5371,247.6061,266.5854,2260.23,45788.38,8680.97,8128.25,7424.24,6.718,130.56
09/05/2022,0.6952,1110.842,436.2553,1.0561,1.2332,139.3914,248.3012,268.0607,2272.35,44628.19,8403.5,7902.89,7252.04,6.7566,130.29
10/05/2022,0.6938,1075.072,432.151,1.0529,1.2316,139.4313,250.1216,271.2494,2276.89,44370.05,8424.2,7968.33,7278.81,6.7477,130.45
11/05/2022,0.6938,1126.632,435.1217,1.0513,1.2251,139.4989,250.7315,269.9755,2287.02,44448.97,8285.82,8176.96,7383.76,6.7643,129.97
12/05/2022,0.6856,1124.559,428.2672,1.038,1.2202,139.6066,253.256,274.6106,2290.54,43660.63,8278.04,8105.7,7272.08,6.8273,128.34
13/05/2022,0.694,1162.133,424.3497,1.0412,1.2262,139.7385,251.586,273.4237,2281.06,44811.85,8476.57,8312.02,7457.89,6.7999,129.22
16/05/2022,0.6971,1183.476,425.691,1.0434,1.2319,139.7103,251.8349,273.8884,2285.08,45014.31,8443.55,8274.5,7504.78,6.7975,129.16
17/05/2022,0.7029,1160.311,426.8727,1.055,1.2493,139.5957,249.9648,270.0755,2272.03,45205.41,8614.31,8404.39,7558.63,6.7412,129.38
18/05/2022,0.6955,1127.973,426.1836,1.0464,1.2341,139.5527,250.4745,270.4836,2284.81,45631.78,8268.32,8290.34,7477.93,6.7807,128.23
19/05/2022,0.7049,1158.005,432.1361,1.0588,1.2467,139.6517,251.3559,270.2263,2289.66,44769.78,8220.97,8183.55,7357.2,6.7253,127.79
20/05/2022,0.704,1158.147,432.289,1.0564,1.248,139.8201,250.5008,269.3319,2297.71,45339.84,8222.31,8220.61,7445.09,6.6998,127.88
23/05/2022,0.7109,1166.666,433.6132,1.0691,1.2588,139.8795,249.4307,267.1524,2286.85,45784.93,8375.87,8351.23,7569.47,6.6617,127.9
24/05/2022,0.7106,1166.808,437.7191,1.0736,1.2532,140.0244,250.0677,269.9764,2303.36,45355.29,8307.97,8214.25,7540.17,6.6574,126.83
25/05/2022,0.7091,1172.994,433.3113,1.0681,1.2574,140.2378,250.2555,268.5037,2307.1,45236.02,8386.62,8280.78,7578.85,6.7127,127.32
26/05/2022,0.7098,1204.005,433.6515,1.0725,1.26,139.8027,249.4895,266.3522,2305.35,45112.31,8553.68,8423.13,7623.54,6.7674,127.12
27/05/2022,0.7162,1216.453,434.4596,1.0735,1.2631,139.9191,250.1824,267.4345,2304.63,45412.17,8766.83,8577.5,7644.23,6.7208,127.11
30/05/2022,0.7196,,,1.0779,1.2652,139.8859,248.7583,265.9947,,46408.78,,8653,7658.95,6.6715,127.59
31/05/2022,0.7177,1215.301,432.429,1.0734,1.2602,139.7159,247.1065,261.7312,2291.62,46256.8,8712.6,8535.36,7666.61,6.6787,128.67
01/06/2022,0.7175,1225.918,432.5126,1.065,1.2487,139.6816,246.134,261.4476,2283.7,46558.78,8648.28,8468.53,7600.62,6.698,130.13
02/06/2022,0.7265,1241.825,437.8369,1.0747,1.2578,139.5612,,,2284.92,46484.15,8809.18,8550.38,,6.6567,129.84
03/06/2022,0.7207,1263.455,432.8905,1.0719,1.2488,139.7127,,,2282.22,47073.71,8665.8,8524.54,,6.6557,130.88
06/06/2022,0.7193,1262.926,431.4102,1.0696,1.2532,139.6194,242.8853,258.6808,2268.85,47335.38,8693.06,8647.91,7676.57,6.657,131.88
07/06/2022,0.7232,1275.601,433.3905,1.0703,1.2592,139.4808,244.1448,260.6384,2275.38,47382.96,8776.09,8576.54,7667.19,6.6717,132.59
08/06/2022,0.7194,1305.338,434.4349,1.0716,1.2537,139.4855,243.0227,259.6131,2269.21,47875.27,8681.68,8536.41,7661.21,6.7011,134.25
09/06/2022,0.7098,1299.012,433.5839,1.0617,1.2493,139.4135,240.9124,258.1559,2268.47,47896.02,8475.91,8391.15,7545.62,6.7009,134.36
10/06/2022,0.7058,1285.235,438.9109,1.0519,1.2315,139.2991,239.2404,255.8356,2253.24,47180.05,8229.43,8108.95,7385.45,6.7303,134.41
13/06/2022,0.6923,1285.907,428.7292,1.0409,1.2134,138.6672,236.1496,253.9114,2223.93,45761.05,7910.43,7891.09,7272.71,6.7826,134.42
14/06/2022,0.6871,1272.034,424.4657,1.0416,1.1997,138.4015,234.4444,252.202,2212.17,45154.72,7883.34,7829.55,7254.19,6.7549,135.47
15/06/2022,0.7003,1247.144,425.9128,1.0444,1.218,137.9851,237.1816,254.5202,2232.66,44639.75,7998.62,7958.29,7340.94,6.6687,133.84
16/06/2022,0.7047,1263.726,433.0245,1.0549,1.2352,138.4189,236.6747,252.98,2241.23,44818.17,7739.39,7723.05,7113.8,6.6843,132.21
17/06/2022,0.6932,1192.388,430.8674,1.0499,1.2241,138.4583,237.7568,252.9302,2241.58,44024.86,7756.59,7746.82,7084.79,6.7092,135.02
20/06/2022,0.6951,,,1.0511,1.2253,138.2335,236.5495,249.7654,,43699.75,,7817.5,7191.38,6.6893,135.07
21/06/2022,0.6971,1207.512,430.5247,1.0533,1.2277,138.0893,235.9101,248.2008,2232.19,44508.89,7946.89,7875.87,7221.92,6.6922,136.57
22/06/2022,0.6927,1173.861,430.4511,1.0566,1.2266,138.1156,238.6182,252.5355,2253.72,44351.91,7936.67,7809.68,7158.48,6.7127,136.26
23/06/2022,0.6897,1150.255,428.4574,1.0523,1.226,138.349,241.7806,257.2705,2262.08,44392.68,8012.68,7745.78,7091.33,6.6995,134.95
24/06/2022,0.6945,1178.833,428.5944,1.0553,1.2268,138.3829,241.4415,257.3059,2254.29,44940.04,8257.72,7964.15,7281.59,6.6816,135.23
27/06/2022,0.6926,1199.31,427.3663,1.0584,1.2265,138.0571,239.822,254.7901,2246.66,45588.02,8233.42,7977.03,7331.6,6.6927,135.46
28/06/2022,0.6908,1229.843,426.544,1.0519,1.2184,137.9219,238.3255,252.4682,2248.64,45892.29,8067.56,8000.5,7397.35,6.7024,136.14
29/06/2022,0.688,1215.314,425.6982,1.0442,1.2124,138.1088,240.7172,254.3091,2261.04,45536.88,8062.72,7921.66,7386.15,6.7081,136.59
30/06/2022,0.6903,1178.411,423.3299,1.0484,1.2178,138.3447,242.4459,256.6023,2271.46,44843.6,7993.43,7787.65,7242.59,6.6941,135.72
01/07/2022,0.6814,1206.569,421.9919,1.0414,1.2095,138.5685,245.4452,261.344,2283.53,44066.41,8077.89,7772.86,7241.96,6.6974,135.21
04/07/2022,0.6865,,,1.0422,1.2118,138.5548,242.8959,257.3961,,44437.13,,7782.14,7306.62,6.6942,135.62
05/07/2022,0.6802,1111.04,413.2666,1.0266,1.1947,138.3101,245.1951,260.1844,2293.25,44895.3,8092.15,7573.44,7097.31,6.7118,135.85
06/07/2022,0.6779,1088.61,406.8683,1.0182,1.1926,138.4462,245.8158,259.3424,2277.54,44358.7,8121.21,7713.95,7180.45,6.715,135.95
07/07/2022,0.6838,1131.48,407.639,1.016,1.2023,138.4838,244.0537,259.0594,2268.78,45009.24,8243.69,7864.22,7268.65,6.6931,136.01
08/07/2022,0.6857,1157.163,408.2692,1.0185,1.2033,138.3527,243.5824,256.2235,2258.97,45054.54,8237.5,7908.87,7275.89,6.6862,136.1
11/07/2022,0.6734,1158.677,405.8586,1.004,1.1892,138.1529,244.9111,257.016,2271.55,45555.95,8142.68,7830.25,7276.25,6.7259,137.44
12/07/2022,0.6758,1076.293,404.2819,1.0037,1.1889,138.1529,247.2994,257.9828,2275.79,44747.8,8067.56,7864.88,7289.67,6.7352,136.87
13/07/2022,0.676,1079.138,406.7967,1.0059,1.1889,138.3924,246.665,258.8684,2280.34,44989.25,8031.76,7790.28,7235.58,6.726,137.39
14/07/2022,0.675,1067.694,399.9396,1.0018,1.1824,138.4759,245.4339,258.2873,2272.69,45268.95,8008.71,7660.9,7117.9,6.7612,138.96
15/07/2022,0.6793,1087.541,399.2214,1.008,1.1855,138.6466,246.4926,257.2576,2277.92,45515.45,8162.5,7842.67,7238.42,6.7607,138.57
18/07/2022,0.6812,1138.463,400.6826,1.0143,1.1953,138.6555,245.322,255.8696,2271.92,,8094.23,7924.18,7303.36,6.7603,138.14
19/07/2022,0.6897,1148.782,400.687,1.0227,1.1995,138.4123,244.6574,254.4264,2265.07,45809.75,8318.2,8094.71,7377.21,6.7454,138.19
20/07/2022,0.6888,1145.064,398.3032,1.018,1.1973,138.2724,244.5341,255.5949,2265.51,47030.67,8367.37,8089.73,7344.89,6.7741,138.21
21/07/2022,0.6934,1115.915,401.4842,1.023,1.1995,138.3961,244.7712,259.4464,2283.28,47239.21,8450.64,8115.18,7351.24,6.7707,137.36
22/07/2022,0.6929,1104.023,404.7584,1.0213,1.1999,138.7899,247.6242,261.5601,2300.99,47428.93,8371.87,8115.14,7357.17,6.7669,136.12
25/07/2022,0.6955,1125.772,402.9403,1.022,1.2043,139.0738,247.8708,260.5494,2293.87,47062.93,8382.88,8132.43,7387.43,6.7521,136.69
26/07/2022,0.6939,1118.254,402.6439,1.0117,1.2028,139.1439,249.2531,261.3351,2293.94,46988.1,8286.19,8067.44,7387.41,6.7673,136.91
27/07/2022,0.6992,1144.81,403.0897,1.02,1.2158,139.2473,249.1757,260.0027,2295.63,47091.86,8503.02,8140.6,7429.83,6.744,136.57
28/07/2022,0.6989,1145.466,410.4722,1.0197,1.218,139.1013,251.7299,263.1916,2308.23,47264.11,8607.24,8240.83,7429.3,6.7445,134.27
29/07/2022,0.6985,1167.997,413.4244,1.022,1.2171,139.3306,252.471,263.6827,2307.67,47240.59,8730.46,8366.96,7508.38,6.7498,133.27
01/08/2022,0.7023,1128.059,414.8804,1.0262,1.225,139.1147,253.8117,267.0967,2320.2,47566.34,8705.87,8363.62,7498.25,6.7837,131.61
02/08/2022,0.692,1136.084,415.3734,1.0166,1.217,139.4195,253.1973,266.9343,2297.54,46889,8647.91,8314.01,7493.9,6.7786,133.17
03/08/2022,0.6948,1096.542,412.3154,1.0166,1.2149,139.2471,252.1907,264.7576,2306.25,47139.07,8783.28,8422.12,7530.88,6.7628,133.86
04/08/2022,0.6971,1065.519,419.4233,1.0246,1.216,139.4432,253.4715,266.1471,2311.65,47462.5,8777.23,8473.32,7543.74,6.7511,132.89
05/08/2022,0.6911,1073.426,415.808,1.0183,1.2073,139.6531,251.462,261.6114,2286.85,47876.56,8764.08,8407.4,7535.31,6.7659,135.01
08/08/2022,0.6988,1095.998,419.1445,1.0197,1.2082,139.6621,251.8886,264.002,2297.35,48001.23,8753.39,8480.96,7578.48,6.7622,134.95
09/08/2022,0.6966,1092.966,420.8232,1.0213,1.208,139.8586,250.9371,263.2689,2292.5,47577.72,8716.75,8386.49,7584.34,6.7552,135.05
10/08/2022,0.7089,1108.947,421.1786,1.0299,1.2219,139.7755,251.9134,264.1407,2291.9,47270.79,8902.72,8463.18,7603.54,6.7231,132.89
11/08/2022,0.7106,1132.881,419.6994,1.032,1.2205,139.7784,250.2119,260.423,2278.51,,8898.84,8480.57,7588.74,6.7438,133.02
12/08/2022,0.7121,1116.828,421.6572,1.0259,1.2138,139.74,249.7246,258.323,2284.85,48507.22,9054.14,8526.42,7624.29,6.738,133.42
15/08/2022,0.7023,1086.871,417.7069,1.016,1.2055,139.7167,251.4784,261.3311,2288.46,49059.43,9090.36,8555.33,7632.69,6.8158,133.32
16/08/2022,0.7022,1057.669,415.7859,1.0171,1.2096,139.9554,249.518,258.5013,2288.01,49054.55,9107.87,8590.56,7660.04,6.792,134.22
17/08/2022,0.6934,1072.503,412.796,1.018,1.2048,139.9958,247.4982,255.3615,2277.35,49655.84,9043.59,8479.58,7639.4,6.7942,135.05
18/08/2022,0.6917,1104.173,411.5482,1.0087,1.193,139.7976,247.6266,255.6457,2280.51,49178.99,9065.49,8527.7,7685.07,6.8031,135.89
19/08/2022,0.6875,1108.058,409.6495,1.0037,1.1829,139.8097,245.025,252.4277,2268.97,49158.92,8948.82,8421.47,7693.75,6.8358,136.97
22/08/2022,0.6877,1105.071,406.3695,0.9943,1.1767,139.3406,243.9392,249.7574,2262.91,48928.12,8758.24,8258.69,7676.86,6.8678,137.48
23/08/2022,0.6931,1143.91,409.3756,0.997,1.1836,139.2422,243.2164,248.4326,2260.03,48347.41,8738.76,8245.83,7630.31,6.8544,136.77
24/08/2022,0.6909,1157.493,409.4766,0.9967,1.1799,139.2027,242.3993,245.9285,2253.52,48110.74,8764.42,8279.55,7613.39,6.8774,137.12
25/08/2022,0.6981,1135.894,411.8092,0.9975,1.1832,139.0327,243.4248,247.3999,2263.15,48392.03,8888.13,8295.54,7628.48,6.8515,136.49
26/08/2022,0.6897,1142.326,406.8192,0.9966,1.1744,139.1417,241.9156,247.8714,2264.22,48667.93,8588.95,8135.58,7575,6.8947,137.64
29/08/2022,0.6903,1187.815,406.8892,0.9997,1.1709,138.7965,,,2256.7,47372.41,8532.1,8060.68,,6.9155,138.72
30/08/2022,0.6854,1129.172,403.8057,1.0015,1.1656,138.856,239.8773,244.6526,2257.26,47937.59,8438.69,8041.3,7508.02,6.9236,138.79
31/08/2022,0.6842,1103.872,401.4892,1.0054,1.1622,138.9672,239.3639,242.2944,2250.42,47760.69,8374.42,7940.45,7429,6.9069,138.96
01/09/2022,0.6788,1066.103,397.5907,0.9946,1.1545,138.7438,238.3185,239.1419,2237.36,47029.51,8400.96,7805.84,7297.26,6.9157,140.21
02/09/2022,0.6812,1073.807,400.7163,0.9954,1.1509,138.4992,239.6947,238.868,2246.25,47011.44,8311.42,8003.84,7432.71,6.916,140.2
05/09/2022,0.6797,,,0.9929,1.1517,138.6718,238.779,239.5276,,46958.34,,7881.07,7439.09,6.9428,140.6
06/09/2022,0.6735,1071.959,398.5886,0.9904,1.152,138.5965,238.7379,236.377,2228.09,46970.07,8277.81,7903.95,7452.36,6.9703,142.8
07/09/2022,0.6769,1016.273,402.0887,1.0006,1.1533,138.2068,239.4952,236.6558,2239.73,46636.48,8429.87,7908.35,7388.45,6.9591,143.74
08/09/2022,0.6751,1029.637,400.3533,0.9997,1.1504,138.2768,237.5822,233.4561,2232.37,47716.06,8486.63,7932.01,7414.06,6.9615,144.11
09/09/2022,0.6841,1071.389,402.3414,1.0042,1.1589,138.0647,236.889,233.8027,2231.34,47970.49,8616.98,8062.21,7504.94,6.9377,142.47
12/09/2022,0.6888,1085.649,405.2343,1.0122,1.1683,138.1921,238.1899,235.4319,2227.52,48527.06,8708.17,8234.92,7629.44,6.9181,142.84
13/09/2022,0.673,1076.223,399.8678,0.997,1.1493,138.5979,237.0075,234.2112,2219.96,48650.36,8331.9,8098.67,7540.45,6.9828,144.58
14/09/2022,0.6748,1086.142,397.9695,0.9981,1.1539,138.7004,237.4327,234.896,2219.41,47296.99,8362.4,8056.61,7429.62,6.973,143.08
15/09/2022,0.6702,1043.945,390.5989,1.0001,1.1467,138.2657,236.9844,234.3734,2214.96,47394.39,8268.6,7998.43,7434.98,7.0131,143.52
16/09/2022,0.6716,1048.655,392.0762,1.0016,1.142,138.0597,236.1736,233.9845,2214.03,46870.88,8209.35,7904.97,7388.64,6.9997,142.92
19/09/2022,0.6727,1055.797,390.9428,1.0024,1.1431,138.0597,,,2211.32,,8265.73,7904.11,,7.0048,143.21
20/09/2022,0.6689,1041.198,389.3245,0.9971,1.1381,137.9296,233.5722,231.1217,2203.59,47076.21,8172.64,7830.92,7343.69,7.0305,143.75
21/09/2022,0.663,1034.893,390.4317,0.9837,1.127,137.8008,234.4128,230.614,2210.14,46438.14,8033.29,7890.99,7389.62,7.0752,144.06
22/09/2022,0.6645,1044.351,391.7255,0.9836,1.1261,138.0269,233.246,226.516,2188.8,46167.3,7965.96,7744.71,7310.27,7.0819,142.39
23/09/2022,0.6528,991.221,385.8192,0.9687,1.0859,138.0269,232.4463,220.4621,2188.31,,7828.87,7567.24,7166.37,7.1377,143.31
26/09/2022,0.6456,964.581,380.7514,0.9609,1.0689,137.5236,231.4397,212.7256,2168.32,44939.27,7747.93,7553.59,7168.77,7.1739,144.75
27/09/2022,0.6435,985.659,381.4388,0.9594,1.0733,137.1253,228.843,205.93,2155.25,45177.84,7731.99,7522.15,7131.65,7.1794,144.8
28/09/2022,0.6522,1023.344,389.3532,0.9735,1.0889,137.0129,229.9984,220.2883,2186.26,44501.34,7884.55,7537.16,7152.9,7.1624,144.16
29/09/2022,0.65,1013.949,389.0623,0.9815,1.1117,137.3637,229.045,219.698,2179.51,45302.28,7719.09,7410.04,7033.08,7.0978,144.46
30/09/2022,0.64,990.792,389.8906,0.9802,1.117,137.4655,230.1981,221.7859,2172.7,44470.99,7603.14,7498.52,7045.57,7.1419,144.74
03/10/2022,0.6516,1031.634,396.9929,0.9826,1.1323,137.8437,233.9471,221.9111,2188.3,44948.63,7800,7552.7,7060.85,7.1046,144.55
04/10/2022,0.6501,1065.905,403.6775,0.9986,1.1476,138.0741,234.4798,220.8484,2189.8,46279.85,8039.25,7874.3,7242.47,7.0416,144.13
05/10/2022,0.6488,1087.246,401.4524,0.9884,1.1326,138.0469,231.6673,216.9456,2179.07,46499.86,8023.81,7791.22,7207.88,7.0684,144.64
06/10/2022,0.6406,1099.928,401.4898,0.9791,1.1162,137.9714,230.7873,213.8422,2171.74,46826.95,7943.63,7758.96,7152.41,7.0837,145.14
07/10/2022,0.6375,1138.249,398.8441,0.9744,1.1086,137.846,228.7849,212.3482,2163.28,46492.28,7721.44,7629.67,7146.1,7.1336,145.25
10/10/2022,0.6303,1120.406,390.9988,0.9702,1.1055,137.846,227.3997,206.5011,,,7663.58,7587.66,7113.61,7.1536,145.72
11/10/2022,0.6272,1098.307,393.556,0.9708,1.0968,137.3778,227.6806,206.6433,2158.03,45266.61,7613.75,7550.3,7037.89,7.1733,145.86
12/10/2022,0.6278,1078.583,391.6104,0.9703,1.11,137.1326,226.3047,205.8418,2163.37,45259.03,7588.9,7530.36,6977.5,7.175,146.91
13/10/2022,0.6298,1103.628,391.532,0.9776,1.1326,137.0315,226.9113,210.7531,2152.6,44985.71,7786.96,7600.13,7004.68,7.1773,147.12
14/10/2022,0.6199,1070.837,385.0098,0.9722,1.1172,137.0532,226.323,208.0085,2146.57,46448.82,7602.99,7643.82,7013.39,7.2203,148.67
17/10/2022,0.6291,1071.508,388.6487,0.9841,1.1358,136.7525,227.3954,215.474,2147.29,45908.78,7804.33,7779.25,7076.23,7.2091,149.04
18/10/2022,0.6309,1052.849,386.775,0.9858,1.132,136.6702,227.8067,217.5028,2151.04,46560.91,7893.68,7829.4,7093.11,7.2241,149.26
19/10/2022,0.627,1076.252,381.7707,0.9773,1.1219,136.6535,226.5527,221.7002,2135.64,46734.49,7840.99,7846.16,7081.09,7.2683,149.9
20/10/2022,0.6281,1075.059,382.4188,0.9786,1.1235,136.3767,226.262,222.5761,2124.14,46305.13,7779.53,7894.99,7102.13,7.2536,150.15
21/10/2022,0.6379,1085.752,387.0155,0.9862,1.1303,135.962,225.6346,219.1429,2123.71,46105.59,7964.25,7858.34,7128.53,7.2299,147.65
24/10/2022,0.6312,1084.554,386.6253,0.9874,1.1278,135.6763,227.4201,225.4279,2120.91,46250.16,8058.88,7974.19,7173.8,7.3264,148.91
25/10/2022,0.6394,1090.977,387.58,0.9966,1.1472,135.8675,230.2138,227.2819,2138.2,46722.32,8190.02,8104.81,7173.28,7.314,147.93
26/10/2022,0.6497,1115.478,390.2415,1.0081,1.1625,136.1493,230.8965,227.6113,2146.85,47033.62,8129.62,8149.42,7216.83,7.1875,146.37
27/10/2022,0.6452,1130.469,389.4434,0.9964,1.1565,136.6911,233.3693,229.7262,2157.39,46885.43,8080.32,8147.6,7235,7.2525,146.29
28/10/2022,0.6411,1115.489,384.6236,0.9965,1.1615,137.0666,232.2827,231.2745,2149.28,46474.82,8280.11,8166.85,7208.39,7.2672,147.6
31/10/2022,0.6399,1104.443,383.7937,0.9882,1.1469,137.2918,230.618,229.0231,2142.42,47302.96,8218.7,8179.88,7256.32,7.3363,148.71
01/11/2022,0.6395,1126.464,385.9426,0.9877,1.1484,136.9885,231.0709,230.8847,2144.43,47461.03,8185.07,8255.59,7350.04,7.3084,148.27
02/11/2022,0.6351,1144.564,386.0566,0.9818,1.1392,136.8239,230.9872,231.0636,2141.29,47433.97,7980.47,8190,7307.06,7.343,147.9
03/11/2022,0.6289,1126.959,381.6316,0.9749,1.116,136.8239,229.3551,229.4067,2134.03,,7897.01,8126.22,7352.56,7.3317,148.26
04/11/2022,0.647,1173.513,392.3688,0.9957,1.1379,136.5454,228.6655,227.9988,2129.76,46639.08,8006.24,8341.42,7502.1,7.1865,146.62
07/11/2022,0.6479,1166.174,393.4153,1.002,1.1514,136.486,228.4899,226.188,2123.43,47202.89,8083.38,8387.71,7466.46,7.2298,146.63
08/11/2022,0.6507,1136.397,401.7575,1.0074,1.1544,136.2497,229.436,228.0513,2132.46,47793.69,8128.7,8456.64,7472.75,7.2302,145.68
09/11/2022,0.6431,1103.764,401.2763,1.0011,1.1358,136.7521,230.7779,231.5021,2137.28,47527.42,7961.52,8431.2,7462.64,7.2741,146.47
10/11/2022,0.6619,1114.661,410.6428,1.0209,1.1716,136.8226,233.9975,235.8533,2171.46,47064.74,8403.48,8699.25,7554.43,7.1521,140.98
11/11/2022,0.6703,1142.624,414.3428,1.0347,1.183,137.4094,231.0135,233.6369,,48473.18,8481.13,8748.87,7495.74,7.092,138.81
14/11/2022,0.6702,1113.771,416.1818,1.0327,1.1756,137.0478,231.0301,233.6057,2166.26,47958.5,8407.25,8791.86,7564.49,7.0417,139.89
15/11/2022,0.6756,1127.792,416.416,1.0349,1.1865,137.261,232.5181,234.345,2177.85,48004.34,8481.14,8855.53,7548.38,7.0484,139.28
16/11/2022,0.6741,1113.661,416.3249,1.0395,1.1914,137.3441,234.123,238.3535,2190.12,48069.73,8413.09,8782.45,7529.68,7.1078,139.5
17/11/2022,0.6685,1082.066,413.3048,1.0362,1.1864,137.5817,233.9054,237.1841,2180.13,47902.12,8388.84,8772.57,7531.61,7.1478,140.2
18/11/2022,0.6673,1064.606,411.3069,1.0325,1.189,137.4125,234.5994,236.2401,2174.2,47849.3,8429.01,8877.58,7571.58,7.1264,140.37
21/11/2022,0.6605,1066.329,408.102,1.0242,1.1823,137.28,234.7563,238.0258,2175.03,47926.65,8397.23,8846.6,7562.68,7.1799,142.14
22/11/2022,0.6649,1073.099,408.1966,1.0304,1.1886,137.205,234.8536,238.0954,2183.31,48219.84,8511.48,8893.27,7640.59,7.1367,141.23
23/11/2022,0.6733,1045.17,409.5474,1.0397,1.2055,137.205,236.3583,241.3381,2193.1,,8562.27,8930.69,7653.3,7.1538,139.6
24/11/2022,0.6764,,,1.041,1.2113,137.3028,237.8631,239.9883,,48678.36,,8965.89,7663.87,7.1694,138.54
25/11/2022,0.6751,1028.311,411.5981,1.0395,1.2092,136.9436,235.5579,237.7823,2192.88,48506.75,8560.09,8968,7684.48,7.194,139.19
28/11/2022,0.665,1031.752,408.6022,1.034,1.1959,136.8617,235.2847,237.8297,2194.77,48300.6,8427.95,8907.12,7671.49,7.2474,138.95
29/11/2022,0.6688,1037.417,410.6065,1.033,1.1952,136.5763,236.7365,237.9652,2188.06,48069.09,8415.27,8904.7,7710.47,7.1406,138.63
30/11/2022,0.6788,1071.407,409.771,1.0406,1.2058,136.6218,236.1274,235.9116,2199.79,47968.16,8678,8973.22,7773.14,7.0457,138.07
01/12/2022,0.6811,1069.318,422.6959,1.052,1.2247,136.7078,238.3313,236.8353,2220.66,48409.08,8671.9,9022.65,7759.82,7.0385,135.33
02/12/2022,0.679,1053.926,421.4425,1.0535,1.228,136.8037,237.6909,234.9608,2226.28,47640.43,8662.23,9007.72,7757.5,7.021,134.31
05/12/2022,0.6698,1018.701,415.003,1.0491,1.219,136.7909,237.7293,236.6601,2211.54,47713.32,8507.34,8959.32,7769.11,6.975,136.75
06/12/2022,0.6688,981.974,415.3087,1.0467,1.2133,136.6961,238.8326,236.979,2220.7,47825.6,8385.16,8920.07,7721.73,6.9807,137
07/12/2022,0.6725,956.454,418.9932,1.0506,1.2203,136.8146,239.3153,236.8372,2237.52,47483.5,8369.74,8878.64,7688.68,6.9619,136.62
08/12/2022,0.6769,944.241,419.8587,1.0556,1.2234,136.9348,238.7499,235.9896,2230.64,47291.47,8433.9,8879.49,7671.49,6.9613,136.67
09/12/2022,0.6795,944.477,422.053,1.054,1.2259,137.1639,236.8151,234.2736,2217.09,47851.57,8372.26,8927.83,7676.07,6.9643,136.56
12/12/2022,0.6745,966.269,417.9152,1.0537,1.2269,137.0043,236.9462,232.7565,2216.4,47750.93,8491.86,8880.72,7644.59,6.9898,137.67
13/12/2022,0.6855,997.467,425.7063,1.0633,1.2366,137.0899,237.3722,231.4004,2229.61,47943.91,8554.1,9027.94,7703.03,6.9639,135.59
14/12/2022,0.6864,1020.9,424.1713,1.0682,1.2426,137.242,236.4154,230.9329,2234.21,48289.25,8503.97,9001.75,7695.89,6.943,135.48
15/12/2022,0.6703,1003.38,417.0152,1.0628,1.2178,137.0131,233.4127,232.6797,2236.25,48110.01,8292.64,8685.71,7625.23,6.9913,137.78
16/12/2022,0.6685,980.92,419.9573,1.0586,1.2148,136.7215,231.5952,230.797,2232.11,47210.33,8200.9,8613.98,7528.66,6.9774,136.6
19/12/2022,0.67,989.292,419.5244,1.0607,1.2149,136.4451,231.0429,228.2522,2219.86,46713.86,8127.57,8630.34,7558.63,6.9861,136.91
20/12/2022,0.6678,994.225,426.0389,1.0624,1.2183,135.7244,229.31,226.0157,2208.74,45565.45,8136.3,8610.5,7568.19,6.9614,131.73
21/12/2022,0.6707,1019.653,426.09,1.0605,1.2082,135.5279,229.4173,227.2236,2211.06,45256.21,8258.43,8768.25,7698.28,6.9864,132.46
22/12/2022,0.667,1008.539,419.115,1.0596,1.2038,135.6851,228.738,226.8639,2209.59,45462.27,8139.07,8657.61,7674.86,7.0096,132.35
23/12/2022,0.6721,1043.608,421.2429,1.0617,1.2053,135.7231,228.1523,226.2563,2200.7,44994.71,8187.06,8643.4,7678.7,7.0031,132.91
26/12/2022,0.6727,,,1.0637,1.2062,135.529,,,,45287.33,,,,6.9758,132.88
27/12/2022,0.6732,1046.331,425.8576,1.064,1.2025,135.2044,,,2187.85,45359.36,8154.57,8679.35,,6.9668,133.49
28/12/2022,0.6737,1037.932,424.2042,1.0612,1.2018,135.0652,226.2658,225.3986,2184.57,45175.22,8056.62,8624.85,7703.54,6.997,134.47
29/12/2022,0.6778,1031.509,426.6386,1.0661,1.2055,134.6956,226.9524,225.0673,2190.79,44825.86,8198.36,8718.26,7720.14,6.9737,133.03
30/12/2022,0.6813,1061.914,426.7372,1.0705,1.2083,134.8024,225.3052,225.5421,2188.39,44827.29,8178.02,8590.43,7657.48,6.922,131.12
02/01/2023,0.6802,,,1.0667,1.2046,,,,,,,8736.05,,6.927,130.8
03/01/2023,0.6727,1015.336,431.5948,1.0548,1.1968,134.8024,228.1217,225.7369,2195.75,,8145.6,8795.42,7762.65,6.9237,131.02
04/01/2023,0.6839,962.777,434.6638,1.0604,1.2055,134.5507,230.249,228.4327,2206.51,44178.55,8207.42,9003.11,7794.62,6.8995,132.63
05/01/2023,0.6752,973.409,430.4151,1.0522,1.1908,134.7207,229.423,226.7972,2204.71,44357.11,8113.15,8970.28,7844.9,6.8884,133.41
06/01/2023,0.6877,972.045,437.273,1.0644,1.2093,134.8912,231.1916,228.0642,2224.97,44620.03,8298.61,9105.1,7912.76,6.8303,132.08
09/01/2023,0.6912,985.766,439.329,1.073,1.2184,134.8912,230.7918,226.3512,2230.5,,8293.8,9220.19,7938.92,6.7821,131.88
10/01/2023,0.6889,991.218,439.0859,1.0733,1.2154,134.517,229.9596,227.3277,2220.21,44966.54,8351.68,9194.9,7907.63,6.7847,132.26
11/01/2023,0.6904,1022.55,439.7106,1.0757,1.2146,134.5428,231.9638,230.8214,2230.83,45431.12,8459.18,9290.75,7938.97,6.7678,132.45
12/01/2023,0.6969,1038.729,444.4133,1.0853,1.221,133.9591,232.7149,231.8634,2246.33,45437.68,8489.08,9351.78,8011.91,6.7266,129.25
13/01/2023,0.6968,1055.53,449.811,1.083,1.2227,133.9533,232.5328,231.6544,2238.14,44870.26,8523.32,9406.44,8063.34,6.7139,127.87
16/01/2023,0.6955,,,1.0822,1.2194,134.2756,232.4987,231.1644,,44359.71,,9421.23,8079.78,6.7427,128.58
17/01/2023,0.6988,1062.747,447.3022,1.0788,1.2286,134.3083,234.1348,232.163,2235.72,44903.18,8506.03,9460.5,8070.49,6.7698,128.12
18/01/2023,0.6943,1054.344,446.6859,1.0794,1.2348,134.7818,236.0699,232.6432,2256.53,46024,8373.66,9460.51,8049.6,6.7691,128.9
19/01/2023,0.691,1066.731,450.6436,1.0833,1.2391,134.953,235.1468,232.8533,2251.77,45361.09,8310.75,9279.07,7965.38,6.7707,128.43
20/01/2023,0.6963,1083.329,451.6996,1.0856,1.2397,135.2714,232.8884,231.8421,2240.19,45615.85,8468.15,9337.14,7989.34,6.7812,129.6
23/01/2023,0.7029,1089.438,451.9884,1.0872,1.2379,135.6332,232.3574,231.5569,2234.93,46221.42,8568.77,9410.72,8003.82,6.7765,130.67
24/01/2023,0.7046,1066.914,453.626,1.0887,1.2334,135.527,233.236,233.1151,2244.44,46896.81,8562.87,9415.73,7975.73,6.784,130.17
25/01/2023,0.7104,1065.812,455.3571,1.0916,1.2403,135.4087,233.0601,233.5019,2246.82,47061.42,8561.4,9404.59,7962.9,6.7721,129.59
26/01/2023,0.7115,1078.583,452.4638,1.0892,1.2408,135.3206,232.0926,232.5634,2241.19,47006,8656.26,9463.23,7979.59,6.737,130.22
27/01/2023,0.71,1066.085,452.266,1.0868,1.2382,134.7228,231.5283,231.9014,2239.4,47040.03,8678.01,9472.38,7983.75,6.7569,129.88
30/01/2023,0.706,1042.952,450.9518,1.0851,1.2352,134.6317,230.5397,232.3154,2235,47130.42,8566.28,9428.64,8004.02,6.7565,130.39
31/01/2023,0.7055,1055.853,452.4282,1.0863,1.232,134.4605,230.7725,231.7903,2243.23,46947.81,8691.88,9439.57,7990.49,6.7568,130.09
01/02/2023,0.7137,1023.88,451.9048,1.099,1.2376,134.7857,230.5716,231.3523,2255.53,46981.77,8782.77,9457.7,7979.6,6.7195,128.98
02/02/2023,0.7077,1017.192,449.1716,1.091,1.2225,135.1309,235.2628,237.6193,2255.76,47076.55,8912.35,9615.67,8040.31,6.7377,128.68
03/02/2023,0.6923,988.554,436.6205,1.0795,1.2056,135.3954,232.6899,235.8863,2238.22,47261.08,8820.47,9653.9,8124.24,6.806,131.19
06/02/2023,0.6883,1001.337,437.4634,1.0726,1.2019,135.212,231.3873,232.8901,2225.47,47577.52,8766.9,9536.21,8057.32,6.8056,132.66
07/02/2023,0.6959,1034.467,438.7531,1.0726,1.2048,135.0529,231.1278,232.189,2221.59,47563.47,8879.91,9544.97,8086.11,6.7839,131.07
08/02/2023,0.6925,1051.102,440.1828,1.0712,1.2072,135.146,230.1724,231.6512,2226.12,47427.73,8781.79,9544.61,8107.14,6.7964,131.4
09/02/2023,0.6936,1043.295,437.3989,1.074,1.2121,135.066,231.1005,231.8042,2218.12,47389.75,8705.58,9637.55,8133.85,6.7922,131.59
10/02/2023,0.6917,1067.383,436.5236,1.0678,1.2062,134.8901,230.0021,229.8709,2210.27,47538.58,8726.47,9526.11,8104.35,6.8231,131.36
13/02/2023,0.6966,1070.772,434.13,1.0723,1.2139,135.1956,230.0462,229.6069,2215.25,47119.97,8827.72,9624.64,8171.33,6.8242,132.42
14/02/2023,0.6986,1059.364,434.6294,1.0738,1.2173,135.2757,229.3029,228.0568,2208.35,47421.39,8826.32,9618.75,8177.76,6.8374,133.16
15/02/2023,0.6903,1056.398,430.003,1.0689,1.203,135.3539,228.2998,228.9552,2203.22,47248.03,8853.02,9712.42,8222.98,6.8636,134.16
16/02/2023,0.6879,1053.431,431.5739,1.0674,1.1993,135.2612,227.9453,227.9686,2195.48,47582.32,8731.75,9751.46,8250.77,6.8684,133.94
17/02/2023,0.6879,1027.109,431.2575,1.0695,1.2037,135.0593,228.4774,227.2282,2201.55,47267.39,8709.21,9701.74,8242.36,6.8738,134.15
20/02/2023,0.6908,,,1.0686,1.2041,135.0022,228.3574,228.1171,,47299.71,,9693.53,8252.6,6.8595,134.25
21/02/2023,0.6853,1028.888,429.6884,1.0648,1.2112,134.9255,226.8342,225.644,2185.43,47198.62,8534.73,9646.36,8214.96,6.8926,135.01
22/02/2023,0.6804,1000.185,429.5119,1.0605,1.2046,135.0212,227.0515,226.252,2190.16,46565.06,8521.45,9629.29,8166.44,6.9038,134.84
23/02/2023,0.6808,1018.965,426.1399,1.0596,1.2013,135.0212,227.8231,225.9561,2196.15,,8567.57,9663.98,8163.27,6.9163,134.7
24/02/2023,0.6726,1029.917,423.9334,1.0548,1.1944,135.2709,226.7935,224.7346,2184.62,47164.91,8477.66,9483.92,8133.27,6.981,136.48
27/02/2023,0.6739,1020.625,425.9209,1.0609,1.2064,135.3307,226.3066,223.5839,2188.89,47141.63,8504.76,9640.94,8191.55,6.9608,136.19
28/02/2023,0.6729,1038.302,428.7315,1.0576,1.2022,135.9556,225.3874,223.6901,2190.74,47178.76,8479.8,9619.08,8130.81,6.9546,136.17
01/03/2023,0.6761,1049.14,430.8192,1.0668,1.2029,136.079,224.2231,222.5873,2179.59,47300.76,8440.25,9567.72,8170.71,6.8789,136.19
02/03/2023,0.673,1054.755,429.7325,1.0597,1.1946,135.843,223.8073,222.1968,2173.3,47270.4,8505.55,9624.11,8219.58,6.921,136.77
03/03/2023,0.677,1068.336,433.0817,1.0635,1.2036,135.7482,224.1729,222.1752,2187.17,48007.16,8643.61,9747.12,8222.76,6.8954,135.87
06/03/2023,0.673,1073.118,433.2542,1.0681,1.2025,135.7076,224.3364,222.9597,2183.67,48540.58,8649.88,9790.21,8204.84,6.9498,135.93
07/03/2023,0.6584,1037.274,425.2289,1.0549,1.183,135.7068,224.5211,223.5892,2182.54,48663.28,8517.54,9711.18,8194.17,6.9939,137.16
08/03/2023,0.6589,1029.6,424.9684,1.0545,1.1845,135.5724,225.6633,225.3852,2181.88,48895.4,8530.33,9732.71,8204.97,6.9684,137.36
09/03/2023,0.659,1016.155,428.7406,1.0581,1.1925,135.4055,225.3741,224.2722,2191.42,49203.03,8374.25,9727.43,8162.15,6.977,136.15
10/03/2023,0.658,1030.155,436.3604,1.0643,1.203,136.0726,227.8822,227.6203,2222.72,48379.32,8253.65,9598.99,8025.8,6.9398,135.03
13/03/2023,0.6668,1006.51,447.9181,1.0731,1.2183,136.9076,230.7819,231.3484,2245.41,47844.7,8241.39,9297.18,7818.94,6.852,133.21
14/03/2023,0.6682,966.948,446.6799,1.0733,1.2158,138.3527,228.0397,229.4598,2228,46794.53,8379.16,9485.38,7910.58,6.8798,134.22
15/03/2023,0.6619,920.821,451.5364,1.0577,1.2057,137.4776,232.7743,233.2684,2253.11,46807.32,8320.96,9157.33,7607.44,6.8925,133.42
16/03/2023,0.6656,933.801,449.6494,1.061,1.2109,137.8168,231.527,232.8,2238.04,46431.08,8468.33,9345.39,7685.76,6.8953,133.74
17/03/2023,0.6697,916.401,461.4157,1.067,1.2173,137.8068,233.487,234.3904,2258.35,46987.5,8375.21,9227.37,7608.35,6.8861,131.85
20/03/2023,0.6718,926.853,463.802,1.0721,1.2278,138.3126,233.579,232.6895,2250.35,46320.31,8449.98,9352.23,7679.35,6.8736,131.32
21/03/2023,0.6669,945.012,454.2605,1.0768,1.2217,138.3126,231.2399,232.0621,2236.26,,8560.31,9493.39,7816.65,6.8765,132.51
22/03/2023,0.6685,962.04,456.2451,1.0856,1.2268,137.6296,230.2912,230.0984,2256.4,47215.82,8420.02,9529.51,7848.41,6.8607,131.44
23/03/2023,0.6684,951.441,467.139,1.0831,1.2287,137.7187,232.4055,232.247,2264.61,47135.61,8445.87,9555.5,7785.97,6.8296,130.85
24/03/2023,0.6645,940.461,464.5085,1.076,1.2233,137.7578,233.515,234.1176,2266.53,47076.54,8493.55,9387.61,7688.22,6.8669,130.73
27/03/2023,0.6651,980.71,457.6825,1.0798,1.2287,137.6745,232.322,232.6868,2245.27,47234.21,8507.54,9464.86,7757.08,6.8828,131.57
28/03/2023,0.6709,984.625,462.1299,1.0845,1.2342,137.9885,230.9263,231.3255,2243.06,47305.34,8494.35,9473.02,7770.03,6.8775,130.89
29/03/2023,0.6684,977.936,460.8204,1.0844,1.2314,138.4537,230.8644,231.8275,2240.32,47931.69,8615.29,9616.35,7853.11,6.894,132.86
30/03/2023,0.6712,990.944,463.9458,1.0905,1.2386,138.3033,229.9523,230.8937,2242.94,48201.91,8665.7,9739.41,7917.87,6.8749,132.7
31/03/2023,0.6685,1007.114,461.3356,1.0839,1.2337,138.0586,230.8599,230.4381,2254.15,48651.96,8791.13,9806.74,7929.62,6.8703,132.86
03/04/2023,0.6786,1068.393,464.8147,1.0899,1.2414,137.3929,231.9166,233.4797,2261.78,48906.43,8823.66,9802.48,7972.5,6.8769,132.46
04/04/2023,0.6751,1068.535,473.66,1.0953,1.2501,136.9659,231.4395,233.0027,2272.17,49078.66,8773.31,9812.19,7932.51,6.8788,131.71
05/04/2023,0.672,1069.563,473.1191,1.0904,1.2462,136.9158,232.8368,232.6195,2279.07,48255.99,8752.54,9773.62,7962.05,6.8858,131.32
06/04/2023,0.6672,1070.338,471.044,1.0922,1.244,137.0428,232.7933,232.7915,2280.16,47665,8785.7,9806.59,8048.41,6.8823,131.78
07/04/2023,0.6672,,,1.0905,1.2418,137.3414,,,2266.68,47744.25,,,,6.877,132.16
10/04/2023,0.6641,1059.785,466.0423,1.0859,1.2382,137.2812,,,2263.92,47944.38,8794.65,,,6.8927,133.61
11/04/2023,0.6654,1077.387,469.6424,1.0912,1.2424,137.3403,230.7473,230.8236,2263.57,48447.03,8794.29,9860.84,8094.32,6.8939,133.68
12/04/2023,0.6691,1097.524,471.0802,1.0992,1.2485,137.2731,229.8664,230.3891,2267.21,48723.47,8758.11,9862.51,8135,6.8809,133.13
13/04/2023,0.6782,1084.14,478.2182,1.1046,1.2523,137.4416,229.7876,229.8564,2262.41,48852.33,8875.65,9928.99,8160.69,6.8718,132.58
14/04/2023,0.6707,1086.695,469.0941,1.0992,1.2413,137.3642,228.8788,227.9616,2252.19,49437.94,8857.31,9993.2,8190.37,6.8729,133.79
17/04/2023,0.6701,1069.178,467.2422,1.0926,1.2376,137.0211,228.1077,226.9388,2242.01,49474.91,8886.76,9940.53,8198.27,6.8827,134.47
18/04/2023,0.6725,1069.33,470.2652,1.0972,1.2425,137.0715,228.6671,226.1238,2244.14,49724.85,8894.35,10000.47,8229.41,6.8823,134.12
19/04/2023,0.6713,1048.463,467.4448,1.0955,1.2439,137.1864,227.9248,223.9329,2241.42,49634.51,8893.6,9999.6,8218.31,6.895,134.72
20/04/2023,0.6743,1023.537,470.2591,1.097,1.2443,137.098,228.5739,225.3482,2250.57,49722.67,8841.62,9979.79,8226.66,6.8843,134.24
21/04/2023,0.6692,1031.915,463.6648,1.0986,1.2432,137.1537,227.9551,225.6632,2246.54,49560.96,8849.76,10033.8,8238.65,6.8985,134.16
24/04/2023,0.6696,1046.036,466.0287,1.1046,1.2486,137.0801,228.0521,225.8028,2255.16,49611.54,8857.3,10031.66,8236.64,6.9037,134.24
25/04/2023,0.6626,1021.598,467.19,1.0973,1.2409,137.1317,229.7403,227.3014,2273.42,49657.61,8717.63,9989.26,8214.71,6.942,133.76
26/04/2023,0.6603,985.239,465.275,1.1041,1.2469,137.4656,229.7074,226.8665,2265.47,49304.72,8684.19,9927.85,8174.64,6.9413,133.67
27/04/2023,0.6631,991.717,466.0402,1.1028,1.2498,137.4265,228.5889,225.0583,2253.09,49376.22,8854.32,9955.78,8159.68,6.9301,133.97
28/04/2023,0.6615,1018.609,466.1295,1.1019,1.2567,138.2841,230.6368,226.3461,2266.23,50068.1,8928.35,9967.69,8200.3,6.9272,136.3
01/05/2023,0.663,1006.108,464.7187,1.0976,1.2496,138.1903,230.6493,226.3626,2245.16,50530.91,8924.92,9967.69,,6.9617,137.5
02/05/2023,0.6663,955.636,472.0399,1.0999,1.2467,137.9898,231.3276,227.1898,2267.24,50591.24,8821.59,9827.39,8098.68,6.9346,136.55
03/05/2023,0.6671,917.837,475.3037,1.1062,1.2564,137.9898,231.4618,226.514,2278.07,,8759.95,9863.97,8114.66,6.9223,134.71
04/05/2023,0.6693,920.125,479.7351,1.1012,1.2574,137.9898,232.1372,226.8186,2276.46,,8697.68,9820.59,8035.73,6.9153,134.29
05/05/2023,0.6749,955.793,472.5927,1.1019,1.2636,137.9898,230.8267,225.0897,2267.61,,8858.86,9958.29,8114.75,6.9219,134.8
08/05/2023,0.6782,977.94,474.7619,1.1004,1.2618,138.1324,230.3341,225.1394,2256.93,50230.22,8863.01,9989.18,,6.92,135.1
09/05/2023,0.6762,983.862,477.0771,1.0962,1.2621,137.9806,229.9574,224.0593,2254.47,50738.49,8823.05,9937.85,8099.85,6.925,135.23
10/05/2023,0.6779,971.328,475.785,1.0982,1.2625,138.1109,230.8372,224.8264,2266.82,50529.17,8862.85,9900.32,8076.09,6.9389,134.34
11/05/2023,0.6702,951.983,472.0056,1.0916,1.2511,138.4971,231.867,226.132,2273.02,50537.05,8849.69,9911.48,8077.22,6.9596,134.53
12/05/2023,0.6646,940.738,471.8883,1.0849,1.2458,138.4672,231.1657,224.8137,2263.93,50990.91,8837.68,9941.91,8102.33,6.9711,135.7
15/05/2023,0.67,955.725,472.7861,1.0874,1.2529,138.2027,230.6887,223.9181,2259.07,51403.93,8865.03,9942.25,8126.45,6.9589,136.12
16/05/2023,0.6656,952.149,465.9305,1.0862,1.2488,138.3224,229.986,223.9154,2254.07,51779.83,8808.95,9940.19,8098.63,6.9986,136.39
17/05/2023,0.666,979.287,464.0282,1.084,1.2487,138.8069,230.2327,223.6876,2248.66,52214.64,8915.43,9959.58,8069.54,7.008,137.68
18/05/2023,0.6622,967.522,458.2116,1.077,1.2409,138.5713,228.3154,220.9821,2238.3,53048.07,9001.25,10063.42,8102.88,7.0497,138.71
19/05/2023,0.6651,962.666,463.3721,1.0805,1.2445,138.3945,228.8466,220.2501,2232.13,53454.81,8988.46,10127.59,8118.13,7.0247,137.98
22/05/2023,0.6653,967.94,462.5032,1.0813,1.2437,138.6262,228.4366,219.7048,2230.01,53937.98,8990.89,10123.32,8132.91,7.047,138.6
23/05/2023,0.661,979.482,461.899,1.077,1.2413,138.4765,228.2787,217.5101,2231.92,53714.07,8890.16,10023.51,8124.49,7.0649,138.59
24/05/2023,0.6544,998.457,459.7185,1.075,1.2365,138.3415,228.5087,217.2198,2226.93,53236.82,8825.26,9841.99,7982.32,7.0661,139.47
25/05/2023,0.6505,972.723,454.9642,1.0725,1.2321,138.0803,228.0413,214.2971,2216.98,53442.34,8902.84,9855.58,7926.87,7.0919,140.06
26/05/2023,0.6517,983.758,455.2165,1.0723,1.2344,138.1877,227.1636,214.3083,2215.69,53642.78,9019.64,10012.25,7985.85,7.0739,140.6
29/05/2023,0.6539,,,1.0708,1.2355,138.1122,229.0373,214.3568,,54193.2,,9971.86,,7.0854,140.45
30/05/2023,0.6517,943.068,458.7303,1.0735,1.2414,138.1505,230.473,216.0745,2232.5,54357.37,9020.39,9917.27,7875.78,7.0911,139.79
31/05/2023,0.6503,929.743,459.9584,1.0689,1.2441,138.2039,231.6075,217.7913,2239.92,53593.44,8967.16,9747.34,7796.27,7.1192,139.34
01/06/2023,0.6571,951.941,463.1361,1.0762,1.2526,138.2518,231.9373,218.8018,2244.81,54044.79,9057.17,9838.78,7849.77,7.1044,138.8
02/06/2023,0.661,974.659,457.1936,1.0708,1.2453,138.251,231.583,218.48,2231.9,54697.55,9189.34,9991.09,7972.39,7.1096,139.92
05/06/2023,0.6617,981.507,458.4879,1.0713,1.2438,138.0875,230.4968,217.4678,2232.47,55900.34,9171.09,9921.12,7964.75,7.1192,139.58
06/06/2023,0.6671,976.773,460.2269,1.0693,1.2424,138.206,230.325,217.8401,2233.79,56402.39,9192.91,9925.68,7994.21,7.1289,139.63
07/06/2023,0.6652,986.543,454.9288,1.0699,1.2438,138.3358,229.4947,217.3949,2222.51,55373.41,9158.14,9918.04,7990.27,7.1477,140.13
08/06/2023,0.6716,973.848,459.6876,1.0782,1.256,138.158,229.8331,217.0506,2232.29,54900.65,9215.86,9931.37,7971.83,7.1209,138.92
09/06/2023,0.6742,959.866,459.4295,1.0749,1.2572,138.2118,230.8282,217.7337,2227.75,55983.18,9226.7,9913.15,7932.62,7.1439,139.4
12/06/2023,0.6751,922.785,457.888,1.0757,1.2509,138.2418,231.0651,216.0524,2231.1,56276.12,9312.72,9974.85,7941.36,7.1561,139.6
13/06/2023,0.6767,953.626,455.3735,1.0793,1.2612,138.444,230.473,214.1341,2219.97,57290.54,9377.65,10046.62,7966.62,7.1749,140.22
14/06/2023,0.6796,940.399,457.8339,1.083,1.2664,138.3408,229.8826,214.9933,2222.72,58129.93,9387.54,10112.32,7974.98,7.174,140.09
15/06/2023,0.6885,972.537,458.3184,1.0945,1.2784,138.3771,229.2816,215.6618,2233.09,58102.64,9503.53,10087.2,8002.37,7.1201,140.29
16/06/2023,0.6875,984.502,458.5006,1.0937,1.2817,138.5319,230.4758,215.4985,2227.36,58485.4,9468.81,10155.85,8017.54,7.128,141.82
19/06/2023,0.6851,,,1.0921,1.2792,138.6158,229.2909,214.387,,57902.98,,10080.88,7960.64,7.164,141.98
20/06/2023,0.6785,976.199,453.2987,1.0918,1.2765,138.7547,230.996,216.9256,2233.04,57935.53,9424.02,10036.43,7940.52,7.1823,141.47
21/06/2023,0.6797,992.418,452.7121,1.0986,1.277,138.8221,230.7194,215.4844,2234.53,58266.1,9375.21,9993.76,7929.9,7.1768,141.88
22/06/2023,0.6756,956.667,447.8423,1.0956,1.2748,138.7742,229.7905,216.0216,2224.28,57730.38,9410.83,9951.49,7873.16,7.1956,143.11
23/06/2023,0.668,952.429,449.2801,1.0894,1.2714,138.8357,231.7339,217.0642,2231.48,56892.06,9338.84,9875.53,7831.01,7.2157,143.7
26/06/2023,0.6675,957.215,450.4514,1.0906,1.2713,139.0862,232.3502,218.0979,2234.84,56751.78,9297.12,9896.23,7822.32,7.2429,143.51
27/06/2023,0.6686,933.664,448.1872,1.0961,1.2749,138.9796,231.6216,216.9955,2229.24,56472.96,9403.62,9953.33,7830.58,7.2243,144.07
28/06/2023,0.66,956.076,447.8794,1.0913,1.2636,138.7668,232.0882,217.5319,2235.07,57612.4,9400.3,10044.61,7871.54,7.2432,144.48
29/06/2023,0.6616,959.691,446.9424,1.0865,1.2613,138.8516,230.8316,217.0174,2217.54,57744.08,9443.46,10067.61,7842.45,7.2686,144.76
30/06/2023,0.6664,971.422,449.687,1.0909,1.2703,138.5919,230.9831,216.7168,2223.1,57670.18,9559.67,10170.26,7905.25,7.2677,144.31
03/07/2023,0.6673,962.054,449.9058,1.0912,1.2693,138.5159,230.484,216.1664,2217.54,58650.71,9571.35,10168.07,7900.77,7.2529,144.68
04/07/2023,0.6692,,,1.0879,1.2713,138.6855,229.9099,216.4363,,58075.89,,10151.52,7892.85,7.2279,144.47
05/07/2023,0.6655,988.111,449.4778,1.0854,1.2704,138.8669,229.9385,215.2353,2210.29,57930.24,9553.69,10059.41,7811.38,7.2621,144.66
06/07/2023,0.6626,986.579,446.8146,1.0889,1.274,138.7436,227.6612,212.1192,2197.55,56947.3,9478.73,9764.32,7642.52,7.2556,144.07
07/07/2023,0.669,1011.865,450.869,1.0967,1.2839,138.2633,227.6554,212.0558,2196.43,56279.01,9453.1,9800.47,7617.79,7.2324,142.21
10/07/2023,0.6675,1002.251,450.7169,1.1001,1.2861,137.6175,227.4646,212.2138,2203.48,55933.76,9475.9,9846.52,7635.47,7.2294,141.31
11/07/2023,0.6686,1024.316,452.2012,1.1009,1.2933,137.862,227.0972,211.9694,2206.1,55957.81,9539.95,9916.03,7644.64,7.2119,140.36
12/07/2023,0.6787,1033.816,457.9647,1.1129,1.2988,137.5387,228.5732,213.9374,2221.22,55506.65,9610.87,10086.99,7784.87,7.1657,138.5
13/07/2023,0.6889,1049.486,458.5165,1.1226,1.3136,137.545,229.9827,215.2347,2234.31,56332.72,9693.3,10159.4,7815.65,7.1504,138.05
14/07/2023,0.6838,1031.826,458.7033,1.1228,1.3093,137.31,229.8544,215.7233,2226.14,56283.94,9683.69,10178.71,7809.73,7.1584,138.8
17/07/2023,0.6816,1017.821,457.0962,1.1236,1.3073,137.31,230.0342,215.2905,2228.21,,9721.03,10078.5,7780.15,7.1784,138.71
18/07/2023,0.6811,1032.697,462.7765,1.1229,1.3036,137.1512,232.0847,217.244,2230.47,56462.27,9790.2,10108.43,7829.81,7.1929,138.83
19/07/2023,0.6772,1031.285,462.8444,1.1201,1.294,137.4089,231.3704,220.1666,2237.32,57161.04,9813.46,10091.19,7971.11,7.2318,139.65
20/07/2023,0.6779,1033.522,460.6665,1.113,1.2868,137.6121,230.4479,218.904,2224.98,56456.41,9748.1,10117.69,8031.88,7.1751,140.07
21/07/2023,0.6729,1050.232,459.7027,1.1124,1.2854,137.5537,230.9817,218.9671,2225.69,56132.74,9751.26,10158.58,8050.45,7.1881,141.73
24/07/2023,0.6739,1070.646,458.9194,1.1064,1.2829,138.0768,231.5108,219.137,2221.61,56822.04,9790.76,10143.25,8066.06,7.1863,141.48
25/07/2023,0.6792,1079.935,459.3999,1.1055,1.2902,137.9163,231.142,218.6598,2219.27,56790.02,9818.49,10162.4,8079.94,7.1372,140.9
26/07/2023,0.6758,1071.875,461.0044,1.1086,1.2941,138.1023,230.4454,218.7491,2223.49,56765.4,9817.11,10057.91,8064.28,7.1532,140.24
27/07/2023,0.6709,1087.3,455.4977,1.0979,1.2796,138.2038,230.5905,218.0836,2206.79,57152.58,9754.72,10292.32,8083.99,7.1705,139.48
28/07/2023,0.665,1095.422,458.9377,1.1016,1.2851,137.263,230.4893,217.9209,2212.62,56927.7,9852.01,10336.42,8085.57,7.1526,141.16
31/07/2023,0.6717,1109.351,461.2748,1.0997,1.2835,136.3235,230.6123,218.4988,2215.23,57645.38,9866.77,10347.55,8090.98,7.1461,142.29
01/08/2023,0.6613,1103.247,454.3636,1.0984,1.2777,136.1753,229.506,216.873,2204.5,58174.28,9840.71,10201.56,8056.15,7.1856,143.34
02/08/2023,0.6538,1081.729,453.5582,1.0938,1.2711,135.9046,229.7384,216.7559,2200.31,56838.13,9704.63,10037.13,7946.19,7.2009,143.32
03/08/2023,0.6551,1106.446,452.2013,1.0949,1.2709,135.5602,229.1307,215.1328,2187.09,55885.12,9680.36,9963.36,7923.73,7.182,142.58
04/08/2023,0.657,1120.85,453.9448,1.1006,1.2749,135.3411,229.4015,216.5233,2203.69,55943.28,9629.77,10028.82,7960.78,7.1879,141.76
07/08/2023,0.6573,1110.371,452.7446,1.1002,1.2784,135.5299,229.0979,215.4551,2199.75,56050.74,9716.91,10042.93,7950.38,7.2012,142.5
08/08/2023,0.6544,1120.078,450.4904,1.0956,1.2748,135.8207,231.0306,216.711,2207.78,56264.02,9676,9930.29,7921.89,7.2371,143.38
09/08/2023,0.6528,1136.587,448.4194,1.0974,1.2719,136.324,230.6077,216.873,2209.15,55963.91,9608.73,9996.23,7984.91,7.2293,143.73
10/08/2023,0.6515,1122.632,448.095,1.0981,1.2676,136.0707,230.1102,216.9186,2196.98,56432.1,9612.36,10150.69,8052.18,7.2427,144.75
11/08/2023,0.6496,1126.722,447.6324,1.0949,1.2696,136.0707,228.8918,214.0707,2191,,9603.45,10006.8,7952.36,7.2601,144.96
14/08/2023,0.6487,1118.982,447.2333,1.0906,1.2683,135.6393,228.5875,213.4418,2188.32,55713.15,9659.26,10027.41,7934.39,7.2793,145.56
15/08/2023,0.6455,1103.052,445.275,1.0905,1.2705,135.6042,227.8388,212.8826,2185.44,56024.18,9549.17,9930.94,7810.19,7.3242,145.57
16/08/2023,0.6424,1086.724,443.7533,1.0879,1.2732,135.6417,228.196,212.2766,2179.63,55203.82,9478.54,9920.98,7775.57,7.3363,146.35
17/08/2023,0.6404,1095.394,440.8043,1.0872,1.2747,135.2268,227.5049,210.5484,2178.23,54959.11,9407.27,9790.27,7733.73,7.3041,145.84
18/08/2023,0.6406,1104.589,441.1688,1.0873,1.2734,135.4135,228.4602,211.2198,2181.98,54654.58,9406.5,9755.83,7683.18,7.3064,145.39
21/08/2023,0.6414,1101.545,442.8611,1.0896,1.2756,135.246,227.2841,210.5045,2172.09,54854.22,9471.39,9783.43,7678.3,7.2892,146.22
22/08/2023,0.6423,1096.468,443.6177,1.0846,1.2732,135.0454,228.2922,211.6694,2173.88,55360.04,9445.22,9865.62,7691.99,7.3065,145.89
23/08/2023,0.648,1085.494,448.7737,1.0863,1.2727,134.9285,230.3861,214.9461,2191.1,55626.88,9549.73,9880.23,7744.65,7.2877,144.84
24/08/2023,0.6417,1086.703,448.6099,1.081,1.2602,135.2043,230.3323,215.9852,2185.9,56108.16,9421.47,9800.45,7767.32,7.2806,145.83
25/08/2023,0.6404,1100.363,447.0175,1.0796,1.2578,135.1803,229.6421,215.7404,2185.62,54956.13,9485.89,9809.78,7772.56,7.2948,146.44
28/08/2023,0.6429,1099.804,448.8063,1.0819,1.2602,135.1428,229.4476,215.7909,2188.82,55904.46,9545.44,9942.79,,7.2933,146.54
29/08/2023,0.6481,1113.606,453.0921,1.088,1.2644,135.3268,230.3562,215.8908,2200.48,56003.48,9684.22,10018.69,7906.44,7.284,145.88
30/08/2023,0.6475,1118.1,454.9813,1.0923,1.2721,135.2001,230.1499,216.1321,2200.09,56223.19,9722.96,9992.85,7915.63,7.3031,146.24
31/08/2023,0.6484,1139.124,453.412,1.0843,1.2673,135.1834,231.3351,217.3456,2203.75,56720.29,9709.68,9950.7,7888.85,7.2755,145.54
01/09/2023,0.6456,1161.858,453.7565,1.078,1.259,135.5034,230.18,216.31,2194.16,56879.01,9727.64,9917.21,7915.79,7.2703,146.22
04/09/2023,0.6461,,,1.0796,1.2625,135.3529,229.4535,214.9661,,57276.44,,9910.79,7903.31,7.2755,146.47
05/09/2023,0.6379,1182.103,450.6828,1.0722,1.2564,135.2205,228.939,214.366,2184.49,57446.12,9687.26,9885.98,7887.58,7.3055,147.72
06/09/2023,0.6382,1189.63,448.811,1.0727,1.2507,135.3059,228.1637,214.0808,2181.57,57801.3,9619.98,9814.44,7875.08,7.3208,147.66
07/09/2023,0.6376,1180.879,448.4853,1.0696,1.2472,135.2429,228.764,215.1747,2186.36,57366.69,9590.4,9774.5,7893.27,7.3422,147.3
08/09/2023,0.6376,1190.641,448.5981,1.07,1.2468,135.2608,229.1077,216.2793,2187.53,56698.55,9604.77,9811.95,7931.94,7.3647,147.83
11/09/2023,0.6431,1191.146,449.8373,1.075,1.2509,134.5823,228.3509,214.8605,2184.56,56456.71,9669.36,9851.65,7951.76,7.3024,146.59
12/09/2023,0.6426,1208.877,447.1089,1.0754,1.249,134.577,228.3239,215.7834,2186.68,56993.34,9614.66,9823.72,7984.28,7.3014,147.08
13/09/2023,0.6422,1207.146,446.5746,1.073,1.249,134.6944,227.9348,217.204,2188.6,56871.88,9626.68,9780.21,7982.65,7.2719,147.46
14/09/2023,0.644,1230.061,446.7103,1.0643,1.2409,134.8059,229.1844,218.678,2183.84,57674.5,9710.54,9910.51,8139.18,7.2902,147.47
15/09/2023,0.6432,1229.976,449.8738,1.0657,1.2383,134.8277,227.6304,216.9751,2179.77,58309.16,9592.86,9945.95,8179.81,7.2807,147.85
18/09/2023,0.6437,1231.193,451.7387,1.0692,1.2383,134.8277,226.8808,216.1238,2181.82,,9599.93,9833.37,8117.82,7.291,147.61
19/09/2023,0.6454,1228.435,451.8753,1.0679,1.2392,134.625,226.7723,216.8193,2176.12,57804.91,9579.27,9826,8125.51,7.3036,147.86
20/09/2023,0.6448,1218.323,455.0417,1.0661,1.2344,134.5958,227.3555,218.5857,2175.28,57424.43,9489.92,9907.63,8201.31,7.3074,148.34
21/09/2023,0.6416,1218.237,448.7479,1.0661,1.2298,134.53,226.8995,217.9024,2161.93,56637.15,9334.59,9760.75,8145.05,7.3141,147.59
22/09/2023,0.6441,1211.597,450.2028,1.0653,1.2241,134.5019,226.6107,218.1292,2168.91,56343.94,9313.3,9748.18,8150.66,7.299,148.37
25/09/2023,0.6424,1210.666,448.321,1.0593,1.2211,134.627,225.7712,216.7456,2156.25,56824.24,9350.9,9655.98,8087.1,7.3157,148.88
26/09/2023,0.6397,1216.601,444.4987,1.0572,1.2158,134.5185,225.4768,216.5793,2154.92,56192.03,9213.72,9567.49,8088.94,7.3101,149.07
27/09/2023,0.6353,1236.992,437.8736,1.0503,1.2135,134.5319,224.9824,216.5416,2148.73,56290.89,9216.02,9573.29,8054.47,7.3242,149.63
28/09/2023,0.6427,1220.712,435.0906,1.0566,1.2203,134.3826,222.9756,213.2743,2153.6,55813.22,9271.55,9642.51,8071.87,7.2948,149.31
29/09/2023,0.6435,1209.916,432.2604,1.0573,1.2199,134.2199,225.1727,215.1456,2155.06,55787.13,9246.74,9672.88,8078.48,7.2928,149.37
02/10/2023,0.6363,1193.05,428.0758,1.0477,1.2087,134.0505,224.1285,212.7765,2143.02,55615.97,9247.51,9587.08,7975.1,7.3227,149.86
03/10/2023,0.6302,1194.97,426.8188,1.0467,1.2077,134.0257,223.1806,212.1551,2129.94,54701.98,9121.14,9489.67,7932.03,7.3228,149.02
04/10/2023,0.6325,1128.158,425.3297,1.0504,1.2135,133.5656,223.3502,212.1716,2140.8,53456.81,9195.14,9499.52,7870.76,7.3164,149.12
05/10/2023,0.637,1107.557,424.6979,1.055,1.2192,133.5911,224.0788,212.999,2141.28,54417.27,9184.81,9499.44,7913.28,7.3064,148.51
06/10/2023,0.6386,1114.289,427.8681,1.0586,1.2237,133.533,223.7781,211.9284,2132.6,54275.97,9294.82,9602.82,7958.99,7.3094,149.32
09/10/2023,0.6411,1159.961,432.489,1.0567,1.2238,133.533,225.3654,213.5129,,,9353.41,9531.49,7956.48,7.2928,148.51
10/10/2023,0.6432,1156.514,435.1055,1.0605,1.2287,133.7355,225.734,214.5234,2150.02,55592.58,9402.31,9746.25,8100.9,7.2878,148.71
11/10/2023,0.6414,1136.032,437.9547,1.062,1.2313,133.8901,226.866,217.1705,2159.48,55925.26,9443.13,9735.98,8092.22,7.301,149.17
12/10/2023,0.6314,1137.812,437.0223,1.0528,1.2175,134.2522,225.9012,215.531,2142.69,56902.66,9385.16,9730.03,8121.58,7.3098,149.81
13/10/2023,0.6296,1198.756,450.6647,1.051,1.2143,134.1207,226.1287,215.8812,2153.07,56589.78,9338.09,9586.08,8073.58,7.3133,149.57
16/10/2023,0.6342,1184.936,449.1954,1.056,1.2217,134.1417,225.7046,214.2995,2143.41,55439.44,9437.31,9617.92,8106.55,7.3085,149.51
17/10/2023,0.6365,1189.006,449.5876,1.0577,1.2183,133.7442,224.3267,213.6964,2130.35,56107.08,9436.36,9623.63,8153.91,7.3256,149.81
18/10/2023,0.6336,1211.471,457.2265,1.0536,1.214,133.4433,223.5251,211.8096,2124.22,56110.51,9309.92,9515.96,8061.26,7.3277,149.93
19/10/2023,0.6329,1222.26,460.1287,1.0582,1.2144,133.0897,223.7416,211.2072,2116.19,55039.46,9231.73,9479.95,7969.16,7.3365,149.8
20/10/2023,0.6314,1220.831,463.4268,1.0594,1.2164,132.9986,224.3969,211.2534,2124.45,54739.56,9115.84,9327.8,7865.67,7.3271,149.86
23/10/2023,0.6336,1191.827,462.1009,1.067,1.2249,132.6721,224.7751,212.1518,2132.44,54284.6,9100.49,9367.71,7836.65,7.3104,149.71
24/10/2023,0.6355,1171.444,461.7743,1.059,1.216,132.8268,225.1523,213.2373,2136.46,54394.57,9166.8,9422.44,7852.45,7.3144,149.91
25/10/2023,0.6309,1197.961,463.889,1.0566,1.2112,132.882,224.3823,212.5335,2123.13,54758.05,9035.4,9440.95,7878.63,7.3299,150.23
26/10/2023,0.6322,1170.313,464.5392,1.0563,1.2129,132.5961,224.9941,212.5509,2134.72,53588.04,8928.63,9385.44,7815.12,7.3248,150.4
27/10/2023,0.6335,1199.392,464.864,1.0565,1.2122,132.6401,225.3116,213.5576,2136.15,54272.89,8885.94,9304.22,7747.87,7.3334,149.66
30/10/2023,0.6374,1161.605,466.7227,1.0615,1.217,132.467,225.8452,213.1668,2132.26,53757.28,8993.46,9336.58,7786.23,7.3253,149.1
31/10/2023,0.6337,1143.887,464.1625,1.0575,1.2153,132.0075,226.0697,214.1898,2129.02,54040.84,9052.31,9416.65,7780.21,7.3416,151.68
01/11/2023,0.6393,1138.81,462.649,1.057,1.2152,131.868,226.7259,214.6938,2146.38,55340.93,9147.45,9489.23,7802.22,7.3357,150.95
02/11/2023,0.6434,1168.853,464.1146,1.0622,1.2203,132.2669,227.6512,216.3728,2156.64,55950.77,9320.56,9670.27,7913.12,7.3266,150.45
03/11/2023,0.6513,1142.648,465.5107,1.0731,1.238,132.2669,228.8264,218.1241,2168.61,,9408.56,9681.98,7882.52,7.2888,149.39
06/11/2023,0.6489,1147.063,463.2506,1.0718,1.2344,132.7584,227.5347,216.9248,2160,57280.46,9425.34,9644.79,7882.55,7.2826,150.07
07/11/2023,0.6436,1099.157,459.8015,1.07,1.23,132.7675,228.6407,218.6929,2169.03,56515.76,9452.28,9632.58,7874.35,7.2812,150.37
08/11/2023,0.6402,1072.075,456.219,1.0709,1.2285,133.1802,229.4154,219.5999,2176.74,56332.23,9462.25,9690.83,7865.5,7.2871,150.98
09/11/2023,0.6367,1078.255,459.0526,1.0668,1.2223,133.4909,229.0422,219.0378,2159.65,57172.98,9387.59,9808.44,7934.33,7.2979,151.35
10/11/2023,0.6361,1095.985,451.6714,1.0686,1.2227,133.3357,228.2291,218.2395,2162.2,57037.48,9535.63,9734.59,7833.1,7.3065,151.52
13/11/2023,0.6377,1110.685,454.7615,1.0698,1.2279,133.1073,228.1388,218.3641,2162.4,57071.14,9528.25,9815.36,7902.57,7.2928,151.72
14/11/2023,0.6507,1111.528,458.568,1.0879,1.2499,133.3184,230.1271,221.8173,2184.92,57265.25,9712.01,9955,7918.16,7.2525,150.37
15/11/2023,0.6509,1097.447,458.151,1.0848,1.2416,133.9223,229.8522,220.8883,2173.11,58708.57,9729.31,10010.23,7967.57,7.2586,151.36
16/11/2023,0.647,1051.747,463.5753,1.0852,1.2414,133.9032,230.965,222.5308,2183.74,58541.67,9743.22,9979.89,7901.57,7.2487,150.73
17/11/2023,0.6515,1090.579,463.0204,1.0915,1.2462,134.3701,230.7072,222.6019,2184.78,58823.29,9755.92,10068.75,8001.02,7.2173,149.63
20/11/2023,0.6557,1116.173,462.2095,1.094,1.2505,134.4147,230.5284,222.5366,2188.31,58477.95,9829.02,10079.43,7992.61,7.1673,148.39
21/11/2023,0.6556,1118.102,467.2223,1.0911,1.2539,135.0605,231.2814,222.9077,2189.61,58418.59,9809.39,10055.03,7977.29,7.1429,148.39
22/11/2023,0.6543,1109.711,465.3037,1.0888,1.2494,134.6181,231.3039,221.2238,2189.94,58589.69,9849.74,10101.74,7963.99,7.1623,149.54
23/11/2023,0.6558,,,1.0905,1.2534,134.6181,230.4514,219.6919,2189.94,,,10123.32,7988.47,7.1522,149.56
24/11/2023,0.6585,1091.158,467.8215,1.0939,1.2603,134.1738,230.2129,218.8665,2182.11,58893.92,9855.84,10149.65,7993.4,7.1493,149.44
27/11/2023,0.6607,1083.76,470.2247,1.0954,1.2627,134.1247,231.6104,220.489,2194.63,58582.4,9836.75,10108.58,7964.04,7.1593,148.69
28/11/2023,0.6649,1104.31,476.5854,1.0993,1.2694,134.1658,232.3147,221.2419,2201.13,58513.6,9846.43,10093.74,7958.22,7.1326,147.48
29/11/2023,0.6617,1122.826,478.252,1.0969,1.2695,134.94,233.5097,222.4835,2211.46,58360.92,9838.82,10146.01,7924.29,7.1432,147.24
30/11/2023,0.6605,1095.798,476.0321,1.0888,1.2624,134.8805,232.8796,220.861,2202.96,58651.09,9879.02,10173.72,7958.25,7.1459,148.2
01/12/2023,0.6675,1071.346,483.6228,1.0884,1.271,134.7483,234.5092,221.04,2219.44,58555.88,9937.89,10257.38,8038.97,7.1242,146.82
04/12/2023,0.662,1062.3,472.8441,1.0836,1.2633,134.8153,234.9465,220.6389,2214.12,58205.16,9884.17,10252.59,8021.47,7.149,147.21
05/12/2023,0.6552,1050.21,471.5474,1.0797,1.2595,134.8825,236.8687,223.5582,2227.81,57407.43,9878.97,10340.42,7996.77,7.1734,147.15
06/12/2023,0.6549,1013.347,474.3029,1.0764,1.256,135.3813,237.5836,225.1958,2235.26,58581.09,9840.65,10411.22,8024.05,7.1742,147.31
07/12/2023,0.6602,1010.638,474.0251,1.0794,1.2594,134.3779,237.7399,224.9099,2232.36,57551.92,9920.64,10389.19,8022.64,7.1632,144.13
08/12/2023,0.6579,1034.745,466.7055,1.0763,1.2549,133.9232,236.419,224.1823,2221.9,56587.8,9961.5,10504.23,8066.16,7.1872,144.95
11/12/2023,0.6568,1038.605,462.0922,1.0765,1.2555,133.7983,236.3414,223.0742,2221.75,57435.43,10000.64,10543.43,8055.93,7.1943,146.16
12/12/2023,0.6559,1001.572,462.0443,1.0794,1.2563,134.2179,237.0299,224.989,2224.62,57526.33,10047.04,10535.12,8053.67,7.1939,145.45
13/12/2023,0.6662,1015.206,463.0627,1.0874,1.2618,134.8651,238.0923,227.8559,2250.07,57671.09,10184.38,10520.21,8059.72,7.1384,142.89
14/12/2023,0.6699,1047.238,474.1666,1.0993,1.2767,135.0341,239.3991,228.9462,2266.74,57250.55,10213.69,10541.05,8168.18,7.1236,141.89
15/12/2023,0.6699,1046.166,472.1031,1.0895,1.2681,134.8057,240.9482,230.9116,2265.76,57748.51,10213.48,10564.91,8090.64,7.1346,142.15
18/12/2023,0.6707,1065.027,473.4247,1.0924,1.2648,135.079,240.1946,231.1995,2261.52,57377.94,10259.85,10499.17,8131.34,7.1435,142.78
19/12/2023,0.6763,1082.364,476.1857,1.0981,1.2732,135.487,241.5413,232.1601,2264.8,58184.36,10320.86,10532.3,8156.49,7.1209,143.84
20/12/2023,0.673,1086.478,475.2347,1.0942,1.2639,136.5439,242.3194,233.8525,2273.3,58984.02,10170.51,10528.63,8239.41,7.1507,143.57
21/12/2023,0.6802,1079.818,476.1401,1.1011,1.269,136.2631,242.6346,234.2315,2269.95,58046.13,10275.3,10507.84,8223.12,7.1436,142.12
22/12/2023,0.6799,1075.066,480.3418,1.1014,1.2701,135.6674,242.7182,234.6842,2267.74,58096.19,10292.37,10499.97,8226.09,7.1544,142.41
25/12/2023,0.6796,,,1.1008,1.269,135.6591,,,2267.74,58245.03,,,,7.1471,142.35
26/12/2023,0.6825,1103.667,480.787,1.1042,1.2725,135.4823,,,2270.01,58335.79,10335.98,,,7.1423,142.4
27/12/2023,0.6847,1085.947,486.27,1.1105,1.2798,135.7846,243.7367,235.6968,2284.01,58993.29,10351.6,10515.99,8255.41,7.1527,141.83
28/12/2023,0.683,1053.476,484.1113,1.1061,1.2733,135.7822,242.9293,234.6074,2277.66,58836.77,10356.59,10483.49,8253.67,7.1183,141.41
29/12/2023,0.6812,1052.129,481.4639,1.1039,1.2731,135.4651,241.3724,233.5757,2277.09,58704.41,10327.83,10499.89,8264.89,7.1258,141.04
01/01/2024,0.6813,,,1.1045,1.2727,,,,,,,,,,140.89
02/01/2024,0.6761,1037.043,482.1191,1.0942,1.2617,135.4651,240.8952,231.2178,2267.91,,10269.69,10484.22,8252.36,7.1491,141.99
03/01/2024,0.6732,1069.444,475.0746,1.0922,1.2665,135.4651,241.06,230.1332,2271.48,,10187.79,10333.95,8210.48,7.1663,143.29
04/01/2024,0.6707,1060.581,476.8187,1.0945,1.2682,135.4429,239.7149,229.5128,2260.1,58395.87,10154.2,10394.08,8254.78,7.1752,144.63
05/01/2024,0.6713,1076.729,476.8421,1.0943,1.272,135.6821,239.4086,229.0595,2253.89,58552.23,10172.75,10369.68,8219.01,7.1627,144.63
08/01/2024,0.672,1041.112,473.2601,1.095,1.2748,135.6821,239.4641,228.5656,2261.18,,10316.52,10420.73,8223.91,7.1627,144.23
09/01/2024,0.6687,1060.879,473.2172,1.0931,1.271,135.8772,238.6584,228.5056,2259.32,59228.95,10302.73,10381.29,8212.97,7.1842,144.48
10/01/2024,0.67,1050.147,472.0802,1.0973,1.2742,135.9227,238.394,228.2494,2256.39,60419.28,10361.27,10385.5,8178.56,7.1832,145.76
11/01/2024,0.6688,1059.332,470.1325,1.0972,1.276,136.085,238.4869,227.4774,2264.62,61486.11,10354.69,10323.43,8099.91,7.1751,145.29
12/01/2024,0.6686,1071.262,477.6889,1.0951,1.2753,136.1478,239.4876,228.0928,2268.98,62411.04,10363.35,10411.15,8151.59,7.1893,144.88
15/01/2024,0.666,,,1.095,1.2727,136.5064,238.9018,227.9333,2268.98,62980.61,,10353.05,8119.49,7.1854,145.73
16/01/2024,0.6584,1069.686,473.0105,1.0875,1.2637,136.2915,238.5001,227.4166,2255.91,62484.84,10324.83,10334.05,8080.4,7.219,147.19
17/01/2024,0.6552,1065.018,467.5648,1.0883,1.2676,136.0745,237.3854,224.5021,2249.83,62236.74,10267.05,10233.11,7960.61,7.2218,148.16
18/01/2024,0.6573,1080.75,471.1179,1.0876,1.2706,135.4325,237.1871,225.1403,2244.87,62216.43,10358.29,10349.25,7976.57,7.216,148.16
19/01/2024,0.6597,1072.636,472.9178,1.0898,1.2703,135.0747,237.4695,225.7313,2245.34,63088.47,10486.44,10339.43,7979.61,7.2036,148.12
22/01/2024,0.657,1094.203,471.5092,1.0883,1.2709,135.1677,238.1165,226.5389,2250.53,64112.39,10509.44,10416.7,8007.18,7.1939,148.1
23/01/2024,0.658,1087.88,472.4096,1.0854,1.2687,135.4219,237.1384,224.9491,2246.29,64060.85,10540.38,10383.2,8005.06,7.1674,148.35
24/01/2024,0.6577,1095.351,470.1687,1.0885,1.2726,134.4967,237.2281,224.4659,2241.37,63550.21,10549.04,10611.52,8049.9,7.1623,147.51
25/01/2024,0.6585,1126.559,470.6071,1.0846,1.2708,134.2311,238.3099,225.033,2248.28,63567.73,10605.13,10653.7,8052.12,7.1799,147.66
26/01/2024,0.6575,1139.006,470.5141,1.0853,1.2703,134.4853,238.0201,224.7972,2245.85,62716.22,10598.23,10777.44,8164.78,7.1885,148.15
29/01/2024,0.6611,1124.736,472.6846,1.0833,1.2709,134.4076,239.1701,226.2062,2255.65,63200.16,10678.5,10786.82,8162.27,7.1875,147.5
30/01/2024,0.6602,1134.29,474.2099,1.0845,1.27,134.569,238.3423,226.0743,2258.45,63271.87,10672.95,10841.08,8198.17,7.1869,147.61
31/01/2024,0.6568,1108.767,478.0942,1.0818,1.2688,134.3937,240.1858,228.0815,2270.7,63659.32,10501.38,10807.83,8159.95,7.1872,146.92
01/02/2024,0.6572,1083.237,479.0195,1.0872,1.2744,134.7225,240.5837,229.2008,2283.48,63176.44,10633.14,10785.04,8150.96,7.1878,146.43
02/02/2024,0.6512,1064.882,475.0649,1.0788,1.2631,135.0736,238.7406,225.9425,2262.06,63433.33,10747.25,10822.13,8143.88,7.2147,148.38
05/02/2024,0.6483,1074.467,472.7743,1.0743,1.2536,134.5869,237.4008,223.7834,2245.7,63777.43,10713.11,10825.44,8141.01,7.2201,148.68
06/02/2024,0.6523,1082.089,474.8106,1.0755,1.2598,134.6083,237.8463,225.6688,2254.9,63437.97,10738.17,10908.21,8213.89,7.2014,147.94
07/02/2024,0.652,1090.819,474.9495,1.0772,1.2626,134.767,237.7671,225.6784,2251.65,63366.5,10826.81,10880.27,8158,7.2128,148.18
08/02/2024,0.6492,1121.26,474.1394,1.0778,1.2617,134.8721,236.8525,224.2191,2245.79,64670.6,10834.36,10954.51,8122.42,7.2152,149.32
09/02/2024,0.6524,1128.753,472.0788,1.0784,1.2628,134.662,236.466,223.7015,2243.82,64730.49,10897.61,10974.86,8097.94,7.2187,149.29
12/02/2024,0.6531,1127.866,470.9662,1.0772,1.2629,134.662,236.9478,224.203,2245.64,,10887.41,11045.79,8099.12,7.2152,149.35
13/02/2024,0.6453,1135.78,465.0583,1.0709,1.2592,134.5587,236.6535,223.0617,2226.79,66601.58,10739.81,10913.28,8033.45,7.2314,150.8
14/02/2024,0.6491,1121,464.4544,1.0727,1.2566,134.3405,237.5238,224.4561,2233.22,66144.31,10844.72,10959.68,8093.47,7.2243,150.58
15/02/2024,0.6525,1137.358,466.9786,1.0772,1.26,134.5105,237.7771,224.4405,2237.22,66941.87,10910.31,11038.7,8138.58,7.2176,149.93
16/02/2024,0.6531,1145.553,469.1792,1.0777,1.2602,134.5727,237.1478,223.4444,2230.79,67519.57,10859.63,11091.01,8260.9,7.2128,150.21
19/02/2024,0.654,,,1.0779,1.2594,134.5724,236.9577,223.4413,2230.79,67489.99,,11085.01,8278.89,7.2114,150.13
20/02/2024,0.6549,1129.055,473.0929,1.0808,1.2623,134.7368,237.602,224.5448,2234.3,67302.68,10794.8,11078.52,8268.93,7.2017,150.01
21/02/2024,0.6551,1137.671,471.8865,1.0819,1.2638,134.8628,236.5861,223.9688,2228.41,67124.7,10808.93,11113.5,8208.2,7.1994,150.3
22/02/2024,0.6557,1146.012,471.1204,1.0823,1.266,134.9457,236.8334,224.091,2228.64,68592.24,11037.82,11299.78,8248.87,7.2021,150.53
23/02/2024,0.6562,1119.851,475.5277,1.0821,1.2672,134.9457,237.8455,224.6811,2237.03,,11041.9,11339.85,8272.27,7.2057,150.51
26/02/2024,0.654,1132.4,473.3,1.0851,1.2685,135.2617,236.8933,224.3763,2234.69,68829.13,11000.5,11321.67,8248.67,7.2112,150.7
27/02/2024,0.6544,1146.293,474.5767,1.0844,1.2685,135.2109,236.5379,223.7184,2230.81,68839.32,11019.44,11371.59,8247.29,7.2139,150.51
28/02/2024,0.6496,1139.389,474.3214,1.0838,1.2662,135.057,236.5661,223.701,2236.82,68820.44,11002.2,11367.01,8184.99,7.2141,150.69
29/02/2024,0.6497,1136.228,477.1776,1.0805,1.2625,134.8549,237.3422,225.2603,2240.91,68747,11062.11,11353.05,8196.85,7.2078,149.98
01/03/2024,0.6527,1159.144,486.7694,1.0837,1.2655,134.8917,237.3127,225.8224,2249.39,70054.02,11151.34,11392.83,8253.23,7.2113,150.12
04/03/2024,0.651,1149.25,494.0915,1.0856,1.2692,134.8387,237.5185,225.2806,2245.63,70402.28,11138.43,11434.86,8207.93,7.2101,150.53
05/03/2024,0.6503,1138.87,497.7889,1.0857,1.2705,134.9034,239.0995,227.6026,2256.33,70381.92,11025.16,11388.67,8214.19,7.2121,150.05
06/03/2024,0.6564,1151.808,501.6501,1.0899,1.2731,134.8817,239.1763,227.7266,2260.04,70369.9,11082.65,11440.84,8249.8,7.21,149.38
07/03/2024,0.662,1151.977,503.3507,1.0948,1.2809,134.7034,239.8184,228.0332,2262.25,69506.19,11198.39,11577.54,8295.6,7.2003,148.05
08/03/2024,0.6624,1140.361,508.1393,1.0939,1.2858,134.6023,240.4208,228.3201,2263.52,69664.57,11126.07,11547.02,8260.31,7.2,147.06
11/03/2024,0.6614,1143.517,509.1363,1.0926,1.2814,134.3158,239.8163,228.611,2261.73,68140.21,11113.61,11475.59,8270.54,7.1799,146.95
12/03/2024,0.6606,1139.957,504.0351,1.0927,1.2793,134.2631,239.7232,228.9049,2254.08,68099.87,11238.46,11598.44,8355.28,7.1873,147.68
13/03/2024,0.6621,1166.957,507.5026,1.0948,1.2797,134.3615,239.4213,227.6815,2250.2,67921.64,11217.3,11638.81,8381.55,7.1935,147.76
14/03/2024,0.6581,1184.321,504.5124,1.0883,1.2753,134.158,238.3177,226.3545,2237.41,68117.19,11187.85,11621.52,8357,7.2026,148.33
15/03/2024,0.656,1185.622,503.2037,1.0889,1.2736,134.0577,238.0285,226.1582,2235.26,67942.12,11115.69,11605.02,8340.02,7.2057,149.04
18/03/2024,0.656,1204.61,504.0708,1.0872,1.2729,134.3327,238.0879,226.521,2233.42,69755.83,11186.04,11598.64,8334.76,7.2061,149.15
19/03/2024,0.6532,1210.569,503.0609,1.0866,1.2722,134.5549,238.2337,227.0076,2237.9,70217.75,11249.23,11657.22,8351.76,7.212,150.86
20/03/2024,0.6586,1195.091,503.4114,1.0922,1.2785,134.5549,238.1992,227.7286,2241.55,,11350.89,11643.89,8350.77,7.2112,151.26
21/03/2024,0.657,1193.573,509.0444,1.086,1.2658,134.4826,238.7045,227.9305,2241.98,71643.15,11387.89,11764.99,8514.4,7.2216,151.62
22/03/2024,0.6515,1187.4,503.3746,1.0808,1.2601,134.457,239.6715,228.87,2250.22,71770.88,11372.49,11722.67,8566.64,7.2761,151.41
25/03/2024,0.654,1204.996,507.4263,1.0837,1.2636,134.5222,238.8609,227.9414,2246.65,70938.8,11337.74,11753.03,8552.22,7.2531,151.42
26/03/2024,0.6533,1198.82,507.7314,1.0831,1.2628,134.4724,239.2327,228.4787,2248.92,70910.56,11306.01,11799.62,8566.68,7.2487,151.56
27/03/2024,0.6535,1196.171,510.9224,1.0828,1.264,134.6749,240.0571,228.9762,2254.99,71552.7,11404.95,11840.54,8567.78,7.2539,151.33
28/03/2024,0.6516,1216.68,516.9314,1.0789,1.2624,134.9323,239.8089,229.3643,2255.31,70973.98,11418.03,11844.44,8594.29,7.2623,151.38
29/03/2024,0.6521,,,1.079,1.2623,134.6675,239.8089,229.3643,2255.31,71346.41,,,,7.2572,151.35
01/04/2024,0.6489,1222.194,521.5524,1.0743,1.2552,134.4879,239.8228,229.3822,2238.62,70345.48,11395.08,,,7.2595,151.65
02/04/2024,0.6518,1242.156,527.3361,1.077,1.2578,134.3427,237.9773,226.2781,2236.13,70408.79,11312.9,11747.93,8575.34,7.2546,151.56
03/04/2024,0.6565,1249.828,535.086,1.0836,1.2652,134.3686,237.8855,226.3687,2237.16,69724.72,11325.78,11811.42,8577.88,7.2488,151.7
04/04/2024,0.6588,1267.539,533.6618,1.0837,1.2642,134.2816,239.0874,227.5831,2243.01,70292.55,11187.49,11814.95,8621.86,7.2492,151.34
05/04/2024,0.6579,1274.369,542.2701,1.0837,1.2638,134.3107,238.169,226.3716,2231.28,68912.15,11311.7,11684.45,8551.88,7.2478,151.62
08/04/2024,0.6604,1264.323,543.8029,1.0859,1.2655,134.166,237.9305,226.1252,2228.94,69539.48,11307.66,11763.54,8586.81,7.2422,151.82
09/04/2024,0.6629,1252.484,546.5192,1.0857,1.2678,134.1013,239.1688,227.5067,2236.55,70292.52,11325.63,11634.95,8577.43,7.2383,151.76
10/04/2024,0.6512,1266.249,543.3603,1.0743,1.254,133.9638,238.3438,225.6202,2213.09,69954.39,11218.73,11658.11,8605.99,7.2624,153.16
11/04/2024,0.6538,1257.095,549.0621,1.0726,1.2553,133.2265,237.3387,223.8895,2211.07,69708.41,11302.53,11587.29,8579.42,7.2558,153.27
12/04/2024,0.6467,1267.185,549.4663,1.0643,1.2452,133.1746,239.3532,225.5497,2217.44,69853.19,11139.38,11561.71,8657.15,7.2673,153.23
15/04/2024,0.6442,1263.778,551.767,1.0624,1.2446,133.1868,237.9719,223.4243,2207.13,69339.32,11005.61,11630.48,8624.61,7.259,154.28
16/04/2024,0.6402,1263.68,557.5903,1.0619,1.2426,133.0853,236.9999,222.6451,2201.45,67993.28,10982.99,11475.95,8467.43,7.2644,154.72
17/04/2024,0.6435,1226.619,553.1796,1.0673,1.2454,132.9252,237.471,223.2579,2210.74,67092.98,10919.49,11469.26,8497.34,7.244,154.39
18/04/2024,0.6421,1223.967,555.4843,1.0643,1.2436,133.1659,237.2244,223.4944,2204.83,67301.35,10896.07,11521.64,8534.16,7.2496,154.64
19/04/2024,0.6418,1225.705,559.2258,1.0656,1.237,133.4853,236.9368,223.6365,2207.82,65513.91,10801.16,11478.5,8554.54,7.2512,154.64
22/04/2024,0.645,1220.011,543.857,1.0655,1.235,133.0576,237.5637,224.5894,2208.09,66168.3,10895.47,11541.43,8693.23,7.2507,154.85
23/04/2024,0.6487,1238.9,542.9403,1.0701,1.2449,132.8966,237.4728,223.6311,2210.37,66368.99,11026.06,11718.2,8715.92,7.2605,154.83
24/04/2024,0.6498,1234.121,542.1624,1.0699,1.2464,132.891,235.9597,222.2317,2205.74,67973.63,11028.46,11682.45,8711.12,7.2731,155.35
25/04/2024,0.6518,1244.653,543.1926,1.073,1.2514,132.8518,235.3856,221.7307,2199.24,66503.88,10978.2,11563.35,8757.6,7.2553,155.65
26/04/2024,0.6533,1251.075,544.3623,1.0693,1.2493,132.6818,236.381,222.5465,2203.25,67045.49,11090.46,11740.73,8823.68,7.2687,158.33
29/04/2024,0.6567,1237.302,547.0375,1.0721,1.2563,132.6818,237.5103,223.3011,2209.72,,11126.28,11686.93,8831.49,7.2439,156.35
30/04/2024,0.6473,1225.139,534.403,1.0666,1.2492,133.0308,236.4267,222.0198,2202.82,67877.75,10951.66,11555.84,8828.35,7.2548,157.8
01/05/2024,0.6523,1184.306,536.3612,1.0712,1.2527,132.8263,236.4267,221.7971,2209.72,67645.14,10914.11,11555.84,8803.53,7.2341,154.57
02/05/2024,0.6565,1187.744,536.115,1.0725,1.2534,132.7183,237.0192,222.9842,2216.49,67578.01,11013.91,11486.64,8864.94,7.2063,153.64
03/05/2024,0.661,1177.84,535.9616,1.0761,1.2547,132.7183,237.708,224.1542,2226.09,,11152.76,11564.29,8909.79,7.1928,153.05
06/05/2024,0.6625,1183.612,541.4445,1.0769,1.2562,132.7183,238.2411,224.1542,2228.4,,11268.23,11655.14,,7.2142,153.92
07/05/2024,0.6598,1181.371,539.8981,1.0755,1.2509,132.9564,239.0777,226.3392,2232.32,68636.73,11283.96,11794.19,9018.46,7.2253,154.69
08/05/2024,0.658,1186.869,539.5415,1.0748,1.2498,132.9827,238.4368,226.451,2228.37,67518.45,11283.91,11846.08,9062.26,7.2297,155.53
09/05/2024,0.662,1191.499,543.7773,1.0782,1.2524,132.7276,237.8281,226.1803,2232.32,67291.53,11343.55,11908.16,9099.03,7.2223,155.48
10/05/2024,0.6604,1177.525,551.9154,1.0771,1.2525,132.5915,237.4147,225.7973,2227.56,67565.71,11364.04,11981.4,9155.92,7.2341,155.78
13/05/2024,0.6608,1185.882,544.7786,1.079,1.2559,132.2652,237.6661,225.7881,2229.86,67477.96,11361.46,11977.8,9135.54,7.2397,156.22
14/05/2024,0.6627,1173.099,548.7273,1.0819,1.2592,132.0912,237.1236,225.8659,2234.94,67790.08,11418.12,11980.94,9149.82,7.2398,156.42
15/05/2024,0.6694,1178.455,556.892,1.0884,1.2685,132.0678,239.1638,228.0804,2247.7,67842.52,11554.04,12031.34,9169,7.2179,154.88
16/05/2024,0.6679,1186.261,554.8315,1.0867,1.267,132.3908,239.0219,228.1259,2244.37,68787.24,11532.36,11974.5,9183.73,7.2227,155.39
17/05/2024,0.6693,1197.669,562.3082,1.0869,1.2701,132.1485,237.9634,226.8235,2239.32,68552.39,11546.28,11955.18,9163.72,7.2337,155.65
20/05/2024,0.6667,1196.901,567.4638,1.0857,1.2706,131.9573,237.6245,225.9007,2237.42,69051.32,11557.84,11990.83,9168.01,7.2469,156.26
21/05/2024,0.6666,1186.7,564.6425,1.0854,1.2709,131.8081,238.029,226.4028,2241.64,68834.37,11587.05,11938.72,9159.58,7.2469,156.17
22/05/2024,0.662,1170.874,557.025,1.0823,1.2717,131.6136,237.6553,225.0145,2240.07,68251.52,11555.84,11887.1,9109.38,7.2542,156.8
23/05/2024,0.6606,1163.405,544.1939,1.0815,1.2699,131.4291,236.5656,224.4156,2233.77,69110.68,11470.98,11916.5,9077.61,7.2578,156.93
24/05/2024,0.6628,1173.813,543.628,1.0847,1.2737,131.3406,236.9516,224.4692,2234.56,68303.02,11551.56,11911.31,9054.05,7.2615,156.99
27/05/2024,0.6654,,,1.0859,1.2769,131.2671,237.6261,224.4692,2234.56,68751.78,,11967.6,,7.2589,156.88
28/05/2024,0.665,1204.64,549.1136,1.0857,1.2762,131.2349,237.0055,224.2381,2226.99,68672.87,11554.45,11906.48,8985.03,7.2636,157.17
29/05/2024,0.661,1198.18,545.6864,1.0801,1.2701,130.8756,235.5618,221.9409,2218.97,68145.3,11469.46,11747.56,8907.62,7.2735,157.64
30/05/2024,0.6633,1177.432,546.3205,1.0832,1.2732,130.9938,235.7932,222.5321,2226.91,67256.76,11402.1,11797.13,8963.27,7.2537,156.82
31/05/2024,0.6653,1167.357,541.6221,1.0848,1.2742,130.8076,236.1681,223.8926,2234.91,68023.4,11494.7,11800.66,9011.55,7.263,157.31
03/06/2024,0.6689,1129.62,547.2868,1.0904,1.2808,130.8455,237.2318,225.3666,2246.06,68792.45,11508.89,11847.69,8997.79,7.2517,156.08
04/06/2024,0.6649,1116.066,542.3085,1.0879,1.277,131.1149,237.8213,226.4564,2255.75,68641.21,11526.81,11728.91,8964.35,7.2475,154.88
05/06/2024,0.6648,1127.351,548.8799,1.0869,1.2787,131.4869,238.4527,226.5361,2262.04,68027.41,11663.55,11923.76,8980.59,7.2593,156.11
06/06/2024,0.6666,1148.608,552.5188,1.089,1.2791,132.0294,237.6961,226.6811,2262.09,68404.47,11661.37,12002.92,9035.08,7.2593,155.61
07/06/2024,0.6582,1146.465,537.3709,1.0801,1.2719,131.9273,236.5886,225.1848,2244.07,68369.86,11650.49,11960.81,8991.5,7.2631,156.75
10/06/2024,0.661,1174.28,538.0699,1.0765,1.2731,131.2789,235.1438,223.9044,2240.78,68995.93,11681.54,11881.02,8973.08,7.2658,157.04
11/06/2024,0.6606,1178.934,538.0564,1.0741,1.274,131.3424,235.4341,224.734,2249.29,69166.71,11713.3,11759.3,8885.11,7.2717,157.13
12/06/2024,0.6664,1187.927,544.657,1.0809,1.2798,131.6754,237.006,227.1574,2257.74,68710.58,11813.17,11923.52,8958.9,7.263,156.72
13/06/2024,0.6636,1190.27,536.2253,1.0737,1.2762,131.9129,236.808,226.8802,2269.76,68434.44,11841.02,11689.21,8905.15,7.2705,157.03
14/06/2024,0.6615,1187.263,543.4984,1.0703,1.2687,132.3541,238.3901,228.9895,2273.95,68600.73,11839.27,11461,8886.82,7.2711,157.4
17/06/2024,0.6613,1208.616,539.0874,1.0734,1.2705,132.2041,237.8772,227.8707,2266.07,67342.13,11931.48,11558.78,8881.68,7.2701,157.74
18/06/2024,0.6656,1223.409,543.3098,1.074,1.2709,131.9967,238.3538,228.9544,2274.17,68013.16,11961.93,11641.78,8935.28,7.2711,157.86
19/06/2024,0.6673,,,1.0744,1.272,132.1229,237.9576,228.5881,2274.17,68178.55,,11575.41,8950.36,7.2813,158.09
20/06/2024,0.6656,1228.544,548.5856,1.0702,1.2657,132.0256,237.8035,228.7537,2269.74,68294.68,11931.8,11722.98,9028.28,7.291,158.93
21/06/2024,0.6641,1221.051,539.9128,1.0693,1.2645,131.8053,237.931,228.4518,2269.94,68231.52,11913.78,11627.2,8990.37,7.2905,159.8
24/06/2024,0.6657,1233.463,543.2078,1.0733,1.2686,131.6666,238.0114,228.4386,2272.25,68603.1,11878.04,11730.69,9038.2,7.2832,159.62
25/06/2024,0.6647,1220.171,540.1362,1.0714,1.2686,131.5299,238.2411,228.7934,2273.78,69255.87,11924.75,11695.12,9001.36,7.2893,159.7
26/06/2024,0.6648,1223.972,536.1366,1.0681,1.2622,131.3004,237.3659,227.4831,2263.05,70132.03,11943.53,11647.66,8976.84,7.3009,160.81
27/06/2024,0.6647,1235.598,541.6386,1.0704,1.2639,130.8422,237.0993,227.6934,2266.85,69625.53,11954.5,11616.05,8933.47,7.3035,160.76
28/06/2024,0.667,1232.011,542.4133,1.0713,1.2645,131.0937,236.6289,226.8458,2257.45,70056.4,11907.15,11595.74,8916.48,7.2993,160.88
01/07/2024,0.666,1255.743,542.4893,1.074,1.265,130.9636,235.6422,224.9478,2244.56,70141.55,11939.38,11680.96,8919.35,7.3052,161.46
02/07/2024,0.6667,1250.707,541.2931,1.0745,1.2685,130.7543,235.9483,225.394,2250.68,70926.71,12013.4,11624.9,8869.6,7.307,161.44
03/07/2024,0.6705,1266.843,549.7236,1.0786,1.2742,130.6965,237.0573,227.1801,2261.69,71822.38,12074.83,11765.8,8924.12,7.3032,161.69
04/07/2024,0.6726,,,1.0812,1.276,130.7607,236.6319,226.4685,2261.69,72411.55,,11822.85,9001.46,7.2939,161.28
05/07/2024,0.6749,1255.611,556.4506,1.084,1.2815,130.8035,237.6296,227.8796,2270.73,72409.28,12142.54,11803.69,8960.7,7.2889,160.75
08/07/2024,0.6737,1244.701,548.7582,1.0824,1.2807,130.704,238.2071,228.2398,2271.83,72176.24,12155.27,11781.01,8949.29,7.2857,160.83
09/07/2024,0.6741,1228.978,549.8467,1.0813,1.2786,130.7638,237.1953,227.1333,2269.8,73591.19,12164.57,11624.06,8890.66,7.2886,161.33
10/07/2024,0.6747,1234.069,552.6639,1.083,1.2849,130.6586,238.2148,227.8088,2271.49,74036.88,12290.21,11755.01,8949.31,7.2924,161.69
11/07/2024,0.6759,1237.714,562.4982,1.0868,1.2915,130.6524,239.406,229.028,2282.89,74730.72,12182.97,11795.94,8982.11,7.2677,158.84
12/07/2024,0.6784,1233.619,562.361,1.0907,1.2988,131.0342,238.961,228.3875,2287.14,72901.85,12250.19,11954.52,9014.42,7.2723,157.83
15/07/2024,0.676,1230.903,564.4982,1.0894,1.2968,131.0342,239.5724,228.7167,2281.98,,12286.05,11812.5,8938.01,7.2746,158.06
16/07/2024,0.6734,1215.085,573.5582,1.0899,1.2974,131.3229,240.1038,229.4011,2290.42,73051.23,12364.56,11728.87,8918.29,7.2891,158.35
17/07/2024,0.6729,1230.817,571.8867,1.0939,1.3009,131.2676,240.1664,229.3888,2291.5,72737.27,12192.49,11596.41,8942.93,7.272,156.2
18/07/2024,0.6706,1230.699,571.1492,1.0897,1.2944,131.2709,240.4531,230.0579,2285.98,71018.13,12097.25,11545.84,8961.97,7.2775,157.37
19/07/2024,0.6685,1196.646,557.8733,1.0882,1.2914,131.2874,239.5963,228.4334,2280.87,70907.41,12011.61,11444.18,8908.26,7.2855,157.48
22/07/2024,0.6643,1196.575,557.0449,1.0891,1.2933,131.163,239.5097,228.1552,2279.22,70084.8,12141.75,11615.41,8955.29,7.2961,157.04
23/07/2024,0.6615,1176.139,560.1139,1.0854,1.2908,131.0848,239.6775,228.2102,2280.22,70076.64,12122.83,11661.32,8920.98,7.2891,155.59
24/07/2024,0.6581,1187.876,562.2027,1.084,1.2907,130.93,239.5321,228.0571,2275.55,69298.71,11842.36,11531.06,8906.05,7.2663,153.89
25/07/2024,0.6538,1195.316,547.6588,1.0846,1.2851,131.0123,240.0158,228.3212,2280.01,67023.83,11781.57,11411.05,8943.66,7.2402,153.94
26/07/2024,0.6548,1180.359,554.1279,1.0856,1.2867,131.1756,240.1741,228.6077,2287.72,66666.14,11913.04,11532.54,9052.21,7.2635,153.76
29/07/2024,0.6549,1163.96,553.8215,1.0821,1.2862,131.4708,240.9699,229.6931,2291.35,68084.19,11922.89,11422.37,9059.46,7.2716,154.02
30/07/2024,0.6538,1151.363,559.9291,1.0815,1.2836,131.6255,241.2538,229.9763,2294.86,68189.34,11863.8,11483.11,9039.86,7.2438,152.77
31/07/2024,0.6542,1191.164,564.8282,1.0826,1.2856,131.0465,241.9989,231.0857,2306.84,69208.61,12052.09,11558.88,9142.09,7.227,149.98
01/08/2024,0.6501,1172.332,566.691,1.0791,1.2739,131.3009,242.7327,233.2552,2316.53,67482.03,11887.54,11304.55,9056.55,7.2513,149.36
02/08/2024,0.6511,1132.705,564.2598,1.0911,1.2801,132.0304,243.2952,233.8613,2346.1,63558.69,11669.18,11003.23,8937.76,7.1638,146.53
05/08/2024,0.6498,1128.59,558.7003,1.0952,1.2776,134.0761,243.3509,233.9288,2348.78,55680,11319.96,10847.36,8755.74,7.1385,144.18
06/08/2024,0.652,1129.79,555.854,1.0931,1.2691,132.6285,243.442,232.9509,2331.69,61374.02,11437.32,10855.96,8775.92,7.159,144.34
07/08/2024,0.6519,1154.32,556.1158,1.0922,1.2692,132.3873,242.3301,231.875,2325.57,62107.06,11349.24,11076.26,8929.2,7.1733,146.68
08/08/2024,0.6593,1166.522,563.2593,1.0919,1.2748,132.9443,242.2812,231.8891,2320.06,61649.62,11610.84,11077.86,8926.16,7.1842,147.23
09/08/2024,0.6578,1173.228,565.6487,1.0917,1.2761,132.8809,243.0797,232.3458,2326.55,61992.85,11666.49,11094.73,8951.51,7.1744,146.61
12/08/2024,0.6586,1210.298,572.8875,1.0931,1.277,132.8809,242.9629,232.3932,2331.69,,11668.59,11086.67,8997.7,7.1784,147.21
13/08/2024,0.6634,1188.905,573.8381,1.0993,1.2862,132.9682,244.0854,233.5753,2339.3,64130.32,11865.29,11141.34,9025.08,7.1479,146.84
14/08/2024,0.6598,1175.686,567.4896,1.1012,1.2829,133.2887,244.0895,234.8794,2342.38,64501.87,11911.02,11218.9,9075.29,7.1471,147.33
15/08/2024,0.6612,1192.812,570.4765,1.0972,1.2855,133.1874,242.86,232.8903,2330.82,65004.91,12106.68,11409.14,9177.3,7.1796,149.28
16/08/2024,0.6669,1173.639,580.9488,1.1027,1.2944,132.8104,243.0342,233.0586,2334.58,67369.64,12132.48,11486.87,9137.79,7.1631,147.63
19/08/2024,0.6731,1147.8,581.9971,1.1085,1.2991,132.5518,243.0385,232.7428,2337.65,66176.59,12251.74,11560.18,9187.85,7.1336,146.59
20/08/2024,0.6745,1140.221,584.2092,1.113,1.3034,132.4825,243.7677,233.3782,2345.53,67370.08,12227.8,11527.36,9095.92,7.1172,145.26
21/08/2024,0.6744,1124.301,583.5817,1.115,1.3091,132.689,244.0962,233.6056,2349.32,67173.4,12280.18,11593.1,9107.03,7.1329,145.21
22/08/2024,0.6705,1140.096,576.6085,1.1112,1.3091,132.751,243.4122,232.3381,2340.08,67632.19,12170.71,11592.43,9115.53,7.1467,146.29
23/08/2024,0.6795,1164.087,583.4717,1.1192,1.3214,132.6179,243.9943,233.5712,2348.19,67903.45,12310.63,11649.86,9159.28,7.1162,144.37
26/08/2024,0.6772,1197.5,585.7585,1.1161,1.3188,132.7171,243.6537,233.5712,2346.58,67453.79,12272.08,11620.17,,7.1229,144.53
27/08/2024,0.6793,1172.334,585.3128,1.1184,1.3261,132.7953,242.6939,232.3097,2346.48,67769.55,12292.64,11625.71,9178.73,7.1215,143.96
28/08/2024,0.6785,1156.401,581.9323,1.112,1.3191,132.7183,243.0698,232.162,2345.72,67916.7,12219.23,11659.53,9176.95,7.1329,144.59
29/08/2024,0.6798,1175.045,587.1727,1.1077,1.3168,132.6458,242.8754,231.7247,2342.33,67947.37,12219.38,11785.9,9224.53,7.0943,144.99
30/08/2024,0.6765,1147.033,579.7551,1.1048,1.3127,132.6233,242.9507,232.2952,2336.35,68452.55,12344.43,11766.22,9221.21,7.09,146.17
02/09/2024,0.6791,,,1.1072,1.3146,132.4595,242.2617,231.4307,2336.35,68546.64,,11802.02,9207.14,7.1158,146.92
03/09/2024,0.6711,1100.257,579.0229,1.1043,1.3114,132.3809,243.0777,232.7556,2348.65,68520.85,12084.57,11658.32,9135.16,7.1208,145.48
04/09/2024,0.6725,1084.746,579.7919,1.1082,1.3147,132.6829,244.2519,233.8139,2360.3,65618.4,12065.69,11505.64,9103.39,7.1134,143.74
05/09/2024,0.6741,1084.747,583.7974,1.1111,1.318,132.8378,244.3569,233.9999,2364.66,64926.71,12029.72,11427.24,9076.94,7.0899,143.45
06/09/2024,0.6671,1060.573,579.6316,1.1084,1.3129,133.0738,245.0822,234.6609,2368.49,64456.25,11823.57,11244.31,9010.6,7.0948,142.3
09/09/2024,0.6661,1072.657,581.733,1.1035,1.3074,132.842,245.0314,234.9711,2371.07,64145.02,11961.74,11340.65,9109.03,7.1202,143.18
10/09/2024,0.6652,1033.712,584.2013,1.102,1.308,132.686,245.3049,235.5023,2379.24,64044.79,12015.57,11265.99,9037.59,7.1356,142.44
11/09/2024,0.6674,1054.249,584.1204,1.1012,1.3043,132.9874,246.2453,236.996,2377.32,63089.43,12143.85,11304.86,9024.33,7.1293,142.36
12/09/2024,0.6722,1073.755,592.9769,1.1074,1.3124,132.9285,245.5161,236.3716,2374.06,65238.77,12235.06,11424.72,9077.44,7.119,141.82
13/09/2024,0.6704,1067.873,599.9745,1.1075,1.3124,133.1869,245.6355,236.7149,2378.27,64793.3,12303.26,11495.69,9112.82,7.1004,140.85
16/09/2024,0.6752,1085.091,599.8071,1.1133,1.3216,133.1869,246.195,237.1621,2384.9,,12321.21,11456.86,9118.71,7.097,140.62
17/09/2024,0.6756,1097.939,596.0933,1.1114,1.3161,133.3913,245.9078,236.9031,2380.95,64122.83,12324.75,11535.54,9153.32,7.111,142.41
18/09/2024,0.6764,1095.513,597.598,1.1119,1.3214,133.3845,244.9114,235.4901,2372.18,64436.24,12289.26,11475.08,9091.44,7.0954,142.29
19/09/2024,0.6814,1111.694,601.3569,1.1162,1.3284,132.9646,244.8592,234.6426,2371.52,65810.06,12498.59,11731.57,9174.32,7.0716,142.63
20/09/2024,0.6807,1107.454,608.7047,1.1162,1.3321,132.8028,244.3791,234.1232,2370.49,66817.14,12474.44,11561.09,9065.57,7.0421,143.85
23/09/2024,0.6838,1101.691,610.3963,1.1111,1.3347,132.8028,245.1387,233.8121,2369.22,,12509.61,11595.79,9098.3,7.0604,143.61
24/09/2024,0.6892,1120.752,616.1117,1.118,1.3413,133.2313,245.9098,233.9101,2371.63,67200.93,12541.09,11726.7,9123.69,7.011,143.23
25/09/2024,0.6823,1098.791,617.962,1.1133,1.3324,133.3401,245.0418,232.7569,2364.5,67076.36,12517.82,11674.91,9108.2,7.0328,144.75
26/09/2024,0.6896,1071.828,620.3882,1.1177,1.3415,133.1487,245.3773,232.2135,2363.32,68945.65,12569.13,11949.65,9132.19,6.973,144.81
27/09/2024,0.6903,1078.476,614.2974,1.1162,1.3374,133.2495,245.9352,232.4979,2369.99,71010.07,12553.78,12032.4,9171.71,6.9816,142.21
30/09/2024,0.6913,1082.672,612.5281,1.1135,1.3375,133.06,246.1305,232.3984,2364.44,67604.81,12608.07,11873.33,9079.32,7.0074,143.63
01/10/2024,0.6883,1109.322,619.7222,1.1068,1.3286,132.9971,247.7097,233.8994,2370.9,68910.6,12490.87,11763.38,9123.08,7.0302,143.57
02/10/2024,0.6885,1114.462,615.0548,1.1045,1.3268,133.2689,246.6251,231.8726,2365.15,67407.28,12493.35,11785.1,9138.75,7.0364,146.47
03/10/2024,0.684,1168.704,617.3207,1.1031,1.3124,133.1721,246.0558,232.4125,2356.15,68732.47,12472.39,11685.45,9132.01,7.0515,146.93
04/10/2024,0.6795,1173.701,614.7717,1.0974,1.3122,133.0841,245.1454,230.2518,2338.19,68881.44,12586.91,11765.27,9129.94,7.0984,148.7
07/10/2024,0.6757,1218.405,614.5888,1.0976,1.3083,132.6739,244.4471,229.0276,2332.01,70124.3,12466.41,11800.34,9155.27,7.0712,148.18
08/10/2024,0.6744,1164.577,607.6127,1.098,1.3104,132.6135,244.5627,229.2127,2333.61,69419.72,12587.25,11755.72,9030.68,7.0738,148.2
09/10/2024,0.6718,1154.716,605.5227,1.0939,1.3071,132.451,244.4783,229.3796,2327.55,70026.69,12677.16,11835.45,9089.26,7.0927,149.31
10/10/2024,0.6739,1196.271,608.6665,1.0934,1.3059,132.2052,244.5028,228.5476,2327.03,70210.2,12652.84,11806.42,9085.73,7.0849,148.57
11/10/2024,0.675,1192.479,617.2767,1.0937,1.3067,132.2773,244.2979,228.8758,2326.68,70611.18,12729.52,11886.18,9103.29,7.0711,149.13
14/10/2024,0.6726,1170.025,615.0443,1.0909,1.3059,132.2773,244.4824,228.4764,2326.68,,12827.63,11974.27,9146.32,7.0956,149.76
15/10/2024,0.6703,1121.454,618.1912,1.0893,1.3074,132.1462,245.6569,230.3614,2334.48,71154.5,12731.1,11751.86,9098.47,7.1354,149.2
16/10/2024,0.6667,1120.229,621.1307,1.0862,1.299,132.2761,246.4577,232.5391,2337.4,69852.66,12790.84,11661.54,9186.47,7.1368,149.64
17/10/2024,0.6696,1123.255,624.9478,1.0831,1.3011,132.2885,246.0983,231.7167,2327.04,69372.88,12788.78,11753.22,9249.34,7.137,150.21
18/10/2024,0.6706,1103.658,630.2201,1.0867,1.3052,132.1877,246.8132,232.4075,2328.98,69498.86,12840.3,11845.8,9219.69,7.1181,149.53
21/10/2024,0.6659,1122.906,632.5132,1.0815,1.2985,132.2449,244.9034,231.1294,2315.68,69450.46,12817.39,11739.3,9175.56,7.1364,150.84
22/10/2024,0.6682,1148.872,637.4195,1.0799,1.2984,131.9655,244.4588,230.4475,2314.77,68483.01,12811.36,11734.76,9162.65,7.1357,151.08
23/10/2024,0.6634,1132.912,630.4785,1.0782,1.2921,131.9292,244.5279,229.4206,2310.91,67935.49,12693.82,11694.95,9109.82,7.1358,152.76
24/10/2024,0.664,1125.002,635.0623,1.0828,1.2975,132.0823,245.8454,229.4866,2314.99,68004.01,12721.05,11725.6,9123.35,7.1244,151.83
25/10/2024,0.6608,1149.458,636.4592,1.0796,1.2962,132.2645,245.0933,229.8233,2310.54,67595.08,12717.34,11743.75,9100.68,7.1341,152.31
28/10/2024,0.6583,1079.524,637.0002,1.0812,1.2972,132.0729,245.2399,228.9918,2307.48,68829.44,12751.22,11807.28,9141.26,7.1449,153.29
29/10/2024,0.6561,1075.554,642.9048,1.0819,1.3015,132.0168,244.4479,228.2403,2308.77,69361.01,12771.8,11761.96,9068.44,7.1428,153.36
30/10/2024,0.6572,1097.434,647.5395,1.0856,1.2962,132.0618,243.7149,227.203,2307.28,70027.79,12729.73,11613.43,9002.26,7.1255,153.42
31/10/2024,0.6582,1107.457,635.714,1.0884,1.2899,132.2841,243.7363,225.976,2308.14,69678.38,12493.74,11476.58,8947.91,7.1216,152.03
01/11/2024,0.6559,1112.007,635.7707,1.0834,1.2924,132.2244,243.3798,225.4569,2297.39,67847.31,12545.4,11595.72,9021.88,7.1354,153.01
04/11/2024,0.6585,1142.546,635.3162,1.0878,1.2957,132.2244,243.8837,225.5603,2308.31,,12510.73,11534.75,9029.71,7.1121,152.13
05/11/2024,0.6638,1149.535,636.2047,1.093,1.3042,132.2816,243.5129,224.4091,2309.75,68600.98,12664.32,11578.1,9016.63,7.1017,151.62
06/11/2024,0.6569,1140.394,619.3009,1.0729,1.2879,131.98,243.3934,223.4354,2291.12,70393.49,12984.73,11412.4,9010.33,7.2036,154.63
07/11/2024,0.6679,1151.343,626.204,1.0805,1.2987,131.6856,243.0203,224.7206,2303.53,70219.63,13081.53,11534.42,8996.85,7.1483,152.94
08/11/2024,0.6583,1125.224,623.736,1.0718,1.2921,131.7216,244.1305,225.9192,2308.18,70431.33,13133.47,11417.46,8921.31,7.2013,152.64
11/11/2024,0.6575,1095.343,606.1233,1.0655,1.2868,131.7459,244.9999,226.4978,2308.18,70491.45,13146.2,11539.34,8979.67,7.2278,153.72
12/11/2024,0.6533,1095.479,603.5732,1.0623,1.2748,131.6263,244.701,225.706,2292.83,70211.09,13108.95,11279.41,8869.79,7.243,154.61
13/11/2024,0.6485,1100.361,599.0592,1.0564,1.2708,131.3713,244.3315,225.2305,2291.37,69049.66,13112.57,11269.07,8874.83,7.2437,155.46
14/11/2024,0.6454,1104.332,595.9431,1.053,1.2666,131.1469,245.0967,225.3203,2291.58,68718.18,13034.79,11490.6,8931.06,7.2538,156.27
15/11/2024,0.6462,1082.685,595.374,1.054,1.2618,131.0818,245.3499,225.5273,2292.03,68909.49,12864.42,11398.66,8922.67,7.237,154.3
18/11/2024,0.6508,1116.839,605.8328,1.0598,1.2678,131.0588,245.0115,225.704,2295.27,68156.86,12916.8,11400,8973.25,7.2273,154.66
19/11/2024,0.6532,1116.823,609.6737,1.0596,1.2682,131.1323,245.5485,226.6561,2298.93,68502.06,12968.16,11306.96,8961.86,7.2366,154.66
20/11/2024,0.6506,1109.286,614.5719,1.0544,1.2652,131.1289,245.1316,225.6718,2296.04,68391.46,12968.85,11255.74,8946.42,7.2511,155.44
21/11/2024,0.6511,1127.538,620.0916,1.0474,1.2589,130.9669,245.4878,226.3162,2294.4,67809.82,13040.08,11317.9,9023.38,7.255,154.54
22/11/2024,0.6501,1139.806,628.8747,1.0418,1.253,131.0222,246.3167,227.2261,2294.49,68269.33,13085.86,11397.04,9148.3,7.2597,154.78
25/11/2024,0.6504,1108.136,607.3732,1.0495,1.2568,131.1014,247.062,228.4931,2314.3,69154.33,13125.46,11423.88,9181.07,7.2468,154.23
26/11/2024,0.6475,1106.276,608.2985,1.0489,1.2569,131.1954,246.9743,227.8546,2311.84,68551.34,13201.47,11333.73,9144.46,7.2578,153.08
27/11/2024,0.6497,1105.184,612.6261,1.0566,1.268,131.0582,247.597,228.7465,2318.35,68003.83,13152.08,11265.1,9162.33,7.2449,151.09
28/11/2024,0.6499,,,1.0552,1.2687,131.2031,248.5348,229.3494,2318.35,68385.6,,11325.78,9174.35,7.2499,151.55
29/11/2024,0.6512,1098.849,616.5015,1.0577,1.2735,131.3123,249.37,230.0319,2326.08,68134.11,13227.13,11434.67,9181.08,7.2491,149.77
02/12/2024,0.6475,1099.871,611.5557,1.0498,1.2655,131.1733,249.8927,230.3993,2327.32,68677.98,13261.08,11539.03,9209.44,7.2864,149.6
03/12/2024,0.6486,1125.527,613.7933,1.0509,1.2673,131.1328,249.8618,230.0183,2322.14,69990.16,13267.33,11614.68,9260.97,7.2998,149.6
04/12/2024,0.643,1106.138,615.7783,1.0511,1.2701,131.3281,250.0389,230.0158,2330.44,70039.25,13347.88,11711.13,9234.83,7.2776,150.59
05/12/2024,0.6453,1102.429,609.4573,1.0586,1.2759,131.2218,249.9371,229.3178,2330.9,70251.83,13323.74,11788.65,9251.38,7.2635,150.1
06/12/2024,0.6391,1089.031,612.1096,1.0568,1.2744,131.3838,249.9216,229.1693,2334.97,69708.96,13358.5,11851.03,9206.2,7.2843,150
09/12/2024,0.644,1105.429,618.3653,1.0554,1.275,131.5428,249.9969,229.3242,2329.29,69832.59,13278.29,11869.32,9254.36,7.2675,151.21
10/12/2024,0.6377,1106.485,625.9452,1.0527,1.2771,131.4076,249.9244,228.3738,2325.53,70201.86,13239.21,11789.04,9174.9,7.2579,151.95
11/12/2024,0.6369,1125.701,634.8395,1.0496,1.2751,131.377,249.7791,228.442,2319.59,70210.15,13347.51,11807.15,9198.45,7.2791,152.45
12/12/2024,0.6369,1124.913,624.023,1.0468,1.2673,131.535,248.687,227.9487,2312.02,71060.6,13275.24,11821.86,9210.68,7.2759,152.63
13/12/2024,0.6362,1140.594,616.3593,1.0501,1.2619,131.6244,247.5838,226.8089,2303.94,70385.29,13276.56,11827.61,9198.01,7.2811,153.65
16/12/2024,0.6371,1132.231,615.2454,1.0512,1.2683,131.38,247.5795,226.2838,2305.35,70362.25,13328.78,11777.81,9155.6,7.2923,154.15
17/12/2024,0.6337,1122.047,613.475,1.0491,1.271,131.2254,247.7319,224.9526,2306.22,70196.75,13277.55,11767.23,9081.52,7.2881,153.46
18/12/2024,0.6218,1124.49,611.5428,1.0353,1.2574,131.3687,247.4146,224.5032,2292.89,69692.15,12886.21,11802.23,9085.85,7.3249,154.8
19/12/2024,0.6239,1116.152,601.1976,1.0363,1.2502,131.2513,246.4889,223.6563,2286.39,69214.01,12875.09,11615.85,8987.29,7.3091,157.44
20/12/2024,0.6251,1117.979,609.7979,1.043,1.257,131.5469,246.8392,224.9147,2290.42,69014.86,13015.66,11576.05,8964.32,7.2924,156.31
23/12/2024,0.6249,1114.679,606.1189,1.0405,1.2536,131.4348,246.1836,224.101,2284.14,69834.15,13111.3,11553.79,8984.4,7.3072,157.17
24/12/2024,0.6237,1127.912,607.8742,1.0399,1.2539,131.4457,246.1836,223.3295,2285.87,69612.15,13256.07,11565.53,9023.09,7.3068,157.19
25/12/2024,0.6239,,,1.0407,1.2561,131.5053,246.1836,223.3295,2285.87,69779.03,,,,7.3027,157.33
26/12/2024,0.6221,1123.247,612.2622,1.0422,1.2525,131.3445,246.1836,223.3295,2286.94,70559.43,13251.76,,,7.303,157.99
27/12/2024,0.6217,1137.873,607.2592,1.0426,1.2578,131.1696,245.403,223.0306,2282.34,71914.16,13106.39,11663.18,9037.27,7.3001,157.87
30/12/2024,0.6221,1141.361,604.2909,1.0407,1.255,131.1978,245.9061,223.6284,2292.05,71223.93,12966.22,11592.71,9005.36,7.3152,156.84
31/12/2024,0.6188,1151.523,609.6479,1.0354,1.2516,131.1978,245.9061,224.1747,2290.24,,12911.82,11656.28,9063.04,7.3379,157.2
01/01/2025,0.6187,,,1.0356,1.2517,,,,,,,,,7.3361,157.24
02/01/2025,0.6203,1171.697,616.2555,1.0265,1.238,131.1978,245.5685,223.9275,2290.91,,12883.58,11713.01,9160.86,7.3403,157.5
03/01/2025,0.6216,1180.785,613.0265,1.0308,1.2423,131.1978,244.4505,223.7543,2287.78,,13046.88,11602.42,9120.81,7.3583,157.26
06/01/2025,0.6246,1177.963,611.558,1.039,1.252,130.9758,244.4206,223.2647,2286.42,70175.08,13120.14,11876.77,9149.29,7.346,157.62
07/01/2025,0.623,1189.68,615.7879,1.034,1.2477,130.8717,243.9117,222.2491,2278.9,71560.92,12974.59,11936.74,9144.43,7.34,158.05
08/01/2025,0.6216,1176.078,617.4775,1.0318,1.2363,130.5816,243.4015,220.2741,2281.04,71378.39,12995.13,11900,9150.81,7.3537,158.35
09/01/2025,0.6196,1187.435,621.8101,1.03,1.2308,130.5866,242.8399,220.2464,2280.57,70707.17,,11951.25,9228.92,7.3561,158.14
10/01/2025,0.6147,1228.411,627.562,1.0244,1.2207,130.4356,242.183,219.5724,2270.35,69966.82,12797.39,11858.1,9149.95,7.3633,157.73
13/01/2025,0.6177,1240.548,619.4037,1.0245,1.2202,130.4356,241.7283,219.2598,2268.81,,12817.56,11803.2,9122.99,7.347,157.48
14/01/2025,0.6195,1230.024,620.3784,1.0308,1.2215,130.103,241.3095,219.036,2269.11,68688.36,12832.29,11866.13,9097.86,7.3437,157.96
15/01/2025,0.6227,1254.634,628.1889,1.0289,1.2242,129.869,243.1629,222.1576,2285.46,68635.3,13068.56,11989.63,9208.34,7.3487,156.47
16/01/2025,0.6213,1242.785,635.7265,1.0301,1.2239,130.2866,243.2977,223.069,2289.93,68863.85,13041.19,12167.42,9311.75,7.3469,155.16
17/01/2025,0.6193,1238.353,635.458,1.0273,1.2169,130.4606,243.8296,223.5861,2289.51,68647.58,13171.75,12265.98,9437.49,7.3415,156.3
20/01/2025,0.6275,,,1.0416,1.2328,130.5966,244.0051,223.4068,2289.51,69452.82,,12308.67,9454.49,7.2629,155.62
21/01/2025,0.6274,1225.517,638.1854,1.0428,1.235,130.6757,244.2943,224.5528,2296.07,69676.84,13287.58,12312.28,9485.28,7.2674,155.52
22/01/2025,0.6274,1222.344,640.9639,1.0409,1.2316,130.6249,244.3444,224.1182,2291.93,70780.64,13369.36,12407.31,9481.77,7.2814,156.53
23/01/2025,0.6285,1215.22,639.7791,1.0415,1.2353,130.5601,243.7124,224.1371,2287.87,71338.76,13440.61,12435.12,9504.27,7.2877,156.05
24/01/2025,0.6314,1213.467,643.223,1.0497,1.2484,130.3951,243.4333,224.0205,2291.57,71290.75,13403.51,12439.58,9434.54,7.2443,156
27/01/2025,0.6293,1192.246,634.1913,1.0492,1.2499,130.5166,243.9575,225.1679,2303.39,70637.01,13208.19,12365.89,9436.04,7.2522,154.51
28/01/2025,0.6253,1195.232,640.7767,1.043,1.2443,130.704,243.7887,224.5447,2302.78,69657,13329.95,12383.2,9469.51,7.2752,155.54
29/01/2025,0.6231,1182.724,640.5995,1.0421,1.2452,130.8001,243.587,224.8446,2300.87,70367.39,13267.65,12466.5,9496.07,7.266,155.22
30/01/2025,0.6209,1187.922,652.5303,1.0391,1.2419,130.5757,244.4327,225.6104,2304.54,70548.29,13337.85,12589.35,9594.91,7.2934,154.29
31/01/2025,0.6218,1184.898,650.2674,1.0362,1.2395,130.314,245.3931,225.9852,2302.09,70652.77,13271.38,12600.45,9624.96,7.322,155.19
03/02/2025,0.6227,1188.794,655.5651,1.0344,1.245,130.2001,246.7727,226.8587,2304,68773.81,13171.21,12436.66,9524.64,7.3114,154.73
04/02/2025,0.6254,1195.579,659.9331,1.0379,1.248,129.9429,246.5805,226.0637,2307.58,69270.65,13266.45,12547.92,9510.45,7.2869,154.34
05/02/2025,0.6285,1172.461,663.9579,1.0403,1.2505,129.8208,247.4257,228.0164,2318.82,69329.76,13318.43,12563.47,9568.73,7.2825,152.61
06/02/2025,0.6283,1168.643,660.2953,1.0383,1.2435,130.2057,247.3706,227.6545,2317.63,69749.42,13366.96,12767.28,9684.12,7.2884,151.41
07/02/2025,0.6274,1175.428,662.875,1.0328,1.2402,129.8965,246.9652,227.212,2311.01,69250.38,13241.34,12692.84,9654.44,7.3033,151.41
10/02/2025,0.6277,1194.363,673.8527,1.0307,1.2368,129.737,247.3463,227.674,2310.44,69275.64,13332.15,12773.03,9729.09,7.3109,152
11/02/2025,0.6295,1213.346,673.5189,1.0361,1.2446,129.737,245.9576,226.5924,2306.23,,13337,12850.76,9739.73,7.31,152.49
12/02/2025,0.628,1185.776,672.7027,1.0383,1.2446,129.5992,245.291,225.6796,2294.31,69565.82,13302.1,12885.91,9773.07,7.3104,154.42
13/02/2025,0.6317,1182.59,676.6179,1.0465,1.2566,129.4815,246.6423,227.3579,2306.44,70454.54,13440.93,13112.01,9733.75,7.2699,152.8
14/02/2025,0.6352,1179.562,666.4293,1.0492,1.2586,129.4749,246.4415,227.1433,2313.11,69897.42,13443.1,13104.89,9697.92,7.2578,152.31
17/02/2025,0.6356,,,1.0484,1.2625,129.3452,245.7219,226.6189,2313.11,69941.73,,13168.26,9737.4,7.2663,151.51
18/02/2025,0.6353,1195.485,677.8407,1.0446,1.2613,128.9535,245.6938,225.9539,2304.89,70113.4,13478.02,13201.69,9735.98,7.2759,152.06
19/02/2025,0.6344,1199.43,674.9556,1.0423,1.2586,128.8958,244.6577,225.0725,2307.55,69924.52,13510.29,13028.32,9675.79,7.2842,151.47
20/02/2025,0.64,1205.595,679.6329,1.0501,1.2669,128.971,244.7758,224.9059,2310.55,69055.8,13453.54,13027.99,9642.24,7.2352,149.64
21/02/2025,0.6357,1174.032,679.0463,1.0458,1.2632,128.999,245.7875,225.6749,2320.95,69232.38,13224.45,13062.11,9638.22,7.255,149.27
24/02/2025,0.635,1178.57,681.5861,1.0468,1.2625,128.999,245.8495,226.2248,2324.79,,13159.21,13011.78,9637.79,7.2532,149.72
25/02/2025,0.6344,1150.001,671.4532,1.0514,1.2666,129.2954,246.1538,227.2651,2338.74,68269.78,13097.85,12997.81,9648.58,7.2549,149.03
26/02/2025,0.6305,1143.315,674.2464,1.0485,1.2676,129.3866,246.6415,227.2154,2343.79,68099.42,13099.91,13188.9,9718.46,7.2653,149.1
27/02/2025,0.6236,1167.245,666.3419,1.0398,1.2601,129.196,246.7847,226.8585,2341.23,68347.77,12892.2,13056.63,9757.17,7.301,149.81
28/02/2025,0.6209,1155.323,655.5133,1.0375,1.2577,129.3205,247.1202,227.8669,2351.72,66381.33,13098.22,13035.12,9816.82,7.2934,150.63
03/03/2025,0.6225,1136.847,667.8483,1.0487,1.2701,129.1625,245.5278,226.5926,2357.53,67506.82,12868.95,13219.18,9885.43,7.3029,149.5
04/03/2025,0.6272,1127.774,672.4159,1.0626,1.2795,128.9667,245.6126,227.7731,2351.13,66695.19,12711.86,12853.24,9760.28,7.2533,149.79
05/03/2025,0.6335,1100.284,673.7382,1.0789,1.2895,128.7173,241.4193,224.4809,2341.99,66850.73,12853.99,13096.16,9756.76,7.2366,148.88
06/03/2025,0.6333,1102.954,673.9556,1.0785,1.2882,127.9474,239.9674,224.2682,2341.47,67362.93,12625.31,13170.95,9707.09,7.2441,147.98
07/03/2025,0.6305,1117.374,671.1562,1.0833,1.292,127.7172,240.7978,225.3977,2338.52,65901.94,12696.9,13046.74,9703.78,7.2452,148.04
10/03/2025,0.6278,1100.445,667.9819,1.0834,1.2879,127.243,241.0565,225.7403,2350.91,66154.03,12356.69,12852.45,9614.72,7.2634,147.27
11/03/2025,0.6298,1104.791,672.9944,1.0919,1.2951,127.5779,240.24,224.9501,2344.78,65733.9,12263.31,12668.56,9498.2,7.2268,147.78
12/03/2025,0.6321,1127.187,678.9929,1.0888,1.2963,127.5569,240.2893,223.8503,2339.3,65780.32,12323.5,12786.71,9548.48,7.2415,148.25
13/03/2025,0.6285,1110.771,689.2853,1.0852,1.2952,127.4443,240.5266,224.5904,2346.81,65728.4,12153.33,12712.67,9556.77,7.248,147.81
14/03/2025,0.6324,1120.73,691.512,1.0879,1.2935,127.5424,240.2862,225.0785,2340.19,66198.4,12414.28,12893.49,9657.21,7.2379,148.64
17/03/2025,0.6384,1130.309,692.9425,1.0922,1.2992,127.5381,241.6525,225.9842,2342.25,66811.95,12494.82,12992.21,9710.86,7.2271,149.21
18/03/2025,0.6361,1123.672,700.9717,1.0945,1.3001,127.6564,241.327,225.6946,2344.35,67614.98,12362.16,13086.35,9738.76,7.2277,149.27
19/03/2025,0.6357,1126.545,701.0997,1.0903,1.3003,127.6045,241.7379,226.06,2349.94,67447.86,12495.74,13139.67,9740.36,7.2309,148.69
20/03/2025,0.6303,1144.251,701.6846,1.0851,1.2967,127.6045,241.7048,225.5142,2352.43,,12469.97,13005.04,9736.64,7.2522,148.78
21/03/2025,0.6273,1146.321,696.5352,1.0818,1.2919,127.5868,242.0646,224.5698,2350.19,67314.19,12480.59,12947.65,9674.87,7.2571,149.32
24/03/2025,0.6286,1158.336,695.7752,1.0801,1.2923,127.4868,241.9126,224.0901,2340.07,67191.68,12700.91,12929.75,9665.05,7.2639,150.7
25/03/2025,0.6303,1158.794,698.2109,1.0791,1.2944,127.2285,241.7528,223.5103,2342.61,67499.07,12721.41,13071.31,9693.9,7.2659,149.91
26/03/2025,0.6299,1168.934,697.8354,1.0754,1.2888,127.2321,241.7457,224.4005,2338.31,67939.92,12579.48,12924.54,9722.76,7.2796,150.57
27/03/2025,0.6305,1172.943,706.7421,1.0801,1.2949,127.283,242.0823,223.2702,2337.33,67533.64,12537.93,12851.42,9710.32,7.268,151.05
28/03/2025,0.6287,1162.429,712.1752,1.0828,1.294,127.7003,242.7737,224.6937,2350.57,66871.76,12290.86,12732.79,9702.18,7.2704,149.84
31/03/2025,0.6247,1194.311,720.6577,1.0816,1.2918,128.0174,242.6849,225.1764,2357.12,64164.99,12360.21,12534.54,9616.97,7.2659,149.96
01/04/2025,0.6278,1190.899,719.7587,1.0793,1.2923,127.9318,243.562,225.8128,2363.19,64177.46,12407.26,12706.26,9675.23,7.2808,149.61
02/04/2025,0.6299,1197.337,724.4647,1.0853,1.3007,128.303,243.2522,226.0714,2361.11,64360.11,12491.1,12667.23,9645.74,7.2964,149.28
03/04/2025,0.6329,1121.251,714.3676,1.1052,1.31,129.3508,244.0685,228.0915,2377.48,62576.73,11887.15,12211.86,9499.61,7.2804,146.06
04/04/2025,0.604,1049.184,694.7027,1.0956,1.2887,130.9724,244.8249,229.2256,2383.69,60855.67,11178.48,11650.68,9029.09,7.2951,146.93
07/04/2025,0.5984,1031.3,680.8035,1.0912,1.2724,131.5601,244.1418,226.1642,2360.77,56092.51,11152.56,11120.74,8633.52,7.345,147.84
08/04/2025,0.596,1007.504,684.6834,1.0958,1.2765,129.8491,243.7646,225.8755,2350.46,59472.12,10977.5,11407.46,8867.17,7.4257,146.27
09/04/2025,0.6153,1048.672,705.1879,1.0949,1.282,128.8754,244.3467,223.2266,2345.51,57132.78,12022.21,11045.41,8608.18,7.346,147.76
10/04/2025,0.6224,1014.851,727.7352,1.1201,1.297,128.3496,244.5905,225.3641,2333.19,62348.06,11608.22,11527.24,8884.46,7.3094,144.45
11/04/2025,0.6289,1034.853,743.1878,1.1355,1.3087,128.3175,245.2049,223.3979,2327.33,60506.77,11818.53,11453.23,8941.65,7.2875,143.54
14/04/2025,0.6328,1038.61,739.2561,1.1351,1.319,128.0042,246.0012,225.2728,2339.97,61221.6,11912.45,11750.28,9132.68,7.3116,143.06
15/04/2025,0.6345,1033.234,742.5741,1.1282,1.3231,127.8594,245.5313,225.1428,2343.59,61735.37,11892.99,11891.52,9261.55,7.3286,143.21
16/04/2025,0.6371,1050.824,766.9528,1.1399,1.3244,128.6812,245.9865,225.9786,2351.31,61109.97,11626.79,11882.13,9291.28,7.2989,141.88
17/04/2025,0.639,1083.948,762.918,1.1365,1.3266,128.6351,246.6855,226.8735,2345.93,61933.65,11642.4,11807.59,9299.97,7.3012,142.43
18/04/2025,0.6377,,,1.1393,1.3296,128.7495,246.6855,226.8735,2345.93,62569.03,,,,7.3061,142.18
21/04/2025,0.6415,1056.957,785.489,1.1515,1.3379,128.467,246.6855,226.8735,2336.84,61757.67,11368.98,,,7.2934,140.86
22/04/2025,0.6367,1076.181,784.2287,1.1421,1.3332,128.5008,247.1569,226.7989,2338.64,61650.8,11654.83,11889.92,9359.46,7.3122,141.57
23/04/2025,0.636,1055.264,755.5841,1.1316,1.3254,128.6081,246.4458,227.1878,2341.69,62818.27,11849.25,12218.93,9443.27,7.285,143.45
24/04/2025,0.6408,1062.998,768.1742,1.139,1.3342,128.7868,247.7098,228.521,2351.25,63125.83,12089.31,12269.38,9454.98,7.29,142.63
25/04/2025,0.6395,1065.552,756.7489,1.1365,1.3315,128.594,247.1248,228.6697,2357.82,64326.75,12178.49,12365.4,9463.77,7.2885,143.67
28/04/2025,0.6431,1049.573,768.3276,1.142,1.3441,128.681,246.8086,228.3893,2365.42,64568.61,12186.52,12404.94,9466.12,7.2846,142.01
29/04/2025,0.6384,1025.235,765.1817,1.1387,1.3409,128.681,246.8455,228.7611,2372.07,,12257.27,12391.58,9517.99,7.2679,142.33
30/04/2025,0.6402,989.388,761.9432,1.1328,1.3329,128.7292,247.4301,229.3075,2372.05,64938.64,12276.39,12387.55,9553.28,7.2698,143.07
01/05/2025,0.6383,1006.842,739.7879,1.129,1.3278,128.9634,247.4301,229.2167,2364.11,65671.74,12353.87,12387.55,9558.24,7.2789,145.39
02/05/2025,0.6434,993.347,744.719,1.1297,1.3272,128.8919,246.4632,228.4198,2352.06,66353.44,12536.2,12695.25,9670.23,7.213,144.96
05/05/2025,0.6469,976.517,763.1209,1.1315,1.3296,128.8919,246.5148,228.4198,2348.97,,12456.84,12720.13,,7.2011,143.7
06/05/2025,0.6495,1007.761,786.2954,1.137,1.3369,128.8919,246.2711,227.9992,2353.2,,12361.16,12675.26,9671.43,7.2098,142.45
07/05/2025,0.6424,991.179,779.2896,1.1301,1.3292,128.3942,247.2812,229.1614,2356.77,66261.51,12414.98,12598.47,9628.59,7.2283,143.83
08/05/2025,0.64,1018.854,759.6524,1.1228,1.3246,128.165,246.7777,228.0711,2344.11,66529.89,12487,12747.97,9607.28,7.2429,145.91
09/05/2025,0.6414,1035.294,768.4342,1.125,1.3306,127.8667,246.2161,227.4207,2345.57,67565.26,12480.31,12813.36,9633.39,7.2403,145.37
12/05/2025,0.6372,1053.891,742.1172,1.1087,1.3176,127.4589,245.0078,226.1794,2334.66,67819.16,12888.13,13024.9,9689.9,7.2006,148.46
13/05/2025,0.6471,1079.146,746.7269,1.1185,1.3306,127.4545,244.7046,225.8866,2332.37,68790.21,12981.89,13089.06,9687.58,7.1991,147.48
14/05/2025,0.6428,1070.403,733.1626,1.1175,1.3263,127.4326,244.5007,224.7133,2326.64,68690.89,12995.78,13064.33,9667.41,7.2112,146.75
15/05/2025,0.6406,1046.376,741.9365,1.1187,1.3305,127.0577,245.4154,225.6558,2337,68019.59,13052.72,13090.43,9746.83,7.2049,145.67
16/05/2025,0.6406,1056.691,732.974,1.1163,1.3283,127.259,246.2032,226.1512,2337.49,68016.37,13145.88,13128.73,9804.19,7.2105,145.7
19/05/2025,0.6457,1056.25,743.9554,1.124,1.3361,127.0256,246.3967,225.855,2337.18,67556.8,13159.31,13158.52,9820.84,7.2147,144.86
20/05/2025,0.6424,1056.706,755.7237,1.1283,1.3393,126.3275,245.8854,225.1134,2334,67612.4,13108.52,13225,9913.19,7.2152,144.51
21/05/2025,0.6436,1050.748,762.4985,1.1331,1.342,126.3363,245.3383,224.0468,2322.15,67197.21,12897.42,13224.54,9919.22,7.2041,143.68
22/05/2025,0.6411,1043.308,758.4144,1.1281,1.3419,126.0014,245.13,223.7209,2327.31,66633.12,12891.95,13151.87,9870.08,7.2044,144.01
23/05/2025,0.6488,1047.381,774.6839,1.1362,1.3537,126.0955,246.1821,224.79,2329.88,66947.68,12806.24,12913.84,9846.03,7.1726,142.56
26/05/2025,0.6486,,,1.1387,1.3564,126.5178,246.6158,224.79,2329.88,67616.18,,13081.18,,7.1768,142.85
27/05/2025,0.6443,1037.354,759.9468,1.1328,1.3507,127.4202,247.1229,225.4346,2339.36,67963.13,13069.32,13132.82,9913.89,7.1896,144.33
28/05/2025,0.6426,1048.998,758.69,1.1292,1.3469,126.9978,247.0403,224.9411,2335.12,67960.05,12996.67,13042.94,9855.12,7.1925,144.84
29/05/2025,0.6442,1032.498,763.6898,1.137,1.3492,126.8111,247.686,226.1297,2342.74,69240.22,13049.01,13025.26,9855.91,7.1876,144.21
30/05/2025,0.6431,1021.591,757.2717,1.1347,1.3459,126.9741,247.7416,226.2124,2347.66,68397.62,13049.13,13014.33,9919.15,7.2051,144.02
02/06/2025,0.6495,1051.92,776.2256,1.1441,1.3544,127.0489,247.6646,226.343,2340.56,67506.86,13104.24,12987.57,9921.27,7.2106,142.71
03/06/2025,0.6462,1069.667,771.7251,1.1372,1.3517,127.1851,247.8612,227.1101,2338.82,67463.87,13180.45,13036.43,9935.7,7.1917,143.97
04/06/2025,0.6492,1057.935,776.867,1.1417,1.3554,126.9931,247.5613,227.1779,2352.55,68005.5,13181.97,13107.83,9951.84,7.1713,142.77
05/06/2025,0.6506,1066.791,771.4513,1.1445,1.357,127.4439,246.6323,227.2025,2349.05,67657.86,13113.47,13120.93,9966.7,7.1761,143.53
06/06/2025,0.649,1083.064,765.0286,1.1397,1.3528,127.5475,247.1014,227.1522,2335.42,67994.97,13249.81,13168.52,9997.1,7.1886,144.85
09/06/2025,0.6516,1092.348,767.1984,1.1422,1.3551,127.3566,247.0233,227.1405,2338.41,68620.05,13263.13,13150.41,9990.72,7.1826,144.57
10/06/2025,0.6522,1090.17,764.6596,1.1425,1.35,127.2794,247.838,228.8025,2341.49,68841.54,13336.29,13135.51,10014.25,7.1887,144.87
11/06/2025,0.6501,1136.293,764.819,1.1487,1.3547,127.3732,247.7079,228.5528,2348.01,69219.3,13299.87,13081.59,10027,7.1986,144.56
12/06/2025,0.6533,1128.514,778.3365,1.1584,1.3613,127.3203,248.3685,229.9608,2356.81,68772.33,13350.85,13003.16,10051.61,7.1735,143.48
13/06/2025,0.6487,1200.54,789.9584,1.1549,1.3571,127.7892,247.2726,228.8672,2349.08,68161.88,13202.26,12832.52,10012.82,7.1892,144.07
16/06/2025,0.6524,1187.61,782.1178,1.1561,1.3578,127.4509,247.6028,229.2344,2343.66,69021.38,13328.43,12951.63,10040.64,7.182,144.75
17/06/2025,0.6475,1235.757,779.8302,1.148,1.3429,127.2904,247.3433,229.0115,2352.53,69427.48,13217.52,12828.19,9994.04,7.1917,145.29
18/06/2025,0.6509,1239.863,780.1972,1.148,1.3422,127.3789,247.87,229.7415,2353.78,70058.9,13213.88,12775.38,10004.72,7.1946,145.13
19/06/2025,0.6482,,,1.1495,1.3465,127.7386,247.3446,229.1524,2353.78,69345.07,,12610.86,9952.51,7.186,145.45
20/06/2025,0.6452,1245.767,775.2541,1.1523,1.3451,127.7812,247.3762,229.1769,2354.71,69193.1,13185.84,12699.55,9933.1,7.1791,146.09
23/06/2025,0.646,1164.347,777.6591,1.1578,1.3524,127.7723,247.7881,230.1056,2360.76,69109.48,13312.75,12671.21,9914.3,7.1751,146.15
24/06/2025,0.6489,1092.661,763.7546,1.1609,1.3615,127.6837,247.6839,230.7176,2366.94,69897.46,13461.1,12853.61,9915.37,7.1656,144.94
25/06/2025,0.6513,1097.082,765.9517,1.1659,1.3664,127.9205,247.1961,230.0526,2368.48,70175.42,13461.17,12744.28,9869.82,7.1731,145.24
26/06/2025,0.6546,1101.505,767.1641,1.1701,1.3728,127.8544,247.3405,230.0678,2374.35,71335.51,13569.29,12724.9,9895.13,7.164,144.42
27/06/2025,0.6529,1103.45,753.4138,1.1718,1.3716,127.8001,246.9967,229.6026,2369.26,72449.1,13641.1,12922.94,9966.86,7.1726,144.65
30/06/2025,0.6581,1102.847,758.285,1.1787,1.3732,127.7126,247.181,229.7113,2377.11,73063.18,13712.71,12868.57,9923.86,7.1574,144.03
01/07/2025,0.6583,1109.092,768.026,1.1806,1.3746,127.9374,247.6158,230.7507,2374.75,72158.97,13697.68,12818.08,9951.47,7.1609,143.42
02/07/2025,0.6584,1142.276,770.3867,1.1799,1.3636,127.913,246.702,227.9007,2370.59,71755.01,13763.04,12906.15,9939.42,7.1612,143.66
03/07/2025,0.6571,1137.287,766.6255,1.1757,1.3655,127.624,247.3672,228.7138,2363.25,71797.27,13879.98,12965.43,9995.3,7.1703,144.93
04/07/2025,0.6556,,,1.1778,1.365,127.6556,247.563,228.7235,2363.25,71842.35,,12840.18,9994.97,7.1633,144.47
07/07/2025,0.6491,1150.719,766.9654,1.1709,1.3602,127.2879,246.8724,228.1902,2358.1,71439.57,13771.11,12968.2,9976.41,7.1795,146.05
08/07/2025,0.653,1160.282,761.1141,1.1725,1.3592,126.7057,246.2044,227.1086,2356.39,71622.07,13761.33,13042.03,10030.4,7.1818,146.58
09/07/2025,0.6535,1160.687,762.1239,1.172,1.3586,126.6678,246.3406,227.7062,2365.35,71861.12,13844.92,13220.96,10044.95,7.1828,146.33
10/07/2025,0.6588,1136.685,763.2859,1.1701,1.3579,126.7697,245.7626,227.8415,2365.35,71545.46,13884.89,13203.04,10168.39,7.1789,146.26
11/07/2025,0.6578,1163.756,772.1073,1.1689,1.3493,126.6862,245.3935,227.3931,2356.06,71407.08,13839.11,13070.03,10129.26,7.1717,147.43
14/07/2025,0.6545,1150.112,771.3995,1.1664,1.3427,126.0093,245.2802,227.7661,2355.68,71208.47,13858.62,13039.36,10193.77,7.1723,147.72
15/07/2025,0.6514,1143.096,766.4316,1.1601,1.3384,125.7338,245.8141,227.1577,2348.81,71602.59,13805.08,12998.86,10126.08,7.1845,148.88
16/07/2025,0.6528,1139.485,771.5598,1.1641,1.3422,126.0831,246.0105,227.1178,2353.4,71576.21,13849.17,12862.68,10112.75,7.1799,147.88
17/07/2025,0.6488,1155.631,768.511,1.1596,1.3416,126.1651,246.2837,226.9741,2352.43,72005.32,13923.75,13054.65,10164.97,7.1844,148.58
18/07/2025,0.6509,1154.576,771.4943,1.1626,1.3416,126.4691,245.8467,226.3172,2356.31,71857.2,13923.35,13011.15,10187.03,7.1813,148.81
21/07/2025,0.6525,1155.838,782.7962,1.1694,1.3493,126.4691,247.465,227.7352,2363.16,,13943.16,12976.71,10210.68,7.171,147.38
22/07/2025,0.6556,1146.261,791.6823,1.1754,1.3533,126.6109,247.8512,228.4749,2368.03,71777.46,13952.35,12849.2,10222.94,7.1712,146.63
23/07/2025,0.6602,1148.101,781.2182,1.1771,1.3582,125.8318,247.7184,227.6293,2362.43,74297.39,14061.52,12980.99,10265.62,7.1518,146.51
24/07/2025,0.659,1155.396,775.8842,1.1749,1.351,125.9341,246.1627,227.4212,2360.13,75479.43,14071.45,13007.6,10354.95,7.1532,147.01
25/07/2025,0.6566,1143.258,767.2473,1.1742,1.3438,125.9936,245.8166,227.4103,2364.03,74811.53,14128.12,13000.22,10334.49,7.1679,147.69
28/07/2025,0.6521,1171.628,761.7076,1.1589,1.3356,126.3971,246.5704,227.4283,2360.82,73985.1,14130.61,12967.35,10290.45,7.1819,148.53
29/07/2025,0.651,1210.315,765.0556,1.1547,1.3351,126.3483,246.5406,227.9809,2372.76,73400.92,14088.86,13068.45,10352.63,7.1808,148.46
30/07/2025,0.6434,1221.716,758.7201,1.1405,1.3237,126.3455,246.304,228.2985,2366.66,73369.48,14071.34,13102.4,10353.33,7.2113,149.51
31/07/2025,0.6425,1208.042,757.8594,1.1415,1.3207,126.3187,246.6147,228.8611,2367.79,74118.65,14020.46,12924.43,10352.06,7.2091,150.75
01/08/2025,0.6474,1173.377,769.5367,1.1587,1.3279,126.341,246.6686,229.3627,2388.06,73632.01,13796.83,12549.51,10279.26,7.1938,147.4
04/08/2025,0.6467,1160.994,775.8306,1.1571,1.3285,126.5619,247.5502,230.0543,2390.49,72713.59,14000.69,12739.17,10346.96,7.1841,147.09
05/08/2025,0.6473,1143.376,777.8002,1.1575,1.3299,126.8477,247.707,230.1341,2390.59,73180.72,13932.88,12756.83,10363.3,7.189,147.62
06/08/2025,0.6503,1131.558,777.5963,1.166,1.3357,126.829,247.4218,229.9185,2388.28,73623.45,14034.35,12790.12,10387.76,7.1853,147.37
07/08/2025,0.6524,1125.372,782.2843,1.1666,1.3444,126.8095,247.5654,229.4988,2386.81,74100.42,14023.35,12957.27,10337.12,7.181,147.14
08/08/2025,0.6522,1125.844,790.8919,1.1641,1.3452,126.8055,246.8044,228.5208,2382.1,75474.41,14134.02,12996.7,10331.4,7.1893,147.74
11/08/2025,0.6513,1128.628,771.5502,1.1615,1.3432,126.8055,246.6415,229.209,2383.45,,14100.03,12958.1,10369.99,7.1965,148.15
12/08/2025,0.653,1121.241,770.3479,1.1675,1.35,126.7016,245.8448,228.0576,2381.87,77094.62,14260.43,12968.11,10390.56,7.1849,147.84
13/08/2025,0.6546,1113.34,772.5449,1.1705,1.3576,126.6288,247.0772,228.7902,2389.74,78098.95,14306.96,13095.15,10410.34,7.1817,147.38
14/08/2025,0.6495,1130.729,766.9452,1.1648,1.3532,126.4052,246.553,227.7756,2382.96,76970.26,14311.81,13208.05,10458.3,7.1821,147.76
15/08/2025,0.6507,1116.162,766.898,1.1703,1.3554,126.2404,245.2983,226.8559,2378.4,78281.81,14273.57,13241.85,10414.61,7.1886,147.19
18/08/2025,0.6491,1128.686,766.1218,1.1661,1.3504,126.1796,245.361,225.8239,2377.01,78888.17,14273.22,13207.9,10436.09,7.1875,147.89
19/08/2025,0.6454,1116.676,761.833,1.1647,1.3491,125.963,245.6862,226.0067,2381.79,78584.96,14190.8,13326.11,10471.96,7.1871,147.67
20/08/2025,0.6434,1134.077,768.6802,1.1652,1.3457,125.7329,246.147,227.1382,2383.86,77397.98,14156.65,13299.47,10584.69,7.182,147.33
21/08/2025,0.642,1148.061,767.2036,1.1606,1.3412,125.7164,245.3821,226.2182,2378.67,76895.61,14101.79,13274.8,10613.47,7.1828,148.37
22/08/2025,0.649,1149.904,775.6638,1.1718,1.3525,125.588,246.0771,226.9653,2388.3,76937.33,14316.55,13338.15,10627.39,7.1719,146.94
25/08/2025,0.6482,1167.408,775.7053,1.1618,1.3455,125.6114,245.1834,226.9653,2385.84,77252.29,14255.76,13230.56,,7.1584,147.8
26/08/2025,0.6495,1141.531,779.3123,1.1642,1.348,125.6601,245.5269,225.9729,2388.88,76506.22,14315.6,13084.7,10563.99,7.1533,147.4
27/08/2025,0.6506,1154.326,782.9428,1.1639,1.3498,125.5714,245.6698,226.3962,2390.81,76733.37,14349.86,13107.52,10552.25,7.1539,147.42
28/08/2025,0.6532,1163.701,788.8672,1.1683,1.3513,125.7179,245.8784,226.7519,2394.72,77337.83,14395.51,13116.42,10512.98,7.1202,146.93
29/08/2025,0.654,1155.275,798.4485,1.1686,1.3504,125.8564,245.5476,226.4448,2392.78,77138.62,14304.68,13007.05,10479.35,7.1223,147.05
01/09/2025,0.6552,,,1.1711,1.3545,125.7657,245.0112,225.8451,2392.78,76182.15,,13044.35,10489.62,7.1336,147.18
02/09/2025,0.652,1184.224,816.0953,1.164,1.3394,125.8179,244.3078,224.9739,2387.37,76401.91,14208.5,12859.53,10398.77,7.1385,148.36
03/09/2025,0.6543,1157.981,826.0246,1.1662,1.3444,125.4689,245.0388,226.1988,2394.57,75730.9,14281.23,12942.11,10468.69,7.1391,148.1
04/09/2025,0.6518,1147.662,819.5742,1.1649,1.3434,125.6636,245.5854,226.4808,2401.34,76889.07,14401.71,12994.84,10515.29,7.139,148.49
05/09/2025,0.6557,1122.266,830.256,1.1717,1.3509,125.9235,246.5036,228.0605,2412.27,77680.85,14358.11,12925.44,10505.41,7.1262,147.43
08/09/2025,0.6592,1131.556,836.0144,1.1763,1.3545,125.8389,247.0683,228.8202,2420.63,78809.55,14389.13,13033.98,10520.51,7.1218,147.5
09/09/2025,0.6585,1138.377,837.1975,1.1708,1.3528,125.9208,246.7677,228.4963,2415.8,78476.35,14428.25,13048.59,10544.56,7.124,147.41
10/09/2025,0.6613,1156.805,837.2442,1.1695,1.3529,126.0139,246.9104,228.3158,2419.73,79159.61,14471.71,13030.71,10525.01,7.1195,147.46
11/09/2025,0.6659,1137.422,835.4262,1.1734,1.3574,125.9301,247.0658,228.9507,2423.06,80125.38,14594.64,13092.2,10608.54,7.1129,147.21
12/09/2025,0.6648,1145.768,838.429,1.1734,1.3556,125.9043,246.3781,228.2158,2418.54,80839.77,14588.18,13101.79,10592.24,7.1246,147.68
15/09/2025,0.6669,1155.15,846.1202,1.1761,1.3599,125.9043,246.7463,228.6602,2422.14,,14660.13,13222.56,10585.09,7.1186,147.4
16/09/2025,0.6685,1171.385,847.6003,1.1867,1.3647,125.7285,246.7352,228.6123,2424.14,81082.01,14641.77,13057.06,10492.25,7.1046,146.48
17/09/2025,0.6653,1161.985,846.0316,1.1813,1.3626,125.8857,247.0992,229.0876,2420.47,80879.97,14627.8,13050.71,10506.75,7.1018,146.99
18/09/2025,0.6612,1152.583,837.1352,1.1788,1.3555,125.909,246.3834,228.2295,2413.7,81807.47,14698.08,13262.09,10529.96,7.1094,148
19/09/2025,0.6593,1136.768,843.4851,1.1746,1.3472,125.7962,245.949,227.3182,2412.84,81342.27,14769.93,13266.34,10516.9,7.1194,147.95
22/09/2025,0.6599,1136.446,859.5345,1.1803,1.3514,125.6291,246.0083,227.6642,2409.98,82150.98,14836.27,13227.94,10528.33,7.1154,147.72
23/09/2025,0.6599,1152.863,868.8711,1.1815,1.3526,125.6291,245.9016,228.0433,2415.48,,14754.63,13301.67,10524.49,7.113,147.64
24/09/2025,0.6583,1176.911,858.1258,1.1738,1.3447,125.7999,245.8413,228.3777,2411.13,82397.74,14712.72,13282.65,10555.43,7.1374,148.9
25/09/2025,0.654,1179.639,858.9015,1.1666,1.3345,125.8727,245.5991,227.231,2408,82622.77,14639.18,13234.84,10515.34,7.1451,149.8
26/09/2025,0.6542,1190.517,867.6261,1.1703,1.3402,125.769,245.9634,227.1362,2407.61,81900.57,14725.98,13375.07,10596.19,7.1435,149.49
29/09/2025,0.6577,1156.565,878.4301,1.1727,1.3429,125.9417,246.6176,228.0192,2413.5,81880,14764.92,13392.46,10613.32,7.1293,148.59
30/09/2025,0.6613,1138.475,882.6262,1.1734,1.3446,125.8398,246.6534,227.9893,2413.05,81678.01,14826.8,13448.66,10671.06,7.1284,147.9
01/10/2025,0.6613,1127.841,888.2588,1.1732,1.3478,125.7849,246.7333,228.1321,2418.47,80984.01,14877.96,13578.24,10780.62,7.1279,147.07
02/10/2025,0.6596,1107.314,881.6541,1.1715,1.344,125.7205,246.788,227.9049,2420.48,81685.46,14887.32,13735.38,10765.69,7.1327,147.26
03/10/2025,0.6604,1113.507,891.0486,1.1742,1.348,125.8025,246.9317,228.2502,2416.92,83199.26,14889.84,13749.73,10838.23,7.1364,147.47
06/10/2025,0.6617,1129.66,906.7008,1.1711,1.3485,125.4111,246.6189,227.7293,2412.1,87153.42,14945.23,13693.81,10824.4,7.1441,150.35
07/10/2025,0.6581,1127.525,913.2058,1.1657,1.3426,125.4223,246.457,227.5483,2417.04,87164.54,14888.37,13657.07,10829.47,7.1459,151.9
08/10/2025,0.6586,1140.494,928.3781,1.1628,1.3404,125.313,247.2569,227.9942,2416.93,86772.1,14975.13,13744.92,10904.03,7.1501,152.69
09/10/2025,0.6556,1124.294,906.1493,1.1564,1.3304,125.2722,246.9691,227.4566,2416.08,88308.95,14934.38,13686.12,10861.84,7.1381,153.07
10/10/2025,0.6474,1081.694,912.5879,1.1619,1.336,125.3505,247.9751,228.8759,2428.85,87415.25,14531.41,13456.86,10768.26,7.1453,151.19
13/10/2025,0.6515,1093.506,943.1314,1.157,1.3333,125.3505,248.1146,229.0403,2428.85,,14758.07,13546.55,10785.85,7.1383,152.28
14/10/2025,0.6486,1077.639,950.1699,1.1607,1.332,125.4783,248.7944,230.4853,2434.52,85158.5,14735.21,13508.83,10797.16,7.1402,151.84
15/10/2025,0.6513,1070.979,958.9899,1.1647,1.3403,125.6265,249.707,231.4505,2432.02,86659.07,14795.66,13637.73,10765.16,7.1298,151.05
16/10/2025,0.6485,1056.496,982.602,1.1687,1.3434,125.7275,249.5516,231.9021,2440.87,87758.96,14702.57,13752.04,10784.26,7.1249,150.43
17/10/2025,0.6499,1061.997,961.8666,1.1655,1.3427,125.9062,249.3574,231.5256,2437.5,86494.52,14780.36,13643.47,10691.09,7.1268,150.61
20/10/2025,0.6513,1058.516,995.5299,1.1642,1.3405,125.6657,249.402,232.0538,2440.75,89409.08,14938.29,13822.4,10747.09,7.1241,150.75
21/10/2025,0.6488,1061.236,938.4763,1.16,1.3371,125.7634,249.8371,232.7136,2444.34,89646.41,14938.83,13836.76,10773.86,7.1268,151.93
22/10/2025,0.6488,1082.215,928.5955,1.1611,1.3356,125.8038,249.7341,233.9551,2445.15,89631.38,14859.33,13720.89,10874.45,7.1256,151.98
23/10/2025,0.6512,1135.546,947.0131,1.1618,1.3326,125.9467,249.4426,233.9444,2438.83,88420.4,14946.13,13791.75,10949.02,7.1256,152.57
24/10/2025,0.6513,1134.101,945.332,1.1627,1.3311,125.9946,248.5686,233.8889,2439.63,89616.58,15064.91,13806.74,11025.66,7.1261,152.86
27/10/2025,0.6556,1129.245,918.6522,1.1645,1.3336,125.89,248.9098,234.4608,2441.02,91820.96,15250.14,13895.71,11035.03,7.1093,152.88
28/10/2025,0.6585,1110.745,910.3834,1.1651,1.3272,126.0826,248.9719,234.6656,2443.1,91288.09,15285.1,13881.16,11084.1,7.096,152.11
29/10/2025,0.6574,1119.387,914.5008,1.1601,1.3194,126.0957,249.1051,234.7154,2431.27,93272.18,15284.53,13884.72,11151.99,7.0974,152.73
30/10/2025,0.6555,1120.374,918.0705,1.1565,1.3151,126.1704,248.9638,234.6809,2428.43,93305.79,15133.23,13874.96,11156.8,7.1107,154.13
31/10/2025,0.6545,1127.452,913.7311,1.1537,1.3152,126.1413,248.9164,234.5306,2427.94,95279.92,15173.95,13784.53,11107.88,7.1225,153.99
03/11/2025,0.6537,1129.893,918.0176,1.152,1.314,126.1413,248.6641,233.9568,2426.99,,15201,13826.43,11089.72,7.1266,154.22
04/11/2025,0.649,1122.178,905.8797,1.1482,1.3021,125.8523,248.8235,234.6089,2429.55,93625.61,15022.75,13780.05,11105.26,7.1349,153.67
05/11/2025,0.6505,1106.277,913.387,1.1492,1.305,125.9223,248.451,233.4804,2420.14,91288.59,15077.71,13806.82,11176.27,7.1313,154.12
06/11/2025,0.648,1103.956,913.0496,1.1547,1.3137,125.8085,248.6015,234.0765,2429.77,92509.25,14909.28,13665.67,11139.81,7.1213,153.06
07/11/2025,0.6493,1108.428,917.4478,1.1566,1.3162,125.8027,248.3847,233.7038,2429.43,91405.13,14929.63,13556.93,11078.93,7.1262,153.42
10/11/2025,0.6536,1116.317,943.4062,1.1557,1.3175,125.5883,248.6865,233.8988,2427.61,92561.87,15161.47,13795.44,11198.58,7.1228,154.15
11/11/2025,0.6527,1135.019,942.2238,1.1582,1.315,125.5609,248.9203,235.2813,2427.61,92436.77,15192.94,13944.59,11327.25,7.1222,154.16
12/11/2025,0.6541,1092.91,964.5794,1.1593,1.3133,125.4831,249.2839,234.8616,2434.04,92838.18,15203.13,14094.62,11340.78,7.1127,154.79
13/11/2025,0.6529,1095.758,960.538,1.1633,1.3192,125.4767,248.6226,234.2411,2428.01,93237.67,14951.87,13986.2,11239.08,7.0956,154.56
14/11/2025,0.6538,1116.761,937.6407,1.1621,1.3171,125.3762,248.1202,231.6689,2424.02,91591.71,14947.52,13866.82,11113.82,7.0991,154.55
17/11/2025,0.6494,1114.657,933.4645,1.1592,1.3156,125.1521,248.2129,232.3673,2426.44,91494.26,14812.02,13738.17,11087.53,7.1083,155.26
18/11/2025,0.6507,1125.837,931.7236,1.1581,1.3145,124.9094,248.1355,232.2317,2428.43,88547.24,14690.81,13479.78,10946.44,7.1108,155.51
19/11/2025,0.6478,1100.317,935.5704,1.1538,1.3059,124.7237,248.1188,231.0488,2427.29,88246.74,14746.44,13497.67,10894.99,7.1176,157.16
20/11/2025,0.644,1096.219,930.5579,1.1528,1.3073,124.3108,247.926,231.5693,2431.96,90585.32,14518.95,13565.55,10924.19,7.1175,157.47
21/11/2025,0.6455,1082.107,935.2687,1.1513,1.3099,124.6402,248.1054,232.5771,2436.21,88407.12,14662.68,13432.02,10938.01,7.1051,156.41
24/11/2025,0.6464,1095.802,938.929,1.1521,1.3105,124.6402,248.288,232.4335,2440.24,,14889.67,13478.78,10932.51,7.1062,156.89
25/11/2025,0.6469,1080.453,949.5965,1.157,1.3166,124.5175,248.9075,233.4271,2444.41,88468.64,15025.54,13589.07,11018.07,7.0824,156.05
26/11/2025,0.6518,1092.692,955.3789,1.1595,1.3241,124.4646,248.9127,234.8836,2446.14,90104.13,15129.57,13788.19,11112.14,7.069,156.47
27/11/2025,0.6534,,,1.1596,1.324,124.5729,248.8734,234.576,2446.14,91209.6,,13782.3,11120.44,7.0744,156.31
28/11/2025,0.655,1089.405,967.537,1.1598,1.3235,124.54,248.8406,234.8323,2442.94,91370.38,15211.14,13818.88,11150.93,7.0708,156.18
01/12/2025,0.6544,1103.986,972.3656,1.161,1.3213,123.9826,247.8536,234.16,2432.87,89641.97,15132,13817.19,11130.29,7.0719,155.46
02/12/2025,0.6563,1091.264,960.1836,1.1625,1.3213,124.125,247.742,234.1566,2434.51,89642.28,15169.63,13866.29,11129.46,7.067,155.88
03/12/2025,0.6601,1095.422,962.9451,1.1671,1.3353,123.8616,247.914,235.1312,2437.87,90662.69,15215.34,13886.75,11118.3,7.0577,155.25
04/12/2025,0.661,1105.738,965.434,1.1644,1.3327,123.7146,247.546,235.5341,2432.63,92778.57,15232.81,13944.11,11141.96,7.0716,155.1
05/12/2025,0.664,1115.176,965.5344,1.1642,1.3328,123.6758,247.2944,234.7754,2427.96,91803.03,15264.64,13958.37,11091.64,7.0692,155.33
08/12/2025,0.6624,1093.709,960.0784,1.1637,1.3322,123.5557,246.2013,233.7391,2425.04,91966.79,15212.84,13962.41,11066.5,7.0717,155.92
09/12/2025,0.6642,1085.022,964.3873,1.1627,1.3297,123.5432,246.5993,234.4289,2423.6,92099.81,15199.66,13944.68,11062.96,7.061,156.88
10/12/2025,0.6676,1089.004,961.8675,1.1695,1.3383,123.5602,246.4898,234.2329,2429.5,92004.72,15302.75,13919.81,11078.48,7.061,156.02
11/12/2025,0.6664,1074.858,982.0694,1.1738,1.3388,123.7538,246.8129,234.7615,2429.75,91179.31,15334.74,14031.58,11133.72,7.0522,155.59
12/12/2025,0.6652,1071.095,985.6533,1.174,1.3371,123.762,246.4599,233.912,2423.83,92429.72,15172.13,13950.5,11071.6,7.0532,155.81
15/12/2025,0.6641,1061.915,987.5258,1.1753,1.3376,123.6933,246.8985,234.5779,2426.13,91214.38,15150.46,14028.08,11188.96,7.0433,155.23
16/12/2025,0.6632,1033.315,986.9633,1.1747,1.3423,123.7471,247.0088,234.1356,2431.27,89787.44,15114.92,13943.5,11112.64,7.0363,154.72
17/12/2025,0.6605,1046.275,996.5384,1.1741,1.3376,123.6398,246.76,235.0213,2430.89,90021.97,14940.01,13855.3,11215.36,7.0402,155.69
18/12/2025,0.6613,1048.14,994.4958,1.1722,1.3381,123.5957,247.0076,235.0173,2435.43,89093.28,15058.71,14001.72,11289.07,7.0327,155.55
19/12/2025,0.6612,1057.933,999.7898,1.171,1.3379,123.2383,246.3128,234.2685,2431.05,90012.75,15191.85,14047.18,11357.53,7.0342,157.75
22/12/2025,0.6657,1085.203,1018.797,1.1762,1.3461,122.8797,246.081,233.9386,2429.91,91640.34,15290.55,14006.54,11321.44,7.0311,157.05
23/12/2025,0.6702,1090.422,1027.173,1.1795,1.3518,123.1313,246.9374,234.5125,2429.37,91659.39,15360.18,14020.19,11348.11,7.0193,156.23
24/12/2025,0.6709,1089.296,1026.614,1.1779,1.3505,123.1017,246.9374,234.5119,2434.08,91534.35,15409.7,14012.78,11326.84,7.0074,155.93
25/12/2025,0.6704,,,1.1784,1.3521,123.1175,246.9374,234.5119,2434.08,91650.15,,,,7.0017,155.83
26/12/2025,0.6716,1062.016,1038.195,1.1772,1.3497,123.1981,246.9374,234.5119,2434.71,92273.06,15406.48,,,7.0045,156.57
29/12/2025,0.6694,1084.37,990.821,1.1773,1.3512,123.0262,247.6662,235.0971,2438.64,91971.62,15353.16,14026.1,11328.8,6.9971,156.06
30/12/2025,0.6695,1081.656,1000.66,1.1748,1.3468,123.003,247.2744,235.0304,2437.69,91630.43,15332.07,14134.65,11413.98,6.9922,156.41
31/12/2025,0.6673,1073.298,990.4481,1.1746,1.3475,123.003,247.2744,235.419,2434.87,,15220.45,14127.64,11403.26,6.9757,156.71
01/01/2026,0.667,,,1.1746,1.3455,,,,,,,,,6.9756,156.75
02/01/2026,0.6693,1071.748,988.0216,1.1719,1.3456,123.003,246.4284,234.4062,2430.48,,15252.82,14271.51,11426.19,6.9703,156.84
05/01/2026,0.6714,1089.887,1016.135,1.1722,1.3542,122.6472,247.0227,234.8434,2435.49,94348.65,15349.78,14450.34,11487.54,6.9835,156.38
06/01/2026,0.6738,1071.289,1026.416,1.1689,1.3501,122.4833,247.4388,235.2244,2434.75,95596.03,15446.03,14470.09,11623.22,6.9805,156.65
07/01/2026,0.6721,1058.334,1018.847,1.1675,1.3458,122.439,247.9534,236.635,2438.15,94583.79,15392.99,14450.05,11537.65,6.9935,156.76
08/01/2026,0.6699,1094.27,1018.536,1.166,1.3439,122.7081,247.7009,236.5826,2433.25,93046.19,15394.18,14403.08,11535.5,6.9822,156.87
09/01/2026,0.6687,1117.795,1027.827,1.1637,1.3404,122.7321,247.9224,237.3761,2435.33,94543.58,15494.51,14630.31,11627.27,6.976,157.89
12/01/2026,0.6711,1126.186,1054.107,1.1667,1.3465,122.7321,248.3645,237.5335,2433.9,,15520.26,14680.5,11645.76,6.968,158.14
13/01/2026,0.6682,1152.83,1050.651,1.1642,1.3422,122.1952,248.1964,237.2345,2436.05,97472.85,15490.45,14713.52,11641.91,6.9735,159.14
14/01/2026,0.6682,1172.034,1059.07,1.1644,1.3443,121.9788,248.5232,237.8001,2440.25,98914.62,15408.15,14653.04,11695.88,6.9701,158.46
15/01/2026,0.6699,1124.451,1056.364,1.1609,1.3381,122.1445,248.7905,237.4275,2437.37,98494.63,15448.3,14741.11,11761.46,6.9632,158.63
16/01/2026,0.6683,1130.84,1050.051,1.1598,1.338,122.0364,248.3907,236.9889,2431.17,98177.31,15439.47,14712.59,11757.27,6.9678,158.12
19/01/2026,0.6714,,,1.1646,1.3425,121.3138,248.5925,236.9604,2431.17,97535.49,,14464.09,11711.39,6.9567,158.11
20/01/2026,0.6737,1144.025,1089.346,1.1725,1.3439,120.4099,248.1448,235.904,2424.16,96457.05,15121.52,14381.73,11632.62,6.9557,158.15
21/01/2026,0.6762,1150.778,1105.861,1.1685,1.3429,120.7949,247.9011,236.2769,2429.3,96063.04,15297.02,14359.27,11645.62,6.96,158.3
22/01/2026,0.684,1130.078,1123.287,1.1755,1.3501,121.2601,248.0768,235.6964,2430.23,97727.2,15381.22,14538.17,11659.35,6.9643,158.41
23/01/2026,0.6894,1158.726,1138.741,1.1828,1.3643,121.2124,248.2019,235.5095,2432.54,98014.76,15387.63,14518.72,11651.76,6.9494,155.7
26/01/2026,0.6917,1154.587,1162.984,1.188,1.368,121.3769,248.8643,235.6512,2436.2,96264.37,15464.66,14542.15,11657.98,6.9488,154.18
27/01/2026,0.7011,1184.326,1162.714,1.2041,1.3849,121.0659,248.8099,235.1369,2433.73,97080.37,15527.82,14631.95,11725.69,6.9337,152.21
28/01/2026,0.7041,1198.449,1212.694,1.1954,1.3808,121.4173,248.9262,234.7508,2432.1,97126.19,15526.69,14482.11,11664.39,6.9437,153.41
29/01/2026,0.7049,1236.997,1216.131,1.1971,1.3809,121.3758,249.2134,235.3844,2433.89,97161.32,15506.84,14381.42,11684.3,6.9447,153.11
30/01/2026,0.6964,1232.272,1077.783,1.1851,1.3686,121.4447,248.9747,235.0416,2432.62,97065.3,15441.15,14517.77,11743.78,6.9584,154.78
02/02/2026,0.6948,1178.041,1057.096,1.1791,1.3666,121.4531,248.6828,235.3293,2429.5,95849.92,15525.11,14663.48,11879.35,6.9426,155.63
03/02/2026,0.7021,1198.102,1121.365,1.1819,1.3697,121.3089,248.3527,235.2229,2431.06,99609.78,15394.75,14633.81,11848.37,6.9351,155.75
04/02/2026,0.6998,1235.416,1125.068,1.1807,1.3654,121.3489,248.7031,234.7027,2430.14,98831.95,15316.75,14573.08,11949.17,6.9412,156.86
05/02/2026,0.6927,1203.734,1111.251,1.1777,1.3531,121.5868,248.904,234.3885,2441.65,97966.71,15129.23,14463.8,11842.19,6.9405,157.04
06/02/2026,0.7013,1212.661,1131.885,1.1815,1.3611,121.6683,248.8896,234.8394,2440.65,98759.72,15427.83,14641.25,11911.72,6.9301,157.22
09/02/2026,0.7093,1230.101,1154.865,1.1914,1.3693,121.4468,249.0359,234.7911,2442,102601.09,15501.65,14790.98,11930.65,6.9152,155.88
10/02/2026,0.7075,1224.651,1143.977,1.1895,1.3643,121.7573,249.6422,235.4327,2450.6,104943.13,15451.32,14761.81,11893.45,6.9121,154.39
11/02/2026,0.7127,1236.281,1159.44,1.1872,1.3628,121.7573,249.7781,235.7267,2445.09,,15451,14733.94,12029.3,6.9095,153.26
12/02/2026,0.709,1203.318,1125.422,1.1871,1.3622,122.0387,250.1087,236.5,2456.6,104923.65,15210.3,14674.48,11949.36,6.8981,152.74
13/02/2026,0.7073,1206.676,1147.801,1.1868,1.3651,122.1776,250.5927,237.2991,2462.77,103653.29,15220.13,14620.81,11999.81,6.9012,152.7
16/02/2026,0.7072,,,1.1851,1.3629,122.092,250.6044,237.5488,2462.77,103406.53,,14605.75,12031.2,6.8844,153.47
17/02/2026,0.7086,1203.204,1116.328,1.1855,1.3568,122.858,250.9106,238.0454,2463.67,102969.8,15237.84,14710.73,12125.95,6.8852,153.31
18/02/2026,0.7042,1255.505,1140.014,1.1783,1.3495,122.8365,250.9772,238.1097,2459.76,104020.77,15323.23,14909.86,12275.29,6.8921,154.81
19/02/2026,0.7056,1282.624,1137.375,1.1773,1.3465,122.9448,250.9259,238.1183,2461.04,104610.54,15282.09,14802.98,12239.82,6.9002,155.01
20/02/2026,0.7081,1283.293,1156.493,1.1784,1.348,123.1908,251.1558,238.5426,2459.86,103441.65,15388.64,14979.26,12308.76,6.8978,155.05
23/02/2026,0.7056,1280.26,1189.778,1.1785,1.3492,123.1908,251.5457,239.3285,2466.33,,15229.28,14936.79,12306.28,6.8879,154.65
24/02/2026,0.7058,1270.846,1178.672,1.1772,1.3489,123.3995,251.6458,239.3835,2466.12,104343.42,15346.74,14943.34,12301.5,6.8793,155.87
25/02/2026,0.7123,1272.954,1190.153,1.181,1.3559,123.0412,251.7524,239.1941,2465.02,106640.73,15472.06,15081.9,12446.41,6.8538,156.37
26/02/2026,0.7105,1275.783,1182.985,1.1797,1.3482,122.9679,251.9605,239.9583,2469.94,107005,15389.13,15053.17,12497.11,6.8444,156.13
27/02/2026,0.7118,1312.469,1195.334,1.1812,1.3482,123.3114,252.545,240.9233,2476.84,107181.44,15323.8,14997.96,12570.67,6.8625,156.05
02/03/2026,0.7093,1400.578,1210.202,1.1688,1.3407,123.5942,251.514,239.6753,2465.76,105737.13,15331.18,14627.85,12420.38,6.901,157.39
03/03/2026,0.7036,1466.658,1167.513,1.1613,1.3358,123.1798,249.8306,237.0076,2463.83,102498.59,15186.99,14102.05,12079.37,6.9194,157.74
04/03/2026,0.7075,1466.806,1170.137,1.1634,1.3375,123.1368,250.6237,238.2878,2459.77,98795.05,15305.01,14344.4,12175.59,6.8951,157.06
05/03/2026,0.7008,1539.213,1157.493,1.1609,1.3357,122.8796,249.0484,236.6507,2454.96,100675.53,15219.14,14129.3,12007.8,6.918,157.59
06/03/2026,0.703,1670.564,1175.842,1.1618,1.3413,122.843,248.1714,234.4598,2452.99,101299.82,15019.2,13975.4,11858.85,6.903,157.78
09/03/2026,0.7076,1785.782,1163.671,1.1636,1.3437,122.5363,248.2286,234.9922,2459.49,96032.53,15145.38,13890.63,11818.22,6.8875,157.67
10/03/2026,0.712,1612.265,1195.285,1.1611,1.3418,122.6343,249.2959,236.4416,2452.29,98800.24,15114.7,14261.94,12005.84,6.879,158.05
11/03/2026,0.7152,1691.213,1181.05,1.1567,1.3412,122.7261,247.5499,233.8575,2442.65,100215.32,15102.57,14158.12,11938.42,6.8767,158.95
12/03/2026,0.7077,1819.182,1168.905,1.1512,1.3343,122.4971,246.8828,232.2806,2436.59,99172.81,14873.22,14046.25,11912.59,6.8813,159.35
13/03/2026,0.6981,1854.424,1154.332,1.1417,1.323,122.1199,246.288,231.679,2433.96,98019.32,14785.07,13967.36,11861.73,6.9065,159.73
16/03/2026,0.7072,1797.982,1141.21,1.1505,1.332,121.8776,247.069,232.7986,2442.36,97894.64,14936.37,14022.1,11927.09,6.889,159.07
17/03/2026,0.7105,1862.041,1142.729,1.154,1.3356,121.9103,247.6549,233.8536,2445.4,97802.19,14974.18,14095.97,12026.4,6.883,159
18/03/2026,0.7024,1923.761,1117.32,1.1452,1.3257,122.3437,247.0515,232.9613,2436.85,100606.8,14770.48,14016.81,11912.76,6.9004,159.86
19/03/2026,0.7087,1929.834,1051.203,1.1589,1.3431,122.0834,246.5445,231.752,2438.55,97206.69,14730.74,13716.24,11648.31,6.8782,157.73
20/03/2026,0.7023,1966.681,1044.309,1.1572,1.3341,122.0834,245.0493,229.2608,2420.61,,14508.12,13441.25,11480.28,6.9067,159.23
23/03/2026,0.7011,1797.717,1006.088,1.1613,1.3431,121.7053,245.6215,230.1899,2427.76,93824.61,14675.17,13621.02,11452.3,6.8841,158.44
24/03/2026,0.6996,1874.765,1004.967,1.1608,1.3411,121.8926,245.2474,230.1171,2421.75,95166.52,14620.38,13638.04,11534.48,6.8938,158.7
25/03/2026,0.6947,1822.595,1039.383,1.1559,1.3365,122.0443,246.4934,232.087,2430.71,97893.61,14700.18,13811.71,11698.48,6.9028,159.47
26/03/2026,0.6886,1896.327,999.4814,1.1527,1.333,121.9326,244.7426,229.9176,2418.48,97625.02,14444.36,13607.81,11556.87,6.9203,159.81
27/03/2026,0.6874,1936.729,1025.72,1.1509,1.3259,121.0436,243.7625,229.3302,2418.9,97209.4,14203.24,13460.8,11551.29,6.92,160.31
30/03/2026,0.6853,1967.92,1033.559,1.1465,1.3186,120.8255,245.046,230.2723,2431.83,95136.57,14147.31,13548.77,11737.42,6.9163,159.71
31/03/2026,0.69,1887.275,1061.127,1.1553,1.3227,120.9907,245.7374,230.6212,2433.83,93629.13,14560.75,13621.88,11793.61,6.8892,158.72
01/04/2026,0.6928,1835.069,1091.739,1.1589,1.3305,121.5527,246.3638,232.0246,2432.64,98535.7,14665.68,14020.48,12011.88,6.8774,158.82
02/04/2026,0.691,1951.835,1061.591,1.1539,1.3227,120.9816,246.3397,232.1399,2436.73,96195.31,14683.2,13934.99,12095.58,6.8901,159.6
03/04/2026,0.6895,,,1.1519,1.3202,121.1326,246.3397,232.1399,2431.31,97405.87,,,,6.8859,159.67
06/04/2026,0.6918,1965.971,1063.154,1.1541,1.3235,120.6352,246.3397,232.1399,2433.89,97937.95,14749.31,,,6.8747,159.68
07/04/2026,0.6974,1964.992,1063.262,1.1595,1.3291,120.6829,244.543,230.573,2436.65,97967.07,14760.64,13789.01,11994.17,6.8554,159.62
08/04/2026,0.7044,1772.738,1084.364,1.1663,1.3394,121.1176,247.8816,234.4679,2440.77,103245.67,15130.86,14484.74,12295.61,6.833,158.57
09/04/2026,0.7082,1777.042,1093.735,1.1699,1.3436,120.9311,246.405,232.8103,2440.29,102488.22,15225.18,14442.91,12306.68,6.8281,158.96
10/04/2026,0.7064,1773.491,1086.9,1.1723,1.3462,120.6619,246.1292,232.5692,2437.23,104381.94,15209.38,14517.84,12303.26,6.8258,159.27
13/04/2026,0.7095,1836.696,1082.69,1.1759,1.3506,120.3326,245.314,231.727,2441.5,103609.57,15364.11,14466.19,12282.86,6.8197,159.45
14/04/2026,0.7126,1776.948,1101.581,1.1796,1.3567,120.8276,246.4128,233.0101,2447.11,106130.22,15545.55,14660.93,12313.16,6.8108,158.79
15/04/2026,0.717,1784.792,1095.673,1.1799,1.3561,120.9958,246.3358,232.9657,2443.46,106601.21,15670.77,14552.71,12255.73,6.8181,159
16/04/2026,0.7161,1839.218,1092.309,1.1781,1.3527,121.0014,246.5408,231.9236,2439.61,109139.24,15711.8,14541.67,12296.19,6.8229,159.17
17/04/2026,0.7174,1700.632,1108.616,1.1765,1.3516,120.9353,247.9193,233.5885,2449.05,107227.71,15901.03,14853.12,12386.34,6.816,158.64
20/04/2026,0.7178,1778.208,1097.411,1.1788,1.3535,121.1936,247.4217,232.0651,2448.46,107867.66,15863.68,14676.64,12318.35,6.8158,158.81
21/04/2026,0.7152,1833.642,1072.704,1.1744,1.3508,121.3142,247.1083,231.4866,2440.83,108829.04,15763.02,14560.64,12189.48,6.8286,159.37
22/04/2026,0.716,1891.645,1080.404,1.1705,1.3502,121.1804,247.0896,231.5353,2442.63,109263.06,15928.16,14501.64,12164.37,6.832,159.48
23/04/2026,0.7128,1954.182,1073.921,1.1683,1.3467,120.969,246.9112,230.8308,2439.9,108445.9,15862.55,14473.42,12153.22,6.8356,159.71
24/04/2026,0.7152,1950.052,1077.871,1.1722,1.3532,120.8665,246.9772,230.7762,2443.36,109502.02,15989.69,14448.52,12062.64,6.8346,159.38
27/04/2026,0.7186,2001,1067.465,1.1721,1.3535,120.6247,246.4103,229.9422,2440.13,111007.82,16009.49,14391.92,11995.25,6.8262,159.42
28/04/2026,0.7181,2054.527,1048.173,1.1712,1.3517,120.7013,246.0739,229.5574,2438.59,109871.1,15931.22,14337.26,12008.85,6.8402,159.62
29/04/2026,0.7116,2173.596,1037.611,1.1677,1.3475,120.7013,245.4323,228.6868,2429.5,,15924.9,14296.21,11869.75,6.8474,160.41
30/04/2026,0.7201,2173.027,1053.205,1.1731,1.3604,120.1691,246.5232,229.3596,2432.04,108711.21,16088.56,14469.27,12063.08,6.832,156.59
01/05/2026,0.7202,2129.351,1056.7,1.1721,1.3583,120.3569,246.5232,230.1521,2433.92,109129.66,16136.03,14469.27,12045.77,6.831,157.01
04/05/2026,0.7167,2253.417,1031.718,1.1691,1.3532,120.3569,245.9347,230.1521,2426.94,,16071.44,14187.85,,6.8309,157.24
05/05/2026,0.7183,2163.657,1039.833,1.1693,1.3541,120.3569,246.025,228.5095,2430.44,,16202.38,14464.4,11877.44,6.8276,157.88
06/05/2026,0.7237,1994.516,1068.571,1.1748,1.3593,120.3569,247.6366,230.8623,2439.34,,16438.76,14863.87,12132.63,6.8138,156.39
07/05/2026,0.7209,1970.886,1072.458,1.1726,1.3555,120.5054,247.8762,231.1366,2434.32,115218.89,16376.35,14731.96,11951.77,6.8087,156.93
08/05/2026,0.7246,1995.976,1077.062,1.1787,1.3631,120.5277,247.6933,231.5244,2438.64,114998.5,16516.8,14598.85,11900.74,6.7971,156.68
11/05/2026,0.7249,2052.98,1076.915,1.1783,1.361,120.1911,246.9298,229.9055,2433.02,114456.14,16549.25,14576,11943.02,6.7919,157.19
12/05/2026,0.724,2120.459,1067.434,1.1739,1.354,119.9252,246.0237,228.3439,2426.48,115051.53,16523.29,14360.91,11938.25,6.7908,157.63
13/05/2026,0.7258,2073.495,1072.033,1.1711,1.3523,119.7298,245.9936,228.797,2426.25,116022.55,16620.59,14492.37,12008.05,6.7874,157.86
14/05/2026,0.7221,2065.006,1067.212,1.1669,1.3403,119.3319,246.9209,230.0585,2425.43,114889.21,16748.21,14680.27,12086.66,6.7867,158.37
15/05/2026,0.715,2128.651,1039.192,1.1625,1.3326,118.7952,245.2552,227.215,2411.61,112606.68,16544.28,14415.1,11879.76,6.8139,158.74
18/05/2026,0.7168,2181.28,1038.669,1.1656,1.3434,118.3875,245.2527,227.8239,2411.54,111518.67,16533.11,14489.01,12029.34,6.7993,158.82
19/05/2026,0.7107,2165.368,1028.074,1.1605,1.3395,117.9857,244.8381,228.1634,2404.99,111032.08,16423.78,14494.36,12037.27,6.8169,159.07
20/05/2026,0.7151,2059.663,1033.743,1.1624,1.3435,118.1885,246.3122,230.4369,2416.08,109663.8,16601.42,14803.79,12155.88,6.8022,158.92
21/05/2026,0.715,2038.216,1035.543,1.1619,1.3431,118.4097,246.2761,230.9846,2417.97,113110.68,16631.93,14764.76,12180,6.8001,158.98
22/05/2026,0.7127,2052.009,1031.077,1.1603,1.3433,118.5142,247.3051,232.1717,2415.98,116145.34,16694.89,14911.25,12206.57,6.7983,159.18
25/05/2026,0.7173,,,1.1644,1.3504,119.0509,248.9597,232.1717,2415.98,119481.07,,15202.71,,6.7844,158.91
26/05/2026,0.7169,1990.195,1026.648,1.1631,1.3446,118.9739,248.3872,232.639,2426.75,119183.83,16797.92,15026.27,12235.89,6.7852,159.3
27/05/2026,0.7141,1912.01,1014.64,1.1626,1.3427,119.1903,248.3995,232.8151,2428.43,119189.92,16800.86,15042.1,12251.77,6.779,159.52
28/05/2026,0.7163,1929.623,1026.266,1.1651,1.3445,119.2068,248.7458,233.5086,2432.5,118628.27,16897.64,15003.86,12171.85,6.7731,159.24
29/05/2026,0.7185,1893.484,1040.09,1.1659,1.3456,119.4407,249.3675,233.8826,2434.75,121628.95,16935.35,14997.41,12152.37,6.7635,159.27
01/06/2026,0.7159,1964.813,1020.77,1.1631,1.3454,119.2949,247.8758,232.2191,2432.93,122738.03,16981.1,14958.77,12070.27,6.7653,159.66
02/06/2026,0.718,1987.33,1023.954,1.1631,1.3466,119.941,248.5394,233.0051,2434.02,122371.12,17003.57,15139.45,12110.61,6.7623,159.91
03/06/2026,0.7129,2022.605,1012.051,1.1597,1.3418,119.621,247.5198,231.9649,2429.89,125429.54,16878.49,15004.91,12062.5,6.7803,160.07
04/06/2026,0.7134,1966.899,1020.786,1.1611,1.3424,119.4224,247.6514,232.2191,2432.67,123721.55,16949.85,15128.27,12098.86,6.7769,160.02
05/06/2026,0.7048,1932.016,989.2347,1.1522,1.3342,119.4489,247.3712,232.3318,2423.45,122103.17,16503.96,15025.99,12107.88,6.7907,160.29
08/06/2026,0.7045,1962.16,989.1048,1.1534,1.334,119.0846,246.9134,231.7665,2421.39,117402.42,16553.78,15029.49,12113.9,6.7847,160.16
09/06/2026,0.703,1912.375,971.7508,1.1543,1.338,119.4614,247.0924,232.286,2426.77,119955,16511.71,14998.38,11943.55,6.7786,160.36
10/06/2026,0.6999,1945.966,937.1409,1.1535,1.3368,119.5052,246.7706,232.0408,2424.88,117686.04,16244.65,14899.74,11975.64,6.7822,160.55
11/06/2026,0.7049,1895.957,932.8602,1.1578,1.3417,119.4718,247.5071,232.4455,2437.43,117755.72,16529.44,15016.28,12033.93,6.7635,159.93
12/06/2026,0.7047,1832.532,961.2537,1.1568,1.3406,119.8021,248.0888,233.5881,2434.18,121061.47,16613.3,15340.23,12229.95,6.7636,160.24
15/06/2026,0.7073,1750.529,987.1269,1.159,1.3414,120.2468,248.9215,234.0297,2436.22,127108.05,16891.78,15443.87,12181.96,6.7593,160.34
16/06/2026,0.7068,1674.719,987.8632,1.1608,1.3426,119.8108,249.275,234.2385,2440.91,127267.58,16796.28,15513.25,12256.22,6.7566,160.43
17/06/2026,0.7014,1686.809,994.0882,1.1501,1.3293,120.2137,249.4734,234.9917,2432.6,128180.31,16592.45,15618.98,12273.03,6.7762,160.65
18/06/2026,0.7013,1692.94,963.4451,1.1458,1.3206,120.0145,249.6181,235.4512,2438.53,130291.57,16772.64,15676.51,12151.72,6.7784,161.38
19/06/2026,0.7012,,,1.1471,1.3232,119.736,248.5183,233.7169,2438.53,130652.85,,15604.53,12109.16,6.7838,161.3
22/06/2026,0.7002,1651.25,954.03,1.1429,1.3251,119.6176,249.2044,234.4652,2432.31,132682.01,16711.44,15649.64,12196.29,6.7781,161.57
23/06/2026,0.6917,1636.079,942.0263,1.1382,1.3204,119.6124,249.6857,235.4022,2435.07,127977.66,16471.6,15449.36,12185.78,6.7948,161.55
24/06/2026,0.6901,1573.825,910.2011,1.1358,1.3168,119.6658,250.4119,236.675,2446.7,126862.07,16455.51,15410.06,12224.08,6.8132,161.78
25/06/2026,0.691,1608.711,919.1022,1.137,1.3192,119.9407,250.4239,236.3899,2447.83,132717.9,16454.63,15541.06,12308.1,6.8015,161.79
26/06/2026,0.6896,1547.082,930.2536,1.1384,1.32,120.1511,250.549,235.8187,2450.72,127213.6,16447.29,15427.06,12282.54,6.8049,161.74
29/06/2026,0.6887,1575.464,917.4989,1.1422,1.3258,119.9573,250.4972,236.2141,2451.47,127508.1,16640.64,15452.05,12254.72,6.8006,161.94
30/06/2026,0.6919,1555.159,917.5003,1.1422,1.3262,119.4745,250.3584,235.4649,2441.65,128600.3,16774.07,15696.5,12269.8,6.7918,162.55
01/07/2026,0.6893,1525.899,927.5676,1.1377,1.3275,119.3206,250.0452,235.3866,2436.97,129357.7,16738.56,15583.41,12247.84,6.7947,162.58
02/07/2026,0.6922,1530.958,937.5002,1.1432,1.3346,118.9013,249.788,235.2973,2437.93,126160.6,16739.26,15776.82,12453.22,6.7888,161.11
03/07/2026,0.694,,,1.1437,1.335,118.8649,249.3451,235.0509,2437.93,128016.1,,15906.33,12483.79,6.7853,161.34
06/07/2026,0.6955,1535.629,947.3777,1.1441,1.3392,118.5234,249.2834,235.0074,2440.21,128004.4,16862.18,15877.68,12451.93,6.7942,162.09
07/07/2026,0.6928,1582.072,945.1773,1.1412,1.3359,118.4516,248.5521,234.3331,2430.46,125286.5,16787.18,15683.74,12468.43,6.8035,162.1
08/07/2026,0.693,1664.577,928.2212,1.1417,1.3389,118.1308,246.7798,231.9423,2427.25,122647.2,16739.94,15398.47,12261.69,6.8063,162.59
09/07/2026,0.6941,1630.349,941.5941,1.143,1.3408,118.0714,247.4184,233.0115,2430.34,124344.7,16876.83,15595.42,12248.68,6.796,162.38
10/07/2026,0.6954,1626.182,935.4966,1.1416,1.3404,118.787,247.6944,233.4619,2429.03,125838.6,16949.55,15559.93,12277.75,6.782,161.68
13/07/2026,0.6918,1766.943,911.1553,1.1381,1.3348,118.801,247.1733,232.236,2422.6,123424.9,16815.21,15562.52,12278.91,6.7851,162.43
14/07/2026,0.6975,1776.198,925.6917,1.142,1.339,119.5288,247.2247,232.5467,2427.47,124344,16878.41,15585.29,12315.29,6.774,162.25
15/07/2026,0.7004,1778.976,921.6139,1.1463,1.354,119.6808,246.8514,232.5601,2431.59,126194.3,16944.07,15549.03,12299.53,6.7687,162.19
16/07/2026,0.6996,1771.142,908.116,1.1442,1.3478,119.4048,246.4224,232.1495,2431.12,122677.5,16857.63,15593.78,12365.41,6.7732,162.39
17/07/2026,0.6984,1832.185,914.2858,1.1439,1.3452,119.3172,246.6626,232.5936,2432.69,117731.8,16687.56,15462.89,12398.31,6.7774,162.4
20/07/2026,0.6998,1843.781,913.9312,1.1414,1.3431,119.3172,246.3766,231.226,2427.35,,16655.91,15459.61,12309.87,6.7692,162.5
21/07/2026,0.6999,1864.549,927.7544,1.1398,1.3376,119.2397,246.1113,231.2873,2422.8,121570,16803.51,15604.18,12381.39,6.7689,163.17
22/07/2026,0.6997,1889.224,944.925,1.1412,1.3375,119.183,245.9235,231.163,2418.92,121356,16780.81,15682.04,12534.68,6.7751,163.15
23/07/2026,0.6969,1950.314,922.2402,1.1377,1.3315,118.9556,245.3157,230.0988,2414.54,121919.5,16578.28,15416.85,12446.49,6.7775,163.86
24/07/2026,0.6979,1909.112,927.0246,1.137,1.3325,118.5855,246.0553,231.3569,2417.06,118594.6,16588.01,15592.54,12560.04,6.7718,163.83
27/07/2026,0.6992,1814.312,928.8098,1.1369,1.3289,118.7988,246.9432,232.2824,2422.15,119182,16590.8,15597.22,12613.28,6.7655,163.75
28/07/2026,0.6975,1739.034,920.4159,1.1387,1.3289,118.8303,247.3055,232.767,2428.15,114471.6,16625.9,15615.33,12717.73,6.7711,163.85
29/07/2026,0.6956,1852.631,920.1499,1.1467,1.337,119.0599,246.6121,231.7412,2419.53,112763.2,16373.81,15514.36,12761.46,6.7605,163.41
30/07/2026,0.7027,1819.418,934.5272,1.1528,1.3466,118.7563,246.3265,231.7608,2420.13,113562.9,16645.79,15751.6,12748.43,6.748,159.53
31/07/2026,0.7019,1834.786,922.5826,1.1527,1.3483,118.722,246.096,231.3676,2414.46,118142.8,16763.42,15785.4,12714.25,6.7524,157.4
03/08/2026,0.7,1759.638,919.1575,1.1509,1.3433,118.5315,246.9145,232.9125,2418.53,117032.4,17012.38,15959.04,12702.14,6.7581,157.18
04/08/2026,0.7046,1691.245,933.2049,1.1531,1.3452,118.435,247.5053,233.5635,2426.83,117404.3,17316.94,16108.54,12727.51,6.748,157.75
05/08/2026,0.7058,1689.897,967.5932,1.1553,1.3468,118.7377,247.6961,234.121,2428.51,121705.1,17287.97,16087.06,12737.94,6.7482,157.75
06/08/2026,0.7032,1746.499,966.4325,1.1525,1.3455,119.0018,247.4469,233.4791,2421.9,120572.2,17257.58,16150.6,12744.18,6.7476,158.43
07/08/2026,0.7067,1772.507,989.0302,1.1559,1.3491,118.7853,247.3856,233.5602,2425.89,120431.7,17365.14,16204.89,12783.11,6.7429,157.76
10/08/2026,0.7055,1865.086,993.8245,1.1543,1.3507,118.6615,246.6241,232.5921,2418.8,122934.7,17356.69,16234.11,12737.86,6.746,159.29
11/08/2026,0.7062,1881.126,998.7367,1.1542,1.3507,118.6615,246.9493,233.104,2421.02,,17301.41,16272.84,12716.39,6.7465,159.28
12/08/2026,0.7062,1885.66,1004.775,1.1526,1.3495,118.3602,246.8418,232.8136,2422.05,123952.1,17347.4,16230.04,12703.44,6.7459,159.42
13/08/2026,0.7059,1851.099,994.2826,1.1528,1.3487,118.2069,247.2692,233.0835,2429.03,125392.2,17460.76,16258.56,12672.81,6.7449,159.5
14/08/2026,0.7084,1880.609,998.1839,1.157,1.3538,118.2046,246.2349,231.9973,2423.57,126136.1,17433.3,16243.95,12646.27,6.7446,159.32
17/08/2026,0.7105,1934.616,1006.673,1.158,1.3544,117.8653,245.8982,231.4638,2419.64,127065.8,17344.37,16221.26,12611.2,6.7431,159.46
18/08/2026,0.7088,1943.939,994.827,1.1576,1.3532,117.6851,245.1666,231.0734,2421.93,123835.9,17225.33,16066.57,12620.31,6.7463,159.61
19/08/2026,0.7125,1951.525,1022.991,1.1677,1.3606,118.0481,245.1964,231.6281,2432.17,119918,17263.1,16007.65,12638.32,6.7313,158.17
20/08/2026,0.7114,1999.102,1028.968,1.1678,1.3631,118.4433,245.3846,231.5826,2425.89,121552.4,17115.46,15952.02,12650,6.7253,159.05
21/08/2026,0.7171,2014.519,1053.651,1.1679,1.3644,118.1959,245.1277,231.5266,2421.74,121184.5,17190.77,16051.79,12730.52,6.721,158.95
24/08/2026,0.715,1968.829,1057.844,1.1664,1.3632,118.1812,245.2216,231.6669,2426.13,120288.2,17142.89,16016.4,12774.95,6.7218,159.11
25/08/2026,0.7163,1897.921,1057.208,1.1675,1.3649,118.1135,246.0742,232.7434,2436,120890.9,17198.59,16035.42,12812.43,6.7173,159.19
26/08/2026,0.717,1890.937,1048.037,1.1651,1.3595,118.1736,245.8653,232.4839,2432.9,121635.7,17195.13,16072.94,12802.96,6.7225,159.31
27/08/2026,0.7194,1925.493,1050.553,1.1653,1.3593,118.1133,245.4913,232.2666,2430.92,121396.7,17319.02,15958.64,12705.42,6.7194,159.39
28/08/2026,0.7164,1916.552,1020.453,1.1585,1.3538,117.7953,245.1886,231.7953,2423.44,121964,17276.49,16110.03,12742.76,6.7308,160.09
31/08/2026,0.7167,1969.128,1009.861,1.1618,1.3549,117.7038,244.5743,231.7953,2421.9,121792,17219.94,15947.3,,6.7179,159.74
01/09/2026,0.7145,2059.854,990.7876,1.1593,1.3516,117.3152,244.3069,230.7049,2416.41,121614.6,17099,15820.88,12701.57,6.7221,160.18
02/09/2026,0.7169,2081.391,994.9899,1.1588,1.3486,117.1342,243.5675,230.1213,2418.22,118143.9,17177.94,15803.92,12662.93,6.718,158.71
03/09/2026,0.7201,2079.208,1023.332,1.1626,1.3525,117.5993,244.1613,231.5982,2420.51,117939.7,17360.91,15854.68,12754.66,6.7175,155.81
04/09/2026,0.7203,2095.962,1009.167,1.1614,1.3519,118.234,244.3981,231.9034,2420.05,119420.9,17298.34,15880.37,12754.16,6.708,156.26
07/09/2026,0.7218,,,1.1623,1.3541,118.0226,243.7449,231.3801,2420.05,121953.5,,15907.85,12743.6,6.7092,154.36
08/09/2026,0.7217,2132.514,1001.1,1.1624,1.3541,118.3352,244.1089,231.6156,2419.4,119877.1,17197.82,15930.65,12731.28,6.7068,153.98
09/09/2026,0.7217,2200.991,1006.095,1.1633,1.3547,118.3811,242.8499,230.173,2414.43,119644.7,17115.18,15678.26,12564.53,6.7064,153.56
10/09/2026,0.7167,2311.48,993.4538,1.1619,1.3524,118.1943,,,,119880.1,17044.48,15572.45,12494.88,6.7135,154.31
