obs_date,mars_equities_portfolio,mars_bonds_portfolio,mars_commodities_portfolio,mars_inflation_portfolio
4/3/2006,0.005048743,-0.002237359,0.008779813,0.001575633
4/4/2006,0.003216128,0.000287356,-0.013516104,-0.001200279
4/5/2006,0.003598849,0.001542411,0.0096267,-0.001227447
4/6/2006,0.000494111,-0.002487139,0.006796023,0.00427879
4/7/2006,-0.008364586,-0.002205898,-0.008527588,0.003071318
4/10/2006,0.001477034,2.47E-05,0.015823057,0.000801945
4/11/2006,-0.008846341,0.001037391,0.005100172,-0.000691023
4/12/2006,-0.001062387,-0.001516304,0.001187681,0.001817748
4/13/2006,0.000225771,-0.002645256,0.01054899,0.000272261
4/17/2006,-0.001240799,0.00124993,0.018780561,-0.000720571
4/18/2006,0.012225788,0.001357418,0.022742842,0.001770843
4/19/2006,0.003919563,-0.000278671,0.011108035,0.001352506
4/20/2006,0.001359001,-0.000531903,-0.010381357,-0.000139078
4/21/2006,0.001849545,0.000457762,0.013924143,-0.002546033
4/24/2006,-0.004584742,0.001108658,-0.020302346,0.000888194
4/25/2006,-0.002385818,-0.003254844,-0.002955991,-0.000289243
4/26/2006,0.001093732,-0.001942726,-0.006760485,-0.000686347
4/27/2006,0.002160178,0.000871823,-0.024014192,0.001824417
4/28/2006,-0.00169063,0.002104371,0.004451059,0.001208888
5/1/2006,-0.003915413,-0.001244567,0.016888998,-0.001946721
5/2/2006,0.007431776,-0.00020705,0.00799326,0.003835786
5/3/2006,-0.005090281,-0.001314811,-0.016306333,-0.000412972
5/4/2006,0.003014173,-0.000445378,-0.003813862,-0.001039139
5/5/2006,0.008916176,0.001632666,0.003798807,0.000574489
5/8/2006,0.000374906,-0.001106349,-0.006741847,0.000558013
5/9/2006,0.001255234,-0.000388521,0.011798674,0.001616711
5/10/2006,-0.002151905,-0.00096344,0.019651664,-0.001023126
5/11/2006,-0.009972463,-0.000816315,0.010596034,0.003844848
5/12/2006,-0.014516991,-0.00135143,-0.016967116,0.001820258
5/15/2006,-0.002706026,0.001696608,-0.029034605,-0.007101181
5/16/2006,-0.001923725,0.002673976,0.004072707,0.000370296
5/17/2006,-0.019803833,-0.001172513,-0.009371308,0.004876937
5/18/2006,-0.005086304,0.002802173,-0.002665107,-0.00295248
5/19/2006,0.004934888,0.000908997,-0.015082046,-0.002444356
5/22/2006,-0.011272856,0.002247397,0.012433364,-0.000604537
5/23/2006,-0.001956624,-0.000487207,0.020863309,-1.91E-05
5/24/2006,0.003833993,0.001026246,-0.028589737,0.001083668
5/25/2006,0.009709934,-0.001397625,0.009768324,-0.00026597
5/26/2006,0.009224032,0.000723432,0.007212936,-0.000537412
5/30/2006,-0.017084659,-0.001367163,0.001536162,0.0056991
5/31/2006,0.007055645,-0.001377611,-0.003469895,-0.004156478
6/1/2006,0.008536578,-0.001317041,-0.00418958,-0.001889909
6/2/2006,0.002917366,0.00512704,0.022290088,-0.001401291
6/5/2006,-0.011451849,-0.000294523,-0.0036231,0.000328168
6/6/2006,-0.007136218,-0.000998799,-0.010623473,-0.002819141
6/7/2006,-0.006127688,0.00026453,-0.013218272,-0.002361843
6/8/2006,-0.00826583,0.001754651,-0.006001592,0.001048981
6/9/2006,0.000432716,0.000820978,0.005650945,0.00098508
6/12/2006,-0.010217509,0.000102605,-0.00568569,0.001896931
6/13/2006,-0.015784639,0.002099111,-0.025361416,-0.002877486
6/14/2006,0.00549952,-0.002972803,0.010369784,0.005177598
6/15/2006,0.020330885,-0.002222907,0.021753575,0.001193507
6/16/2006,-0.002618955,-0.001572356,0.001975641,0.000726839
6/19/2006,-0.006012892,-0.001122277,-0.017222333,0.000946596
6/20/2006,0.00224182,-0.001525654,-0.007791479,-0.000854459
6/21/2006,0.006248948,-3.53E-05,0.010326263,-0.000180708
6/22/2006,0.000279681,-0.001936763,-0.000761853,-0.001865556
6/23/2006,-0.000133378,-0.001564223,-0.00570378,0.004255414
6/26/2006,0.002789933,-0.000570781,0.001084059,-0.000825876
6/27/2006,-0.007351508,0.000863506,0.004718426,-0.00251658
6/28/2006,0.003768408,-0.001160655,-0.001960351,0.001480971
6/29/2006,0.018941851,0.001570903,0.013352389,0.001551374
6/30/2006,0.003556921,0.002404171,0.009812894,0.003213943
7/3/2006,0.006087866,-0.001433048,0.002555946,-0.004816292
7/4/2006,0.001173967,0.000375553,-0.000697945,-0.003942685
7/5/2006,-0.007684417,-0.003247307,-0.002296015,0.002512048
7/6/2006,0.002604039,0.001252026,0.004679832,0.001392701
7/7/2006,-0.004400539,0.002726037,-0.011571858,-9.73E-05
7/10/2006,0.00299024,-0.000116284,-0.002421478,-0.000990513
7/11/2006,0.000775712,0.001555189,0.009785158,5.84E-05
7/12/2006,-0.007954185,0.000231661,0.007431265,-0.001105498
7/13/2006,-0.016044478,0.001495487,0.017406755,8.91E-05
7/14/2006,-0.00725445,0.002062875,0.009375567,0.001568927
7/17/2006,-0.002056605,-0.000474268,-0.030768455,0.000744695
7/18/2006,0.00044361,-0.002197253,-0.019062898,-0.000616909
7/19/2006,0.014406155,0.002516249,0.004222466,-0.00111003
7/20/2006,-0.001905047,0.001489878,-0.000281584,0.001191951
7/21/2006,-0.007906404,0.000132853,-0.001496801,-0.000489112
7/24/2006,0.016571848,-0.000514364,0.015350113,-0.005159215
7/25/2006,0.004301941,-0.000982792,-0.008201255,0.004476771
7/26/2006,0.001030531,0.000967197,0.011920927,0.002916903
7/27/2006,0.00291006,0.000319241,0.008933487,8.01E-05
7/28/2006,0.008483698,0.001312795,-0.003311839,-0.002173037
7/31/2006,-0.001929528,0.000342555,0.033181355,0.000467002
8/1/2006,-0.004129222,-0.000108082,-0.007859666,0.000980382
8/2/2006,0.006102435,0.000928525,0.015584652,0.000591575
8/3/2006,0.000217863,-0.000208566,-0.016737203,-0.000603655
8/4/2006,0.000935399,0.002083963,0.000283139,-0.0004909
8/7/2006,-0.005553522,7.33E-05,0.002470947,5.78E-05
8/8/2006,-0.001560028,8.99E-05,-0.000914323,-1.64E-05
8/9/2006,0.000109852,-0.000632272,0.012759501,0.004061158
8/10/2006,-4.20E-05,-0.000927589,-0.019113972,-0.000151155
8/11/2006,-0.001614715,-0.00096077,-0.008643945,-0.002503165
8/14/2006,0.00342492,-0.002036143,-0.017230375,-0.001232105
8/15/2006,0.010154755,0.002739692,-0.001611781,-0.000905575
8/16/2006,0.007967511,0.002926041,-0.00508856,-0.001990662
8/17/2006,0.00205929,0.000275037,-0.018311207,-0.001932943
8/18/2006,0.003137105,0.00096309,0.004865872,-0.000419833
8/21/2006,-0.003323723,0.00142609,0.008041013,0.000356348
8/22/2006,0.001523795,0.000784318,0.01063945,-0.000424486
8/23/2006,-0.003750037,-0.000555507,-0.010960477,0.002393726
8/24/2006,-0.001850397,0.000368628,0.008273204,-0.004371446
8/25/2006,0.001235165,0.002187548,0.004181463,0.00208932
8/28/2006,0.003368935,-1.62E-05,-0.026555378,-0.002210814
8/29/2006,0.001511412,-0.000351797,-0.004464053,-0.001470851
8/30/2006,0.001065143,0.001583869,-0.008031831,-0.002860761
8/31/2006,0.000661576,0.001951835,9.66E-05,0.002563545
9/1/2006,0.00447121,0.000341485,-0.013088605,-3.51E-05
9/4/2006,0.002381146,-0.000563602,-0.004107017,-0.001072575
9/5/2006,0.000733987,-0.001963051,0.006541385,-0.000385359
9/6/2006,-0.009128891,-0.00085651,-0.007308648,0.000181071
9/7/2006,-0.006626176,0.000286527,-0.011969684,-0.001605809
9/8/2006,0.002290427,0.000656215,-0.011337433,-0.002657439
9/11/2006,-0.001746536,-0.000119871,-0.02239397,-0.001675121
9/12/2006,0.0083968,0.000342272,-0.00997312,-0.000821392
9/13/2006,0.003654252,0.000866682,-0.006685273,-0.000399074
9/14/2006,0.00041455,-0.001023661,-0.021375268,0.001899198
9/15/2006,0.001505614,-0.000117181,-0.005593046,-0.000431885
9/18/2006,0.002167366,-0.001148009,0.006840577,0.000117194
9/19/2006,-0.00380587,0.002329866,-0.014708782,-0.004062373
9/20/2006,0.004522956,0.000897026,-0.015880316,-0.007019894
9/21/2006,-0.002178911,0.002570426,0.011398405,0.002959541
9/22/2006,-0.005400737,0.003294648,-0.011382503,-0.000547364
9/25/2006,0.005013605,0.001602205,-0.002092572,-0.001474037
9/26/2006,0.007989757,-0.000413488,0.003024235,0.003925825
9/27/2006,0.004210553,-0.000859071,0.007307585,-0.000580786
9/28/2006,0.000773515,-0.001019338,-0.000886055,0.002959922
9/29/2006,-0.000470785,-0.000941239,0.0061405,-0.002749046
10/2/2006,-0.001800751,-0.000211577,-0.011516739,0.000912943
10/3/2006,-1.93E-05,0.000355495,-0.016600027,-0.001426994
10/4/2006,0.008703751,0.001915813,0.009016987,-0.004452093
10/5/2006,0.004572795,-0.001765691,0.016574227,0.00229565
10/6/2006,-0.001019725,-0.003037121,-0.001112612,0.001159028
10/9/2006,0.000323659,-0.000159018,0.013443852,0.008400298
10/10/2006,0.00235131,-0.002369595,-0.012728002,-0.006957584
10/11/2006,-0.001315993,-0.001767831,-0.005810602,-0.0015403
10/12/2006,0.007425915,0.000160671,0.000184058,-0.000707139
10/13/2006,0.002974481,-0.001532612,0.011450815,0.004714696
10/16/2006,0.002488829,3.76E-05,0.021331878,-0.001815953
10/17/2006,-0.005162341,0.000789299,-0.007235465,-0.002163289
10/18/2006,0.002243292,-9.49E-05,-0.006905529,2.14E-06
10/19/2006,0.000604558,-0.000850408,0.012489686,-0.00167163
10/20/2006,0.001290598,-6.72E-05,-0.006064808,0.000697552
10/23/2006,0.004584619,-0.001898561,-0.007124049,-0.000498862
10/24/2006,0.002019927,0.000250345,0.008912937,0.001219991
10/25/2006,0.002989764,0.001813357,0.023593958,0.003105995
10/26/2006,0.002547273,0.00296696,-0.010088179,-0.000860104
10/27/2006,-0.005505035,0.001894534,-0.000652302,-0.003606661
10/30/2006,-0.00262161,0.000488863,-0.026319258,-0.0008918
10/31/2006,-0.000229909,0.002926926,0.001329055,-0.002818745
11/1/2006,-0.004526175,0.001688285,0.005608128,0.000444338
11/2/2006,-0.001346082,-0.001267797,0.000920076,0.00327333
11/3/2006,-0.000535679,-0.004286631,0.011403601,0.003683124
11/6/2006,0.01054372,-0.000918631,0.001040786,0.000122954
11/7/2006,0.003885303,0.00220213,-0.001878978,-0.003278433
11/8/2006,0.000187749,0.001319452,0.006605506,0.001173383
11/9/2006,-0.003701735,0.000684259,0.015789053,0.000167276
11/10/2006,-0.000959401,0.001567384,-0.020046106,-0.001567142
11/13/2006,0.002050545,-0.000301253,-0.008905763,-0.004295603
11/14/2006,0.005531662,0.00026767,0.002050969,-0.000124349
11/15/2006,0.003358661,-0.00157767,0.008673848,0.001929446
11/16/2006,0.001373106,-0.001496896,-0.020885243,-0.004462596
11/17/2006,-0.001825859,0.001908398,0.00693674,-0.002852623
11/20/2006,-0.001154749,0.001120778,0.000447545,0.000895867
11/21/2006,0.001269859,0.000558739,0.01459232,-0.001146632
11/22/2006,0.001786753,0.000484364,-0.014055921,0.000561041
11/23/2006,-2.35E-06,-0.000222396,0.001460762,0.004729531
11/24/2006,-0.005095308,0.000838872,0.006752659,-0.001998561
11/27/2006,-0.011950551,8.99E-05,0.010897025,-0.000544513
11/28/2006,0.001213031,0.001419222,0.007290954,-0.001927886
11/29/2006,0.010812249,-0.001243555,0.016212668,0.00132426
11/30/2006,2.66E-05,0.002619577,0.009806983,-0.000964141
12/1/2006,-0.003007422,0.00235936,-0.006946727,0.001865194
12/4/2006,0.006040556,-0.000391293,-0.023019494,-0.002345306
12/5/2006,0.005047309,-0.00023277,-0.000698695,-0.000160297
12/6/2006,-0.000430205,-0.001700144,-0.008669154,-0.000842897
12/7/2006,-0.001706193,-0.000924876,-0.002226539,-0.00241063
12/8/2006,3.31E-05,-0.002870914,-0.004765605,0.004683168
12/11/2006,0.004233893,0.001338838,-0.005490373,-0.000917648
12/12/2006,9.24E-05,0.001396663,-0.004045218,-0.002584407
12/13/2006,0.002048813,-0.002497993,0.004618127,0.001545826
12/14/2006,0.007974668,-0.001334754,0.008009509,3.26E-06
12/15/2006,0.000811686,-0.000980375,-0.004074566,-0.004967865
12/18/2006,-0.001706985,-0.000477061,-0.018325239,-0.004926851
12/19/2006,-0.001493588,0.000218319,0.005791569,0.003325365
12/20/2006,0.001109084,0.000503159,-0.003951789,-0.001922852
12/21/2006,-0.00288029,0.001484422,-0.007065862,0.000170253
12/22/2006,-0.005529889,-0.002237447,-0.002211061,0.001552804
12/26/2006,0.004397436,0.000646845,-0.019432952,0.002035077
12/27/2006,0.007502029,-0.003344584,-0.005991524,-0.004240185
12/28/2006,-0.001442154,-0.001730086,0.004196057,0.002726492
12/29/2006,-0.002900326,-0.000579053,0.003566454,-0.0029031
1/2/2007,0.002426392,0.000669944,-0.003345056,0.001635813
1/3/2007,-0.001823071,0.000576665,-0.029696811,-0.000973597
1/4/2007,9.91E-05,0.001108051,-0.020449395,-0.003236774
1/5/2007,-0.008277563,-0.001125505,0.000357446,-0.000481246
1/8/2007,0.00239048,-0.000301312,0.001636118,9.77E-05
1/9/2007,4.26E-05,-0.000306182,-0.003146023,-0.000333721
1/10/2007,-0.000942753,-0.000863155,-0.003453575,0.0004979
1/11/2007,0.006120167,-0.001715856,-0.019548214,0.00293761
1/12/2007,0.006658992,-0.001577304,0.019435039,-0.001934253
1/15/2007,0.002129646,0.000145139,-2.51E-05,0.004480175
1/16/2007,-0.002140987,0.000838604,-0.014196128,-0.002070656
1/17/2007,-0.000461351,-0.000211493,0.001915316,-0.000244136
1/18/2007,-0.002382524,0.000332265,-0.009476575,0.001158315
1/19/2007,0.003114829,0.000126275,0.02793186,-0.000531465
1/22/2007,-0.003021517,0.000821903,0.005957476,0.001965531
1/23/2007,0.002607551,-0.001228026,0.02643134,0.000843335
1/24/2007,0.007753245,-0.000133595,-0.003497268,0.003302611
1/25/2007,-0.009173939,-0.002109213,-0.015022881,0.001100358
1/26/2007,-0.002417391,-0.000530055,0.012742225,-0.00156246
1/29/2007,0.00032326,-0.001130584,-0.019656455,0.004596505
1/30/2007,0.005191331,0.000591569,0.039453303,-0.002232565
1/31/2007,0.002705313,0.001687115,0.011139812,0.001427011
2/1/2007,0.006676073,-0.000564512,-0.009164464,0.002985413
2/2/2007,0.001992857,-7.22E-05,0.00805478,-0.002227236
2/5/2007,-0.000492528,0.001017356,0.001374238,0.000494078
2/6/2007,0.000742983,0.001143634,-0.000842588,-0.004143542
2/7/2007,0.001300957,0.000984091,-0.006820535,-0.003180757
2/8/2007,-0.001660496,0.000468058,0.01714118,0.001407089
2/9/2007,-0.003594176,-0.001428269,0.005298592,0.000695537
2/12/2007,-0.003846567,-0.000849478,-0.027864213,0.001659763
2/13/2007,0.006641774,-0.001153255,0.018197504,-0.001784766
2/14/2007,0.006465924,0.002907841,-0.012102939,-0.000988341
2/15/2007,0.001537446,0.001094152,0.003113306,-0.003518598
2/16/2007,-0.000625613,0.001008369,0.01567775,0.002481336
2/19/2007,0.000900501,-0.000182041,-0.001952911,0.002166689
2/20/2007,0.000768981,0.000468221,-0.005361267,-0.004455964
2/21/2007,-0.001903244,-3.37E-05,0.018019135,0.006633567
2/22/2007,0.000599322,-0.001204443,0.015646061,0.002354384
2/23/2007,-0.001568007,0.001720795,0.00663572,-0.002572893
2/26/2007,0.000593964,0.002220077,0.000744287,0.001647066
2/27/2007,-0.03424502,0.004702706,-0.006547676,-0.001670775
2/28/2007,0.00093062,-0.00100439,-0.004588999,-0.003150029
3/1/2007,-0.004338855,-0.000187674,-0.00274419,0.005465854
3/2/2007,-0.011276906,0.001421831,-0.007825413,0.001252616
3/5/2007,-0.011749116,0.000797032,-0.013814706,-0.003090639
3/6/2007,0.015214691,-0.000674226,0.010640015,0.000679962
3/7/2007,6.01E-05,0.001095849,0.010890386,-0.001242216
3/8/2007,0.009540559,-0.000196338,6.43E-05,-0.001571747
3/9/2007,0.000917759,-0.002872719,-0.014296357,0.001882795
3/12/2007,0.001595879,0.001147732,-0.007719809,-0.003448564
3/13/2007,-0.016993737,0.00271088,-0.004281794,0.006309484
3/14/2007,-0.002777366,0.000224122,0.002759688,-0.004468668
3/15/2007,0.005466616,-0.001077446,-0.003508612,0.002587875
3/16/2007,-0.002457445,-0.000240333,-0.000788316,0.001687913
3/19/2007,0.012841031,-0.001209499,-0.000551793,3.38E-05
3/20/2007,0.005416272,0.000662969,-0.000856516,0.003303219
3/21/2007,0.011559951,0.001159579,0.006909675,0.003590182
3/22/2007,0.004147025,-0.002256801,0.019332139,-0.000838963
3/23/2007,0.002412834,-0.00185068,0.000347829,-0.002704806
3/26/2007,-0.002201326,0.000226607,0.007078707,5.67E-05
3/27/2007,-0.002457418,-0.00062468,0.003735123,0.002373863
3/28/2007,-0.007583388,-0.000556464,0.010688167,1.58E-05
3/29/2007,0.003735244,-0.000482807,0.012213607,-0.000573445
3/30/2007,-0.000229602,-0.00077681,-0.000127406,-0.001751659
4/2/2007,0.000242217,0.000207859,-0.001365669,-0.001060239
4/3/2007,0.010321996,-0.001199465,-0.010203067,-0.001673299
4/4/2007,0.002855433,0.000247099,0.011186891,-0.000333536
4/5/2007,0.002305499,-0.000786681,0.004080695,0.003220323
4/9/2007,0.001852154,-0.000149208,-0.01102652,0.000237507
4/10/2007,0.001690329,0.000463198,0.013365304,0.003143529
4/11/2007,-0.003855404,0.000119348,9.13E-05,0.000131778
4/12/2007,0.002583804,-0.000637552,0.006199698,0.000693764
4/13/2007,0.003766439,-0.001161981,9.69E-05,-0.000124517
4/16/2007,0.010501347,0.000176082,-0.013974875,-0.001214381
4/17/2007,0.001229006,0.001780583,-0.009759553,-0.001925731
4/18/2007,0.000140802,0.001076003,-0.000170177,0.004011482
4/19/2007,-0.002353631,0.000109644,-0.002891797,-0.006153925
4/20/2007,0.009090782,-0.000424175,0.004694715,-0.000291835
4/23/2007,-0.002123853,0.0009025,0.014218269,0.001716246
4/24/2007,-0.001453836,0.001504129,-0.009147011,-0.000119198
4/25/2007,0.006360873,-0.000470552,0.013643124,0.000987625
4/26/2007,0.002042017,-0.001726502,-0.011626229,0.000429951
4/27/2007,-0.001593687,-1.00E-04,0.0131253,0.001183843
4/30/2007,-0.006190175,0.00297074,-0.003320475,0.001476359
5/1/2007,0.001054957,-0.000203818,-0.004740565,-0.002044674
5/2/2007,0.006141709,-0.00088028,-0.006349598,0.000208219
5/3/2007,0.00414771,-0.001214737,0.005430796,5.82E-05
5/4/2007,0.004890847,0.001433774,-0.000605646,-0.001718748
5/7/2007,0.001302825,-0.000221191,-0.010599111,-0.003429924
5/8/2007,-0.002528965,0.000156509,-0.002131361,0.002111555
5/9/2007,0.0021013,-0.001730047,-0.001711841,-0.000284425
5/10/2007,-0.008364816,0.00047752,0.001450695,-3.38E-05
5/11/2007,0.006429158,-9.50E-05,0.014699484,0.001477221
5/14/2007,-0.001020683,-0.001390965,-0.003117916,-0.001464303
5/15/2007,-0.000193521,-0.001130173,0.005832625,0.00168074
5/16/2007,0.004036179,0.000344787,-0.002009288,-0.004070522
5/17/2007,-0.000370774,-0.00132011,0.01350291,0.000234011
5/18/2007,0.007149748,-0.0017137,-0.003843397,0.001791042
5/21/2007,0.000788912,8.57E-05,0.009011635,0.000744925
5/22/2007,-0.001112465,-0.001104994,-0.014936338,-0.000713998
5/23/2007,0.001485405,-0.001929592,0.001797677,0.001284336
5/24/2007,-0.008821754,-0.000260197,-0.004055119,-0.001002639
5/25/2007,0.00214874,-0.000717367,0.006629835,0.005350967
5/28/2007,0.000841534,-9.38E-05,-0.002758689,-0.001008085
5/29/2007,0.002967191,-0.001340329,-0.015889067,0.000505958
5/30/2007,0.004561948,8.03E-05,0.006638144,0.000106863
5/31/2007,0.002249989,-0.000676304,0.005187518,-0.001011314
6/1/2007,0.005313438,-0.003011799,0.009064457,-0.000667617
6/4/2007,3.64E-05,0.000537735,0.014316184,6.21E-06
6/5/2007,-0.003474004,-0.002328529,-0.004480527,0.001353775
6/6/2007,-0.011678057,0.000871039,-0.002283247,0.000261557
6/7/2007,-0.015119861,-0.004864978,-0.001278015,0.000714692
6/8/2007,0.007219573,-0.001833667,-0.022445165,0.005353899
6/11/2007,0.003277674,-0.000523162,0.011959454,0.002736312
6/12/2007,-0.009254082,-0.003817979,-0.004364177,-0.00330322
6/13/2007,0.010799918,0.000101904,0.007032707,0.003732844
6/14/2007,0.008581668,-0.000323252,0.017195178,-0.000360122
6/15/2007,0.006991543,0.002024026,0.008569841,0.002249524
6/18/2007,-3.20E-05,0.001262047,0.000778296,-0.003769055
6/19/2007,0.000665147,0.001801589,-0.012646441,-0.00070019
6/20/2007,-0.009369773,-0.000931643,-0.005151647,-0.000662401
6/21/2007,0.0024775,-0.001466064,-0.004070049,-0.000424283
6/22/2007,-0.008047146,0.00116604,-0.00552828,0.004106529
6/25/2007,-0.004183365,0.002521563,-0.004353383,0.001161323
6/26/2007,-0.009325934,-0.000426269,-0.012015892,-0.001196278
6/27/2007,0.007791049,0.00179593,0.00515243,0.001297307
6/28/2007,0.001716413,-0.002100556,-0.006057158,-0.002269813
6/29/2007,0.001727509,0.003008824,0.009193075,9.16E-05
7/2/2007,0.006722771,0.00143957,0.00587391,-0.001702583
7/3/2007,0.004344125,-0.001824183,6.89E-05,-0.000158398
7/4/2007,0.000566993,-0.000472791,0.001136394,-0.000598023
7/5/2007,-0.001677544,-0.003980439,0.002371622,2.00E-05
7/6/2007,0.004591942,-0.00225461,0.003015025,0.002254325
7/9/2007,0.001672414,0.000924264,0.000816076,0.000892711
7/10/2007,-0.012320026,0.004565845,0.012665925,-0.000630884
7/11/2007,0.003302269,0.000351137,-0.003763161,-0.000441831
7/12/2007,0.01391048,-0.002110101,0.001383644,-0.001502124
7/13/2007,0.004014133,-0.000497134,0.007285135,0.000839485
7/16/2007,-0.000299336,0.002579164,-0.01905473,-0.00119456
7/17/2007,-0.001578883,-0.001276657,-0.009676026,-0.000933762
7/18/2007,-0.004777257,0.003317055,0.018157732,0.000753764
7/19/2007,0.004841634,-0.000520852,0.010503223,-0.000447274
7/20/2007,-0.008453078,0.003632302,-0.006190732,0.000412114
7/23/2007,0.001862826,0.000365827,-0.021381447,-0.00131747
7/24/2007,-0.015075072,0.000572071,-0.010305301,-0.001060684
7/25/2007,-0.001846529,0.001604612,0.006885028,0.003464639
7/26/2007,-0.023131589,0.005001706,-0.004202503,-0.000278306
7/27/2007,-0.017743971,0.000918041,0.009462382,0.001801323
7/30/2007,0.011583818,-0.000963504,0.006783569,0.000920016
7/31/2007,-0.005145986,0.00064697,0.004955371,0.001261096
8/1/2007,-0.001957028,0.000936754,-0.008343943,-0.002908417
8/2/2007,0.007610392,-0.000620773,-0.004030909,-9.87E-05
8/3/2007,-0.020827735,0.002677812,-0.00614381,-0.002545376
8/6/2007,0.009517905,-0.000338382,-0.018632637,-0.004459186
8/7/2007,0.010050165,-0.000542656,0.003978278,0.000974742
8/8/2007,0.015390781,-0.004649729,0.000613817,0.00122805
8/9/2007,-0.024678876,0.002403623,0.001931547,-0.002616704
8/10/2007,-0.01140665,0.002446985,0.003459946,-0.000990386
8/13/2007,0.006272214,0.00025817,0.001767011,0.000123513
8/14/2007,-0.012554816,0.001936339,0.000929691,0.001751552
8/15/2007,-0.012451854,0.002760343,0.002841845,-0.000656388
8/16/2007,-0.003437984,0.003816832,-0.029658292,-0.001490784
8/17/2007,0.013064358,0.000685995,0.016468625,-0.007812331
8/20/2007,0.004172107,0.000267452,-0.026309726,0.007972045
8/21/2007,0.002003181,0.002220664,-0.010808117,0.002535876
8/22/2007,0.012895226,-0.002120723,-0.001232612,2.13E-05
8/23/2007,0.001891503,-0.000727901,0.009587125,-0.003262311
8/24/2007,0.007972633,-0.000522621,0.006562123,0.000814634
8/27/2007,-0.005555923,0.000782902,-0.002050625,0.007207953
8/28/2007,-0.018808781,0.003316599,0.001361538,-0.009216981
8/29/2007,0.013367758,-0.000451857,0.005366129,-0.003710334
8/30/2007,0.000997869,0.002156606,0.002528138,0.000616555
8/31/2007,0.012089439,-0.002717979,0.000578981,-0.000313909
9/3/2007,0.000127427,-0.000543962,0.000242651,-0.000669782
9/4/2007,0.006737351,0.000144405,0.013555827,0.003389463
9/5/2007,-0.010107212,0.004113921,0.003692329,-0.000474083
9/6/2007,0.0023154,-0.000646328,0.001635798,-0.000101201
9/7/2007,-0.014117265,0.00558503,0.000418127,-0.001822799
9/10/2007,-0.005116485,0.002855324,0.010525601,0.000480821
9/11/2007,0.011966944,-0.00211696,0.008623355,-0.001311123
9/12/2007,0.002537755,-0.000945048,0.02087441,0.003280271
9/13/2007,0.006185555,-0.002705776,-0.005805809,0.001948914
9/14/2007,-4.67E-05,0.000611623,0.003409717,0.001039393
9/17/2007,-0.006348851,-0.000159336,0.01393292,-0.000621996
9/18/2007,0.021933964,0.000109562,0.003519086,-0.00080182
9/19/2007,0.012332944,-0.002720105,0.002567184,0.00271187
9/20/2007,-0.00578134,-0.005440731,0.008648002,0.001782309
9/21/2007,0.001477984,-2.19E-05,0.00057069,-0.000866184
9/24/2007,-0.000731611,9.86E-05,0.003652355,-0.001942637
9/25/2007,-0.001905154,0.000710258,-0.010346015,-0.005428495
9/26/2007,0.00479526,-6.89E-05,0.000769992,0.001688268
9/27/2007,0.006864909,0.000885402,0.014586349,0.000577552
9/28/2007,-0.003243504,0.000931498,-0.008569431,0.001031178
10/1/2007,0.009944043,0.000687373,-0.003916395,-0.000198609
10/2/2007,0.001159716,0.000910027,-0.002473328,-0.000277783
10/3/2007,-0.001599129,-0.000752837,-0.000795508,0.000686101
10/4/2007,0.000279023,0.000527043,0.009025264,-0.001333364
10/5/2007,0.009834243,-0.004174648,-0.003614643,0.002310957
10/8/2007,-0.003822912,-0.000129579,-0.021782573,0.001564448
10/9/2007,0.007622039,-0.000451563,0.008625606,-0.002410368
10/10/2007,-0.000862379,-0.000602695,0.010957408,0.000337236
10/11/2007,-0.000887164,-0.000544536,0.010846614,0.001066255
10/12/2007,0.003365382,-0.000723128,0.0016697,-0.000398961
10/15/2007,-0.007563359,0.000217617,0.019327648,0.000199396
10/16/2007,-0.008554128,0.001279316,0.00260689,-0.000614668
10/17/2007,0.002838838,0.004934984,-0.000280601,-0.00015001
10/18/2007,-0.002757811,0.002119954,0.010319713,-0.001719919
10/19/2007,-0.021639349,0.004422682,-0.010378672,-0.000669502
10/22/2007,-0.000770233,0.000606561,-0.011171381,-0.000953655
10/23/2007,0.007493251,-0.000268381,-0.004642028,-0.000899134
10/24/2007,-0.00300134,0.003143263,0.007731637,-0.001268887
10/25/2007,0.003130168,-0.000783369,0.021765707,0.004146329
10/26/2007,0.011055563,-0.001697365,0.008865403,0.001182249
10/29/2007,0.005052885,0.000430684,0.013966332,-0.001185611
10/30/2007,-0.006518667,-9.18E-05,-0.015120256,-0.000544406
10/31/2007,0.010559642,-0.003510873,0.024785376,0.001512866
11/1/2007,-0.01997947,0.002453254,-0.003081077,-0.000259864
11/2/2007,-0.002603263,0.004103337,0.010846125,0.003455929
11/5/2007,-0.008398893,-0.000986168,-0.013332342,0.001226868
11/6/2007,0.009900839,-0.001028606,0.014902518,0.004206442
11/7/2007,-0.021186711,0.001928795,-0.006224128,0.00028172
11/8/2007,-0.006691262,0.003008009,0.000406263,-6.92E-06
11/9/2007,-0.01374573,0.002219109,0.005521929,-0.002891365
11/12/2007,-0.009282401,-7.57E-05,-0.012129088,0.00171631
11/13/2007,0.020470312,-0.00092267,-0.015179062,0.002098242
11/14/2007,0.002099313,-0.001305056,0.015195352,-0.002383538
11/15/2007,-0.01258074,0.004516457,-0.011224876,-0.003205627
11/16/2007,-0.001878678,0.001007172,0.011543446,0.000221574
11/19/2007,-0.015319018,0.002916684,-0.006800953,0.00063915
11/20/2007,0.007240657,0.000371496,0.013557151,0.002936232
11/21/2007,-0.019614863,0.002085027,-0.003032281,-0.00071203
11/22/2007,0.000766663,0.000354491,-0.001071967,-0.00681675
11/23/2007,0.01461808,-2.75E-05,0.013080342,0.006399572
11/26/2007,-0.01506256,0.004374437,-0.001183531,0.002289055
11/27/2007,0.008494087,-0.00295853,-0.01918458,-0.002479531
11/28/2007,0.025969391,-0.003035427,-0.018569941,-0.004673642
11/29/2007,0.003862747,0.002926079,0.000232281,-0.002346089
11/30/2007,0.009313515,-0.000734456,-0.015321452,0.001150809
12/3/2007,-0.005457007,0.004009023,-0.001229013,-0.001823026
12/4/2007,-0.008722282,0.001219859,-0.001302886,-0.003688237
12/5/2007,0.01602521,-0.000771238,-0.002176166,-0.002068757
12/6/2007,0.010979658,-0.004010872,0.012645199,-0.002622677
12/7/2007,0.001307249,-0.004696486,-0.00434064,0.003656629
12/10/2007,0.006373144,-0.001465172,-0.003329073,0.000168233
12/11/2007,-0.01847105,0.005411782,0.010538857,0.001567644
12/12/2007,0.005312385,-0.002717063,0.029195055,0.001209329
12/13/2007,-0.007505589,-0.002386969,-0.014376465,0.002213383
12/14/2007,-0.00923657,-0.002676896,-0.00439733,0.001837845
12/17/2007,-0.016229171,0.001951984,-0.003549434,-0.000587403
12/18/2007,0.00367588,0.002695409,-0.002755819,-0.00107478
12/19/2007,-0.001417306,0.002383936,0.009128837,0.000106962
12/20/2007,0.004787895,0.001844607,-0.002642971,-0.003582794
12/21/2007,0.015908686,-0.005892286,0.013020106,0.002060483
12/24/2007,0.004766614,-0.001466093,-0.000794748,0.001071277
12/26/2007,0.001799932,-0.001786327,0.012472029,-0.002740078
12/27/2007,-0.009212077,0.002375467,0.004596716,-0.000483667
12/28/2007,-0.003445821,0.004513668,-0.002460098,-0.003281311
12/31/2007,-0.004095433,0.002392121,0.001184062,0.005454892
1/2/2008,-0.010356065,0.005219911,0.030084994,-0.000404364
1/3/2008,-0.000407523,9.65E-05,0.002118203,0.001334497
1/4/2008,-0.02290916,0.004075482,-0.005727783,-0.004401008
1/7/2008,-0.002742745,0.000866947,-0.013337858,0.001164068
1/8/2008,-0.010658906,-0.000364434,0.016136448,-0.001138775
1/9/2008,0.005818416,0.002057883,-0.004476907,-0.005736056
1/10/2008,0.00244755,-0.002300017,-0.009704438,0.000638637
1/11/2008,-0.00883058,0.003105699,-0.000178575,0.001619505
1/14/2008,0.006805779,0.000470969,0.013447143,0.0021726
1/15/2008,-0.022885949,0.002672248,-0.013799532,-0.002257598
1/16/2008,-0.011740579,0.000447957,-0.013085943,-0.002226718
1/17/2008,-0.01917205,0.001914288,-0.002364472,-0.002519399
1/18/2008,-0.009447938,0.000521628,0.002278497,0.000766193
1/21/2008,-0.01582995,0.001128086,-0.0070894,-0.000319258
1/22/2008,-0.009155427,0.004501825,-0.008220759,0.000666244
1/23/2008,0.013724973,0.002135516,-0.020098398,-0.004357152
1/24/2008,0.017428738,-0.008355272,0.023141999,0.006377419
1/25/2008,-0.005296105,0.000303789,0.015618604,0.00174402
1/28/2008,0.006242333,0.00123454,0.007236226,0.000623212
1/29/2008,0.008019684,-0.003412024,0.005900607,0.004123356
1/30/2008,-0.008254366,-0.001867233,0.003545114,0.001904703
1/31/2008,0.016313725,0.003713782,0.00119938,0.000633808
2/1/2008,0.012963298,0.001717884,-0.018263711,0.007575056
2/4/2008,-0.006489895,-0.002020007,0.011257143,-0.008671955
2/5/2008,-0.025487928,0.003279315,-0.009369968,-0.004188322
2/6/2008,-0.009680776,0.000438536,-0.000997842,0.004355728
2/7/2008,0.00205787,-0.003521037,0.009894142,0.000619612
2/8/2008,-0.005247449,0.002392707,0.027111686,0.001994396
2/11/2008,0.002112287,0.000977546,0.01228521,0.000592987
2/12/2008,0.011784731,-0.002695272,-0.007802241,0.003481961
2/13/2008,0.008273473,0.000135917,0.00049844,-0.003417427
2/14/2008,-0.003376085,-0.004315038,0.022348337,-0.001447526
2/15/2008,-0.003043232,0.001316129,-0.002875997,0.002111273
2/18/2008,0.003415464,-0.000513505,0.001987881,6.90E-05
2/19/2008,0.004266566,-0.003741256,0.030666433,0.00438115
2/20/2008,-0.003366132,-0.00100641,0.000571835,0.005014052
2/21/2008,-0.002219209,0.00407124,-0.002237779,-0.002165165
2/22/2008,0.001485763,0.00079405,0.007485022,-0.003013077
2/25/2008,0.014076816,-0.004736314,0.006236492,0.004338077
2/26/2008,0.008990469,0.001643928,0.011798614,0.004033288
2/27/2008,6.85E-05,0.000323731,-0.003864472,-0.00144923
2/28/2008,-0.011247447,0.006353609,0.022482001,0.005199097
2/29/2008,-0.023085412,0.009039171,-0.004798848,-0.004587281
3/3/2008,-0.005496814,0.000429052,0.008193132,0.006910508
3/4/2008,-0.005611919,-0.000776359,-0.020301983,0.001957452
3/5/2008,0.007990337,-0.002746997,0.030515586,0.007565656
3/6/2008,-0.015947492,0.002385539,-0.003257112,-0.008040251
3/7/2008,-0.013779089,0.003947892,-0.0067066,0.014652453
3/10/2008,-0.013015041,0.004311754,0.00892134,0.001661217
3/11/2008,0.029588404,-0.006448584,0.005423664,0.000944077
3/12/2008,-0.003209484,0.004244112,0.006827547,-0.000841756
3/13/2008,-0.002801903,0.000555999,0.008661255,-0.006511334
3/14/2008,-0.014319764,0.006246491,-0.011021032,-0.010519423
3/17/2008,-0.017932681,0.005845391,-0.046692271,-0.011640168
3/18/2008,0.036736222,-0.005492398,0.026617663,0.004196582
3/19/2008,-0.017002805,0.003290708,-0.041854951,-0.00116023
3/20/2008,0.0111365,0.001008779,-0.013516177,-0.007077016
3/24/2008,0.014786875,-0.007013325,0.008981465,0.00804961
3/25/2008,0.010244344,-0.000302373,0.014411054,-0.011567273
3/26/2008,-0.008383959,0.000308551,0.022196814,0.003882176
3/27/2008,-0.001283109,-0.000954504,0.007494164,0.004922197
3/28/2008,-0.005539538,0.001485336,-0.011036619,0.000156303
3/31/2008,0.000557907,0.001387355,-0.017488894,-0.001327317
4/1/2008,0.031633876,-0.007159557,-0.010612343,0.001214348
4/2/2008,0.005715669,-0.001975207,0.021215235,-0.001879439
4/3/2008,0.002104598,-1.62E-05,-0.005324412,-0.001758994
4/4/2008,-0.000113233,0.004187379,0.011516244,-0.003534404
4/7/2008,0.003131004,-0.004305401,0.018862457,0.004982875
4/8/2008,-0.003077646,0.000353957,-0.006663438,-0.001030337
4/9/2008,-0.007629554,0.003030621,0.024644276,-0.003022681
4/10/2008,-0.000483352,-0.001877919,0.000531736,0.00122036
4/11/2008,-0.014419319,0.002209038,-0.006209961,0.001158241
4/14/2008,-0.006272236,-0.000176583,0.008614385,0.000936629
4/15/2008,0.004265079,-0.002879507,0.013770969,0.002097278
4/16/2008,0.023500405,-0.004602928,0.010576023,0.000378273
4/17/2008,0.001173662,-0.002573117,-0.0022279,0.006652533
4/18/2008,0.012009645,-0.002096403,0.005579201,-0.00366248
4/21/2008,0.001385107,0.000490571,-0.004201355,-0.002011062
4/22/2008,-0.005998739,-0.001113126,0.012253335,-0.001875666
4/23/2008,0.000519505,-0.000515388,0.000644066,-0.000589238
4/24/2008,0.003361376,-0.005160809,-0.013062005,0.000633702
4/25/2008,0.009071329,-0.003452124,0.009420776,0.000573333
4/28/2008,0.00147495,0.001353843,0.004207919,-0.001404426
4/29/2008,-0.005169494,0.000702505,-0.023160167,-0.0022838
4/30/2008,-0.001827942,0.002943178,-0.006754483,0.001189502
5/1/2008,0.01291803,0.000491021,-0.018297517,-0.004004276
5/2/2008,0.007775505,-0.005131321,0.023877797,0.003186265
5/5/2008,-0.003722726,0.000382103,0.017944109,0.008220823
5/6/2008,0.005691978,-0.000752128,0.011005519,-0.002404488
5/7/2008,-0.011228499,0.000335669,0.008568997,-0.003723861
5/8/2008,-0.002114406,0.004441574,0.004176202,9.56E-05
5/9/2008,-0.005056941,0.003082463,0.015843071,0.003247378
5/12/2008,0.00946234,-0.00067331,-0.00841078,-0.000245285
5/13/2008,0.001720712,-0.005759328,0.00962838,0.001687103
5/14/2008,0.003409863,-0.004040834,-0.005971173,0.004847987
5/15/2008,0.009845393,0.002947865,-0.00309694,0.000231261
5/16/2008,0.002177398,-0.000478534,0.007642574,0.00234345
5/19/2008,0.004377915,0.001076439,-0.00613227,0.000277818
5/20/2008,-0.009772204,0.00325831,0.016229411,0.001318159
5/21/2008,-0.015062364,-0.001489793,0.020419945,0.003156975
5/22/2008,0.000462159,-0.005347345,-0.0121216,-0.000557813
5/23/2008,-0.012847374,0.001939514,0.008975201,-0.001918283
5/26/2008,-0.002175606,0.000129434,0.000633684,0.001394058
5/27/2008,0.005535955,-0.003331751,-0.014676346,0.000355545
5/28/2008,0.004201181,-0.003170162,0.0064913,-0.002458146
5/29/2008,0.005424922,-0.003739203,-0.029567707,0.003944721
5/30/2008,0.002980211,0.002065042,0.009321048,0.001675742
6/2/2008,-0.008230203,0.003494485,0.008772566,-0.005383611
6/3/2008,-0.004254001,0.005272139,-0.011400314,-0.001306633
6/4/2008,-0.001738333,-0.001526252,-0.007164727,-0.006393861
6/5/2008,0.014278744,-0.002919623,0.024481046,0.005524605
6/6/2008,-0.02493832,0.002186174,0.04124563,0.001498798
6/9/2008,-6.70E-05,-0.002868177,-0.013260746,0.003497263
6/10/2008,-0.007464725,-0.006445032,-0.008579257,0.003351674
6/11/2008,-0.012608467,0.00034675,0.027021074,0.002041668
6/12/2008,0.001783993,-0.004520752,0.002827826,-0.001577534
6/13/2008,0.009780406,-0.003663647,-0.003274778,0.001006663
6/16/2008,0.001656464,0.001404055,0.006784045,0.002083153
6/17/2008,-0.001119337,0.003218863,0.00084669,-0.003497448
6/18/2008,-0.009842212,0.003831313,0.011387259,0.000542351
6/19/2008,-0.002168415,-0.003611622,-0.020198794,-0.002043358
6/20/2008,-0.015879194,0.003759272,0.012427045,-0.001736543
6/23/2008,-0.000780959,9.65E-05,0.003410985,-0.001796865
6/24/2008,-0.002857398,0.00333814,-0.003588663,0.001816321
6/25/2008,0.005206658,-1.24E-05,-0.008583267,0.000255355
6/26/2008,-0.024593342,0.005233505,0.029871563,0.003348263
6/27/2008,-0.005275437,0.00134799,0.001646955,0.003146331
6/30/2008,0.001761067,-9.59E-05,-0.002881763,-6.66E-05
7/1/2008,-0.001327898,-0.00157088,0.008458489,-0.001805093
7/2/2008,-0.01549682,0.001321968,0.011144372,0.001099845
7/3/2008,0.001923875,0.001701278,0.004487464,0.001720855
7/4/2008,-0.002316216,0.001255529,-0.00336915,0.001721133
7/7/2008,-0.004522316,0.0017196,-0.024433303,-0.007353544
7/8/2008,0.007822925,0.003363557,-0.029620278,-0.000920603
7/9/2008,-0.010511635,0.001541471,0.001108344,0.001079044
7/10/2008,-0.000551641,0.001495828,0.025573167,-0.000451218
7/11/2008,-0.012439589,-0.005756095,0.007703531,0.001667205
7/14/2008,-0.005166999,0.002650118,-0.005377142,0.003788552
7/15/2008,-0.016593345,0.00290036,-0.0296362,-0.002238515
7/16/2008,0.018019775,-0.002583712,-0.01237541,0.000599063
7/17/2008,0.012880455,-0.004543548,-0.031075077,0.000857849
7/18/2008,0.006514398,-0.002087191,-0.010340559,-0.000891072
7/21/2008,0.002884233,0.000223782,0.003194504,-0.002885706
7/22/2008,0.008256844,-0.002542554,-0.01885787,-0.000593483
7/23/2008,0.009022285,-0.002643495,-0.021198341,-0.002778983
7/24/2008,-0.017383011,0.005374556,-0.007296398,-0.004656205
7/25/2008,-0.00178738,-0.001916431,-0.008820397,0.00122756
7/28/2008,-0.012611025,0.0041014,0.007362447,0.000479427
7/29/2008,0.0138428,0.000230398,-0.011706088,-0.004794862
7/30/2008,0.018185139,0.000695291,0.017755675,4.76E-05
7/31/2008,-0.009619363,0.003789581,-0.009885706,-0.001609079
8/1/2008,-0.008243493,0.001460521,0.00154093,-0.001515528
8/4/2008,-0.008561783,2.45E-05,-0.03579844,0.001424825
8/5/2008,0.022788213,-0.000847023,-0.012779069,-0.001618684
8/6/2008,0.006673276,-0.000233247,-0.006492349,-0.002172587
8/7/2008,-0.011564738,0.005399816,0.004830358,-0.002830245
8/8/2008,0.013577629,-0.000141935,-0.034594283,0.003408565
8/11/2008,0.010161031,-0.002078831,-0.001484848,-0.003128207
8/12/2008,-0.008450919,0.0042319,-0.007019166,-0.001053843
8/13/2008,-0.00862142,-0.001062806,0.025460972,0.00095585
8/14/2008,0.005230711,0.001782789,-0.011361407,0.00082828
8/15/2008,0.002770366,0.00135844,-0.016152252,-0.002113572
8/18/2008,-0.008388927,0.001628433,0.001888938,0.00011508
8/19/2008,-0.014327856,-0.000421942,0.0109425,0.000650791
8/20/2008,0.005036582,0.001535815,0.008992793,0.001023643
8/21/2008,-0.001285486,-0.001217592,0.03945258,0.003342255
8/22/2008,0.012352506,-0.002175791,-0.036030872,-0.002600074
8/25/2008,-0.01385665,0.004427034,-0.000428434,-0.003519908
8/26/2008,0.003068037,0.001164608,0.011866488,-0.000512693
8/27/2008,0.006651765,0.000127821,0.010372219,0.001599171
8/28/2008,0.012080081,-8.82E-05,-0.023771588,-0.000163616
8/29/2008,-0.005603905,-0.000639237,-0.004733075,-0.001120111
9/1/2008,-0.001684379,-0.000870702,-0.010647702,-0.001855997
9/2/2008,-0.003214005,0.003600788,-0.031744522,-0.010132182
9/3/2008,-0.004048566,0.0021676,-0.004725121,-0.006198367
9/4/2008,-0.027806377,0.000469981,-0.006023407,-0.003554267
9/5/2008,-0.004538126,0.001325097,-0.015576598,0.001248464
9/8/2008,0.024023811,-0.003587493,0.000971893,0.005172384
9/9/2008,-0.026341891,0.003295885,-0.018135393,0.001341533
9/10/2008,0.002294429,-0.002507409,-0.011959954,-0.006576232
9/11/2008,0.007488801,0.000395944,-0.007713542,-0.000775882
9/12/2008,0.007843664,-0.004267105,0.011873784,0.002333421
9/15/2008,-0.042745262,0.010075535,-0.026755133,-0.01535937
9/16/2008,0.002707954,0.002491718,-0.033825118,-0.00633859
9/17/2008,-0.034714267,0.002442164,0.043298407,-0.008884319
9/18/2008,0.021844153,-0.000991222,-0.005758012,-0.005043233
9/19/2008,0.044750177,-0.015924066,0.024767897,0.034808455
9/22/2008,-0.018960004,-0.002949435,0.042087959,0.004625066
9/23/2008,-0.019089494,-0.001093619,-0.011698292,-0.002367304
9/24/2008,0.002755854,0.00245637,-0.005748989,-0.009338833
9/25/2008,0.015615754,-0.003751349,0.007338827,0.00985044
9/26/2008,-0.004508869,0.002335957,-0.01507145,-0.012005865
9/29/2008,-0.068087427,0.009194708,-0.062283772,-0.006598116
9/30/2008,0.031986059,-0.008219809,0.013580123,7.70E-05
10/1/2008,0.001874165,0.001478106,-0.004596544,-0.010575715
10/2/2008,-0.033087758,0.002812324,-0.043539071,0.004679928
10/3/2008,-0.006866901,0.002841482,-0.006434166,0.001912176
10/6/2008,-0.054416633,0.011759782,-0.058233822,-0.013879579
10/7/2008,-0.033443741,-0.00416386,0.006612608,-0.01056447
10/8/2008,-0.036617002,-0.007670156,-0.004283223,-0.010042793
10/9/2008,-0.052300217,-0.008653348,-0.002286545,0.028932436
10/10/2008,-0.043482336,-0.003011875,-0.069648636,-0.036500457
10/13/2008,0.117337839,-0.00732488,0.032410838,0.000925647
10/14/2008,0.014569138,-0.002794629,-0.014516024,0.006624542
10/15/2008,-0.084146386,-0.000843046,-0.043644687,0.018094502
10/16/2008,0.008152868,0.002141794,-0.032599905,-0.012674979
10/17/2008,0.006562705,-0.001669427,0.020333254,0.00348913
10/20/2008,0.05589867,0.005042196,0.013038995,0.002977069
10/21/2008,-0.022444166,0.006705717,-0.01556269,-0.028376952
10/22/2008,-0.056629327,0.006250996,-0.04992247,0.020165197
10/23/2008,0.007183054,0.003409672,-0.002938299,-0.003929041
10/24/2008,-0.054540025,-0.00142041,-0.034921784,-0.013415949
10/27/2008,-0.036831967,0.000486954,0.003406722,0.000213314
10/28/2008,0.099112867,-0.00501102,-0.001368733,0.006785296
10/29/2008,0.010212586,-0.000479552,0.066044094,0.01823693
10/30/2008,0.037070456,-0.001953271,-0.032792404,0.004810417
10/31/2008,0.004518779,-0.003180564,0.016250506,-0.013153909
11/3/2008,0.00506945,0.003243425,-0.019047922,0.012725755
11/4/2008,0.038915599,0.005804482,0.063614795,0.017218945
11/5/2008,-0.031562492,0.000850394,-0.040180582,0.00481856
11/6/2008,-0.056744054,0.002144665,-0.045100253,0.002315371
11/7/2008,0.027711431,-0.001860771,-0.003438345,-0.002454996
11/10/2008,-0.005288729,0.001704888,0.024917909,-0.00320093
11/11/2008,-0.033528335,0.0034787,-0.04273023,0.001589644
11/12/2008,-0.038024107,0.003578174,-0.032382937,-0.003053589
11/13/2008,0.041635623,-0.000862563,0.01169387,-0.011847287
11/14/2008,-0.032162639,0.002772359,-0.006789919,0.004586692
11/17/2008,-0.014953656,0.002618637,-0.014324959,-0.003748599
11/18/2008,0.01159228,0.004451101,-0.008341524,-0.007929456
11/19/2008,-0.0521484,0.004267172,-0.004629111,-0.018878087
11/20/2008,-0.069256669,0.008207575,-0.049956158,-0.026934682
11/21/2008,0.039820207,-0.000850029,0.007505483,-0.027396568
11/24/2008,0.06716478,-0.004901289,0.062354597,0.003173487
11/25/2008,0.008978807,0.009227011,-0.036756345,-0.000673154
11/26/2008,0.026638576,0.005867517,0.042103951,-0.001039824
11/27/2008,0.006726522,-0.000114498,-0.004445518,0.002169891
11/28/2008,0.012228477,0.002761788,-0.010975088,0.003308714
12/1/2008,-0.075594183,0.007764068,-0.048575239,0.001072824
12/2/2008,0.026864218,0.002810365,-0.026811305,0.011596121
12/3/2008,0.018309947,0.002968709,-0.009593995,0.004508926
12/4/2008,-0.018690583,0.003310218,-0.041945484,0.014166546
12/5/2008,0.013467841,-0.005202378,-0.046590647,-0.011526507
12/8/2008,0.045505449,-0.002032647,0.04366387,-0.024055005
12/9/2008,-0.009008827,0.001814754,-0.01565285,-0.002249422
12/10/2008,0.008129192,-0.003455882,0.020476234,0.005237592
12/11/2008,-0.017555856,0.005144022,0.047327298,-0.003483192
12/12/2008,0.001137463,0.002175185,-0.016871042,0.003852755
12/15/2008,-0.007984667,0.002009355,-0.005073694,-0.008250974
12/16/2008,0.03423237,0.008390835,0.000969714,0.002693214
12/17/2008,-0.006402554,0.006022702,-0.011062611,0.021687993
12/18/2008,-0.008284054,0.001932409,-0.025504185,0.011556444
12/19/2008,-0.010145424,-0.00351023,-0.004504435,-0.012421191
12/22/2008,-0.011152038,0.000208077,-0.020151586,-0.000766608
12/23/2008,-0.009985302,0.000900575,0.00109558,4.57E-05
12/24/2008,0.002762969,-0.001269433,-0.029587842,-0.002469612
12/29/2008,0.004567874,0.002122924,0.026117912,0.001568244
12/30/2008,0.019056213,-0.00100698,-0.004356759,0.000694093
12/31/2008,0.010391061,-0.005641802,0.058241421,-0.009881977
1/2/2009,0.026109506,-0.00592286,0.030778263,0.009500928
1/5/2009,0.005937832,-0.00215411,0.028718968,-0.001406145
1/6/2009,0.005158204,-0.001507179,0.019787751,-0.004084262
1/7/2009,-0.02149609,0.000337222,-0.049490628,0.009860034
1/8/2009,-0.002520169,0.003348146,-0.021674475,-0.008319305
1/9/2009,-0.01866377,0.002395889,0.003251261,0.011342377
1/12/2009,-0.017861926,0.003397349,-0.035937522,-0.011758589
1/13/2009,-0.005738,0.000639029,0.007720184,-1.45E-05
1/14/2009,-0.031328267,0.003920501,-0.01451181,-0.015237233
1/15/2009,-0.00610973,0.0010307,-0.002921154,0.003485511
1/16/2009,0.011831206,-0.003597441,0.001263342,0.000313983
1/19/2009,-0.002024917,-0.001297074,-0.009516244,-0.004940742
1/20/2009,-0.04239732,-0.000754063,-0.023299568,0.003147355
1/21/2009,0.025567449,-0.005944117,0.015884586,-0.004369448
1/22/2009,-0.010086648,-0.003323274,-0.008131133,0.007745673
1/23/2009,-0.005427886,-0.001962799,0.027003098,0.004634407
1/26/2009,0.011346346,-0.00179361,0.004027867,0.008286171
1/27/2009,0.011634043,0.003380617,-0.040376487,-0.000284457
1/28/2009,0.034077142,-0.003179071,0.0127093,0.001245926
1/29/2009,-0.026465121,-0.004423194,0.001882342,0.003803689
1/30/2009,-0.020705437,-0.001092075,-0.001452828,0.010982531
2/2/2009,-0.005434144,0.004614741,-0.01853857,0.007259412
2/3/2009,0.011062196,-0.005693341,0.001163423,0.002534163
2/4/2009,0.00427252,-0.002801511,0.007553449,0.005676486
2/5/2009,0.008048004,0.001702272,0.019652485,-0.005456571
2/6/2009,0.028259703,-0.002482403,0.010966093,0.004221513
2/9/2009,-0.001728641,-0.001034258,0.002473656,0.016213403
2/10/2009,-0.034880442,0.006826221,-0.028009193,-0.004086181
2/11/2009,0.002828917,0.004254917,-0.010267967,-0.008748237
2/12/2009,-0.000945256,0.004612003,-0.004819393,-0.006799345
2/13/2009,-0.012107138,-0.006226841,-0.010823597,0.005060781
2/16/2009,-0.002895288,-0.000106254,-0.009069946,0.005073328
2/17/2009,-0.036882642,0.008510584,-0.049353915,-0.010765568
2/18/2009,-0.007437439,-0.002354045,-0.01732719,-0.003975867
2/19/2009,0.001192953,-0.005756281,0.023308429,0.002324923
2/20/2009,-0.018925761,0.003814468,-0.011734636,0.000316041
2/23/2009,-0.02521256,-0.000450406,-0.005051203,-0.002996753
2/24/2009,0.019978957,-0.000957394,0.019233623,-0.003905931
2/25/2009,-0.005070506,-0.006366725,0.017924907,0.000386492
2/26/2009,-0.004296642,0.000545544,0.027334279,-0.000490427
2/27/2009,-0.018599112,-0.000362484,-0.003715014,0.002134105
3/2/2009,-0.040927188,0.005902738,-0.05010725,0.000466858
3/3/2009,-0.020079103,-0.001247921,0.019100977,0.000365287
3/4/2009,0.027593874,-0.004188071,0.039669566,0.00215221
3/5/2009,-0.028190954,0.007686422,-0.029327563,-0.00531768
3/6/2009,-0.003147127,0.002337905,0.009851774,-0.000622542
3/9/2009,-0.013371617,-0.001450194,-0.005779642,-0.000536783
3/10/2009,0.052504042,-0.003943264,-0.002079109,0.002205492
3/11/2009,0.009665444,0.002075072,-0.030441107,0.001938809
3/12/2009,0.030448441,0.003033468,0.046548466,0.00724832
3/13/2009,0.012198353,7.53E-05,-0.002320224,0.004121648
3/16/2009,0.006569601,-0.002269636,0.009224281,0.006161387
3/17/2009,0.021282171,-0.003503504,0.01735429,0.00254228
3/18/2009,0.014050507,0.018286487,-0.015985765,0.002598094
3/19/2009,-0.008311364,-0.000618851,0.063496143,0.020933985
3/20/2009,-0.014795153,0.000356746,0.007073706,-0.00957085
3/23/2009,0.059330327,-0.002366999,0.023718035,-0.001173465
3/24/2009,-0.010327595,-0.001911725,-0.000476257,0.009148344
3/25/2009,0.005468671,-0.004745305,-0.014453562,0.005534115
3/26/2009,0.020095864,0.001102165,-0.000587702,0.00749728
3/27/2009,-0.013144498,-0.001489708,-0.030438077,-0.008309563
3/30/2009,-0.039128553,0.003032546,-0.034690951,-0.007142078
3/31/2009,0.015451,0.001445266,0.018480138,-0.005457482
4/1/2009,0.017943692,0.001018887,-0.014498713,-0.002343318
4/2/2009,0.035935144,-0.005864566,0.048700961,0.001515613
4/3/2009,0.002403772,-0.0069286,0.008932347,0.002251894
4/6/2009,-0.008665264,-0.001589105,-0.014924377,0.001720957
4/7/2009,-0.016174668,0.001583805,-0.014910765,-0.008764445
4/8/2009,0.005885895,0.002576201,0.006876966,-0.00223096
4/9/2009,0.032527749,-0.002267349,0.016970365,0.003122335
4/14/2009,-0.008753633,0.002238945,0.006224975,-0.002734632
4/15/2009,0.004829911,0.001553526,-0.001946461,-0.003944588
4/16/2009,0.014844005,-0.002641935,0.000190281,-0.005148993
4/17/2009,0.00820841,-0.004547065,0.007380145,-0.000954551
4/20/2009,-0.03416768,0.004134155,-0.04639521,-0.005882089
4/21/2009,0.011200844,-0.001844206,0.000794683,-0.011325234
4/22/2009,-0.006289008,-0.003040599,0.001675478,0.008408952
4/23/2009,0.010530789,0.000127897,-0.003358008,0.000450315
4/24/2009,0.019011646,-0.00205347,0.012037236,0.006859413
4/27/2009,-0.007870654,0.002542307,-0.022781305,-0.001700507
4/28/2009,-0.009717983,-0.001396007,-0.003681728,0.001575572
4/29/2009,0.018918848,-0.002344166,0.017213448,-0.004743143
4/30/2009,0.00624049,-0.001770598,0.00309155,-0.007419805
5/1/2009,0.006426424,-0.000286063,0.036334315,-0.007279478
5/4/2009,0.026938528,0.000395884,0.021423083,-0.000983648
5/5/2009,0.001633444,0.000324658,-0.007121703,0.001537321
5/6/2009,0.014277109,0.000109026,0.032755642,0.001730282
5/7/2009,-0.006272073,-0.004822634,0.013028936,0.010099809
5/8/2009,0.018344585,-0.000994968,0.020835618,-0.002142929
5/11/2009,-0.014696409,0.004257992,-0.00424793,-0.001676039
5/12/2009,-0.003248847,2.51E-05,0.00987103,0.000589104
5/13/2009,-0.021655797,0.00247731,-0.011339718,-0.006021154
5/14/2009,0.001972948,0.00084605,0.002558758,0.000518716
5/15/2009,-0.003374589,-0.001010742,-0.028197989,0.001548281
5/18/2009,0.021515153,-0.001953338,0.022413205,0.004088217
5/19/2009,0.005684806,-0.001554026,-0.003260619,0.001889951
5/20/2009,-0.002845672,0.000701569,0.016832247,0.00454055
5/21/2009,-0.013866715,-0.004801675,-0.022075702,0.00291785
5/22/2009,-0.003353271,-0.004019406,0.00598629,0.003122324
5/25/2009,0.001440336,-0.00060868,-0.001327156,-0.002353792
5/26/2009,0.020793723,-0.001666289,0.007549753,0.006035494
5/27/2009,-0.010720199,-0.006773888,0.005793296,0.004366137
5/28/2009,0.008379025,-0.000491077,0.026988859,0.003037527
5/29/2009,0.010959157,0.005308389,0.009997924,0.001278925
6/1/2009,0.023149886,-0.007304103,0.042069335,0.004252996
6/2/2009,0.003545563,0.000107675,-0.004340984,0.005707476
6/3/2009,-0.011655012,0.003562985,-0.03637271,0.001151171
6/4/2009,0.00667895,-0.004580139,0.027852219,-0.001837875
6/5/2009,0.002034785,-0.007954379,-0.004542027,0.00922803
6/8/2009,-0.003244761,-0.000963176,-0.010496195,-0.000342756
6/9/2009,6.39E-05,0.00233002,0.016875854,0.005703805
6/10/2009,0.004803401,-0.002545591,0.003900719,0.008386108
6/11/2009,0.003539032,0.002374132,0.025282429,-0.005447877
6/12/2009,0.001862461,0.002740776,-0.014270811,-0.006994462
6/15/2009,-0.022194466,0.003178049,-0.009624662,-0.004928127
6/16/2009,-0.011555571,0.001777042,-0.000938898,-0.007300325
6/17/2009,-0.005900476,0.001987172,0.007908717,-0.003301442
6/18/2009,0.007044837,-0.006212676,-0.004360616,0.009427363
6/19/2009,0.004531766,0.00179136,-0.016143842,0.00416777
6/22/2009,-0.026283661,0.004327274,-0.030880207,-0.008080043
6/23/2009,-0.001727084,0.002373197,0.012011081,0.003825001
6/24/2009,0.011435943,-0.000725691,-0.002365789,-0.004147273
6/25/2009,0.015827192,0.004363074,0.013915551,0.000825178
6/26/2009,-0.001132238,0.001254336,-0.005174599,-0.009551194
6/29/2009,0.008200018,0.001000573,0.007970131,0.001978518
6/30/2009,-0.005846774,-0.000722732,-0.020959036,0.008593591
7/1/2009,0.006136372,-0.000273418,0.001491939,-0.001648497
7/2/2009,-0.025344468,0.003010403,-0.027731711,-0.010053191
7/3/2009,-0.0006999,0.000354659,-0.004547257,0.000337121
7/6/2009,-0.001791781,0.000843321,-0.02559981,-0.005606552
7/7/2009,-0.015056854,0.001377953,-0.017982392,-0.001153541
7/8/2009,-0.008888028,0.006944809,-0.028285862,-0.002593385
7/9/2009,0.005294337,-0.004099743,0.010535909,-0.001864102
7/10/2009,-0.005923508,0.004107627,-0.007909041,-0.00312931
7/13/2009,0.01898656,-0.001224417,-0.004139881,0.000539843
7/14/2009,0.009404121,-0.003627288,0.01392729,0.008302543
7/15/2009,0.026220805,-0.005218819,0.013671951,0.009378323
7/16/2009,0.009193277,0.001532243,0.019330088,0.000428178
7/17/2009,0.003148189,-0.003047913,0.01767093,0.0089225
7/20/2009,0.011869991,0.002353233,0.01109079,0.003742774
7/21/2009,0.006423187,0.003129115,-0.000753145,-0.009590604
7/22/2009,-0.002510169,-0.002787239,0.004937491,-0.000510056
7/23/2009,0.019422564,-0.006001544,0.010881459,0.005761008
7/24/2009,0.007677587,0.001583325,0.00755271,-0.004769908
7/27/2009,0.00342926,-0.001512176,0.000571305,0.001215353
7/28/2009,-0.004827531,0.000452548,-0.011848121,-0.004582117
7/29/2009,0.000565455,-5.95E-05,-0.031954733,-0.00089624
7/30/2009,0.010634766,0.000687694,0.044355771,0.006220008
7/31/2009,0.002648296,0.005727582,0.014715685,-0.003286312
8/3/2009,0.013963841,-0.005599962,0.042621721,0.002210637
8/4/2009,0.003395844,-0.000863767,0.001502193,0.003688603
8/5/2009,-0.005127864,-0.002182297,0.010566281,0.000588919
8/6/2009,-0.002089256,0.001175982,-0.021566557,0.001084824
8/7/2009,0.009889752,-0.004263583,-0.008236991,0.00753575
8/10/2009,0.000893625,0.002547784,-0.003051376,0.000400997
8/11/2009,-0.012415396,0.001971369,-0.011132908,-0.005294359
8/12/2009,0.007274667,0.001171575,0.004755752,-0.006317171
8/13/2009,0.010922393,0.003550004,-0.000663384,-0.006032149
8/14/2009,-0.006429593,0.002900428,-0.026326257,-0.010682067
8/17/2009,-0.026157563,0.003828842,-0.017833426,-0.002628503
8/18/2009,0.010254779,-0.001089518,0.009305209,0.004932187
8/19/2009,0.004809165,0.002763571,0.014951136,0.002659066
8/20/2009,0.009066925,0.000232782,-0.013969699,0.005529058
8/21/2009,0.017939912,-0.003697897,0.004278578,0.005178215
8/24/2009,0.003972997,0.00122021,0.013890731,-0.002350551
8/25/2009,0.002270118,0.002199185,-0.017652233,-0.008964604
8/26/2009,0.000453986,0.000712133,-0.005050305,-0.001160014
8/27/2009,0.000259553,-0.000240522,0.000328973,-4.85E-05
8/28/2009,0.000865577,0.000644925,-0.000599134,-0.000926989
8/31/2009,-0.007304074,0.002332907,-0.023456349,-0.004631566
9/1/2009,-0.019475995,0.001543619,-0.025298856,-0.001373352
9/2/2009,-0.003949074,0.002717727,-0.00649646,-0.005663317
9/3/2009,0.004866646,-0.001640077,-0.00981462,0.0034214
9/4/2009,0.011238953,-0.00355295,-0.002730047,0.007515579
9/7/2009,0.003891845,-0.000787384,0.000696956,0.001900356
9/8/2009,0.009409902,0.000221211,0.026676059,0.006112835
9/9/2009,0.006205156,-0.000785845,0.002128522,0.001330487
9/10/2009,0.007680924,0.004827663,0.013890197,-0.006260099
9/11/2009,0.000955487,0.00143928,-0.023421244,-0.004625737
9/14/2009,0.002469502,-0.001963559,0.009135777,0.003434345
9/15/2009,0.002623502,-0.002172144,0.01991123,0.006447468
9/16/2009,0.015135657,-0.001965912,0.028559206,0.001930593
9/17/2009,0.002203385,0.001371647,-0.006940806,-0.002740035
9/18/2009,-0.002115563,-0.002420642,-0.002383376,0.001106693
9/21/2009,-0.001587235,-0.000394799,-0.027948637,-0.002900299
9/22/2009,0.005882709,0.000655126,0.019828657,0.001587909
9/23/2009,-0.005305395,0.001807707,-0.007994882,-0.002952518
9/24/2009,-0.012595354,0.002532529,-0.018019903,-0.004778351
9/25/2009,-0.003699362,0.002368609,-0.000639789,-0.00397638
9/28/2009,0.013356995,0.001373589,0.001985233,-0.00279631
9/29/2009,-0.001874363,0.000717798,0.001030222,-0.002103082
9/30/2009,-0.002020437,0.000157415,0.029433289,0.002386721
10/1/2009,-0.021652088,0.004575781,-0.016596759,-0.007032299
10/2/2009,-0.009686245,0.001136752,-0.004430384,-0.001596731
10/5/2009,0.011209265,1.52E-05,0.007634861,-0.00227463
10/6/2009,0.012961326,-0.000390831,0.013023915,0.00903499
10/7/2009,0.004529645,0.002640618,-0.004163063,-0.001954677
10/8/2009,0.009782012,-0.002466966,0.024579625,0.000379916
10/9/2009,0.003330773,-0.005314772,-0.004890675,0.005461006
10/12/2009,0.004405265,0.001400078,0.022302588,-0.000981084
10/13/2009,-0.002843217,0.001555656,-0.002166667,0.00255689
10/14/2009,0.016449989,-0.004025886,0.004087543,0.005287968
10/15/2009,0.002106898,-0.002951284,0.014511452,0.003119994
10/16/2009,-0.006437855,0.001368827,0.01354078,0.000260811
10/19/2009,0.008273039,0.000224708,0.013577808,0.006363197
10/20/2009,-0.00092258,0.00246809,-0.000872761,-0.003242406
10/21/2009,-0.007523593,-0.003762721,0.019009,-0.000489498
10/22/2009,0.006189739,-0.000740254,-0.006236912,-0.003467241
10/23/2009,-0.008968666,-0.001925852,-0.008879011,0.003888314
10/26/2009,-0.009390684,-0.002829681,-0.021770055,-0.000252568
10/27/2009,-0.005401297,0.004573409,0.002301168,-0.002085576
10/28/2009,-0.020216662,0.001405331,-0.024400662,-0.003180163
10/29/2009,0.016601704,-0.002411832,0.021398245,0.00496281
10/30/2009,-0.021925864,0.004719428,-0.022551609,-0.00132804
11/2/2009,0.003298408,-0.000190391,0.007469337,0.001853703
11/3/2009,-0.000270382,-0.00167361,0.012248957,0.000380157
11/4/2009,0.006875921,-0.002667467,0.00036859,0.004796398
11/5/2009,0.011435234,-9.38E-05,-0.007321635,0.002407192
11/6/2009,0.003291669,0.001115016,-0.023743599,-0.000604511
11/9/2009,0.021565409,0.000851344,0.02050783,0.005723251
11/10/2009,0.000734095,0.001148869,-0.008955823,-0.002486811
11/11/2009,0.00432988,0.00252988,0.004893808,0.001469537
11/12/2009,-0.006717228,0.000335366,-0.018216704,-0.005075193
11/13/2009,0.002848302,0.000390482,-0.000903648,-0.000893696
11/16/2009,0.01303688,0.003730777,0.032397823,-0.000281778
11/17/2009,-0.000395881,0.001779037,0.001928344,-0.001433226
11/18/2009,0.000260414,-0.001381663,-0.005481045,0.002190787
11/19/2009,-0.01257381,0.001165875,-0.01073104,0.000673147
11/20/2009,-0.004553029,-0.000234932,-0.000957392,0.001594248
11/23/2009,0.012961564,0.000183433,0.004258483,0.003081516
11/24/2009,-0.002566574,0.002689748,-0.012800233,-0.003436946
11/25/2009,0.005814878,0.001669495,0.030753014,-0.00157735
11/26/2009,-0.007080114,0.001400494,-0.004916893,0.000733871
11/27/2009,-0.013072716,0.003198066,-0.0058022,-0.006820643
11/30/2009,0.003638544,0.000489655,0.001794878,0.000362998
12/1/2009,0.015483663,-0.000503557,0.006123937,0.004781662
12/2/2009,0.001236131,-0.002502347,-0.017807547,0.000681303
12/3/2009,-0.003997755,-0.001956472,-0.002087695,0.001825456
12/4/2009,0.007312294,-0.004824201,-0.004607441,0.001214006
12/7/2009,-0.002470436,0.002011486,0.005664858,-0.001274863
12/8/2009,-0.011779421,0.0027487,-0.005676193,-0.002404693
12/9/2009,0.000976602,-0.000257757,-0.022920202,-0.000735916
12/10/2009,0.004590165,-0.003037513,0.009206054,0.001072902
12/11/2009,0.006389581,-0.002967918,-0.000581258,0.004444385
12/14/2009,0.005156762,-0.000396941,0.010444621,0.002792511
12/15/2009,-0.003282265,-0.001933282,0.007442634,0.004322887
12/16/2009,0.004072982,0.001223339,0.012692476,0.001036423
12/17/2009,-0.009730417,0.003893127,-0.005324109,-0.003606828
12/18/2009,0.000661168,-0.001028937,0.003339886,0.001650705
12/21/2009,0.009774802,-0.004806645,-0.00675294,0.003323247
12/22/2009,0.006439606,-0.003003239,0.001297209,0.00419815
12/23/2009,0.001990087,-0.001015099,0.021683861,-0.000957291
12/24/2009,0.005958572,-0.002004738,9.36E-05,0.000680041
12/28/2009,0.002409333,-0.001752802,0.020351218,0.001413089
12/29/2009,-8.99E-05,8.35E-05,-0.001731793,0.001269605
12/30/2009,-0.001683141,0.00091947,-0.001454117,-0.00198016
12/31/2009,-0.006321796,-0.001323238,-0.003419626,0.000726512
1/4/2010,0.014990101,0.000220654,0.027267977,-0.000268271
1/5/2010,0.002738371,0.00281105,-0.003736566,-0.006827297
1/6/2010,0.00067402,-0.001696826,0.02082829,0.000331235
1/7/2010,0.0021902,-0.000604537,-0.013792431,0.003840864
1/8/2010,0.004152854,0.000612441,-0.001614329,0.00236468
1/11/2010,0.000394917,0.000554926,-0.009253242,-0.001273011
1/12/2010,-0.006922598,0.003864698,-0.01523114,-0.002456892
1/13/2010,0.003297345,-0.001253441,0.00076031,-0.00514132
1/14/2010,0.004153654,0.001163771,-0.004981396,0.000407656
1/15/2010,-0.010189969,0.003065782,-0.008571002,-0.001465132
1/18/2010,0.000616238,0.000554501,8.38E-05,-0.001733595
1/19/2010,0.008781878,-0.001446464,-0.000541131,-0.000565644
1/20/2010,-0.011101201,0.001693253,-0.014119155,-0.000801702
1/21/2010,-0.016529103,0.001918576,-0.006585144,-0.003503202
1/22/2010,-0.016281689,0.001034256,-0.007152694,-0.003205669
1/25/2010,-0.001355081,-0.000762535,0.001378636,0.003111624
1/26/2010,-0.003684765,0.001174419,-0.011229023,-0.00024573
1/27/2010,0.001994551,-0.000461716,-0.018208865,0.001057822
1/28/2010,-0.010694067,-0.000538895,-0.006721854,0.00060609
1/29/2010,-0.006532686,0.002288788,-0.007300052,0.000597775
2/1/2010,0.012300173,-0.001083903,0.017418104,0.010244571
2/2/2010,0.010304731,8.90E-05,0.023097076,0.000192009
2/3/2010,-0.000557783,-0.00220124,-0.007964626,0.001017658
2/4/2010,-0.028084711,0.002909978,-0.026538981,-0.007033357
2/5/2010,-0.007920236,0.003101726,-0.015597348,-0.006051366
2/8/2010,-0.00159718,-0.001825451,0.00667308,-1.02E-05
2/9/2010,0.007123265,-0.000522192,0.010999972,0.001306428
2/10/2010,-0.000152123,-0.001268755,0.005287018,-0.000625545
2/11/2010,0.009624158,-0.001413452,0.014197223,0.000813013
2/12/2010,0.001983891,0.001213536,-0.006904091,-0.003197868
2/15/2010,-0.00023926,0.000173476,0.000398586,-0.000389101
2/16/2010,0.011826144,0.001260717,0.024381476,0.00103903
2/17/2010,0.008599532,-0.002668005,0.000285947,0.000921776
2/18/2010,0.005265267,-0.00263835,0.004304172,0.002945647
2/19/2010,0.000542754,-0.000841174,0.002830124,-0.003407578
2/22/2010,0.001864724,-3.18E-05,-0.002433722,0.001360945
2/23/2010,-0.008761997,0.00485101,-0.01691826,-0.005001578
2/24/2010,0.003168898,0.00120671,0.008946425,-0.002844271
2/25/2010,-0.003936829,0.002748368,-0.018023783,-0.00460201
2/26/2010,0.003316061,0.001887936,0.016482191,0.000726981
3/1/2010,0.01089914,-0.000757408,-0.009098407,0.003099827
3/2/2010,0.004480435,0.000423202,0.010517041,0.001017421
3/3/2010,0.00239304,-0.000154343,0.011658453,0.000517521
3/4/2010,0.001428742,0.000996775,-0.014963531,-0.000679281
3/5/2010,0.01372432,-0.002117251,0.008651381,0.003957625
3/8/2010,0.002015776,-0.000987982,-0.000717211,0.001361737
3/9/2010,0.002216019,0.001232966,-0.004768622,0.000200925
3/10/2010,0.004607809,-0.000910117,0.003531243,0.000264397
3/11/2010,0.002847477,-0.001367956,-0.007765749,-4.71E-05
3/12/2010,0.001240523,-0.0002175,-0.004361779,0.000568525
3/15/2010,-0.002166508,0.000785072,-0.010204779,0.000378998
3/16/2010,0.007567241,0.002645474,0.012670838,-0.001629049
3/17/2010,0.005784982,1.62E-05,0.009467906,0.001268812
3/18/2010,-0.000997927,-0.001564475,-0.009223886,-0.000916963
3/19/2010,-0.003271642,-0.000351542,-0.008646934,-0.003129693
3/22/2010,0.002781499,0.00181643,-0.001607873,0.000379711
3/23/2010,0.006023207,0.000430941,0.000528337,0.000323169
3/24/2010,-0.003095998,-0.005400018,-0.009607312,0.000675605
3/25/2010,0.000887465,-0.003590526,-0.007350791,-0.000502595
3/26/2010,0.000854532,0.001365578,-0.004427512,-0.001115474
3/29/2010,0.004524665,-7.55E-06,0.017580678,-0.00179248
3/30/2010,0.00053351,0.000147825,0.005215465,0.001311696
3/31/2010,-0.003480549,0.001745544,-0.002217289,0.001756157
4/1/2010,0.009097967,0.000160623,0.019118238,0.000926961
4/5/2010,0.0057123,-0.00217521,0.01757783,-0.001862433
4/6/2010,0.002207796,-0.000470077,-0.003865371,0.005495399
4/7/2010,-0.004518464,0.003382997,-0.004004114,0.001758563
4/8/2010,0.000223441,-0.000164347,-0.010053928,-0.00064582
4/9/2010,0.008424205,1.05E-05,0.008049794,0.002671046
4/12/2010,0.000718161,0.001107333,-0.000817471,-0.000855672
4/13/2010,-0.001344218,0.002251798,0.005614459,-0.001503354
4/14/2010,0.009912687,-0.001065225,0.011039084,0.000511764
4/15/2010,0.002060607,0.000330701,-0.003160364,0.003293094
4/16/2010,-0.014902625,0.003877063,-0.010867082,-0.002194205
4/19/2010,0.00090439,-0.000469308,-0.016223363,-0.001472024
4/20/2010,0.008013099,-0.00072336,0.009923748,0.002020451
4/21/2010,-0.003281437,0.001530951,0.002544743,0.0007669
4/22/2010,-0.002390173,-0.000906779,0.007864086,-0.002003217
4/23/2010,0.007703743,-0.001851476,0.010857834,0.003442485
4/26/2010,0.000811653,0.000485959,-0.002607512,0.000128018
4/27/2010,-0.020700059,0.005320935,-0.014364565,-0.002917711
4/28/2010,0.000446308,-0.002581132,0.002961158,0.003386519
4/29/2010,0.011246154,0.001949339,-0.005284656,0.005554066
4/30/2010,-0.012773403,0.002975923,0.006310455,-0.005027855
5/3/2010,0.008987272,-0.001869237,0.007461687,0.000697804
5/4/2010,-0.020842338,0.003732515,-0.023058818,-0.005476625
5/5/2010,-0.007887916,0.002809756,-0.019631972,-0.004432818
5/6/2010,-0.030177945,0.005159469,-0.020083501,-0.004119984
5/7/2010,-0.018196512,-0.001415718,-0.003779865,-0.002298257
5/10/2010,0.045648223,-0.003188478,0.018314304,0.006942723
5/11/2010,-0.004528743,0.000854647,1.52E-05,0.002977839
5/12/2010,0.013575181,-0.000319957,0.009454799,0.002320161
5/13/2010,-0.005385281,0.000337211,-0.002560168,0.001353744
5/14/2010,-0.021023566,0.004738418,-0.027494555,-0.007704207
5/17/2010,-0.003027391,-0.000531483,-0.021585521,-0.002551848
5/18/2010,-0.006541897,0.002599147,0.000219958,-0.000537245
5/19/2010,-0.012006946,0.001384746,-0.015823663,-0.009125153
5/20/2010,-0.029839935,0.003878263,-0.013273701,-0.011151109
5/21/2010,0.007315533,0.002027332,-0.000526194,0.004373235
5/24/2010,-0.007901063,-0.000628682,-0.000228829,0.003572568
5/25/2010,-0.00633364,0.00351871,-0.013407495,-0.004468437
5/26/2010,-0.003743599,-0.002943559,0.020186073,0.009507586
5/27/2010,0.033899665,-0.004851459,0.026720032,-0.000547281
5/28/2010,-0.006471385,0.001721603,-0.006158986,0.001272583
5/31/2010,-0.000115153,-3.29E-05,0.001349926,0.000364594
6/1/2010,-0.013450888,0.000132351,-0.015367097,-0.005230463
6/2/2010,0.017527539,-0.001554713,0.007382495,0.002635066
6/3/2010,0.009343779,-0.001650582,0.014780028,0.004117554
6/4/2010,-0.02822543,0.00702589,-0.022256811,-0.008669759
6/7/2010,-0.01721619,0.000949625,0.00219192,-0.001008039
6/8/2010,0.006435308,0.001296359,0.000792348,-0.003325281
6/9/2010,0.000310712,-0.000466435,0.010329402,0.001236755
6/10/2010,0.022106106,-0.004378967,0.006522542,0.002167275
6/11/2010,0.006834899,0.003600696,0.003221398,-0.00331795
6/14/2010,0.004573062,-0.003065559,0.018573927,0.003915105
6/15/2010,0.016499359,-0.000978354,0.015931985,0.000435527
6/16/2010,0.00261657,0.000680548,0.000783408,-0.000346601
6/17/2010,0.001030136,0.003678674,0.005799288,-0.001472692
6/18/2010,-0.000523734,-0.001185398,-0.005516919,-0.000178388
6/21/2010,0.004160961,-0.000627024,0.000712654,0.002166122
6/22/2010,-0.015004589,0.00361583,-0.008832192,-0.000403454
6/23/2010,-0.005861933,0.002285822,-0.01168597,-0.004924286
6/24/2010,-0.014487937,0.000606767,0.00124725,-0.002493723
6/25/2010,-4.12E-05,0.000610554,0.01636235,-0.000755677
6/28/2010,-0.001239703,0.002818622,-0.008480413,-0.001810419
6/29/2010,-0.03168573,0.002471422,-0.029420092,-0.000419734
6/30/2010,-0.007312818,0.000749921,0.006838581,-0.000773637
7/1/2010,-0.008793781,0.000861592,-0.009720699,-0.011688743
7/2/2010,-0.00473694,-0.001676668,-0.009049072,0.000564451
7/5/2010,-0.000810985,0.000537014,-0.000137913,-0.000384328
7/6/2010,0.012801442,0.000983869,0.001053133,-0.002457332
7/7/2010,0.025996202,-0.00136687,0.01484272,0.001122744
7/8/2010,0.009807734,-0.001512999,0.004604336,0.001543016
7/9/2010,0.005986211,-0.001054835,0.004975192,0.006441249
7/12/2010,0.002987296,0.00134459,-0.010675063,0.000215935
7/13/2010,0.01179987,-0.002517636,0.014374404,0.00177409
7/14/2010,0.003067299,0.001615302,-0.000311053,-0.001024667
7/15/2010,-0.002779723,0.003237648,0.011588922,-0.006025767
7/16/2010,-0.022749847,0.00235682,-0.009136613,-0.007705263
7/19/2010,-0.000942401,-0.00084954,4.69E-05,-0.003366432
7/20/2010,0.009840197,0.000845406,0.004973076,-0.000297554
7/21/2010,-0.009143675,0.001407794,-0.003187408,0.001993855
7/22/2010,0.019172154,-0.001268505,0.024196038,0.001842696
7/23/2010,0.010766092,-0.002913241,-0.004616477,0.000712658
7/26/2010,0.006997149,0.000150009,0.000189052,0.001273866
7/27/2010,0.002347051,-0.001663816,-0.008862052,0.002707782
7/28/2010,-0.00453552,0.00191486,0.006601321,-0.001747625
7/29/2010,-0.004102674,0.001828713,0.016555271,0.000526338
7/30/2010,-0.001126706,0.004040861,0.014125184,-0.005602956
8/2/2010,0.019760308,-0.001428294,0.011985874,0.002389028
8/3/2010,-0.000850784,0.003146688,0.003112293,-0.001547781
8/4/2010,0.003195436,-0.000993967,0.008651763,0.000229792
8/5/2010,-8.29E-05,0.001405976,-0.006211778,0.002266431
8/6/2010,-0.004283998,0.003036954,-0.013743239,-0.003117761
8/9/2010,0.006066459,0.000132894,-0.002252275,-0.000834332
8/10/2010,-0.005488209,0.001213098,-0.011037102,-0.000641757
8/11/2010,-0.028666919,0.004376159,-0.013212716,-0.000400981
8/12/2010,-0.004968078,-0.001037834,-0.007375619,-0.00383818
8/13/2010,-0.00148535,0.001115173,-0.001140405,-0.003767612
8/16/2010,-0.000287813,0.003799996,-0.005567285,-0.003010249
8/17/2010,0.011139032,-0.002197872,0.010631752,-0.001022127
8/18/2010,-0.001425577,0.000816813,-0.002611617,-0.000655461
8/19/2010,-0.01231298,0.001312611,-0.009428207,-0.004523312
8/20/2010,-0.00429852,-0.001122841,-0.008911746,-0.000695393
8/23/2010,-0.002685006,0.000538967,-0.005924202,-0.002753912
8/24/2010,-0.014409731,0.004353,-0.013642345,-0.002990472
8/25/2010,0.000548807,-0.001346876,-0.003586966,-0.00190745
8/26/2010,-0.004693821,0.000547369,0.011125547,0.003604785
8/27/2010,0.01563342,-0.004880019,0.008176106,0.004203271
8/30/2010,-0.010725838,0.003860196,0.004041746,-0.002028569
8/31/2010,-0.000699145,0.002854901,-0.014580529,-0.006655987
9/1/2010,0.029737402,-0.005136049,0.012531557,-0.000620351
9/2/2010,0.006549903,-0.00178222,0.007261736,0.001891418
9/3/2010,0.011057217,-0.003297379,0.009343381,0.005838425
9/6/2010,0.002345451,-0.000984566,0.002481298,-0.006466727
9/7/2010,-0.009676282,0.005011059,0.000317326,0.000841099
9/8/2010,0.004567306,-0.001984565,0.001967145,0.00106585
9/9/2010,0.004326465,-0.003875301,-0.004828107,0.001534972
9/10/2010,0.006008957,-0.002335616,0.008306482,0.004783195
9/13/2010,0.010014339,0.001802456,0.009077804,0.001122842
9/14/2010,-4.98E-05,0.003005059,0.005275458,-0.003820853
9/15/2010,0.00382477,-0.000386695,-0.001690131,-0.000637331
9/16/2010,0.000159242,-0.001717957,-0.003697039,0.000153746
9/17/2010,-0.001668408,0.000903321,0.000602499,6.10E-05
9/20/2010,0.013112943,0.000501458,-0.000185995,-0.000538551
9/21/2010,-0.001772585,0.004696787,-0.005631005,0.002739048
9/22/2010,-0.005386498,0.002737638,0.001461182,0.004568037
9/23/2010,-0.006827528,0.000616482,0.005574552,-0.006313515
9/24/2010,0.016324758,-0.00190368,0.006257551,0.003909416
9/27/2010,-0.002781439,0.003630247,-0.005925877,-0.002714167
9/28/2010,0.002100278,0.002610224,0.000813973,0.004094655
9/29/2010,-0.000570649,-0.000438352,0.009916832,0.000888334
9/30/2010,-0.004822821,-0.000419707,0.005136225,0.000935139
10/1/2010,0.003162865,-0.000304231,-0.001466092,0.001041717
10/4/2010,-0.005961922,0.002489714,-0.005212542,-0.001000464
10/5/2010,0.016762417,0.000795608,0.014950569,0.004920738
10/6/2010,0.003410764,0.003278743,0.006363545,0.011247697
10/7/2010,0.000482628,-0.000685567,-0.016333526,-0.006455107
10/8/2010,0.001656561,0.001653133,0.023122139,0.003110261
10/11/2010,0.001659483,0.00038071,0.000686536,-0.000230894
10/12/2010,-0.000758467,-0.000854297,0.001655347,0.00318109
10/13/2010,0.009657741,-0.000188697,0.008568661,0.006106943
10/14/2010,0.00071018,-0.002069694,-0.002572602,0.004732622
10/15/2010,0.000255158,-0.002645175,-0.013636414,0.002407086
10/18/2010,0.00231014,0.002492273,0.006748547,-0.004120136
10/19/2010,-0.009023899,-7.25E-05,-0.019919564,-0.000309696
10/20/2010,0.006119013,-0.000203362,0.019098196,-0.003583085
10/21/2010,0.001981167,-0.001748899,-0.017110485,0.005443566
10/22/2010,0.002716523,-0.001134303,0.003189504,0.000103217
10/25/2010,0.002258221,0.000399063,0.006641741,0.002496563
10/26/2010,-0.00157047,-0.003897134,0.006185418,0.004359932
10/27/2010,-0.004111605,-0.003593409,-0.005999461,-0.001997206
10/28/2010,0.000780186,0.003019908,0.008830454,-0.003391663
10/29/2010,-0.000881508,0.00185977,0.002742196,-0.000991886
11/1/2010,0.002326868,0.000222581,-0.000675576,0.004217582
11/2/2010,0.007333819,0.000482838,0.008204311,0.001383423
11/3/2010,0.001633877,0.000575006,0.002123683,-0.003649856
11/4/2010,0.017603181,0.005328918,0.021035781,-0.002879696
11/5/2010,0.00400583,-0.001844596,0.005541001,0.001239805
11/8/2010,-0.000303909,-0.001183626,0.005568511,-0.000472164
11/9/2010,-0.004862805,-0.003853088,0.010636661,0.002368715
11/10/2010,0.00025899,0.000620306,-0.004856,-0.003564116
11/11/2010,-0.001642908,-0.002527977,-0.005872495,0.004066752
11/12/2010,-0.010927854,-0.002136902,-0.033582636,0.001763714
11/15/2010,0.001798868,-0.006264562,0.005420454,-0.004062964
11/16/2010,-0.016579091,0.001163352,-0.030395952,-0.002160536
11/17/2010,0.002620177,-0.001064736,0.000575296,0.002246506
11/18/2010,0.01661616,-0.00362801,0.01799667,0.0048754
11/19/2010,0.000370762,0.000711133,-0.00486998,0.0025004
11/22/2010,-0.001193447,0.002211206,0.001831556,0.000424433
11/23/2010,-0.016097705,0.001755888,-0.001798958,-0.004070561
11/24/2010,0.011990324,-0.005493256,0.017063595,0.003279139
11/25/2010,0.001441386,-0.000870733,0.002942688,0.000540389
11/26/2010,-0.008926286,0.000541242,-0.005101998,-0.001622596
11/29/2010,-0.000941842,0.00061808,0.002855362,-0.000172983
11/30/2010,-0.006464596,0.001747591,-0.006354702,-0.003328379
12/1/2010,0.01949486,-0.004866963,0.027333931,0.006113836
12/2/2010,0.015343289,-0.002265249,0.012674698,0.002727916
12/3/2010,0.000273641,0.000463643,0.010055272,-0.000644195
12/6/2010,-0.001068188,0.004008771,0.004800849,-0.00079066
12/7/2010,0.002388718,-0.009478073,-0.00434669,0.005364098
12/8/2010,0.003839147,-0.005011779,0.006768521,-0.002755487
12/9/2010,0.00362721,0.000269619,-0.005738468,-0.007383397
12/10/2010,0.004348337,-0.001450965,-0.004070879,-0.001689547
12/13/2010,0.001770434,7.31E-05,0.011852294,0.002557603
12/14/2010,0.001009592,-0.006111526,-0.007154533,0.00012249
12/15/2010,-0.003345522,-0.001549976,-0.000981171,0.007624071
12/16/2010,0.003379882,0.000799823,-0.010870064,0.001990197
12/17/2010,-0.000965864,0.006449794,0.006938108,-0.004257309
12/20/2010,0.001621423,0.000313619,0.013932206,-0.004564646
12/21/2010,0.008474329,6.49E-06,8.62E-05,0.003582461
12/22/2010,0.002500938,-0.000543726,0.008530663,-0.001691724
12/23/2010,-0.000746568,-0.001859976,0.002130315,0.000842375
12/24/2010,-0.000625374,-0.000257888,-0.000791224,-0.000298914
12/27/2010,-0.000621595,0.001115803,0.000669866,0.000573696
12/28/2010,0.000156495,-0.003043425,0.009527475,-0.000784577
12/29/2010,0.002079124,0.004031967,-0.000302062,0.000349659
12/30/2010,-0.003586028,0.000655944,-0.006281223,-0.00144604
12/31/2010,-0.001757088,0.002406453,0.015510927,-0.000428517
1/3/2011,0.00897971,-0.000610462,0.009480759,0.004559261
1/4/2011,0.00158117,0.000259111,-0.012174529,-3.26E-05
1/5/2011,0.003313191,-0.005141419,0.002783245,0.005340732
1/6/2011,-0.000188125,0.000841072,-0.009887421,-0.000511266
1/7/2011,-0.002522284,0.003782852,-0.006728817,0.000366823
1/10/2011,-0.003005612,0.000910573,0.009171796,-0.00371666
1/11/2011,0.00523315,-0.001145825,0.013064523,0.004850045
1/12/2011,0.010471413,-0.000459915,0.012248991,0.000420837
1/13/2011,-0.000392986,0.002322483,-0.005794379,-0.003538097
1/14/2011,0.004321633,-0.000584404,0.00415538,-0.002109279
1/17/2011,-0.000664754,-0.000626289,-0.002127211,0.000595874
1/18/2011,0.005355797,-0.002159451,0.001485045,0.005211673
1/19/2011,-0.010200558,0.000629943,0.002125526,-0.003800713
1/20/2011,-0.004178897,-0.004058439,-0.005753391,-0.001244061
1/21/2011,0.00244553,0.001592833,0.00645351,-0.003471263
1/24/2011,0.006163238,0.000448108,-0.009391164,0.002897629
1/25/2011,-0.000769821,0.002642372,-0.017683397,-0.002455193
1/26/2011,0.004745687,-0.003138144,0.01627478,0.001141162
1/27/2011,0.001822702,0.001867283,-0.009220594,0.00027804
1/28/2011,-0.015599662,0.002777989,0.014360214,-0.001671982
1/31/2011,0.004860238,-0.001159555,0.017919938,0.006706734
2/1/2011,0.013909013,-0.002815575,0.001713253,0.004438479
2/2/2011,0.000324577,-0.00148006,0.006295774,3.71E-05
2/3/2011,0.001401814,-0.002772859,-0.00650687,-0.004510577
2/4/2011,0.003330716,-0.004648523,-0.006884316,0.002207493
2/7/2011,0.006330736,-0.0003149,-0.009634769,0.000304707
2/8/2011,0.004168344,-0.003372966,8.40E-06,-0.002617328
2/9/2011,-0.001965851,0.00175311,0.006923289,0.001414525
2/10/2011,-0.000574396,-0.001435718,-0.005198332,-0.001693584
2/11/2011,0.004882436,0.001816256,-0.006758219,-0.001433799
2/14/2011,0.001534518,0.000400575,0.007217734,-6.70E-05
2/15/2011,-0.000575324,0.000263437,-0.007811132,0.000611167
2/16/2011,0.005713265,-0.000285198,0.002489441,-0.001358969
2/17/2011,0.002617287,0.002645316,0.002869454,-0.00566479
2/18/2011,0.002777037,0.000131192,-0.000655815,0.012046914
2/21/2011,-0.002303274,0.000588446,0.005817877,-0.00015723
2/22/2011,-0.017319531,0.005612416,0.001825183,0.001192933
2/23/2011,-0.0071935,-0.000504767,0.018355892,-0.00336916
2/24/2011,-0.00323916,0.001501157,-0.005350228,0.006571334
2/25/2011,0.011427468,0.000407794,0.016897126,-6.05E-05
2/28/2011,0.006194585,0.00041186,0.002459482,-0.001947973
3/1/2011,-0.013597819,-9.80E-05,0.006106786,0.005836252
3/2/2011,-0.000263503,-0.001220582,0.007020261,0.002940327
3/3/2011,0.014607091,-0.005279426,-0.000515826,0.005144251
3/4/2011,-0.004790307,0.00368167,0.006996205,-0.003077951
3/7/2011,-0.008075492,0.000452475,-0.000961858,0.003176599
3/8/2011,0.006181613,-0.001959196,-0.009659949,-0.001037106
3/9/2011,-0.003077987,0.002232838,0.003965476,0.001854394
3/10/2011,-0.014987824,0.003959858,-0.012963702,-0.004380478
3/11/2011,0.003326601,0.00224427,-0.006051666,-0.006516245
3/14/2011,-0.012056591,0.004086852,0.000527117,0.000672097
3/15/2011,-0.018818887,0.002188587,-0.030730165,-0.00232001
3/16/2011,-0.011563655,0.003589664,0.005243507,0.003160632
3/17/2011,0.010747117,-0.002272528,0.035821182,-0.006486288
3/18/2011,0.005852765,-0.000636298,0.005228962,0.002835814
3/21/2011,0.014371854,-0.002649143,0.005101989,0.000693571
3/22/2011,0.000147593,-0.001650164,0.009434974,-0.003567509
3/23/2011,0.001765802,0.00051671,0.003953371,-0.002155539
3/24/2011,0.009927657,-0.001735892,0.000860758,-0.001775323
3/25/2011,0.003954862,-0.001643638,0.005314074,0.008273808
3/28/2011,-0.004837298,-0.001149401,-0.010396187,-0.000606604
3/29/2011,0.008504193,-0.001305315,-0.002233696,-0.001285703
3/30/2011,0.007608917,0.00093671,0.002181672,0.001894034
3/31/2011,-0.001978699,-0.000813727,0.017280244,0.001973691
4/1/2011,0.005970498,-0.001158687,0.003729177,0.000995162
4/4/2011,0.001370966,0.001519627,0.004824862,-0.001184626
4/5/2011,-0.001801044,-0.002081684,0.002207023,0.004588981
4/6/2011,0.001920694,-0.002104976,-0.00149317,-0.000165726
4/7/2011,-0.001333317,-0.000162702,-0.001768071,0.004089063
4/8/2011,2.24E-05,-0.001250278,0.016481598,0.003378072
4/11/2011,-0.003245152,0.00033927,-0.007408241,0.000483238
4/12/2011,-0.010565771,0.003805025,-0.021013859,-0.004091777
4/13/2011,0.002079312,0.001378611,0.005634388,0.003732924
4/14/2011,-0.000593929,-0.000137983,0.001890472,0.000215853
4/15/2011,0.004141248,0.003271017,0.006379743,-0.001321315
4/18/2011,-0.013445508,0.002797499,-0.01000797,-0.002314312
4/19/2011,0.003798522,0.00046306,0.006183535,-2.26E-05
4/20/2011,0.016421034,-0.001645345,0.01461371,0.002129784
4/21/2011,0.003228499,0.000718641,0.007719051,-0.00262533
4/25/2011,-0.000302381,0.001333699,-7.63E-05,0.000501337
4/26/2011,0.005517521,0.001832089,-0.001830657,-0.005148629
4/27/2011,0.006568415,-0.001501514,-0.001154302,0.004641532
4/28/2011,0.004217797,0.003397378,0.002734272,0.000538446
4/29/2011,0.002785762,0.001174473,0.013036386,0.002542
5/2/2011,0.000367794,0.000444951,-0.004983868,-0.002669501
5/3/2011,-0.004391915,0.00130841,-0.012556817,0.000308928
5/4/2011,-0.007463637,0.001076928,-0.016297353,0.001442354
5/5/2011,-0.005189895,0.002121202,-0.056988149,-0.007330446
5/6/2011,0.000994497,0.002094786,-0.010180482,0.00149753
5/9/2011,0.002573481,0.001061985,0.0220182,0.000378769
5/10/2011,0.007560834,-0.001559513,0.014162773,0.001095451
5/11/2011,-0.007338112,0.001101242,-0.0297713,-0.001863618
5/12/2011,0.001494062,-0.000121642,0.000759773,-0.001817114
5/13/2011,-0.007491805,0.001453395,0.002995132,-0.002324248
5/16/2011,-0.005538841,0.000919964,-0.005680806,-0.002231817
5/17/2011,-0.001465489,0.000645665,-0.00765786,-0.006497507
5/18/2011,0.008834122,-0.001729905,0.021964998,0.006253404
5/19/2011,0.002988036,-3.09E-05,-0.012165578,-0.00019552
5/20/2011,-0.008405439,0.001789807,0.009842815,-0.001243778
5/23/2011,-0.011284806,0.001028979,-0.009752682,-0.001647639
5/24/2011,-0.000685546,0.000165726,0.009438738,0.00622356
5/25/2011,0.002285528,0.000984305,0.015329095,0.000253325
5/26/2011,0.00624711,0.002476098,-0.002705378,-0.002863873
5/27/2011,0.003193996,0.000745371,0.009619645,0.002150182
5/31/2011,0.011058692,8.97E-06,0.012835164,-0.000140169
6/1/2011,-0.018440255,0.003361889,-0.011523349,-0.007950459
6/2/2011,-0.003702325,-0.000269502,0.007187063,0.002431093
6/3/2011,-0.009375827,0.001515248,0.000762099,0.002329496
6/6/2011,-0.007866265,-0.000132964,-0.005009372,0.000790827
6/7/2011,5.74E-05,-0.001533225,0.006486461,0.001320655
6/8/2011,-0.00621429,0.002078516,0.007360025,-0.001492615
6/9/2011,0.007282881,-0.001420245,0.002098882,-0.001629952
6/10/2011,-0.012513915,0.001824797,-0.005280152,-0.003909213
6/13/2011,0.000792415,-0.000554172,-0.008985432,0.000517475
6/14/2011,0.013092858,-0.003938394,0.003670586,0.006220726
6/15/2011,-0.015747086,0.004681096,-0.023377769,0.000289967
6/16/2011,-0.000919068,0.003318646,-0.008907502,-0.003050282
6/17/2011,0.001656045,-0.000994442,-0.008111428,-0.002411825
6/20/2011,0.003326852,-0.000459457,-0.003226098,0.001147708
6/21/2011,0.012238681,-0.000884024,0.004282869,0.001680444
6/22/2011,-0.00391759,8.25E-05,0.002597399,-0.00048436
6/23/2011,-0.005777832,0.003592991,-0.031011428,-0.003559641
6/24/2011,-0.006496312,0.001738675,-0.004831387,0.004852197
6/27/2011,0.006351931,-0.001347506,-0.001567724,0.00177357
6/28/2011,0.012399114,-0.004991649,0.019562829,0.005519509
6/29/2011,0.00987682,-0.003244222,0.015194759,0.006681923
6/30/2011,0.009444834,-0.002675136,-0.001521048,0.001650061
7/1/2011,0.011630551,-0.001588905,-0.006491912,-0.002271809
7/4/2011,0.001601091,5.01E-05,0.000195532,-0.00265077
7/5/2011,0.000626541,0.002381572,0.014459917,-0.000698905
7/6/2011,-0.001276905,0.001332019,-0.006023955,-0.003091031
7/7/2011,0.009650949,-0.002643259,0.018045599,0.00408055
7/8/2011,-0.006870136,0.005552195,-0.001501625,-0.006059115
7/11/2011,-0.017154731,0.003227389,-0.004195012,-0.003155216
7/12/2011,-0.007128989,0.001932493,0.010669392,0.002038941
7/13/2011,0.002613123,0.000355989,0.013598872,0.000764137
7/14/2011,-0.004831128,-0.001179614,-0.009907375,-0.003959235
7/15/2011,0.003689524,0.001610471,0.010511334,0.004845056
7/18/2011,-0.011163337,-0.000218105,-0.005867525,0.002017578
7/19/2011,0.012530438,0.00096308,0.006691332,0.001560896
7/20/2011,0.003737876,-0.001406501,3.05E-06,-0.001957545
7/21/2011,0.014116507,-0.002524111,-0.005662052,0.00368727
7/22/2011,0.001156801,0.001619262,0.007955749,0.000827429
7/25/2011,-0.005779464,-0.001159923,-0.00512817,0.002685943
7/26/2011,-0.004052783,0.001679937,0.005238571,-0.000502462
7/27/2011,-0.017921886,-0.000669162,-0.006090156,0.000354511
7/28/2011,-0.002836231,0.001217339,-0.00485032,-0.00039393
7/29/2011,-0.006981072,0.005576118,-0.009751667,-0.004470373
8/1/2011,-0.006019407,0.001617701,-0.000161299,-0.003436004
8/2/2011,-0.023609996,0.003948244,0.001242374,-0.006331235
8/3/2011,-0.001525471,0.001106013,-0.015573813,-0.006348513
8/4/2011,-0.038186481,0.003817576,-0.033939693,-0.008121925
8/5/2011,-0.008119386,-0.002943881,-0.001008963,0.010021092
8/8/2011,-0.060106906,0.01011436,-0.029121294,-0.005549337
8/9/2011,0.039780018,0.004713198,-0.005027897,0.008165254
8/10/2011,-0.035995139,0.003319184,0.017530607,0.011190538
8/11/2011,0.033912937,-0.003273947,0.019866294,-0.011299053
8/12/2011,0.011606406,0.002290881,-0.002057172,-0.001487821
8/15/2011,0.016301016,-0.001420231,0.010687974,-0.002464535
8/16/2011,-0.004223894,0.002337085,-0.005111429,-0.006662554
8/17/2011,-0.000570488,0.002508167,0.008890207,-0.004677266
8/18/2011,-0.03833474,0.003626434,-0.023872834,-0.007626139
8/19/2011,-0.018037747,0.000234464,0.010402297,-0.003167758
8/22/2011,0.000765514,-0.001071374,0.001585144,0.001322393
8/23/2011,0.025565816,-0.001746003,0.010984312,-0.002617365
8/24/2011,0.010378846,-0.003609097,-0.00555645,-0.001929082
8/25/2011,-0.009244505,0.001461284,0.004522727,0.005683956
8/26/2011,0.010038886,0.001187005,0.008168487,-0.004581106
8/29/2011,0.023386423,-0.002563557,0.002475826,0.001629147
8/30/2011,0.000198489,0.002942158,0.014573465,-0.002475174
8/31/2011,0.013078796,-0.002606511,0.008556187,0.001340343
9/1/2011,-0.008526723,0.002484607,-0.006642847,-0.002946415
9/2/2011,-0.025421624,0.003773612,-0.014011793,-0.0029633
9/5/2011,-0.009736576,0.001183783,-0.005950691,-0.006281256
9/6/2011,-0.004133221,0.000536023,0.002345874,-0.0026096
9/7/2011,0.028869922,-0.00144084,0.015276278,0.003598254
9/8/2011,-0.006835155,0.001442706,-0.001360225,0.000716559
9/9/2011,-0.023223591,0.002941567,-0.017311462,-0.001424485
9/12/2011,-0.004858948,-0.001163858,-0.00424445,-0.001028764
9/13/2011,0.008019616,-0.002508288,0.003807533,-0.00195566
9/14/2011,0.012455797,-0.000562733,-0.001321615,-0.001851632
9/15/2011,0.019511445,-0.003114173,-0.001191568,0.003454746
9/16/2011,0.006002301,0.000781967,-0.007092989,0.000441644
9/19/2011,-0.012680057,0.004241619,-0.017020789,-0.005082623
9/20/2011,0.001160932,-0.000599009,0.003551615,0.00254596
9/21/2011,-0.026313852,0.000877987,-0.009145824,0.005482223
9/22/2011,-0.030902851,0.005239725,-0.040416364,-0.020321846
9/23/2011,0.004657238,-0.003111262,-0.015898638,0.003701889
9/26/2011,0.0197285,-0.003151715,0.003363347,0.005159805
9/27/2011,0.018504934,-0.004443613,0.025959888,0.007290196
9/28/2011,-0.013733411,-5.08E-05,-0.02428425,0.000290019
9/29/2011,0.006816203,0.001414044,0.001462348,-0.005430414
9/30/2011,-0.022326946,0.001322374,-0.024060133,-0.010722073
10/3/2011,-0.029307527,0.004329091,-0.006008095,-0.000640567
10/4/2011,0.011199867,0.001513997,-0.012609792,0.003452432
10/5/2011,0.02081162,-0.004124377,0.016540696,0.002740559
10/6/2011,0.022596383,-0.002997233,0.019645912,0.006223735
10/7/2011,0.000419197,-0.003553992,-0.003990401,0.005682456
10/10/2011,0.025350086,-0.005804415,0.01620978,0.002046626
10/11/2011,0.001425591,0.001859227,0.009767217,7.87E-05
10/12/2011,0.008309296,-0.002271194,0.000985105,-0.002507726
10/13/2011,-0.00216849,0.002099441,-0.000756972,-0.005593651
10/14/2011,0.014568619,-0.002186093,0.023864735,0.004057739
10/17/2011,-0.01541324,0.003042232,-0.009463333,-0.004511234
10/18/2011,0.014262989,0.001044896,-0.001126903,-0.003287632
10/19/2011,-0.008023762,-0.000513029,-0.01267036,0.003360502
10/20/2011,-0.002508023,-0.000506109,-0.004031468,-0.001347916
10/21/2011,0.019412573,-0.000634301,0.008347855,0.006401879
10/24/2011,0.011300187,-0.001635285,0.017096768,0.001057927
10/25/2011,-0.014810884,0.003792448,0.003773266,0.00061575
10/26/2011,0.007173777,-0.001194916,-0.014883529,0.002450396
10/27/2011,0.036427775,-0.006677139,0.023886382,0.011030663
10/28/2011,-4.35E-06,0.00175783,-9.45E-05,-0.002288845
10/31/2011,-0.023878694,0.005096077,-0.00672655,-0.003556938
11/1/2011,-0.022841091,0.007215627,-0.014958377,-0.003065685
11/2/2011,0.00701735,0.000246918,0.000828881,0.005468601
11/3/2011,0.016137268,-0.001664779,0.011191461,-0.001683235
11/4/2011,-0.00348942,0.000541447,0.002945217,0.002293616
11/7/2011,0.00221124,0.000407267,0.002446325,0.001228316
11/8/2011,0.009870701,-0.00193972,0.006426676,-0.001008512
11/9/2011,-0.029870067,0.001522995,-0.014944818,-0.005617292
11/10/2011,0.00375026,-0.000484727,0.000730606,0.003119286
11/11/2011,0.018717356,-0.001449418,0.003328558,0.001080495
11/14/2011,-0.005268218,0.002166234,-0.009261651,-0.003214931
11/15/2011,-0.001465215,-0.001308303,0.004310799,-0.004997273
11/16/2011,-0.013503817,0.001075377,0.001167415,-0.001835174
11/17/2011,-0.012281457,0.001178568,-0.019582306,-0.00942696
11/18/2011,-0.002370182,-0.001370417,-0.006353772,0.00582062
11/21/2011,-0.0197543,0.001497105,-0.007488125,-0.004301226
11/22/2011,-0.006376738,0.000234937,0.008440689,-0.000808334
11/23/2011,-0.01720503,0.000707285,-0.011766662,0.001980722
11/24/2011,-0.002159821,-0.000997684,0.000844698,-0.001689631
11/25/2011,-0.002901706,-0.004590786,-0.004028187,0.002423434
11/28/2011,0.031834081,-0.000467721,0.006766409,0.005843379
11/29/2011,0.00607891,-0.001550313,0.013182324,0.002126902
11/30/2011,0.036179377,-0.000435877,0.005437316,0.004420739
12/1/2011,0.00019007,0.001280476,-0.001364338,0.002123317
12/2/2011,0.002491531,0.002358266,0.002602008,-0.001323688
12/5/2011,0.008535104,0.002390542,-0.005912247,-0.000202424
12/6/2011,-0.001860738,-1.79E-06,0.003997401,-9.79E-05
12/7/2011,0.005817584,0.002345022,-0.00994236,-0.001740643
12/8/2011,-0.019549395,0.001142299,-0.006527054,-0.004055426
12/9/2011,0.014218006,-0.001854927,-0.006121125,-0.00129453
12/12/2011,-0.01626127,0.001265506,-0.013036616,0.002147501
12/13/2011,-0.006082078,0.001099529,0.010050353,0.001654927
12/14/2011,-0.012590898,0.001355102,-0.036696994,-0.007649759
12/15/2011,0.003144171,0.000861608,-0.002983523,-0.001307514
12/16/2011,-0.000853847,0.002216889,0.001937849,-0.001348684
12/19/2011,-0.008735974,0.001223341,0.000327272,-0.000410464
12/20/2011,0.025724736,-0.002302953,0.018898582,0.007576011
12/21/2011,0.000534093,-0.001129727,0.007750292,0.003163582
12/22/2011,0.009008193,-0.000118082,0.00539819,-0.000761698
12/23/2011,0.008372391,-0.002930426,-0.001366322,0.002000121
12/27/2011,4.59E-05,0.000396478,0.009310812,-0.002408501
12/28/2011,-0.011213676,0.002600769,-0.010122059,-0.008029707
12/29/2011,0.008679028,0.001269512,-0.004786185,-0.002415165
12/30/2011,-7.00E-05,0.001434741,0.000319877,-0.001284273
1/3/2012,0.014483696,-0.002716616,0.025658855,0.006491525
1/4/2012,-0.00014112,-0.001022832,0.008801841,0.006309667
1/5/2012,-0.002247541,0.000182099,-0.016318019,0.001417594
1/6/2012,-0.001186824,0.001031723,0.004649809,0.000592169
1/9/2012,9.82E-05,0.000604999,0.000989258,-0.000541129
1/10/2012,0.010257184,-0.001004536,0.00368995,-0.000384575
1/11/2012,0.000427199,0.003185508,-0.013458,-0.006147998
1/12/2012,0.001921007,0.00079207,-0.011900955,-1.96E-05
1/13/2012,-0.001283807,0.002725825,-0.007549129,0.000589253
1/16/2012,0.000303003,0.000453504,0.002268681,-9.16E-05
1/17/2012,0.003279324,0.000297981,-0.001463666,0.001808665
1/18/2012,0.008040166,-0.000829387,-0.003319974,0.001673177
1/19/2012,0.0079568,-0.002737337,-0.003789721,0.003611443
1/20/2012,0.000529878,-0.002276616,-0.00545533,0.002528751
1/23/2012,0.001657071,-0.00127345,0.020545618,0.002189108
1/24/2012,-0.000784231,-1.07E-05,0.002547329,0.001877511
1/25/2012,0.005058011,0.002602643,0.01291603,0.001074
1/26/2012,-0.000365528,0.004456966,-0.000194315,0.004287867
1/27/2012,-0.002992669,0.002483273,0.007072189,-0.001099556
1/30/2012,-0.004665218,0.001397632,-0.010462638,9.34E-06
1/31/2012,0.000400845,0.001394474,-0.011128736,0.000495803
2/1/2012,0.009652583,5.67E-05,-0.004849134,0.007807836
2/2/2012,0.002996199,0.000644734,0.007934574,0.002374256
2/3/2012,0.01096207,-0.004498071,0.008533975,0.000220776
2/6/2012,-1.71E-05,0.001574432,0.006848306,0.001278454
2/7/2012,0.003213641,-0.002657632,-0.002978558,0.003714145
2/8/2012,0.001722156,-0.000602723,-0.000853655,-0.001243683
2/9/2012,0.001267537,-0.001319129,0.007165444,-0.001363362
2/10/2012,-0.006871237,0.002964045,-0.008411202,-0.002980085
2/13/2012,0.005664211,-0.000964083,0.004041205,0.000108788
2/14/2012,-0.000489533,0.002371447,0.001735915,-0.000188913
2/15/2012,-0.000296364,-0.000104156,-0.000865034,-0.000627377
2/16/2012,0.005818458,-0.001943764,0.008368077,0.004638144
2/17/2012,0.005470197,-0.000585218,0.007425896,0.003045706
2/20/2012,0.002518365,-1.63E-05,0.002168859,-0.002267748
2/21/2012,0.000453122,-0.001029563,0.008350536,0.004653868
2/22/2012,-0.002444131,0.001735356,0.00402468,-0.001738966
2/23/2012,0.00308987,0.00101143,0.003190952,0.002688063
2/24/2012,0.00133001,0.000593832,0.004319983,-0.004877469
2/27/2012,0.001112198,0.002421623,-0.00711395,-0.003771501
2/28/2012,0.003540589,0.001078729,-0.010678549,0.000231469
2/29/2012,-0.004668278,-0.001179088,0.003813808,0.000564979
3/1/2012,0.00698332,-0.001249701,0.00164024,0.004463663
3/2/2012,-0.00250131,0.002797415,-0.006762721,-0.003590914
3/5/2012,-0.004135704,-0.001048178,-0.009498975,-0.001575763
3/6/2012,-0.017814781,0.002024453,-0.012867414,-0.003968015
3/7/2012,0.005905707,-0.000120702,-0.000344508,0.001118117
3/8/2012,0.012236242,-0.00071839,0.004376942,0.003817062
3/9/2012,0.005146547,-0.000843781,0.007593231,0.004623347
3/12/2012,-0.000758022,0.000672446,-0.006039057,0.000364366
3/13/2012,0.015474506,-0.002982399,0.008124179,0.001917821
3/14/2012,0.000920846,-0.00764723,-0.006204891,0.00405398
3/15/2012,0.004808318,-0.001853735,-0.000150821,0.000346054
3/16/2012,0.002133769,-0.001548439,0.0092035,0.001224164
3/19/2012,0.002648447,-0.002114237,0.003189621,0.000893374
3/20/2012,-0.004320923,-0.000477913,-0.014045063,0.001344544
3/21/2012,-0.001911035,0.00290729,0.002144426,-0.004237654
3/22/2012,-0.006298931,0.001044617,-0.012996026,-0.00148141
3/23/2012,0.002160908,0.001765574,0.008751483,-0.001748823
3/26/2012,0.012157669,0.000127904,-0.000148337,0.001735905
3/27/2012,-0.003265445,0.002305147,-0.003138824,-0.004056812
3/28/2012,-0.004883526,0.000867395,-0.01026776,-0.000934627
3/29/2012,-0.004638586,0.001235771,-0.02113991,0.001644279
3/30/2012,0.004082182,-0.000901885,0.008039939,8.99E-05
4/2/2012,0.007214814,0.000178526,0.014899335,-0.000576353
4/3/2012,-0.004542134,-0.003204817,-0.000225396,0.001586528
4/4/2012,-0.014115823,0.000562306,-0.018709867,-0.00639854
4/5/2012,-0.0019206,0.002940323,0.001890204,-0.002157865
4/9/2012,-0.008542466,0.001042482,-0.003064312,-0.001239004
4/10/2012,-0.014058304,0.002467891,-0.016562959,0.001001239
4/11/2012,0.003672488,-0.000562471,0.000886375,0.006933964
4/12/2012,0.014890654,-0.000527909,0.010209104,0.001654279
4/13/2012,-0.013573385,0.001692702,-0.008279421,-0.003701327
4/16/2012,-0.000571629,0.000556762,-0.007923813,-0.001977627
4/17/2012,0.013757585,-0.001058778,-0.0010712,0.003370202
4/18/2012,-0.002808485,0.000243128,-0.008676711,-0.000705553
4/19/2012,-0.004353834,0.000488874,-0.000986759,-0.004395267
4/20/2012,0.002401427,-0.000845238,0.006600364,0.001928153
4/23/2012,-0.011749528,0.002022231,0.002882429,-0.001204915
4/24/2012,0.005762223,-0.000682605,-0.00107416,0.003517737
4/25/2012,0.011927534,-0.000250177,0.010408185,-0.000258215
4/26/2012,0.004873534,0.001699457,0.00307884,0.001512545
4/27/2012,0.002117023,0.000995682,0.007462106,0.000635304
4/30/2012,-0.003310962,0.001535952,0.007882481,-0.001117176
5/1/2012,0.002974954,-0.000904973,0.007081473,0.000434931
5/2/2012,-0.002348467,0.001022469,-0.018711792,-0.000443497
5/3/2012,-0.006363235,0.000679667,-0.004706382,-0.001232126
5/4/2012,-0.015175427,0.002835768,-0.017537227,-0.002408938
5/7/2012,0.000690981,0.001175096,0.00142586,0.000236566
5/8/2012,-0.006829266,0.001201921,-0.002486987,-0.002234603
5/9/2012,-0.00559993,-0.000529338,0.003033995,-0.000798476
5/10/2012,0.004739023,-0.000421698,0.001026994,0.001628226
5/11/2012,-0.003794117,0.001774508,-0.006586975,-0.00438757
5/14/2012,-0.012385558,0.001043373,-0.01324777,7.37E-05
5/15/2012,-0.005203698,-0.001268964,0.006258169,0.001474964
5/16/2012,-0.005212533,0.000801972,0.00406308,-2.14E-05
5/17/2012,-0.012218238,0.001424254,-0.002367813,-0.007155089
5/18/2012,-0.009776777,0.001149958,0.006951033,0.004727654
5/21/2012,0.015041106,-0.001242461,-0.002219476,0.004714976
5/22/2012,0.004662181,-0.000271196,-0.002913424,0.000972583
5/23/2012,-0.00502955,0.002831531,-0.014893506,-0.005586167
5/24/2012,0.005430792,0.000316072,-0.000665498,0.003608403
5/25/2012,-0.00371038,0.000823203,-0.001508448,-0.002560627
5/28/2012,-0.000100829,-0.000424416,0.000793411,0.001278053
5/29/2012,0.012264396,0.000568153,-0.012744534,-0.004116609
5/30/2012,-0.016985587,0.003853299,-0.020063273,-0.003716409
5/31/2012,-0.000559311,0.003070496,-0.009862693,0.00154603
6/1/2012,-0.022658843,0.005511171,-0.022310803,-0.004563062
6/4/2012,-0.002555243,-0.001860087,0.009295615,-0.00011462
6/5/2012,0.008785436,-0.001581774,0.001623911,0.003524389
6/6/2012,0.022021122,-0.003796944,0.009651414,0.006390332
6/7/2012,0.002946516,-0.001300683,-0.006143458,-0.003622026
6/8/2012,0.003945895,0.001151322,-0.003006879,-0.002047287
6/11/2012,-0.010137291,-0.000371706,-0.01039312,-0.001036005
6/12/2012,0.011196551,-0.003746748,-0.000174776,-0.000748985
6/13/2012,-0.005810952,0.000855246,-0.008082603,0.000464195
6/14/2012,0.009049231,-6.05E-05,0.023942249,-0.002484308
6/15/2012,0.007950399,0.003044768,0.000144915,0.002388522
6/18/2012,0.003373461,-0.00063333,0.009367612,-0.000292866
6/19/2012,0.008231981,-0.000811467,0.004019391,0.001675358
6/20/2012,0.001765029,-0.001435185,-0.013687473,0.001287161
6/21/2012,-0.017971852,0.001651011,-0.018053739,-0.007756761
6/22/2012,0.002428227,-0.001557469,0.007262489,-0.001374895
6/25/2012,-0.014637365,0.00205833,0.012244661,-0.001999202
6/26/2012,0.004288363,-0.001428474,0.010240766,0.002014149
6/27/2012,0.008517695,0.000383494,0.004665951,0.001228393
6/28/2012,-0.001448279,0.001496342,-0.015336696,-0.001602165
6/29/2012,0.025840932,-0.001464197,0.047315078,0.002750322
7/2/2012,0.002670512,0.003801163,-0.001115932,-0.004484915
7/3/2012,0.008780527,-0.000997008,0.03067727,0.00199466
7/4/2012,0.000267888,-3.76E-05,-0.003150259,-0.000757297
7/5/2012,-0.004437546,0.001296457,0.007770935,0.001026028
7/6/2012,-0.008274587,0.002708021,-0.026492455,-0.003668465
7/9/2012,-0.003498858,0.000631622,0.019713701,-0.001567255
7/10/2012,-0.006285513,0.001175334,-0.019166851,0.001353242
7/11/2012,4.20E-05,0.001412371,0.012729738,0.000456032
7/12/2012,-0.006628063,0.001172882,0.0042209,-0.001863383
7/13/2012,0.013962156,-0.001186605,0.009925048,0.001331098
7/16/2012,-0.001775076,0.001490533,0.008023767,-0.001177918
7/17/2012,0.005990888,-0.000320442,0.000471193,0.000244096
7/18/2012,0.006422835,0.001087754,0.017756347,0.000846755
7/19/2012,0.005093327,-0.000807147,0.019091319,0.002393246
7/20/2012,-0.011001753,0.001401017,0.002152956,-0.002809569
7/23/2012,-0.013754524,-6.01E-05,-0.019747323,-0.003009489
7/24/2012,-0.00922287,-0.001024856,-0.003638321,-0.002204329
7/25/2012,0.002323972,0.000326861,0.000419767,-0.001674365
7/26/2012,0.016433649,0.00054063,0.002049007,-0.002149323
7/27/2012,0.019036075,-0.004211268,0.005232572,0.010291362
7/30/2012,0.002191452,0.001327821,0.01485416,-0.000398767
7/31/2012,-0.003399823,0.001340686,-0.010103481,0.002410882
8/1/2012,-0.00163452,-0.001919028,-0.001168986,0.002419699
8/2/2012,-0.007851523,0.001695862,-0.019852724,-0.0028042
8/3/2012,0.018871518,-0.002940856,0.017229135,0.005405359
8/6/2012,0.003570768,0.001127232,0.004175899,-0.000276869
8/7/2012,0.006309497,-0.003400368,0.010630933,0.005343526
8/8/2012,0.000899435,0.000145285,0.001633988,-0.001574206
8/9/2012,0.002523295,-0.000192559,0.005294078,0.000118969
8/10/2012,-0.000226071,0.001864402,-0.013128886,-0.004051719
8/13/2012,-0.000877033,-0.000606983,-0.006587238,-0.000247652
8/14/2012,0.001421432,-0.002320949,0.007013579,0.001830907
8/15/2012,0.000635546,-0.003383987,0.003356179,-0.000948738
8/16/2012,0.007353074,-0.001730892,0.003883761,-7.91E-05
8/17/2012,0.003162982,0.00139327,0.000450607,-0.001930284
8/20/2012,-0.000631517,-4.29E-05,0.005956777,-0.000723466
8/21/2012,0.000291692,0.000633342,0.008897959,0.001429236
8/22/2012,-0.003132858,0.003873011,0.003993764,-5.07E-06
8/23/2012,-0.006605125,0.002538676,-0.002031221,0.002203568
8/24/2012,0.004039492,0.000256929,-0.008722505,0.001005041
8/27/2012,0.000402309,0.001109608,-0.006458074,9.03E-05
8/28/2012,-0.001920714,0.000343261,-0.001158622,0.001394572
8/29/2012,-0.000340892,-0.000578378,0.004129359,0.000312719
8/30/2012,-0.00787756,0.001933269,0.001471799,-0.003885731
8/31/2012,0.004081404,0.001788774,0.011597763,-0.002160107
9/3/2012,0.001196268,0.000115546,0.003211846,0.000728886
9/4/2012,-0.001548132,-0.000666251,-0.000913236,-0.001805548
9/5/2012,-0.001816744,0.000570578,-0.007715648,0.001584593
9/6/2012,0.018852449,-0.002672412,0.001206353,0.003679493
9/7/2012,0.006758745,0.002197891,0.003166725,0.000671041
9/10/2012,-0.006339983,-0.001047434,0.008397677,0.004940525
9/11/2012,0.002352124,0.000584915,0.011128172,0.000396604
9/12/2012,0.006257818,-0.002642927,0.007579919,0.001524407
9/13/2012,0.008485481,0.001815434,0.003852157,0.002062353
9/14/2012,0.009004965,-0.004779324,0.005759134,0.02055003
9/17/2012,-0.003056986,6.01E-05,-0.021428017,-0.003735277
9/18/2012,-0.001879707,0.00139039,-0.011863446,-0.00694642
9/19/2012,0.001519661,0.001374078,-0.013189848,-0.00381899
9/20/2012,-0.00225868,0.000926865,0.000918149,0.002901283
9/21/2012,0.000649118,0.000342424,0.012221132,-0.00770124
9/24/2012,-0.001750651,0.001631358,-0.009576098,-0.002510175
9/25/2012,-0.005981487,0.000500293,0.006006619,-0.000273471
9/26/2012,-0.00947796,0.003610822,-0.004205746,-0.004681992
9/27/2012,0.007846057,-0.000320044,0.01369072,0.002130922
9/28/2012,-0.006237813,0.000640871,0.00778636,-0.000481192
10/1/2012,0.003729283,0.000235755,0.00758864,0.000516894
10/2/2012,0.001819245,0.000679337,-0.001536856,0.00603922
10/3/2012,0.001439759,0.000502352,-0.01921302,0.004506959
10/4/2012,0.006225505,-0.001464523,0.017558179,0.001404509
10/5/2012,0.00249536,-0.00238618,-0.005332228,0.005192187
10/8/2012,-0.004567863,0.001532076,-0.002998017,0.000552475
10/9/2012,-0.008766935,-0.000605433,0.012214114,-0.002128539
10/10/2012,-0.007052273,0.000709123,-0.002891629,-0.00359193
10/11/2012,0.002566505,0.000738223,0.012665805,-0.003085589
10/12/2012,-0.004314704,0.000877638,-0.00995192,-0.001826556
10/15/2012,0.008049169,1.20E-05,-0.008018239,0.002414328
10/16/2012,0.011109863,-0.002353508,0.001142993,-0.001051211
10/17/2012,0.006116908,-0.003765174,0.004004817,0.002382687
10/18/2012,-0.00101021,-0.000895165,0.004166507,-0.000552221
10/19/2012,-0.014650467,0.00223971,-0.009067963,0.002369235
10/22/2012,0.002465701,-0.001216801,-0.013640456,0.004797726
10/23/2012,-0.015168853,0.000971793,-0.00693513,-0.001855492
10/24/2012,-0.000444293,0.000230825,-0.005020851,-0.00290694
10/25/2012,0.00228168,-0.002450874,0.000754398,-0.001398907
10/26/2012,-0.001115472,0.003183537,-0.000928094,-0.000533162
10/29/2012,-0.000976472,0.001161704,-0.000921127,0.001128
10/30/2012,0.001787951,-0.000150244,-0.004712828,8.69E-05
10/31/2012,-0.000799181,0.001318053,0.00236767,0.003173777
11/1/2012,0.010275543,-0.000722243,0.001662671,0.000502979
11/2/2012,-0.007352746,-0.000288398,-0.021612644,-0.00504096
11/5/2012,0.001888748,0.001703188,0.002565526,-0.000757272
11/6/2012,0.007574698,-0.000985047,0.019891699,0.004778031
11/7/2012,-0.021014066,0.004006958,-0.017845209,-0.005845662
11/8/2012,-0.008132075,0.001086698,0.003084753,0.004467652
11/9/2012,-0.000444534,0.000888027,-0.001026948,-0.005865389
11/12/2012,0.000357573,2.41E-05,-0.000628082,0.00114477
11/13/2012,-0.003573319,0.001049932,0.003533249,-0.00174512
11/14/2012,-0.010664688,-0.000423115,0.006108017,-0.003036373
11/15/2012,-0.002381724,0.000563626,-0.006220809,-0.001852938
11/16/2012,0.003601351,0.001109671,0.004695701,0.001205427
11/19/2012,0.017461612,-0.001785204,0.014941172,0.001785157
11/20/2012,0.002534646,-0.002090161,-0.003477566,0.001020342
11/21/2012,0.002469567,-0.001025146,0.006076885,-0.000388453
11/22/2012,0.002642263,0.000162467,-0.000391926,0.000844658
11/23/2012,0.009788793,-9.74E-05,0.00570302,0.000938533
11/26/2012,-0.001608487,0.001281437,-0.008279569,-0.000549916
11/27/2012,-0.002085399,0.000790789,0.001373925,-0.000928683
11/28/2012,0.004278065,0.003139017,-0.006476913,0.000487284
11/29/2012,0.007822459,0.000311964,0.002844423,0.005640961
11/30/2012,-0.000318723,0.000806936,-0.003234308,0.000425023
12/3/2012,-0.003427528,-0.000772316,0.002881685,0.001103562
12/4/2012,-0.00101499,0.000800147,-0.0094154,0.001052122
12/5/2012,0.002321142,0.00145077,0.005793717,0.001100809
12/6/2012,0.003714534,0.000719115,-0.008810663,-0.000349585
12/7/2012,0.001793809,-0.001133933,-0.007525391,0.002308799
12/10/2012,0.002375948,-0.00097753,-0.004567109,-0.000604867
12/11/2012,0.006792834,-0.000862677,-0.001331232,1.77E-05
12/12/2012,-0.001029324,-0.001189393,0.004191596,-0.001609084
12/13/2012,-0.00414665,-0.002114814,-0.008552409,-0.002627174
12/14/2012,-0.001064973,9.64E-05,0.006416722,-0.000262093
12/17/2012,0.00866213,-0.001829043,0.00096928,0.001116213
12/18/2012,0.008516878,-0.002289529,0.004375414,-9.71E-05
12/19/2012,-0.001095957,0.000949642,-0.000456322,-0.00028705
12/20/2012,0.002661364,0.000349038,0.001568159,-0.000719082
12/21/2012,-0.008032098,0.001724917,-0.002784819,-0.000117987
12/24/2012,-0.003006056,-0.000673521,-0.005617397,-0.000950352
12/26/2012,-0.001917443,0.000218423,0.010002082,-0.00017155
12/27/2012,-0.000165976,0.001918725,-0.00073114,-0.001954483
12/28/2012,-0.014864899,0.000548877,0.000152307,0.000285091
12/31/2012,0.01825708,-0.000643269,-0.00326776,-0.001173496
1/2/2013,0.022565462,-0.003427549,0.003473923,0.000980389
1/3/2013,-0.000723128,-0.00264673,-0.0058873,-0.000428347
1/4/2013,0.004404402,-0.001887281,-0.0024016,-0.000444541
1/7/2013,-0.002134293,0.000630382,0.002329759,0.00133334
1/8/2013,-0.002848413,0.00193676,-0.000228525,-0.002486913
1/9/2013,0.003616686,0.00090149,-0.005928672,0.001985538
1/10/2013,0.006118514,-0.001740628,0.007995917,0.001495422
1/11/2013,0.001586733,0.001112595,0.001295714,-0.001483164
1/14/2013,-0.001383708,0.00074009,0.009072142,0.000140944
1/15/2013,0.000724218,0.001869891,0.000338374,-0.000435531
1/16/2013,-0.001425264,0.000682672,0.00085663,-0.003479381
1/17/2013,0.006715925,-0.002135226,0.007932069,0.003469797
1/18/2013,0.003525601,0.001391555,0.005516136,-0.001264616
1/21/2013,-0.000335576,-0.000585836,6.88E-05,-0.002848056
1/22/2013,0.004507884,0.001068455,0.0037524,0.002029665
1/23/2013,-0.000929585,0.000740274,-0.001850325,-0.002372143
1/24/2013,0.00326575,-0.000347412,-0.002540502,0.001139111
1/25/2013,0.004653973,-0.003747447,-0.001454468,0.001776361
1/28/2013,0.000576999,-0.002328388,-0.002992284,0.000945491
1/29/2013,0.004609067,-0.000110617,0.003612532,-5.81E-05
1/30/2013,-0.004472282,-0.001264028,0.011904855,0.001770443
1/31/2013,-0.002010298,0.001281912,-0.001430328,-0.000748736
2/1/2013,0.007585013,-0.001197084,0.003456148,0.008349144
2/4/2013,-0.009584152,0.000519187,-0.004108761,-0.000762944
2/5/2013,0.00561979,-0.001111467,0.006068171,-0.001496824
2/6/2013,0.001794077,0.001638228,-0.001087852,-0.000853671
2/7/2013,-0.002481927,0.000893726,-0.008071141,-0.000513475
2/8/2013,0.003929426,0.000308079,0.002286369,-0.001313752
2/11/2013,8.04E-07,-0.000412333,-0.002237004,-7.23E-06
2/12/2013,0.003999039,-0.000695604,-0.001583036,0.001147247
2/13/2013,0.001102876,-0.001358294,0.003024507,0.001515624
2/14/2013,5.14E-05,0.001350232,-0.006699534,-0.002579857
2/15/2013,-0.002113351,0.000172572,-0.003859386,-0.003475859
2/18/2013,0.001478759,0.000162435,-0.001837726,0.001025331
2/19/2013,0.007745302,-0.000361081,0.006450024,-0.001012312
2/20/2013,-0.009613228,-6.59E-05,-0.007211243,0.000744308
2/21/2013,-0.007650758,0.002373088,-0.013438188,-0.004476616
2/22/2013,0.009280417,0.000867276,0.001707037,0.002706098
2/25/2013,-0.009922348,0.002969087,0.005226692,-0.000276091
2/26/2013,-0.003136014,0.000572248,-0.005444943,-0.00237879
2/27/2013,0.012513643,0.000632013,-0.004358005,0.002871485
2/28/2013,0.00261874,0.000760715,8.49E-05,0.002559797
3/1/2013,0.001091662,0.001662817,-0.00786145,0.000742146
3/4/2013,0.003938093,-0.000447751,0.001612429,0.00094755
3/5/2013,0.008942386,-0.000916374,0.005778163,0.001580826
3/6/2013,0.002445538,-0.000825225,-0.007227035,-0.000266748
3/7/2013,0.002454319,-0.002253539,0.010713415,0.001238706
3/8/2013,0.006659635,-0.002213879,0.003709527,-0.001009829
3/11/2013,0.003460706,-5.63E-05,0.000574618,0.000286735
3/12/2013,-0.001893272,0.001919727,0.000586462,0.001231912
3/13/2013,9.96E-05,-0.000260778,-0.003079512,-0.002707624
3/14/2013,0.00512919,0.00013634,0.00790885,0.002142032
3/15/2013,-0.000563544,0.002313884,0.003229563,-0.001855523
3/18/2013,-0.006154181,0.00243835,-0.004262484,-0.000161513
3/19/2013,-0.002393544,0.00169044,-0.004902275,-0.002439665
3/20/2013,0.00472628,-0.000728157,0.006308529,0.002501102
3/21/2013,-0.005799749,0.000752309,-0.003747788,-0.001804836
3/22/2013,0.004637444,0.001025452,0.001677357,0.000182665
3/25/2013,-0.002328618,7.42E-05,-0.00041063,-0.00032344
3/26/2013,0.003766147,0.000753799,0.009225928,0.001866353
3/27/2013,-0.000360087,0.001879261,0.006671225,-0.001808486
3/28/2013,0.00252615,-0.000339163,-0.007243776,5.24E-05
4/1/2013,-0.004274201,0.000593897,-0.00313453,-0.001230362
4/2/2013,0.006107776,-0.000378614,-0.004804449,0.000166069
4/3/2013,-0.008050232,0.002356162,-0.016278418,-0.002515781
4/4/2013,0.002324996,0.003632408,-0.004445737,-0.001132789
4/5/2013,-0.006577303,0.000502079,0.000799327,-0.001567343
4/8/2013,0.00848692,-0.000479506,0.003143098,0.000737222
4/9/2013,0.002707725,-0.00047045,0.004414359,-0.000774819
4/10/2013,0.013002806,-0.002808721,0.000202013,-0.002408127
4/11/2013,0.004294854,0.00120712,-0.002463012,0.001168944
4/12/2013,-0.004862669,0.000853922,-0.008187274,-0.001184049
4/15/2013,-0.019581674,0.000264254,-0.023297382,-0.002623685
4/16/2013,0.010612758,0.000378171,0.004547434,-0.000421474
4/17/2013,-0.013224357,0.001324277,-0.008368291,-0.005899885
4/18/2013,-0.005885574,0.001072006,0.01286864,-0.001021782
4/19/2013,0.008026887,-0.000384062,0.0010756,-0.000865412
4/22/2013,0.005146818,0.001029062,-0.003121167,0.003324416
4/23/2013,0.01258029,0.000806157,-0.00449963,0.004564593
4/24/2013,0.00487691,-3.48E-05,0.00638388,-0.000253706
4/25/2013,0.004583454,-0.000534697,0.014302729,0.0026768
4/26/2013,-0.003204862,0.001800974,-0.003636243,-0.002551932
4/29/2013,0.007556682,0.001034542,0.016167118,3.28E-05
4/30/2013,0.00156414,-0.000221594,-0.008231689,-0.004444476
5/1/2013,-0.007173619,0.001260907,-0.018331775,-0.006175722
5/2/2013,0.006962268,0.001948228,0.00384212,-0.002532365
5/3/2013,0.009162479,-0.004348218,0.012493648,0.002314895
5/6/2013,0.002216076,-0.001131319,0.000134417,0.000740661
5/7/2013,0.006167321,-0.001260044,-0.005459258,0.003272219
5/8/2013,0.006456742,0.001033362,0.005730593,-0.002972339
5/9/2013,-0.002131685,-0.000610724,0.00302066,0.000728743
5/10/2013,0.005182199,-0.005713421,-0.010262683,0.006252818
5/13/2013,0.000529216,-0.001690847,9.48E-05,-0.001501702
5/14/2013,0.008668158,-0.002489629,-2.02E-05,-0.000573324
5/15/2013,0.004647645,-0.000273329,-0.001245497,-0.002938968
5/16/2013,-0.002889283,0.004133425,-0.000660836,-0.004306225
5/17/2013,0.008083547,-0.001130027,0.008696224,-0.000446391
5/20/2013,0.002381562,-0.001567493,0.005860568,0.000291919
5/21/2013,0.001180705,-0.000804203,-0.001012606,0.000630098
5/22/2013,-0.001739272,-0.002051137,-0.004640335,-0.001480538
5/23/2013,-0.011652753,0.000105641,0.000765236,-0.000509104
5/24/2013,-0.000821909,-0.000569932,-0.002457868,0.001277632
5/27/2013,-0.00157559,0.00043931,0.00022903,-0.003306324
5/28/2013,0.006180185,-0.005301422,0.00572353,0.007134213
5/29/2013,-0.007358658,-0.001720119,-0.008657175,-0.004673368
5/30/2013,0.000410433,0.001555976,-0.005927637,-0.002165117
5/31/2013,-0.011582991,-0.001257667,-0.008446369,0.001373527
6/3/2013,-0.001505891,0.001596506,0.010057267,-0.003774369
6/4/2013,0.000489966,-0.001337337,0.003564211,0.002997659
6/5/2013,-0.016873145,0.001855729,-0.000979575,-0.005258413
6/6/2013,0.003033512,-0.00014838,-0.003108926,-0.006756958
6/7/2013,0.008159049,-0.002463272,0.004146561,0.008622232
6/10/2013,0.006255031,-0.002370706,-0.00498627,-0.003770188
6/11/2013,-0.010000498,-0.00113064,-0.007748753,-0.00347944
6/12/2013,-0.008845931,-0.001183096,0.003148005,0.000583752
6/13/2013,0.006896894,0.002247455,0.004175312,-0.005110774
6/14/2013,-0.002849318,0.004465279,0.002905003,0.004202951
6/17/2013,0.010542295,-0.001487136,0.003843177,-0.000876277
6/18/2013,0.004875675,-0.000652841,0.003187076,0.003848881
6/19/2013,-0.008476991,-0.004834143,0.006968688,0.004788153
6/20/2013,-0.025593351,-0.008050077,-0.028879778,-0.012957656
6/21/2013,-0.000398745,-0.005817243,-0.010009155,-0.002598394
6/24/2013,-0.013282747,-0.004672112,-0.002937318,-0.005581094
6/25/2013,0.009232874,-0.000657981,-0.000553686,0.006086398
6/26/2013,0.008953362,0.003809869,-0.000879268,0.001689984
6/27/2013,0.009871894,0.003991302,-0.000388251,0.007383655
6/28/2013,-0.001735606,-0.000168639,-0.00673368,-0.00404885
7/1/2013,0.005480957,-0.000359662,0.006842745,0.000773779
7/2/2013,0.00128023,0.001128961,0.007947204,0.001359123
7/3/2013,-0.002135506,-0.001212633,0.0100044,-0.002678217
7/4/2013,0.005113844,0.000773681,-0.00109329,-0.00076576
7/5/2013,0.007662028,-0.007740465,-0.001629365,0.003122573
7/8/2013,0.004905691,0.00247293,0.009279605,0.001532596
7/9/2013,0.008158031,0.001725628,0.000887794,-3.16E-05
7/10/2013,0.001040344,-0.000579149,0.008964772,-0.000369774
7/11/2013,0.01167262,0.005463079,-0.002324663,-0.005926014
7/12/2013,-0.000374805,0.000105755,0.00241898,0.004424298
7/15/2013,0.004114995,0.001311718,0.000587302,0.002185716
7/16/2013,-0.00293187,0.000836153,0.00412817,0.00455323
7/17/2013,0.00245313,0.001779292,-0.002282894,0.000253375
7/18/2013,0.004976934,6.21E-05,0.010618692,-0.001641881
7/19/2013,0.003309032,0.001321312,-0.000649544,0.006146891
7/22/2013,0.000960979,0.000833829,-0.003154773,-0.000950535
7/23/2013,-0.000465839,-0.0011278,0.001229366,-0.001203177
7/24/2013,-0.00090254,-0.00334966,-0.009440202,-0.003685921
7/25/2013,-0.001696137,-0.001432302,-0.005236632,-3.78E-05
7/26/2013,-0.001061735,0.002174372,-0.008519936,-0.002364807
7/29/2013,-0.00408399,-0.000744076,-0.004317058,-4.72E-05
7/30/2013,0.002870466,-0.000139162,-0.007505299,-0.00030205
7/31/2013,-0.003354848,-5.19E-07,0.007827929,0.002991425
8/1/2013,0.012578815,-0.004383768,0.004285393,0.004464744
8/2/2013,0.004288,0.004717806,-0.005688208,-0.004360969
8/5/2013,-0.001791279,-0.000697266,-0.004457114,0.00353643
8/6/2013,-0.003963313,-0.000258556,-0.006720442,0.0013395
8/7/2013,-0.005951933,0.001855857,-0.006622325,-0.000770306
8/8/2013,0.00239353,0.001050357,0.004762779,-0.000997644
8/9/2013,-0.001890036,0.000137709,0.005180967,0.000582996
8/12/2013,0.000285321,-0.000569704,0.012621549,0.000945972
8/13/2013,0.00473794,-0.005806894,0.001041109,-0.001419064
8/14/2013,-0.002112052,-8.01E-05,0.006804059,-0.003287428
8/15/2013,-0.013574563,-0.002356811,0.011273195,-0.002544982
8/16/2013,-0.001975065,-0.002292993,-0.000563079,-0.001654544
8/19/2013,-0.003544303,-0.002833431,0.005348998,-0.000823861
8/20/2013,-0.001003061,0.003600988,-0.005723311,0.001070061
8/21/2013,-0.007253527,-0.002434428,-0.002622379,0.001303488
8/22/2013,0.009880981,-0.002479516,0.0024745,-0.004731868
8/23/2013,0.005947885,0.002199583,0.007023758,0.002181537
8/26/2013,-0.003330028,0.001120634,0.007190225,0.002247843
8/27/2013,-0.014995799,0.003967207,0.01151784,-0.000291715
8/28/2013,-0.000680875,-0.001701416,0.005088253,0.001513377
8/29/2013,0.003916191,0.001838259,-0.004699778,-0.002587457
8/30/2013,-0.004627677,-0.00047924,-0.00954111,-0.003744708
9/2/2013,0.004344392,-0.000986381,0.000541516,0.000304783
9/3/2013,0.004815395,-0.003801902,0.008224918,-0.000319281
9/4/2013,0.006732604,-0.002168155,-0.006717442,-0.004407278
9/5/2013,0.000626841,-0.005188874,-0.00345886,-0.000277838
9/6/2013,0.000665301,0.003228498,0.006276781,0.000678563
9/9/2013,0.008329871,0.002287919,-0.004510172,-0.000378148
9/10/2013,0.009276304,-0.002876518,-0.01066165,0.001952448
9/11/2013,0.002948684,0.002596673,0.001026436,0.004036028
9/12/2013,-0.002221238,0.001231967,0.008167549,-0.001456281
9/13/2013,0.00190609,0.000567258,-0.001914541,-0.000231973
9/16/2013,0.005722269,0.002937122,-0.00464695,0.000747012
9/17/2013,0.002161715,0.000525606,-0.008979865,0.004083042
9/18/2013,0.009066284,0.005534216,0.009051772,0.000862458
9/19/2013,0.002969679,0.000934102,0.001349311,0.007911314
9/20/2013,-0.006558313,-0.000308842,-0.009486757,-0.001394566
9/23/2013,-0.005162944,0.001451078,-0.008251919,0.000377527
9/24/2013,0.000462172,0.003829256,-0.005616981,-0.00526954
9/25/2013,-0.003300167,0.002100299,0.002767875,-0.002114544
9/26/2013,0.003948862,-0.001553948,0.003896684,0.00121637
9/27/2013,-0.003314591,0.001531687,0.000545185,-0.000618195
9/30/2013,-0.008318329,0.000340034,-0.007248084,-0.001730998
10/1/2013,0.008186895,-0.000609235,-0.003883614,0.004429311
10/2/2013,-0.005218667,0.00181781,0.006418725,-1.94E-05
10/3/2013,-0.006324799,0.000846078,-0.002311214,-7.50E-05
10/4/2013,0.006514154,-0.001979145,0.003004448,0.000624674
10/7/2013,-0.008548574,0.00107412,0.006731209,0.000431006
10/8/2013,-0.008169415,-0.000577296,0.005382997,-0.002238609
10/9/2013,-0.000854819,4.29E-05,-0.009050582,0.000534259
10/10/2013,0.019500432,-0.001886159,0.010615852,0.002354383
10/11/2013,0.008286904,0.000972262,-0.00267333,-0.001867155
10/14/2013,0.002055787,-0.000756506,0.003334013,-8.62E-05
10/15/2013,-0.002868406,-0.001301661,-0.004451443,0.000290552
10/16/2013,0.009031143,0.001522474,0.004939786,0.000440278
10/17/2013,0.006476628,0.004326354,-0.00566478,-0.004562514
10/18/2013,0.005508152,0.000968568,0.004693733,-0.000252334
10/21/2013,0.00204981,-0.000913872,-0.006767027,-6.03E-05
10/22/2013,0.005756224,0.004605457,-0.003717315,-0.001350045
10/23/2013,-0.005394055,0.001718816,-0.00895951,1.55E-05
10/24/2013,0.004254242,-0.001278704,-0.000302742,-0.002940451
10/25/2013,0.000503169,0.000785583,0.003598251,0.004659404
10/28/2013,0.00314769,-0.000139765,-0.001407623,0.000104374
10/29/2013,0.004235841,0.001354405,-0.003529245,-0.001000961
10/30/2013,-0.001727692,0.000116714,0.000516,-0.001145508
10/31/2013,-0.00461408,-0.000613441,-0.009173184,-8.88E-07
11/1/2013,-0.000146786,-0.002778862,-0.01453181,-0.00395206
11/4/2013,0.00385184,0.000883061,-0.005551864,-0.000162814
11/5/2013,-0.003521911,-0.003284836,-0.003584572,0.000820567
11/6/2013,0.005485398,0.001087328,0.002978172,0.003144273
11/7/2013,-0.009121434,0.00243386,-0.004617984,-0.001074566
11/8/2013,0.00741176,-0.005378288,0.00739589,-0.00089283
11/11/2013,0.002521485,-0.000654188,0.004181757,0.000780529
11/12/2013,-0.000575167,-0.001167113,-0.003532556,0.000699684
11/13/2013,0.004090298,0.002585502,0.001069373,-0.000961724
11/14/2013,0.006323282,0.003031072,0.005050003,0.000556644
11/15/2013,0.004629082,-0.00099956,0.001186874,-0.000315471
11/18/2013,-0.000591597,0.001719578,-0.005672344,0.002216512
11/19/2013,-0.002860192,-0.001391938,-0.00523496,-0.002516141
11/20/2013,-0.002710278,-0.001597896,0.006668721,-0.002037992
11/21/2013,0.006651104,-0.001123172,0.010529439,0.003714308
11/22/2013,0.003429685,0.001145944,0.006061505,-0.001730394
11/25/2013,0.002276877,0.000714918,-0.00041925,-0.000768955
11/26/2013,-0.001754469,0.002881769,0.000139981,-0.001636493
11/27/2013,0.001341269,-0.001225602,-0.001361002,0.000425178
11/28/2013,0.001279936,0.000157865,-0.000437187,-0.000562882
11/29/2013,-2.10E-05,-0.000430502,0.003702993,-0.000933763
12/2/2013,-0.002581887,-0.003335497,0.002513968,0.000413819
12/3/2013,-0.006710842,0.001048694,0.005267959,-0.001036544
12/4/2013,-0.002138353,-0.003285508,0.003330335,-0.001442359
12/5/2013,-0.006201292,-0.002274316,0.002573229,-0.000336342
12/6/2013,0.01019391,-0.000675583,0.002086719,-0.00037404
12/9/2013,0.003331511,0.00110788,0.001585536,-0.00039679
12/10/2013,-0.003913068,0.002921515,0.002916714,-0.000377453
12/11/2013,-0.010299287,-0.001116066,0.00421625,0.000788165
12/12/2013,-0.004858593,-0.001606701,-0.003863712,0.001969576
12/13/2013,0.000146919,-5.41E-05,-0.003559747,0.000742747
12/16/2013,0.00610486,0.000321516,0.002602414,0.001122125
12/17/2013,-0.003773822,0.001693409,-0.002962494,0.000259792
12/18/2013,0.015210432,-0.001470413,0.002103084,0.000313003
12/19/2013,0.00308261,-0.003354178,0.010000542,-0.001960749
12/20/2013,0.006566717,0.000427899,0.00694344,-0.001931405
12/23/2013,0.004987605,-0.001662118,-0.000802607,0.000774656
12/24/2013,0.003189462,-0.001541134,7.74E-05,0.001541769
12/26/2013,0.0033332,-0.000523131,0.000247065,0.000733779
12/27/2013,0.002304235,-0.001444729,0.001114189,0.001515335
12/30/2013,-0.000547701,0.001406671,-0.004142598,-0.000901352
12/31/2013,0.002662664,-0.000703153,-0.011699365,0.001232344
1/2/2014,-0.00716174,0.001050665,-0.008636727,0.001461516
1/3/2014,-5.11E-05,-5.18E-05,-0.006414531,-3.82E-05
1/6/2014,-0.003821466,0.002309164,0.000424142,-0.000181013
1/7/2014,0.004932165,0.002111501,-0.000100904,-0.000982074
1/8/2014,0.001970598,-0.002810566,-0.00869211,0.001871113
1/9/2014,-0.001435014,0.000721517,-0.012357476,0.002010585
1/10/2014,0.003312029,0.005360018,0.008618727,-0.002292076
1/13/2014,-0.008121519,0.001885288,0.007470502,-0.00232201
1/14/2014,0.004584423,-0.00069996,0.003999597,0.000591274
1/15/2014,0.007110514,-0.001271432,0.003953789,0.000350633
1/16/2014,-0.001955078,0.002195078,0.000722944,-0.001795174
1/17/2014,-5.80E-05,0.001149999,0.000227159,-0.000150895
1/20/2014,-0.000323735,0.000586507,-0.001446748,-0.000956372
1/21/2014,0.002020849,-0.000817943,0.003673607,-0.000206195
1/22/2014,0.000381492,-0.001951535,0.012663178,-0.000384506
1/23/2014,-0.007879007,0.004325264,0.001277941,-0.002776565
1/24/2014,-0.022471462,0.002271189,0.013759309,-0.002412768
1/27/2014,-0.006453225,-0.001033576,-0.016787473,0.000928162
1/28/2014,0.006365461,0.001203816,0.013225413,0.000897985
1/29/2014,-0.005902445,0.002559856,0.016625341,-0.001276427
1/30/2014,0.002665364,0.000259046,-0.011401725,0.00092175
1/31/2014,-0.003055231,0.002436579,-0.005195521,-0.003764042
2/3/2014,-0.020972065,0.00296018,-0.002230446,0.005539281
2/4/2014,0.000719298,-0.00114627,0.019193803,-0.001316326
2/5/2014,0.001474701,-0.000853759,0.000172823,1.90E-05
2/6/2014,0.012225925,-0.002249135,0.004574634,-1.98E-05
2/7/2014,0.01384917,0.002147158,0.008578114,0.001528465
2/10/2014,0.001824227,-0.00019972,-0.005605757,0.001161829
2/11/2014,0.00979819,-0.001628137,0.008238313,-0.000538063
2/12/2014,0.002864728,-0.002396392,0.002070328,0.000235151
2/13/2014,0.001875663,0.002984555,0.005148067,-0.001548106
2/14/2014,0.004489679,-0.000189439,0.00159557,-0.0019704
2/17/2014,0.001208473,8.79E-05,0.000615143,-3.21E-05
2/18/2014,0.003258491,0.0018253,0.018746423,-0.000694886
2/19/2014,-0.004466965,-0.00057717,0.010976454,-0.001507453
2/20/2014,0.002497357,-0.001719344,-0.003526606,-0.000219716
2/21/2014,0.002212806,0.000966169,0.003340825,-0.000114668
2/24/2014,0.005489582,-0.00051879,-0.007423017,0.001375472
2/25/2014,0.000866034,0.002152499,-0.000521993,-0.000282407
2/26/2014,-0.001971003,0.001785865,-0.003910308,0.000831149
2/27/2014,0.003994382,0.002239542,-0.003507043,1.51E-05
2/28/2014,0.000837745,-0.00166544,0.007031697,-6.38E-05
3/3/2014,-0.010748488,0.002819424,0.008647153,0.002977289
3/4/2014,0.01595178,-0.002993476,0.003358618,-0.000387854
3/5/2014,0.000500027,-0.000152309,-0.008598033,0.000647357
3/6/2014,0.003072399,-0.002638082,0.007350224,0.002131142
3/7/2014,-0.000679492,-0.001851573,0.000512512,0.000749843
3/10/2014,-0.001781642,0.000864407,-0.006720719,-0.000478586
3/11/2014,-0.0042848,0.000274777,-0.002112332,-0.000987469
3/12/2014,-0.002216846,0.001778349,-0.007285691,-0.002080166
3/13/2014,-0.010438725,0.002933976,-0.004461635,-0.001349402
3/14/2014,-0.006271197,0.000902805,0.005833472,0.000541567
3/17/2014,0.008971601,-0.001619549,-0.005466275,0.000994162
3/18/2014,0.007045577,0.000993445,0.004552938,0.000967531
3/19/2014,-0.00402034,-0.004347828,0.00102776,-0.000552259
3/20/2014,0.003670991,-0.00132302,-0.00809696,-0.005740595
3/21/2014,-0.002516421,0.00061994,-0.000926815,0.002872913
3/24/2014,-0.003682995,0.000424145,0.000370712,0.000120496
3/25/2014,0.005294881,0.000426823,0.006621833,0.000200939
3/26/2014,-0.004329531,0.001616782,-0.000347074,-0.000716948
3/27/2014,0.00023204,0.001088512,0.011177498,-0.001204627
3/28/2014,0.005807163,-0.001553989,0.000205443,-0.000322451
3/31/2014,0.006466938,-0.000716965,-0.004043556,0.000329121
4/1/2014,0.005785262,-0.000567425,-0.010355264,-0.002082222
4/2/2014,0.003543242,-0.002662273,-0.001701418,0.000841937
4/3/2014,0.000684368,0.000398919,0.00998625,0.000302869
4/4/2014,-0.007469615,0.004356323,0.002764837,-0.000556462
4/7/2014,-0.011651832,0.001523486,-0.00106498,-0.000750082
4/8/2014,0.001346043,0.000119781,0.011774338,-0.001513358
4/9/2014,0.007382853,0.000753418,0.005644741,0.001021162
4/10/2014,-0.014982987,0.003287616,0.002428717,0.000964061
4/11/2014,-0.009493221,0.00048671,-0.002923836,-0.000366505
4/14/2014,0.004712394,-0.000741472,0.006134072,-0.000337384
4/15/2014,0.004553043,0.00117199,-0.000481144,-0.000401279
4/16/2014,0.009201428,-0.001140817,0.0014311,0.00379341
4/17/2014,0.003097368,-0.002953829,0.008206961,0.003053203
4/21/2014,0.002401281,-0.000140314,-0.002986012,0.000596769
4/22/2014,0.005445096,-0.000876641,9.35E-06,-0.001068648
4/23/2014,-0.000261486,0.001782244,-0.00051449,-0.00078111
4/24/2014,-0.000114457,-0.000447382,0.004101003,0.001729952
4/25/2014,-0.006205684,0.001296776,-0.00466505,-0.003898025
4/28/2014,0.002147109,-0.000135799,0.000129125,0.001627836
4/29/2014,0.004251397,-0.000490207,0.006331196,-0.00350889
4/30/2014,0.00210717,0.002333311,-0.007854657,0.000258179
5/1/2014,0.001142871,0.001224138,-0.009433658,-0.000108511
5/2/2014,-0.001591548,0.000651507,0.002045036,-0.000876275
5/5/2014,0.000172877,-0.000417626,-0.001651172,0.00157148
5/6/2014,-0.00505323,0.000407937,0.002982047,-0.003336953
5/7/2014,0.002074707,0.000986181,-0.000492228,0.000288016
5/8/2014,0.001524584,0.001659068,-0.005253202,0.000976532
5/9/2014,0.000128136,-0.000533657,-0.003627753,0.000629837
5/12/2014,0.008627319,-0.001716283,-4.42E-05,0.000406462
5/13/2014,0.002471949,0.002114419,0.001485178,-0.001579107
5/14/2014,-0.002764414,0.003635145,0.003904244,0.00013444
5/15/2014,-0.008699743,0.001677871,-0.001634414,0.003116879
5/16/2014,0.002145859,-0.000797848,-0.002383652,-3.38E-05
5/19/2014,0.002236822,-0.000734165,0.003748663,-0.000538128
5/20/2014,-0.005361039,0.000176239,0.001592096,-0.000117207
5/21/2014,0.007301953,-0.000850349,0.001949723,0.001310554
5/22/2014,0.003856443,-0.00099636,-0.003770152,0.000951274
5/23/2014,0.003531346,0.001396213,0.002587567,0.002564157
5/26/2014,0.001983315,0.000695616,-0.000488089,-0.001077676
5/27/2014,0.00480538,0.000689591,-0.001553612,0.001101379
5/28/2014,0.000233874,0.004215676,0.000634311,0.000240127
5/29/2014,0.003421852,-0.000187423,-0.000238079,0.003447284
5/30/2014,0.000707532,-0.00078347,-0.006707921,-0.000877958
6/2/2014,0.002204691,-0.003081036,0.000929108,-0.004034858
6/3/2014,-0.000176303,-0.002904483,-0.001649617,-0.002036307
6/4/2014,0.001118087,-0.001121357,-0.002098737,-0.002266798
6/5/2014,0.005384012,0.00162625,0.002379395,0.001320159
6/6/2014,0.005079515,0.001329445,0.003099808,0.002343078
6/9/2014,0.001402327,-0.000749516,0.003547898,0.001078961
6/10/2014,-0.000144143,-0.001455921,-0.005894052,8.28E-05
6/11/2014,-0.003138948,0.000184209,-0.001031926,0.00029378
6/12/2014,-0.005099607,0.002006633,0.019427235,-0.000783583
6/13/2014,0.002000455,-0.000792956,0.002961837,-0.000580554
6/16/2014,-0.001283564,0.000303295,2.55E-05,6.39E-05
6/17/2014,0.002381947,-0.002422555,0.000798875,0.004561308
6/18/2014,0.006143599,0.00188616,0.000922848,-0.000724324
6/19/2014,0.002772503,0.001752753,0.005142109,0.003381096
6/20/2014,0.001002544,-0.000887777,0.000234658,0.002530424
6/23/2014,-0.001182908,0.000432671,-0.00515176,0.000528389
6/24/2014,-0.00334492,0.001613802,0.00367366,0.001497554
6/25/2014,-0.000210284,0.002451859,0.000927859,-0.000940746
6/26/2014,-0.000282736,0.001717232,-0.005123361,-0.000692219
6/27/2014,0.000731328,7.22E-05,-0.003304044,3.70E-05
6/30/2014,0.000202359,3.00E-05,-0.007545326,-0.000588434
7/1/2014,0.006434818,-0.001166317,-0.002183335,-0.002561668
7/2/2014,0.001611133,-0.003047727,-0.004906387,0.000740541
7/3/2014,0.005128121,-0.000546396,-0.000157216,0.002457444
7/4/2014,0.000172092,0.000333648,-0.001409411,-0.000703495
7/7/2014,-0.00430567,0.001045875,-0.011430353,0.000613095
7/8/2014,-0.0062638,0.002378042,-0.004387373,-0.001217434
7/9/2014,0.002188706,0.000930613,-0.007033492,0.000847147
7/10/2014,-0.005805408,0.001027534,-0.002617936,0.000660011
7/11/2014,0.001608485,0.000853656,-0.008291504,0.001569377
7/14/2014,0.005784756,-0.001188188,0.002375263,-0.000365432
7/15/2014,-0.001931029,-0.000326059,-0.006875447,-0.002915917
7/16/2014,0.004848791,0.000439609,0.004076988,-0.001690455
7/17/2014,-0.009284223,0.002938042,-0.001542124,0.000328902
7/18/2014,0.005891183,-0.000352093,-0.004101197,-0.000451036
7/21/2014,-0.002692449,0.000328968,-0.001393877,0.001048838
7/22/2014,0.006084965,0.000222814,-0.005334586,-0.000344636
7/23/2014,0.002559848,0.00082342,0.003679475,-0.000295053
7/24/2014,0.001124577,-0.002117191,0.000386603,0.00191386
7/25/2014,-0.004264469,0.001612231,0.001942248,0.001025923
7/28/2014,0.000572403,-0.000455617,-0.001412667,-0.000828915
7/29/2014,-0.002116654,0.001680142,-0.001793152,-8.24E-05
7/30/2014,0.000142597,-0.00373456,-0.004376997,0.000296669
7/31/2014,-0.016749908,-0.00074764,-0.003585451,0.001348436
8/1/2014,-0.005247398,0.002932196,-0.007838496,-0.002853939
8/4/2014,0.00379176,0.000970327,0.00629442,-0.00134277
8/5/2014,-0.006996625,-0.000619831,-0.003708887,-0.000482627
8/6/2014,-0.001709479,0.000996284,0.006079353,-0.000202317
8/7/2014,-0.005033078,0.001986037,-0.002284133,0.000698441
8/8/2014,0.004204574,0.001340644,-0.000471405,0.00048804
8/11/2014,0.007393046,-0.000624651,0.001988242,0.000807014
8/12/2014,-0.00122524,-8.13E-06,-0.007347117,-0.000921817
8/13/2014,0.007009604,0.001772768,-0.004802131,-0.00179725
8/14/2014,0.003942038,0.001430706,-0.008313229,0.00029853
8/15/2014,-0.001068533,0.002421748,0.000865654,-0.003091078
8/18/2014,0.007546592,-0.002093249,-0.006794199,0.000290432
8/19/2014,0.005605487,-0.000160667,0.001276989,-0.000232387
8/20/2014,0.001982953,-0.001434456,0.000620815,-0.001778995
8/21/2014,0.004151222,0.000168873,0.005131035,-0.002577004
8/22/2014,-0.001384172,-0.000117715,-0.00218747,9.69E-05
8/25/2014,0.00526765,0.001475965,0.002479793,-0.000591067
8/26/2014,0.002469318,0.001293025,0.002179175,0.000491323
8/27/2014,-0.00054202,0.002072377,0.002446134,-9.23E-05
8/28/2014,-0.001834691,0.000702621,0.003256368,-0.001117549
8/29/2014,0.001763583,-0.000267978,0.004736337,-0.000543028
9/1/2014,0.000810266,-6.26E-05,-0.001115615,0.000907293
9/2/2014,0.000580433,-0.003340481,-0.016661884,0.00216498
9/3/2014,0.001866195,-0.000661792,0.005399144,-0.000636651
9/4/2014,0.000965512,-0.000596074,-0.00550031,0.000741851
9/5/2014,0.002351026,0.001154793,-0.00167112,-0.001586781
9/8/2014,-0.002093256,-0.000532989,-0.002254728,-0.002489696
9/9/2014,-0.004011757,-0.002390925,-0.002100603,-0.001204738
9/10/2014,0.001621545,-0.001311293,-0.007995504,-0.002438909
9/11/2014,0.000556676,-0.000593961,-0.007367497,0.002612455
9/12/2014,-0.004083846,-0.002695827,-0.002100634,0.00068595
9/15/2014,-0.000766341,0.000814846,0.003598765,-0.000149286
9/16/2014,0.00472287,0.000151563,0.00894935,-0.000933412
9/17/2014,0.001054016,0.000181016,-0.000948111,-0.006340527
9/18/2014,0.005591615,-0.002570193,-0.014229837,-0.000201182
9/19/2014,0.00075533,0.002459201,-0.005450664,-0.002742732
9/22/2014,-0.007966791,0.002042596,-0.007966767,-0.003024356
9/23/2014,-0.00714131,0.001435513,-0.000709712,0.001303764
9/24/2014,0.007474563,-0.000708792,0.008181237,0.001919871
9/25/2014,-0.012041536,0.002573927,-0.000505124,-0.002214473
9/26/2014,0.005832252,-0.001193386,0.000994909,-0.002696677
9/29/2014,-0.003479039,0.00132969,0.011392493,-0.002424853
9/30/2014,-0.000584665,8.29E-06,-0.016938645,0.001572189
10/1/2014,-0.010958904,0.004690348,-0.004171724,0.001645518
10/2/2014,-0.00674917,-0.00092776,-0.006563708,-0.000930063
10/3/2014,0.00980859,-0.000950713,-0.001536651,-0.001092817
10/6/2014,-0.000712717,0.001353583,0.006352166,-0.002556977
10/7/2014,-0.013409529,0.002766123,0.000398878,2.81E-05
10/8/2014,0.009987487,0.002038706,-0.010828625,0.000458628
10/9/2014,-0.014270489,0.000683214,-0.005719963,0.003095537
10/10/2014,-0.015830489,0.0004391,-0.003396152,-0.000158646
10/13/2014,-0.010514483,0.002582285,0.004797425,-0.001691713
10/14/2014,0.001726226,0.002044363,-0.018796832,-0.003366451
10/15/2014,-0.01556335,0.005590093,-0.011162414,-0.008940585
10/16/2014,-0.000762732,-0.003933844,0.007170915,0.006196607
10/17/2014,0.015917928,-0.001890966,0.000744506,0.001918691
10/20/2014,0.008874214,2.35E-05,-0.009007983,-0.00214836
10/21/2014,0.016396346,-8.74E-05,0.00832026,-7.59E-05
10/22/2014,-0.001973277,-0.001109151,-0.01003912,0.000516668
10/23/2014,0.00949256,-0.001817656,0.009317969,0.000998359
10/24/2014,0.005146622,0.000270428,-0.007417372,-0.002515748
10/27/2014,-0.001770221,0.000532683,0.000480046,-0.001175738
10/28/2014,0.010493189,-0.000578538,0.009356661,0.002377368
10/29/2014,-0.001986411,-0.002156165,0.013847242,0.002364868
10/30/2014,0.006952141,0.001339772,-0.007447214,-0.002569939
10/31/2014,0.015318763,-0.00035146,-0.000217914,0.001605804
11/3/2014,-0.00209242,-0.000826984,-0.000515612,-0.001420029
11/4/2014,-0.003027122,0.001023345,-0.011179516,-0.00114112
11/5/2014,0.008866667,-0.000749077,0.003921467,0.000936813
11/6/2014,0.003137903,-0.000529217,0.007750619,0.00197276
11/7/2014,-0.000920357,0.002332869,0.006376356,-3.47E-05
11/10/2014,0.003656594,-0.001035084,-0.012590453,0.000428001
11/11/2014,0.002714632,-0.001157471,0.004005771,-0.000998107
11/12/2014,-0.001849931,0.00037117,-0.005543651,-0.002314521
11/13/2014,0.000974932,0.001050666,-0.024406826,-0.001585917
11/14/2014,0.001795703,0.001479664,0.00991439,-0.000649587
11/17/2014,-9.82E-05,-0.000262472,0.011130661,-0.002188542
11/18/2014,0.005701516,0.000290156,-0.008365447,-0.00274037
11/19/2014,-0.000416947,-0.001112801,0.002903363,-0.002566006
11/20/2014,0.000766094,0.001529079,0.011229237,-0.001973152
11/21/2014,0.007281931,0.001617034,0.000437669,0.00371218
11/24/2014,0.002485726,0.000617041,-0.008874481,0.000493789
11/25/2014,0.000561039,0.002761302,-0.000901892,-0.000415447
11/26/2014,0.001974435,0.001554716,-0.003447817,-0.002925857
11/27/2014,-0.000198412,0.00127592,-0.014609917,0.000164165
11/28/2014,-0.001570978,0.001697586,-0.042793662,-0.004953711
12/1/2014,-0.006855541,-0.000543589,0.01458461,0.000538402
12/2/2014,0.006856695,-0.003126061,-0.023390322,-0.00104059
12/3/2014,0.003206322,-2.27E-05,-0.004502629,-0.000686514
12/4/2014,-0.00239615,0.000818087,-0.006755168,-0.001348784
12/5/2014,0.004888769,-0.002015991,0.002766569,-0.002300389
12/8/2014,-0.007235711,0.001691122,-0.026074342,-0.004435618
12/9/2014,-0.005698098,0.002169075,0.009684831,0.00023255
12/10/2014,-0.013193424,0.002022976,-0.017915352,-0.00187657
12/11/2014,0.000766414,-0.00050076,-0.006210597,0.000802444
12/12/2014,-0.016191741,0.003832869,-0.004761149,-0.009011541
12/15/2014,-0.008085558,-0.000897037,-0.013972948,-0.003196411
12/16/2014,-0.004068205,0.002365349,-0.014162308,0.002450364
12/17/2014,0.016872364,-0.002418687,0.009455575,0.003855656
12/18/2014,0.024513484,-0.002714455,-0.013546744,-0.002050816
12/19/2014,0.005770715,0.000762191,0.007492582,0.001178012
12/22/2014,0.00284381,0.001048217,-0.024851097,0.002077343
12/23/2014,0.003428997,-0.003007342,0.012562014,0.000205182
12/24/2014,0.000790352,-0.000307232,-0.02024954,-0.00384502
12/26/2014,0.002208737,4.11E-05,-0.004351973,-0.001070993
12/29/2014,0.000899158,0.002522931,-0.003042311,-0.00253121
12/30/2014,-0.006553129,0.001545181,-0.004335658,-0.004163363
12/31/2014,-0.007563967,0.001152331,-0.020583427,0.003113151
1/2/2015,-0.002366594,0.002478574,-0.002137687,0.002415042
1/5/2015,-0.01580003,0.002438532,-0.021657172,-0.006633883
1/6/2015,-0.010979215,0.003634383,-0.009486952,-0.008014146
1/7/2015,0.009695815,-0.000394685,-0.004882522,-0.001398246
1/8/2015,0.019541897,-0.001451323,0.003386974,0.00506033
1/9/2015,-0.010119257,0.002272956,-0.003147322,-0.00275991
1/12/2015,-0.002986957,0.002665476,-0.030296652,-0.003391132
1/13/2015,-0.000583276,0.001323767,-0.00319395,-0.005672583
1/14/2015,-0.007290586,0.003257347,0.028536764,0.000150445
1/15/2015,-0.004792028,0.00206865,-0.015907755,0.002531908
1/16/2015,0.00796112,-0.00130093,0.017771112,0.001408286
1/19/2015,0.002317316,0.000464434,-0.005033454,0.000165241
1/20/2015,0.004033189,-0.000364409,-0.027016089,0.000270207
1/21/2015,0.004655011,-0.002088375,0.016283052,0.001200724
1/22/2015,0.013834954,-0.000816953,-0.014368366,-0.000541025
1/23/2015,-0.00057611,0.004467705,0.002158319,-8.08E-05
1/26/2015,0.00478701,-0.000732237,-0.008477606,0.00178798
1/27/2015,-0.007938869,0.000114423,0.013389534,0.000483364
1/28/2015,-0.013150405,0.002863788,-0.015596865,-0.000505884
1/29/2015,0.009143017,-0.000685734,-0.011076847,-0.002535128
1/30/2015,-0.010795315,0.004084602,0.030184339,0.003225492
2/2/2015,0.010655879,-0.000150279,0.014331038,0.003203012
2/3/2015,0.010331083,-0.004592923,0.037174282,0.002591009
2/4/2015,-0.002007068,-0.000935474,-0.034563351,0.005617536
2/5/2015,0.008054976,-0.000725962,0.013125766,-0.001491825
2/6/2015,-0.000104467,-0.005062731,0.008141106,0.000865279
2/9/2015,-0.004742097,-0.000607467,0.011509679,-0.003219402
2/10/2015,0.007359129,-0.0022443,-0.015143013,0.001538163
2/11/2015,0.000624646,0.000123614,-0.00474952,-0.004293141
2/12/2015,0.008773545,0.000890559,0.018846529,-0.000413401
2/13/2015,0.005621817,-0.000920661,0.020726128,0.001421443
2/16/2015,-0.000233131,-0.00070019,-0.000589305,-0.001491177
2/17/2015,0.0010787,-0.003790315,-0.001522128,0.002500948
2/18/2015,0.001760163,0.002394225,-0.006944808,-0.000848268
2/19/2015,0.001171924,-0.000914048,-0.002778053,0.000789694
2/20/2015,0.004243471,1.90E-05,0.00015722,0.003045564
2/23/2015,0.001693271,0.002956941,-0.014200525,-0.003395457
2/24/2015,0.004018601,0.003107614,0.000650828,-0.000265045
2/25/2015,-0.001235716,0.001507112,0.013015183,-0.001778141
2/26/2015,0.001630806,-0.001059512,-0.019167727,0.006329451
2/27/2015,-0.001729266,0.000276791,0.0191822,0.003185402
3/2/2015,0.00374769,-0.003231112,-0.017434056,0.003285918
3/3/2015,-0.005181525,-0.002523356,0.007025497,-0.002081576
3/4/2015,-0.002612958,-0.0003338,0.001902977,0.001524191
3/5/2015,0.003254504,0.001085535,-0.001432126,-0.001079392
3/6/2015,-0.009097289,-0.004666734,-0.007435429,-0.000351458
3/9/2015,0.000568344,0.001777554,-0.010864361,-0.006737193
3/10/2015,-0.014918783,0.003307216,-0.014167,-0.004934453
3/11/2015,0.001784459,0.002072236,0.00705408,-0.001638553
3/12/2015,0.010050762,0.001340084,-0.009736418,-0.000515255
3/13/2015,-0.00359798,-0.000698584,-0.020149181,-0.002252749
3/16/2015,0.011751611,0.000406757,-0.007960242,-0.003414936
3/17/2015,-0.000948507,0.000664493,-0.000196907,-0.002507776
3/18/2015,0.010059732,0.005837583,0.021003233,0.002343755
3/19/2015,-0.002741868,0.000332038,-0.011973077,0.009348116
3/20/2015,0.008200231,0.00209926,0.012698058,-0.003244257
3/23/2015,-0.001718246,-7.93E-05,0.00600197,-0.002797278
3/24/2015,-0.00206312,0.000560045,-0.001655062,0.000139636
3/25/2015,-0.012520944,-0.000918511,0.005999042,0.004301881
3/26/2015,-0.005029674,-0.00291322,0.014589372,0.000121241
3/27/2015,0.001329583,0.001448711,-0.023385227,-0.001097288
3/30/2015,0.010570416,-0.000294232,-0.001758499,-0.000876417
3/31/2015,-0.007318954,0.001417472,-0.011003037,0.00107858
4/1/2015,-0.002433674,0.002603921,0.019640582,0.001011905
4/2/2015,0.003511977,-0.000776455,-0.004266968,0.000220912
4/6/2015,0.004387493,-0.001703652,0.020344171,0.002069822
4/7/2015,0.00253633,-0.000277324,0.007915289,0.00114657
4/8/2015,0.003065104,0.000216041,-0.028750329,-0.005679977
4/9/2015,0.006125682,-0.002096732,-0.002467571,0.000975325
4/10/2015,0.005450438,0.00019972,0.008905872,-0.001454019
4/13/2015,-0.002880615,0.000512336,-0.002161306,-0.001035138
4/14/2015,0.000352003,0.002219401,0.009611549,-0.000884094
4/15/2015,0.003534758,0.000716017,0.027554293,0.003353965
4/16/2015,-0.001166269,1.74E-05,0.011541051,0.00301899
4/17/2015,-0.012396299,0.000352677,-0.007231238,0.005678937
4/20/2015,0.006408904,-0.001233313,-0.006789005,-0.000624843
4/21/2015,0.002302267,-0.000985285,-0.005638722,-0.002055738
4/22/2015,0.003339542,-0.002673229,0.002175525,-0.000812315
4/23/2015,0.001701771,0.000827484,0.010597447,0.00372685
4/24/2015,0.002430458,0.001530277,0.000377251,-0.00108768
4/27/2015,-0.000478094,-0.000430148,-0.004052676,0.002491426
4/28/2015,-0.000214667,-0.001504454,0.002761151,-0.00280891
4/29/2015,-0.008251241,-0.004383901,0.014973778,0.001097444
4/30/2015,-0.008822545,-0.00187141,0.014970415,0.003240386
5/1/2015,0.007987877,-0.003080118,-0.002881639,-0.003419855
5/4/2015,0.003640828,-0.001275672,0.003456955,-0.002337245
5/5/2015,-0.011775395,-0.004385246,0.010096796,0.001249993
5/6/2015,-0.004763102,-0.002981206,-0.00093269,-0.001926865
5/7/2015,0.002169032,0.001299656,-0.017894009,-0.001362944
5/8/2015,0.012998105,0.00375513,0.011384303,-0.00064209
5/11/2015,-0.002846768,-0.004804233,-0.008494154,-0.001139132
5/12/2015,-0.002932128,-0.002203562,0.017513759,0.000283383
5/13/2015,-0.000203055,-0.000223843,0.002167679,0.002825985
5/14/2015,0.008717712,0.002084864,0.004421683,-0.002795393
5/15/2015,0.001030114,0.004984197,-0.001391477,-0.000165345
5/18/2015,0.003190992,-0.003204669,-0.003211478,0.002714915
5/19/2015,0.002712773,-0.001074168,-0.024071843,-0.00142738
5/20/2015,0.000322484,0.000574666,0.002849421,0.003463412
5/21/2015,0.002591355,0.001761175,0.01304192,-0.002420807
5/22/2015,-0.000625859,-0.001157452,-0.014974826,0.001863358
5/25/2015,0.000199754,-9.34E-06,0.000922873,0.000449647
5/26/2015,-0.00812361,0.003070621,-0.020356433,-0.002097665
5/27/2015,0.007998056,0.001026997,-0.009205753,-0.003609885
5/28/2015,-0.000480135,0.000933584,-0.003224079,-0.001618911
5/29/2015,-0.008273825,0.002132986,0.014556951,0.003532976
6/1/2015,0.00103423,-0.003953,0.000130589,-0.004712927
6/2/2015,-0.002163861,-0.005397366,0.012000647,0.001728799
6/3/2015,0.003901947,-0.00628584,-0.014334953,0.000200848
6/4/2015,-0.007509226,0.001850052,-0.012674317,0.000344527
6/5/2015,-0.004798427,-0.004183158,0.004451343,0.002556576
6/8/2015,-0.006689079,0.000372398,0.005114258,0.000566813
6/9/2015,-0.00156657,-0.001576127,0.024191346,0.000878342
6/10/2015,0.012238784,-0.00348668,0.008423972,0.000405864
6/11/2015,0.002942055,0.004479574,-0.012722232,-0.002646464
6/12/2015,-0.007538696,0.000744897,-0.012171144,-0.000423038
6/15/2015,-0.005976121,0.000142649,-0.000363084,0.000164967
6/16/2015,0.004467198,0.001907701,0.003361599,0.004697551
6/17/2015,-0.000889345,0.001183982,-4.77E-05,-0.000274888
6/18/2015,0.007966542,-0.000155734,-0.001770596,0.000787443
6/19/2015,-0.004561966,0.003748543,-0.008550577,-0.002267632
6/22/2015,0.01156414,-0.003999043,0.000218817,0.004476914
6/23/2015,0.004741693,-0.00185233,0.009018195,0.001409981
6/24/2015,-0.006127379,0.001450991,-0.003522294,-0.000806395
6/25/2015,-0.002757416,-0.001109895,0.003721548,-0.000751001
6/26/2015,4.20E-05,-0.00306488,-0.002043341,0.002954034
6/29/2015,-0.024084768,0.006207347,-0.006309141,-0.003766459
6/30/2015,0.000279134,0.000567227,0.019729808,0.001791682
7/1/2015,0.00900464,-0.003694869,-0.015809898,-0.00116788
7/2/2015,-0.000454455,-0.000111895,0.004095005,0.000957363
7/3/2015,-0.001127758,0.002005134,-0.006679662,-0.000249908
7/6/2015,-0.005933137,0.003847586,-0.035166251,-0.002004433
7/7/2015,0.000968007,0.004206483,-0.012119883,-0.001306639
7/8/2015,-0.013907747,0.001583614,0.000105499,-0.00337421
7/9/2015,0.005279776,-0.003620401,0.015765798,0.001253544
7/10/2015,0.014547778,-0.005681459,0.002835398,0.001555186
7/13/2015,0.012030173,-0.000365788,0.002660254,-2.74E-05
7/14/2015,0.004815578,0.001557721,0.000284917,-0.002276635
7/15/2015,0.002017283,0.002804589,-0.010424945,-0.000259708
7/16/2015,0.006940626,8.40E-05,-0.005650287,-0.000226739
7/17/2015,0.000392779,0.000975088,-0.001981657,-0.001588259
7/20/2015,0.001662049,-0.000429556,-0.011499717,0.000495512
7/21/2015,-0.003543404,0.000718889,0.004982721,-0.000795404
7/22/2015,-0.00502192,0.001546661,-0.010622492,-0.000497227
7/23/2015,-0.00257835,0.001546629,-0.013353627,-0.001295997
7/24/2015,-0.009254137,0.001787346,-0.011680234,-0.005841074
7/27/2015,-0.008809497,0.001751774,-0.01289645,-0.001318259
7/28/2015,0.009042141,-0.000731064,0.008131453,0.000183432
7/29/2015,0.00686669,-0.001145099,0.004786686,0.000899433
7/30/2015,0.002617967,0.000959364,-0.006518368,0.00139557
7/31/2015,-0.000399125,0.003330495,-0.01321229,-0.001918144
8/3/2015,-0.001955981,0.001457847,-0.0194763,-0.004427527
8/4/2015,-0.003018069,-0.001702099,0.00928139,0.000612462
8/5/2015,0.006475211,-0.004198647,-0.005036755,0.001564815
8/6/2015,-0.005631034,0.001349,-0.003968658,-0.007451088
8/7/2015,-0.003472739,0.002861516,-0.0036247,0.000431592
8/10/2015,0.010808245,-0.002120512,0.024672476,0.003645163
8/11/2015,-0.010103315,0.00526225,-0.018362706,-0.00462475
8/12/2015,-0.005334914,0.001329751,0.002585124,0.000619522
8/13/2015,0.001394808,-0.002835872,-0.01062897,-0.002141278
8/14/2015,0.002054255,-0.000954078,-0.000807081,0.000389977
8/17/2015,0.003782426,0.002246311,-0.009019024,-0.001365065
8/18/2015,-0.002557934,-0.00158112,-0.003170525,-0.002058003
8/19/2015,-0.011619939,0.002715603,-0.016261543,-0.003121174
8/20/2015,-0.020923988,0.002081709,0.003494095,-0.0016554
8/21/2015,-0.026125468,0.001513418,-0.02154784,-0.000424591
8/24/2015,-0.050053238,0.002290262,-0.030556841,-0.003942175
8/25/2015,0.006681587,-0.007431409,0.00974421,0.002372668
8/26/2015,0.024177506,-0.000329796,-0.010997193,0.002143865
8/27/2015,0.026377796,-0.000602831,0.044841847,0.005660812
8/28/2015,0.00251137,-0.000251245,0.030729531,0.004597415
8/31/2015,-0.009131266,-0.001114774,0.030924156,-0.000163386
9/1/2015,-0.027080427,0.000809395,-0.033798954,-0.003141055
9/2/2015,0.012529234,-0.000656922,0.00246686,-0.003055356
9/3/2015,0.003239537,0.001871408,0.010604987,-0.001232509
9/4/2015,-0.014878275,0.003200957,-0.013020131,-0.002255883
9/7/2015,0.001232324,-0.000112985,-0.008014219,0.000218105
9/8/2015,0.017396813,-0.001565197,0.015124708,0.000377927
9/9/2015,-0.000682133,0.000144722,-0.018476821,8.96E-05
9/10/2015,-0.002203967,-0.000562076,0.014208691,0.004542148
9/11/2015,0.002264056,0.002219797,-0.007517673,0.001530007
9/14/2015,-0.004433627,-0.000233705,-0.006993694,-0.00623308
9/15/2015,0.010642148,-0.004977405,0.001146281,-0.000647949
9/16/2015,0.010991204,-0.001572995,0.015830355,0.003323638
9/17/2015,-0.00314012,0.00320459,-0.006593855,-0.002380587
9/18/2015,-0.014701713,0.005818869,-0.021070203,0.00261484
9/21/2015,0.005729257,-0.0029267,0.013389915,-8.57E-05
9/22/2015,-0.017874244,0.004688534,-0.00678138,-0.007296829
9/23/2015,-0.001229421,-0.000593471,-0.009774692,0.002705005
9/24/2015,-0.008911725,0.001210869,0.005727261,-0.005559738
9/25/2015,0.006856077,-0.002576143,0.007167395,0.002793306
9/28/2015,-0.022162877,0.003057037,-0.014049142,-0.007672296
9/29/2015,-0.003489866,0.002173973,0.003878351,-0.004959113
9/30/2015,0.019732827,-0.000362385,-0.000273689,0.003895025
10/1/2015,0.003365217,0.001020256,-0.011793687,0.006619918
10/2/2015,0.010603764,0.003274498,0.005356813,0.004495549
10/5/2015,0.019250232,-0.00283903,0.013860063,0.000580151
10/6/2015,0.000198021,9.94E-05,0.022538137,0.003831985
10/7/2015,0.007778111,-0.001315531,-0.003961704,0.000886439
10/8/2015,0.006800727,-0.001170674,0.010846069,0.003836006
10/9/2015,0.002873616,-0.000629212,0.004800219,-0.004029057
10/12/2015,0.000771612,0.001656103,-0.017536084,-0.000867203
10/13/2015,-0.008432598,0.000582479,-0.005877282,-0.001727181
10/14/2015,-0.005983844,0.004032789,7.17E-05,-0.002846066
10/15/2015,0.015146697,-0.001946084,-0.005660707,0.000576822
10/16/2015,0.004390557,-0.00018752,0.00259885,-0.001572638
10/19/2015,-7.12E-05,-0.00065644,-0.017359324,-0.002077741
10/20/2015,-0.002641589,-0.002684825,0.003246605,-0.001601392
10/21/2015,-0.003028485,0.002461505,-0.011270457,0.002020803
10/22/2015,0.018998727,0.001744801,0.000601903,-0.000423026
10/23/2015,0.009300275,-0.002349891,-0.011253374,0.006107359
10/26/2015,-0.001476648,0.000962346,-0.01431052,-0.003511733
10/27/2015,-0.00265389,0.002713412,-0.006376074,-0.001258021
10/28/2015,0.010417567,-0.002646404,0.01973679,-0.00085409
10/29/2015,-0.001901175,-0.004422729,-0.006099425,0.002331566
10/30/2015,-0.003467462,0.000158687,0.010544362,0.002674578
11/2/2015,0.006476969,-0.002413718,-0.010470094,0.000739012
11/3/2015,0.003503928,-0.001317034,0.016232642,0.0026603
11/4/2015,-0.001708342,-0.001267055,-0.017655196,-0.001405378
11/5/2015,0.00016163,-0.00051908,-0.00546626,-0.00299705
11/6/2015,0.000790135,-0.004754654,-0.006694983,0.005541503
11/9/2015,-0.008570862,-0.000488785,-0.011945397,-0.002815801
11/10/2015,0.001368475,0.002460913,0.000152147,0.002831489
11/11/2015,-0.001751497,-0.000555094,-0.011302511,-0.000811619
11/12/2015,-0.012675038,0.000844881,-0.014179995,-0.000999223
11/13/2015,-0.010293702,0.002179315,-0.005778219,-0.00101649
11/16/2015,0.009802526,0.001145787,0.001288506,-0.00119952
11/17/2015,0.006425733,0.000189558,-0.009445172,0.001774523
11/18/2015,0.010433452,0.000528842,-2.16E-05,0.001042312
11/19/2015,0.002476899,0.000999412,-0.00203392,-0.000311907
11/20/2015,0.003369691,-0.000535149,-0.006098258,0.005770559
11/23/2015,-0.002254026,-0.000274527,0.004534076,0.000312715
11/24/2015,-0.002181411,0.001051934,0.012038588,-0.000721677
11/25/2015,0.00336843,0.001151485,0.000502912,-0.000696095
11/26/2015,0.002059339,0.000468132,-0.000721627,0.00172361
11/27/2015,-0.000309385,0.000839987,-0.019672433,-0.000493957
11/30/2015,-0.003064496,-0.000706307,-0.000399566,0.000567441
12/1/2015,0.007963925,0.002681113,0.003681998,-0.001795462
12/2/2015,-0.006428193,-0.000686465,-0.025291318,-0.001529155
12/3/2015,-0.015630905,-0.008456511,0.012800183,0.001325908
12/4/2015,0.009246057,0.0005758,-0.002021607,0.002456139
12/7/2015,-0.001457765,0.003705948,-0.036591619,-0.005353163
12/8/2015,-0.011752813,0.000594438,-0.005702771,-0.000942658
12/9/2015,-0.007336663,0.00079282,-0.002499131,-0.003211751
12/10/2015,0.000995733,-0.00076165,-0.004188322,-0.000250747
12/11/2015,-0.016806105,0.003844865,-0.019114482,-0.003663388
12/14/2015,-0.002092631,-0.003538854,-0.010234325,-0.001913706
12/15/2015,0.013995468,-0.002998081,-0.001003824,0.005336866
12/16/2015,0.012583192,-0.001639301,-0.017388711,-0.000355328
12/17/2015,-0.009727672,0.003318739,-0.005440063,-0.000949568
12/18/2015,-0.014256326,0.002737411,0.005609525,0.000128628
12/21/2015,0.006241373,0.000176734,0.004063346,-0.002882066
12/22/2015,0.007341434,-0.002650971,-0.005193701,0.000446844
12/23/2015,0.010977774,-0.001407479,0.02348738,0.003716422
12/24/2015,-0.000445106,0.000842238,0.008454397,0.001004809
12/28/2015,-0.00126334,0.001689695,-0.001403872,-0.002647074
12/29/2015,0.011211113,-0.003222153,0.023207342,0.00193467
12/30/2015,-0.007027035,-0.000253415,-0.024969312,0.000830565
12/31/2015,-0.007448477,0.001269165,0.013939624,0.002676804
1/4/2016,-0.017612652,0.002188009,-0.005959868,-0.001301325
1/5/2016,0.00138601,0.000824238,-0.007168276,-0.000983675
1/6/2016,-0.012201781,0.003659556,-0.027786046,-0.004393517
1/7/2016,-0.02521326,0.000331668,-0.00026587,-0.000926301
1/8/2016,-0.009985597,0.001911557,-3.27E-05,-0.00571679
1/11/2016,-0.000319034,-0.000648166,-0.031030745,-0.00128437
1/12/2016,0.003746567,0.00190717,-0.019264307,-0.003524569
1/13/2016,-0.012824837,0.001755837,-0.001897591,-0.00042484
1/14/2016,0.008576515,-0.001087682,-0.000788898,-0.000551677
1/15/2016,-0.020817498,0.003818535,-0.028292851,-0.006731576
1/18/2016,-0.001911209,-0.000152529,-0.002472809,-0.000525599
1/19/2016,0.003272313,-0.000600553,-0.002945278,-0.000755128
1/20/2016,-0.016594112,0.002609921,-0.019670492,-0.005257561
1/21/2016,0.005192421,-0.000551084,0.02190838,0.006166795
1/22/2016,0.024119564,-0.00185705,0.041549053,-0.000875516
1/25/2016,-0.010886786,0.001062921,-0.02026351,-0.002469859
1/26/2016,0.009619465,0.001815766,0.018713164,0.003628576
1/27/2016,-0.005012457,0.000264917,0.015921832,0.001961185
1/28/2016,-0.000235047,0.000993381,0.010897092,0.001626196
1/29/2016,0.024911643,0.005010899,0.020481886,-0.000422055
2/1/2016,0.000218789,-0.002123886,-0.030887451,0.00258444
2/2/2016,-0.016931215,0.004429531,-0.029358642,-0.003378756
2/3/2016,-0.000987601,0.000787654,0.028673489,-0.002065905
2/4/2016,0.00085318,0.000224168,-0.006752247,0.00166625
2/5/2016,-0.01427749,0.000919485,-0.005363195,-0.004446906
2/8/2016,-0.013746399,0.004239205,-0.008674157,-0.008036623
2/9/2016,-0.008990665,0.001347264,-0.033800761,-0.005893229
2/10/2016,-0.000161232,0.000482454,-0.002140842,0.005954586
2/11/2016,-0.014592299,0.003145335,-0.009799615,-0.007798598
2/12/2016,0.014093267,-0.006136407,0.04313126,0.007065772
2/15/2016,0.011030094,0.000114239,0.001682877,-0.000460906
2/16/2016,0.012092942,-0.000488321,-0.018531913,0.000466085
2/17/2016,0.016737801,-0.002295733,0.031804989,0.002125587
2/18/2016,0.000390685,0.003342433,-0.009020808,-0.000108816
2/19/2016,-0.003372741,0.000503672,-0.019856812,-0.004225975
2/22/2016,0.012008009,0.000149138,0.021545125,0.002622965
2/23/2016,-0.01013718,0.000263574,-0.021826843,-0.000175986
2/24/2016,-0.000516623,0.001544279,0.010567464,0.003328279
2/25/2016,0.012306107,0.00196005,0.003669203,0.003331947
2/26/2016,0.001255452,-0.00279681,-0.00026299,0.003008483
2/29/2016,-0.00561573,0.001790603,0.004482967,0.000851541
3/1/2016,0.021514067,-0.004230367,0.005547175,0.007990869
3/2/2016,0.005961106,-0.002451613,0.000299217,0.0038311
3/3/2016,0.003594457,0.000506037,0.00113344,0.001465824
3/4/2016,0.003510337,-0.002259228,0.023891819,-0.001188028
3/7/2016,0.001366003,-9.00E-05,0.022773471,-0.002396888
3/8/2016,-0.008386834,0.004197108,-0.0117528,-0.004532129
3/9/2016,0.00342481,-0.004013986,0.021620871,0.005773887
3/10/2016,-0.001791631,-0.002786581,-0.004225052,-0.001266798
3/11/2016,0.016486286,-0.000719104,0.011070526,0.002834688
3/14/2016,0.00152377,0.000838111,-0.011678147,-0.001972525
3/15/2016,-0.003416623,-0.001043366,-0.007422707,-0.001186694
3/16/2016,0.003512752,0.00282721,0.019444789,0.005282975
3/17/2016,0.004289714,0.002420179,0.023634798,0.001109806
3/18/2016,0.001654059,0.001842305,-0.007330307,0.003394641
3/21/2016,0.001561389,-0.001536491,-0.003239443,0.005687391
3/22/2016,0.001456358,-0.00070552,0.006946419,-0.003519141
3/23/2016,-0.005204959,0.002321325,-0.02565255,-0.003134904
3/24/2016,-0.003782941,-0.000247894,-0.002164119,-0.00205935
3/28/2016,0.000236837,0.000769185,0.00244976,-0.002710912
3/29/2016,0.007283971,0.003293721,-0.006513538,0.007145647
3/30/2016,0.005302422,-8.70E-05,0.000148807,0.005076915
3/31/2016,-0.003543362,0.000867301,-0.001566312,-0.001529148
4/1/2016,-0.000578658,-0.000119482,-0.01814748,-0.000902203
4/4/2016,-0.002705459,0.001137256,-0.010997512,0.001053901
4/5/2016,-0.011291918,0.001765915,-0.00667135,-0.005023446
4/6/2016,0.009050325,-0.001022918,0.017165859,-1.82E-09
4/7/2016,-0.010098887,0.002038073,-0.000349475,-0.000274536
4/8/2016,0.005236934,-0.000477031,0.031154202,-0.000153528
4/11/2016,-0.001857856,-0.000442665,0.00259253,-0.000168208
4/12/2016,0.009547511,-0.002746906,0.028107477,-0.002492639
4/13/2016,0.014310009,0.000891561,0.002832248,-0.001090364
4/14/2016,0.003399841,-0.001569515,-0.009392908,0.000993454
4/15/2016,-0.001316493,0.001819201,-0.012520104,-0.002634228
4/18/2016,0.002952579,-0.001096773,0.00330594,0.002404719
4/19/2016,0.007641871,-0.001085727,0.030335587,0.003291427
4/20/2016,0.002714009,-0.001565801,0.021427216,0.000536643
4/21/2016,-0.00297533,-0.002448139,-0.007431516,-0.000565565
4/22/2016,1.16E-05,-0.000677224,0.002702841,0.003387955
4/25/2016,-0.002730747,-0.001686066,-0.010740754,0.001641806
4/26/2016,0.001605822,-0.001074679,0.013670662,-0.001066939
4/27/2016,0.001155648,0.002240856,0.009370513,2.07E-07
4/28/2016,-0.008413661,0.001642345,0.003871716,0.004600039
4/29/2016,-0.008082032,-0.000177881,0.008744743,-0.001431359
5/2/2016,0.003703898,-0.000913178,-0.019895991,-0.005714903
5/3/2016,-0.008574363,0.003725641,-0.012971843,-0.003732607
5/4/2016,-0.006342424,0.000672266,0.000660808,0.000950819
5/5/2016,-0.000798874,0.001750135,-0.004705508,-0.00131218
5/6/2016,0.00272369,0.000102465,0.007603445,-0.001291006
5/9/2016,0.001942081,0.001225767,-0.021587023,-0.003194775
5/10/2016,0.011357341,0.000312011,0.025517231,0.004381516
5/11/2016,-0.007080017,0.000702448,0.022605636,0.001849117
5/12/2016,-0.000626906,-0.001687162,0.001230529,-0.002925668
5/13/2016,-0.005481198,0.002150913,-0.005007121,0.001106943
5/16/2016,0.007770269,-0.002094286,0.008936324,0.002960157
5/17/2016,-0.005847428,-2.20E-05,0.007639459,0.001256217
5/18/2016,-0.000444607,-0.004955907,-0.005433716,-0.000805829
5/19/2016,-0.003066804,0.000662176,-0.003451544,-0.004002355
5/20/2016,0.007323969,0.000518212,0.002773881,-0.000881927
5/23/2016,-0.002403121,2.73E-05,-0.006293623,-0.00028499
5/24/2016,0.012683175,-0.000390623,-0.000439099,0.002593452
5/25/2016,0.007967159,0.000203513,0.013147821,0.001955769
5/26/2016,0.001810424,0.002343634,-0.000794856,0.002115975
5/27/2016,0.003268686,-0.000543386,0.001541951,-0.000508879
5/30/2016,0.001378181,-0.000281663,0.001679887,0.00025364
5/31/2016,-0.001793034,0.000208975,0.00409714,-0.001985414
6/1/2016,-0.001281275,2.31E-06,0.007482818,-0.006211001
6/2/2016,0.000831318,0.001619785,0.008751703,-0.000512299
6/3/2016,-0.002744843,0.005417976,3.21E-05,-0.002952765
6/6/2016,0.004461409,-0.000662051,0.014972199,0.003597937
6/7/2016,0.003191789,0.001026186,0.008204885,0.001572426
6/8/2016,0.002013249,-0.000109352,0.016282376,2.13E-05
6/9/2016,-0.004025711,0.001432128,0.002652408,-0.001761326
6/10/2016,-0.010964307,0.002354677,-0.016515715,-0.002834263
6/13/2016,-0.011279641,0.000542926,0.000135515,-0.003679518
6/14/2016,-0.006631716,0.00047219,-0.004753384,-0.002477953
6/15/2016,0.001590394,0.001722233,-0.006296596,-0.001313707
6/16/2016,-0.00140678,0.000743918,-0.020475096,-0.000721704
6/17/2016,-0.0008051,-0.002703193,0.022823179,0.000512485
6/20/2016,0.01337435,-0.002148788,0.019208727,0.000842362
6/21/2016,0.004538093,-0.001071657,-0.005308698,0.000140454
6/22/2016,-0.000670841,9.17E-06,-0.009653529,0.002578833
6/23/2016,0.012880656,-0.002493683,0.008564251,0.004515824
6/24/2016,-0.045168444,0.008970106,-0.026679379,-0.006165615
6/27/2016,-0.016281401,0.005074881,-0.00803711,-0.007280645
6/28/2016,0.019662343,0.00140505,0.026189175,-6.54E-05
6/29/2016,0.019847901,-0.000333637,0.017219098,0.003066812
6/30/2016,0.010869964,0.000426498,-0.008195806,0.003521223
7/1/2016,0.004324517,0.001875794,0.008419317,0.000958139
7/4/2016,-0.000249074,5.54E-06,-0.00073643,0.000220401
7/5/2016,-0.007558537,0.003874777,-0.036557024,-0.005103537
7/6/2016,-0.000466964,-0.00026135,0.004510257,0.004851755
7/7/2016,0.000849093,-3.84E-05,-0.025121147,-0.000243537
7/8/2016,0.011813323,0.00134511,0.008332085,3.85E-05
7/11/2016,0.009413546,-0.002828755,-0.009214264,0.000574883
7/12/2016,0.00914959,-0.003487497,0.023174563,0.003658676
7/13/2016,0.00057319,0.002067827,-0.015751533,-0.001602791
7/14/2016,0.005850082,-0.002730435,0.007653919,0.00202848
7/15/2016,-0.001226734,-0.003445039,-0.000954932,0.001282287
7/18/2016,0.002942806,0.000893215,-0.006882915,0.000772961
7/19/2016,-0.000855766,0.001113761,-0.007584697,-0.003648842
7/20/2016,0.004829225,-0.001009803,-0.004492651,0.000420768
7/21/2016,-0.002412286,0.000650172,-0.006157583,-0.002204954
7/22/2016,0.002436956,-3.90E-05,-0.002797707,-0.001230866
7/25/2016,-0.00186466,0.000296992,-0.012050962,-0.00176367
7/26/2016,4.10E-05,6.15E-05,-0.003136726,0.000295377
7/27/2016,0.001519127,0.003647091,-0.012031952,-0.001153959
7/28/2016,-0.001081736,0.000172472,0.004458065,0.002937493
7/29/2016,0.002367387,0.00085798,0.008292418,-0.002057198
8/1/2016,-0.001787971,-0.001950582,-0.024206867,-0.003201985
8/2/2016,-0.008217991,-0.003507991,-0.005580907,-0.003173888
8/3/2016,-0.00024912,0.000216384,0.018343791,0.001873599
8/4/2016,0.003178092,0.00310244,0.009139507,0.002342445
8/5/2016,0.008465553,-0.002958508,-0.001288796,0.003147236
8/8/2016,0.002272649,-0.000819222,0.009426667,0.001629769
8/9/2016,0.003466821,0.0023982,-0.010039782,-0.002011003
8/10/2016,-0.001816428,0.002381529,-0.011683795,-0.001556024
8/11/2016,0.004683166,-0.00262834,0.017912799,0.001782766
8/12/2016,0.000129299,0.001786467,0.007902581,-0.001571574
8/15/2016,0.002193574,-0.001927268,0.017025809,0.001877029
8/16/2016,-0.005561917,-0.001727346,0.008816365,-0.002598654
8/17/2016,-0.000383697,0.000473994,0.004736109,0.001846956
8/18/2016,0.001049128,0.001742769,0.015463949,0.002561563
8/19/2016,-0.001650781,-0.00240394,-0.006058508,-0.00033294
8/22/2016,-0.00016056,0.001765322,-0.007566785,-0.001990668
8/23/2016,0.002902766,0.000322383,0.010071127,0.001937039
8/24/2016,-0.003199577,-0.000365736,-0.010634945,0.000807371
8/25/2016,-0.001670788,-0.00052081,0.004455168,0.0010199
8/26/2016,-0.001068249,-0.002349484,0.000989219,-0.000951085
8/29/2016,0.004222679,0.00211217,-0.009222194,-0.001769952
8/30/2016,5.91E-05,3.05E-05,-0.011354185,-0.000735113
8/31/2016,-0.002415447,-0.000525084,-0.013965316,0.001153971
9/1/2016,-0.001052591,-0.000596079,-0.01796173,-0.002217847
9/2/2016,0.007331378,-0.001590345,0.01335067,0.002521186
9/5/2016,0.000733907,0.000638352,0.003023452,-0.001250874
9/6/2016,0.001424424,0.003340367,-0.002113182,0.001573347
9/7/2016,0.000554376,0.000926469,0.008387535,0.001783148
9/8/2016,-0.002688924,-0.004427721,0.026020347,0.003139934
9/9/2016,-0.01974337,-0.003785012,-0.017580058,-0.002631246
9/12/2016,0.007562004,0.000178807,0.005927031,-0.002166486
9/13/2016,-0.011061245,-0.002347913,-0.01580155,0.001659101
9/14/2016,-0.00342997,0.002091641,-0.010309037,-3.80E-05
9/15/2016,0.008313208,-8.75E-05,0.008848794,0.000263821
9/16/2016,-0.00302742,0.000292912,-0.002250986,0.002167378
9/19/2016,0.002582532,-8.68E-05,0.003247662,-0.000200056
9/20/2016,-0.00038249,0.001691111,0.008372213,-0.002570837
9/21/2016,0.010939259,-0.000678862,0.010584848,0.00232434
9/22/2016,0.00725649,0.003299024,0.006801529,0.001362072
9/23/2016,-0.00456729,0.000979259,-0.018999158,0.004095775
9/26/2016,-0.00969998,0.001916645,0.011954049,-0.00272622
9/27/2016,0.004342122,0.001680357,-0.013369057,-0.00304058
9/28/2016,0.004672588,0.000209698,0.019419132,0.003250494
9/29/2016,-0.002809414,-0.000279181,0.005664545,0.000214541
9/30/2016,0.002651317,-0.001669512,0.000716941,0.003293978
10/3/2016,-0.001047842,-0.001395796,0.005826642,0.003744725
10/4/2016,-0.000173822,-0.002356821,0.001891713,0.001372911
10/5/2016,0.002452727,-0.002937544,0.011308058,0.001315142
10/6/2016,0.001216718,-0.001463675,0.003666538,0.000219014
10/7/2016,-0.004353901,-0.000390515,0.000924586,-0.000553608
10/10/2016,0.005793244,-0.001721393,0.015586533,-0.000124669
10/11/2016,-0.008516484,0.000284589,-0.008377596,0.001220552
10/12/2016,-0.002277902,-0.001055794,-0.007422041,-0.000107632
10/13/2016,-0.004053971,0.002300937,0.010061126,-0.001259492
10/14/2016,0.002857421,-0.00204485,-0.000873777,0.003506195
10/17/2016,-0.002783993,0.000705853,-0.001861479,0.00084737
10/18/2016,0.005795341,0.001137342,0.002910214,-2.07E-05
10/19/2016,0.002867817,9.68E-05,0.005956886,0.000952786
10/20/2016,0.001163763,0.000652154,-0.011701628,0.000233464
10/21/2016,-0.000669157,0.000261456,0.001076171,-0.00062002
10/24/2016,0.003607824,-0.000989893,-0.001826318,-0.000360337
10/25/2016,-0.001938422,0.000236751,-0.008809796,0.00102182
10/26/2016,-0.002602326,-0.002515323,-0.009112362,0.003072272
10/27/2016,-0.003264004,-0.003640267,0.008953315,0.002059157
10/28/2016,0.000294224,-0.000456016,-0.005800656,-0.000438242
10/31/2016,-0.002258815,0.000555789,-0.020858398,0.00140339
11/1/2016,-0.007205981,-0.000344794,-0.008094883,-0.001838497
11/2/2016,-0.007861519,0.002638567,-0.017736243,-0.002651966
11/3/2016,-0.003632829,-0.000612455,-0.00569447,-0.000505376
11/4/2016,-0.004084416,0.00135049,-0.007149151,5.58E-05
11/7/2016,0.02145732,-0.002042713,0.009260843,0.004579287
11/8/2016,0.002988657,-0.001845945,-0.005248853,0.001616697
11/9/2016,0.006228431,-0.005643284,0.003076602,0.010623165
11/10/2016,0.006963834,-0.005749623,-0.00492053,0.006658694
11/11/2016,-0.003547776,-0.003176819,-0.01418348,0.001231162
11/14/2016,0.001164824,-0.004068604,0.000628605,-0.004847855
11/15/2016,0.007163777,0.00043114,0.0201538,0.002156264
11/16/2016,-0.002196791,-0.000961,-0.002190619,-0.001373692
11/17/2016,0.004900208,-0.001088475,-0.001267358,0.003703851
11/18/2016,-0.001104699,-0.003238339,0.008222887,0.001801163
11/21/2016,0.004638798,0.000519749,0.03062515,-1.72E-05
11/22/2016,0.003562739,0.001406775,0.002621497,-0.000839083
11/23/2016,0.000157616,-0.00281289,0.003501549,0.00076975
11/24/2016,0.001476493,0.00019806,0.000931093,-0.000616292
11/25/2016,0.003681681,-0.000262998,-0.011314289,-0.002670138
11/28/2016,-0.005463614,0.00289182,0.017156126,0.000302727
11/29/2016,0.001295455,0.000906107,-0.023653007,-0.00508872
11/30/2016,-0.000148848,-0.002971439,0.039134465,0.008921935
12/1/2016,-0.003236563,-0.003836852,0.021862527,0.003143767
12/2/2016,-0.000831797,0.003621163,0.001288675,-0.006598076
12/5/2016,0.005037761,-0.000815211,0.0163749,0.002926207
12/6/2016,0.004438351,-0.000568325,-0.006078228,0.000660021
12/7/2016,0.011431685,0.002776684,-0.009038057,-0.001468561
12/8/2016,0.006629012,-0.00232449,0.006245485,0.002385949
12/9/2016,0.005833953,-0.002226233,0.009119534,0.000606857
12/12/2016,-0.001363159,-0.001235476,0.001747924,7.90E-06
12/13/2016,0.007911258,0.001010334,-0.001953171,-0.000208905
12/14/2016,-0.006003143,-0.000419823,-0.006727104,-0.002265175
12/15/2016,0.003832934,-0.003981329,-0.008166818,-0.005958062
12/16/2016,-0.00058121,-0.000190117,0.007927265,-0.002728968
12/19/2016,0.001744198,0.0031583,-0.004748186,0.000438033
12/20/2016,0.003376594,-0.000581293,-0.004999367,0.00352406
12/21/2016,-0.002295871,0.001475204,0.007480677,0.001176579
12/22/2016,-0.000673473,-0.000340946,0.000720525,0.001956704
12/23/2016,0.000484491,0.001085715,0.002633193,0.003857576
12/27/2016,0.000826761,-0.00024918,0.017162171,0.001705783
12/28/2016,-0.004077193,0.002149424,0.005369089,-0.001488188
12/29/2016,-0.001334098,0.002672311,-0.004202235,-0.003007381
12/30/2016,-0.002636242,0.000888179,-0.003210883,0.000728638
1/3/2017,0.006380108,-0.002993877,-0.028082067,0.001668238
1/4/2017,0.005803167,-0.000334078,0.010202804,0.000747223
1/5/2017,8.51E-05,0.003233626,0.00403394,-0.002506212
1/6/2017,0.002188661,-0.002478163,0.000409851,-0.000370157
1/9/2017,-0.002197808,0.00179044,-0.02086604,-0.001447819
1/10/2017,-0.00039116,0.000214327,0.003674881,0.000739821
1/11/2017,0.002750505,0.000742008,0.006861957,0.002929436
1/12/2017,-0.004153246,0.001076944,0.01823434,-0.001850011
1/13/2017,0.005074363,-0.001443143,-0.001232184,-0.000222888
1/16/2017,-0.00193527,0.000162668,-0.000185735,-0.000391731
1/17/2017,-0.005354692,0.002480564,0.00353249,-0.000810391
1/18/2017,0.00173593,-0.002784109,-0.014543206,0.001289201
1/19/2017,-0.00102013,-0.003650766,0.001370343,0.001748985
1/20/2017,0.002002973,-0.000524697,0.003054158,0.000899822
1/23/2017,-0.003555016,0.003435987,0.00054675,-0.004137658
1/24/2017,0.00456233,-0.002478124,0.004417464,0.001930671
1/25/2017,0.008863985,-0.003800836,-0.003198484,0.002075746
1/26/2017,0.001450736,-0.001141582,0.006703252,0.00145853
1/27/2017,-0.002106233,0.001590124,-0.0076867,0.000195917
1/30/2017,-0.006866784,-7.62E-05,-0.013034273,-0.001976676
1/31/2017,-0.002659903,0.001278896,0.001491845,-0.00156813
2/1/2017,0.001756042,-0.001708935,0.014710817,0.006310754
2/2/2017,-0.000422151,0.001490738,-0.002045357,-0.001767293
2/3/2017,0.006010425,-0.000563135,-0.006233639,0.000646647
2/6/2017,-0.002840363,0.002165401,-0.005474272,-0.003397991
2/7/2017,0.000646921,0.001551494,-0.001660396,-0.002421242
2/8/2017,0.001240988,0.002804582,0.005411648,-0.003607562
2/9/2017,0.005927584,-0.000977679,0.003266173,0.003792412
2/10/2017,0.004867159,-0.001805365,0.007339676,0.000993419
2/13/2017,0.006002288,-0.000786585,-0.013949039,-0.000280775
2/14/2017,0.00250194,-0.001855945,0.001110594,-0.000847761
2/15/2017,0.005793386,-0.001271549,0.002718497,0.00316476
2/16/2017,-0.002392106,0.00319213,-0.006971052,-0.000226394
2/17/2017,0.000270943,0.00128226,-0.002813943,-0.002431178
2/20/2017,0.000560058,3.60E-05,0.003175482,-0.00058198
2/21/2017,0.00483567,-0.000674176,-0.012117414,0.000459385
2/22/2017,0.000486963,0.0011317,-0.005471193,-0.001005936
2/23/2017,-2.71E-05,0.002196201,0.00563723,0.001244293
2/24/2017,-0.00166533,0.004174798,-0.001126524,-0.003134933
2/27/2017,0.000582405,-0.001387247,-0.006222001,0.000274941
2/28/2017,-0.001595444,0.00027012,0.007288946,0.000135875
3/1/2017,0.013265159,-0.004811692,0.004433201,0.004215827
3/2/2017,-0.002047073,-0.000921178,-0.015260463,-0.000636476
3/3/2017,-0.000495792,0.000143166,0.005556891,0.000919772
3/6/2017,-0.002461834,-8.95E-05,0.002473234,0.000432552
3/7/2017,-0.002819959,-0.000466855,-0.007429374,-0.001197377
3/8/2017,-0.000920367,-0.002709391,-0.016683025,-0.001128148
3/9/2017,0.001115641,-0.002093406,-0.009617017,-6.74E-05
3/10/2017,0.003193279,-0.000414105,-0.005373701,0.002411446
3/13/2017,0.001577141,-0.000928259,0.000736072,0.001205722
3/14/2017,-0.003619268,0.000722904,-0.011083079,-0.00244965
3/15/2017,0.00582524,0.004457206,0.011377047,0.001018432
3/16/2017,0.001083314,-0.000839834,-0.001631612,0.00230999
3/17/2017,-0.001090552,0.000532656,0.003732461,-0.000778562
3/20/2017,-0.001807781,0.001035584,0.002415995,-0.001027879
3/21/2017,-0.009623932,0.001530192,-0.002966954,-0.001583255
3/22/2017,-0.00230074,0.002560124,-0.006472892,-0.000867805
3/23/2017,0.001010128,-0.000575081,0.000286845,-6.88E-05
3/24/2017,0.002105443,0.00102378,0.001028443,2.74E-05
3/27/2017,-0.00351647,0.001207221,-0.003148873,0.002777224
3/28/2017,0.006441609,-0.000770521,0.009441658,-0.00064723
3/29/2017,0.003237335,0.001502875,0.011914257,-4.63E-05
3/30/2017,0.002117604,-0.000801488,0.002519529,-0.000298422
3/31/2017,-0.001962833,0.000395784,0.000980949,0.000927281
4/3/2017,-0.001462198,0.00245724,-0.008503928,-0.001885823
4/4/2017,-0.000125356,0.001137335,0.015094992,0.000801478
4/5/2017,-0.00278721,-0.000147387,0.002670126,-2.49E-05
4/6/2017,0.001725155,0.000466961,0.005449801,-0.001288888
4/7/2017,0.00018141,-0.000409478,0.001050768,-0.00074446
4/10/2017,0.000527488,-0.000243812,0.00465163,-0.000880102
4/11/2017,-0.001044566,0.002753221,-0.001730325,-0.002208199
4/12/2017,-0.003684564,0.000367917,-0.000152801,0.000214302
4/13/2017,-0.005623404,0.002803515,0.004158572,0.001361379
4/17/2017,0.005469347,-0.000608496,-0.006261861,-0.001347267
4/18/2017,-0.004718335,0.002655924,-0.007464971,-0.005222828
4/19/2017,-0.001252544,-0.001006762,-0.013043776,0.001421614
4/20/2017,0.006726804,-0.001422896,-0.003516666,-0.00111249
4/21/2017,-0.000610647,0.000352417,-0.011883925,-0.001369233
4/24/2017,0.013396486,-0.000700625,-0.004508493,0.003272594
4/25/2017,0.005867737,-0.002181406,0.004242505,0.002640537
4/26/2017,7.74E-05,0.000436414,0.002762148,0.001518129
4/27/2017,0.000108446,0.001404004,-0.008119209,-0.000781001
4/28/2017,-0.001814794,0.000209327,0.006385298,-0.000437077
5/1/2017,0.002299933,-0.00109133,-0.004199691,-0.001501888
5/2/2017,0.00137172,0.000823696,-0.007621132,-0.002712088
5/3/2017,-0.000958846,-0.000385183,0.002008955,-0.003176514
5/4/2017,0.001978734,-0.001864805,-0.02482475,-0.001436631
5/5/2017,0.005422606,0.000168228,0.011042429,0.000905894
5/8/2017,0.000535546,-0.001277099,-0.004639847,-0.002344651
5/9/2017,0.000347073,-0.001746405,-0.002360585,0.001597303
5/10/2017,0.000946528,0.000312579,0.016020545,-0.000750735
5/11/2017,-0.001581856,-4.20E-05,0.008574866,0.002851478
5/12/2017,-0.000274178,0.003364842,0.003022399,-0.004762584
5/15/2017,0.00360711,-0.000623514,0.004309481,-0.000168813
5/16/2017,2.24E-05,0.000641756,-0.00531508,-0.003146253
5/17/2017,-0.014781607,0.004767672,0.004986959,-0.00139702
5/18/2017,-0.000196727,-4.95E-05,-0.00293735,-0.002838055
5/19/2017,0.006919813,-0.000410069,0.018041307,0.006948252
5/22/2017,0.004124513,-0.000648178,0.007972019,-0.001571139
5/23/2017,0.001877707,-0.000807076,-0.006010145,0.00107716
5/24/2017,0.001164729,0.000470696,-0.002777693,-0.001122247
5/25/2017,0.003612996,0.001324704,-0.018332316,-0.002099542
5/26/2017,-0.000263565,0.001040141,0.005541463,0.000742031
5/29/2017,7.20E-05,-0.000313655,-0.002940242,-0.000111917
5/30/2017,-0.001794937,0.001505807,-0.010012803,0.000979942
5/31/2017,6.32E-05,0.000344573,-0.014423276,0.000914051
6/1/2017,0.006895039,-0.000791432,-0.004742151,-0.003172494
6/2/2017,0.003989419,0.002067556,-0.006257401,-0.00202978
6/5/2017,-0.001600779,-0.000783149,-0.006139232,-0.001378935
6/6/2017,-0.00294499,0.002137351,0.007676388,-0.001248527
6/7/2017,-0.000286601,-0.001216631,-0.016816876,-0.000899776
6/8/2017,0.000423339,-0.000203116,0.001675124,0.001175946
6/9/2017,0.000866784,0.00060385,0.004420994,0.000844441
6/12/2017,-0.002393808,0.000293949,-0.005085223,-0.002001759
6/13/2017,0.004238674,-0.000328314,-0.000290105,-0.000939452
6/14/2017,-0.001167333,0.003247463,-0.01754952,-0.002755522
6/15/2017,-0.00283334,-0.002137858,0.005352037,-0.005473414
6/16/2017,0.00147918,0.000318976,0.004667345,-0.000501296
6/19/2017,0.00707555,-0.001016196,-0.01184547,0.000767165
6/20/2017,-0.003547481,0.001753647,-0.010111967,-0.001377513
6/21/2017,-0.002466503,-0.000179515,-0.010749568,0.000595104
6/22/2017,-5.80E-05,0.000165168,-0.000513282,0.001824952
6/23/2017,0.000736826,0.000240692,0.005497974,0.002516595
6/26/2017,0.001464989,0.000372936,0.00800022,0.001648484
6/27/2017,-0.005437581,-0.003967668,0.011652127,0.00253624
6/28/2017,0.005094506,-0.001336969,0.008024855,0.00217768
6/29/2017,-0.007390399,-0.004051734,0.004146971,0.001190668
6/30/2017,-0.00221627,-0.002203106,0.015325145,-0.001595994
7/3/2017,0.003689411,-0.001793462,0.008610027,0.000615578
7/4/2017,-0.000938926,0.001019957,-0.000974027,-0.000153719
7/5/2017,0.00141234,-0.000592743,-0.019613279,-0.000221686
7/6/2017,-0.006915424,-0.003346843,0.005445747,0.002498017
7/7/2017,0.003576617,-0.001210333,-0.013970851,-0.003687183
7/10/2017,0.002338333,0.00177307,0.008033757,-0.000195867
7/11/2017,-0.000413961,1.84E-05,0.012702059,3.70E-05
7/12/2017,0.006555694,0.002568298,-0.002258284,0.000439511
7/13/2017,0.002159737,-0.000861401,-0.001381614,0.0023896
7/14/2017,0.002936139,0.001099714,0.009673435,-0.000294192
7/17/2017,0.000951831,0.000960976,-0.002053553,0.000231008
7/18/2017,-0.002511936,0.002335678,0.007164472,-0.000208604
7/19/2017,0.005348423,9.63E-05,0.009417886,0.000658835
7/20/2017,0.000549912,0.000396339,-0.002174627,0.000205723
7/21/2017,-0.002767763,0.002102448,-0.014853278,-0.002278201
7/24/2017,-0.001642205,-0.00052868,-0.003321034,4.03E-05
7/25/2017,0.003101248,-0.004031749,0.014587783,0.001993841
7/26/2017,0.000982389,0.001862921,0.00940688,-0.000568224
7/27/2017,-0.000296173,1.02E-05,0.008336464,0.001278329
7/28/2017,-0.002732403,-7.17E-05,0.005557988,0.001128589
7/31/2017,-0.000607894,-0.000322394,-0.003512124,-0.000532006
8/1/2017,0.002837629,0.002663309,-0.010348844,-0.003931285
8/2/2017,0.00044868,-0.000373185,0.005870756,0.000453136
8/3/2017,-5.01E-05,0.002002783,-0.006258147,-0.000151498
8/4/2017,0.001573296,-0.001349274,0.000949552,0.000474767
8/7/2017,0.002012943,0.000616239,0.001890574,9.29E-05
8/8/2017,-0.001050717,-0.001009492,0.001421769,0.003943304
8/9/2017,-0.002837921,0.002319363,0.006770009,-0.001387449
8/10/2017,-0.011994957,0.001235957,-0.007041227,0.000263596
8/11/2017,-0.001493787,0.001385794,0.001125982,-0.003335297
8/14/2017,0.0088551,-0.001166016,-0.011533227,-0.003518585
8/15/2017,0.001010848,-0.001963893,-0.005879664,0.00343088
8/16/2017,0.002247924,0.00142158,-0.005644102,-0.001706808
8/17/2017,-0.011966347,0.001017025,0.003882958,-0.000159384
8/18/2017,-0.003207954,0.000665686,0.011430214,-0.000624705
8/21/2017,-0.000669267,0.000468215,-0.005503838,-0.000562689
8/22/2017,0.008946363,-0.001737279,0.001014526,0.000777258
8/23/2017,-0.003250886,0.001843486,0.005649414,-0.000358349
8/24/2017,-9.15E-05,-0.000755882,8.10E-05,-0.0008687
8/25/2017,0.000672587,0.00111027,-0.00278495,-1.14E-06
8/28/2017,-0.000535323,0.000892911,-0.001650901,0.000107432
8/29/2017,-0.001171518,0.001643891,0.002129123,-0.001772288
8/30/2017,0.004045108,-0.001049183,-0.005110434,0.000337694
8/31/2017,0.006078672,0.000755937,0.027625384,0.002199063
9/1/2017,0.001999744,-0.001646791,0.002546934,-0.000614645
9/4/2017,-0.003791168,0.000992281,-0.002405051,-0.000191088
9/5/2017,-0.002728803,0.003158024,0.004423713,-0.000788145
9/6/2017,0.001266486,-0.001523181,0.0074407,0.000428692
9/7/2017,0.00122931,0.002921885,-0.000545,0.000563686
9/8/2017,-0.001619509,-0.000251328,-0.013886915,0.000954101
9/11/2017,0.010087227,-0.00258947,0.003907624,0.002647135
9/12/2017,0.004292209,-0.003268694,0.002731065,-0.000267871
9/13/2017,0.000467002,-0.001072946,0.009484623,0.001261711
9/14/2017,-0.00048543,-0.001059716,0.004131662,0.001262327
9/15/2017,-1.14E-05,-0.000982593,0.001534015,0.000137305
9/18/2017,0.002731861,-0.001012995,0.001848539,0.000978791
9/19/2017,0.002130219,-0.000638469,-0.004568359,0.000306903
9/20/2017,0.000203985,-0.001360956,0.009282532,2.47E-05
9/21/2017,-0.000319448,-0.000467254,-0.009453788,-0.003801502
9/22/2017,-0.000265555,0.000573158,0.002008646,0.000796986
9/25/2017,-0.000444852,0.002012511,0.010453509,0.000408013
9/26/2017,-0.001140972,-0.000587915,-0.005989164,-0.000272675
9/27/2017,0.004225067,-0.003574574,0.002022174,0.002534559
9/28/2017,0.001305973,-1.21E-05,-0.005266085,6.16E-05
9/29/2017,0.003605919,-0.000467252,-0.00255423,-0.001688849
10/2/2017,0.004351121,-0.000374761,-0.014653065,0.000914856
10/3/2017,0.003084938,0.00011001,-0.000780785,-0.000975052
10/4/2017,0.000659215,0.000342149,0.002116941,0.001346542
10/5/2017,0.004523146,-0.000263261,0.009162007,0.000428946
10/6/2017,-0.001260408,-0.000769803,-0.01531856,-0.000360425
10/9/2017,-0.000127923,0.000705539,5.59E-05,0.000100348
10/10/2017,0.001741327,0.000547835,0.013722207,0.000509718
10/11/2017,0.00164151,-0.000144795,0.001005767,5.84E-05
10/12/2017,-0.000367541,0.001129958,0.001849583,3.24E-05
10/13/2017,0.001825058,0.002225188,0.011027483,-0.002768681
10/16/2017,0.001294656,-0.000422559,0.000767378,0.000249621
10/17/2017,0.000733648,0.000646149,-0.00248807,-0.002143073
10/18/2017,0.001147244,-0.00183557,-0.0026617,-0.00061153
10/19/2017,-0.000319331,0.000876009,-0.002712577,0.000778287
10/20/2017,0.004023116,-0.002915836,0.003475146,0.003600444
10/23/2017,-0.001759423,0.000950398,0.002910423,0.000186059
10/24/2017,0.001220991,-0.001618724,0.006136956,-2.13E-05
10/25/2017,-0.00389035,-0.001351873,-0.002403487,0.000542001
10/26/2017,0.003146735,0.0004936,0.002377815,-0.000191789
10/27/2017,0.00607568,0.001987656,0.003171486,0.000906376
10/30/2017,-0.002746749,0.002862338,0.003323779,-0.000872055
10/31/2017,0.001785172,-0.000106743,-0.000120278,0.000188501
11/1/2017,0.002834956,-0.000266798,0.000525461,0.000195242
11/2/2017,0.000901672,0.001694381,0.003483589,-0.001219166
11/3/2017,0.001948727,0.000232623,0.009510959,-0.000119073
11/6/2017,0.001842852,0.001774921,0.022759335,0.001223472
11/7/2017,4.12E-05,0.001123038,-0.003837298,0.00043145
11/8/2017,0.000877457,-0.000533609,0.000217184,-0.000308188
11/9/2017,-0.003423872,-0.001781731,0.001707301,0.001461992
11/10/2017,-0.003414667,-0.002979375,-0.002052102,0.000173226
11/13/2017,-0.000467668,-0.00042404,-0.003673794,0.000143536
11/14/2017,-0.001688212,0.000812042,-0.015152324,-0.000516813
11/15/2017,-0.005523743,0.00193758,-0.002101521,-0.000423599
11/16/2017,0.007430934,-0.000930099,-0.005242138,-0.001204685
11/17/2017,-0.002618024,0.000646105,0.014641323,-0.000825443
11/20/2017,0.002074355,-0.000472384,-0.007355044,0.000857041
11/21/2017,0.00559893,0.000655845,0.002279454,-0.001179434
11/22/2017,-0.000600134,0.001917257,0.005781336,0.00133127
11/23/2017,0.000173873,0.000200104,0.001077295,0.001338125
11/24/2017,0.002162181,-0.001107752,-0.003712484,-0.000740671
11/27/2017,-0.000990737,0.000922396,0.002172281,0.000896857
11/28/2017,0.007580764,-0.000345644,0.003204796,-0.001087551
11/29/2017,-0.000302097,-0.001998267,-0.002425294,0.000924054
11/30/2017,0.005756612,-0.001278825,-0.010701287,0.001966077
12/1/2017,-0.002568738,0.00307683,0.011963246,0.001027351
12/4/2017,-4.02E-05,-0.001606363,-0.014122082,0.001424264
12/5/2017,-0.003229252,0.000524894,-0.004594215,-0.001285124
12/6/2017,-0.001485512,0.001681459,-0.014553485,-0.001563125
12/7/2017,0.004152523,-0.001002384,-0.003819278,-0.000142009
12/8/2017,0.005537466,-0.000137434,0.006639919,0.000773966
12/11/2017,0.003186834,0.000383369,0.007190505,-0.000108016
12/12/2017,0.00179853,-0.001052183,-0.016472071,2.12E-05
12/13/2017,-0.000156183,0.001495522,-0.002441468,-0.000682945
12/14/2017,-0.004847709,-0.000149096,0.003528684,-0.000662934
12/15/2017,0.00632436,-0.000238676,-0.00158601,0.000722314
12/18/2017,0.006595599,-0.000585803,0.009280631,0.000599933
12/19/2017,-0.003481481,-0.003994691,0.000313337,0.000644322
12/20/2017,-0.001733513,-0.002529818,0.003277603,0.000595346
12/21/2017,0.00277756,0.000211344,0.000523443,-5.92E-05
12/22/2017,-0.000842581,2.72E-05,0.006481139,0.000909372
12/26/2017,0.000149111,0.00051878,0.014688068,-0.000636206
12/27/2017,6.26E-05,0.002053565,0.004904005,-7.43E-05
12/28/2017,-0.000893868,-0.001281802,0.012769103,0.000884746
12/29/2017,-0.002972177,0.000399948,0.007299077,0.000304297
1/2/2018,0.004098464,-0.00284127,0.005638948,0.000638515
1/3/2018,0.00629472,0.001141997,0.005258437,0.001168763
1/4/2018,0.007190272,-0.000382172,-0.003999046,-7.68E-05
1/5/2018,0.00682277,-0.000665119,-0.009530352,-0.000261497
1/8/2018,0.001389816,0.00014704,0.000309142,0.000580832
1/9/2018,0.002687021,-0.002902395,0.010985756,0.001715329
1/10/2018,-0.001511373,-0.000793006,0.001432382,-0.001250966
1/11/2018,0.004193547,-0.000123945,0.005290851,-0.002394461
1/12/2018,0.005460744,-0.000452787,0.006771865,-0.001727191
1/15/2018,0.000218614,-0.000159916,0.002663108,0.000439576
1/16/2018,-0.001260824,0.0007939,-0.007739441,0.001367856
1/17/2018,0.004296747,-0.001619307,0.005795992,0.000940483
1/18/2018,-0.001791323,-0.001101359,-0.001207492,0.001854406
1/19/2018,0.005100951,-0.000573851,-0.005555405,0.003596901
1/22/2018,0.006140509,-0.000648335,0.003709424,0.000896981
1/23/2018,0.002728512,0.001714326,0.010755419,-0.000813945
1/24/2018,-0.001390191,-0.001669105,0.012429449,-0.000978138
1/25/2018,-0.00202269,0.000323254,0.00071956,-0.000281678
1/26/2018,0.009000664,-0.001905904,0.007054002,0.001435508
1/29/2018,-0.005552985,-0.002375465,-0.004171696,0.001243489
1/30/2018,-0.009840895,-0.000849327,-0.005119752,-0.00304045
1/31/2018,-0.000846233,-8.32E-05,-0.008210996,0.002269686
2/1/2018,-0.001041529,-0.001723393,-0.00094004,0.003940588
2/2/2018,-0.018920986,-0.002965718,-0.008417684,0.001193003
2/5/2018,-0.042860893,0.002205213,-0.010610761,-0.000136411
2/6/2018,0.014287837,0.002325923,-0.006254404,-0.003349224
2/7/2018,-0.003365386,-0.002131868,-0.014136764,-0.000422749
2/8/2018,-0.022516924,-0.00172595,-0.00494567,-4.93E-05
2/9/2018,0.001951806,0.001564163,-0.022092241,-0.002855316
2/12/2018,0.01274775,-0.001156638,0.003031518,0.000340946
2/13/2018,0.000424154,0.000395299,0.004050021,-0.001437027
2/14/2018,0.01137765,-0.002660981,0.01455212,0.002165633
2/15/2018,0.011635042,0.00034838,0.00348633,0.000708444
2/16/2018,0.003176072,0.001949967,0.001943419,-0.000473191
2/19/2018,5.94E-05,-0.000684211,0.001808987,-8.28E-05
2/20/2018,-0.004838345,-0.000356809,0.00203012,0.001312689
2/21/2018,-0.003011571,-0.000791709,0.0031842,-0.000933155
2/22/2018,0.002337764,0.001141492,0.007145607,0.001076554
2/23/2018,0.010743779,0.002306219,0.003358866,-0.000972769
2/26/2018,0.011511506,0.000975344,0.005812177,0.001476526
2/27/2018,-0.009111049,-0.002224045,-0.006194096,-0.000324181
2/28/2018,-0.010885706,0.001452654,-0.011755982,-0.000345247
3/1/2018,-0.013066476,0.003142096,-0.002461136,0.001451158
3/2/2018,-0.002305095,-0.00205501,0.0003405,0.001542087
3/5/2018,0.008765604,-0.000376514,0.010224281,0.000703377
3/6/2018,0.003855175,-0.000850051,0.003752097,9.17E-05
3/7/2018,-0.000791728,0.000651342,-0.010636894,-0.000534138
3/8/2018,0.007031248,0.001324107,-0.007626142,-0.00052482
3/9/2018,0.01224761,-0.001075993,0.009144156,0.000894082
3/12/2018,0.001971974,0.000911908,-0.003307162,-0.000451002
3/13/2018,-0.005401402,0.000851267,0.000518343,-0.000922423
3/14/2018,-0.005331951,0.001647037,-0.001704833,-0.000449461
3/15/2018,0.001548011,0.000326605,-0.003407564,0.000684483
3/16/2018,0.000268434,-0.000395433,0.005436167,-0.000278432
3/19/2018,-0.011574455,0.000169575,-0.008254389,0.000196617
3/20/2018,0.000938476,-0.001292665,0.009012192,0.00033613
3/21/2018,-0.001956828,-0.001261733,0.010923563,0.00139388
3/22/2018,-0.021976159,0.004314151,-0.005786207,-0.000457015
3/23/2018,-0.017729668,0.000460636,0.005605205,4.56E-05
3/26/2018,0.015489617,-0.000976998,-0.001592968,-0.000486105
3/27/2018,-0.006569182,0.002539766,0.002720262,-0.000673843
3/28/2018,-0.002160427,0.000654801,-0.006659616,-0.001824146
3/29/2018,0.011984279,0.001532402,0.008579978,-0.000752504
4/2/2018,-0.018149921,0.000512198,-0.015057676,-0.000948429
4/3/2018,0.008361642,-0.001715217,0.004017879,0.001582255
4/4/2018,0.008036466,0.000155075,-0.002038844,0.000578144
4/5/2018,0.010001781,-0.001982432,0.003619329,0.001327372
4/6/2018,-0.015492776,0.002289156,-0.006790399,-0.000876464
4/9/2018,0.004473435,-0.000485542,0.012847399,0.000548147
4/10/2018,0.011800282,-0.001040514,0.012624136,0.00043254
4/11/2018,-0.005160157,0.000906754,0.009206961,0.001687139
4/12/2018,0.007033629,-0.002288498,-0.00035412,0.002191158
4/13/2018,-0.000946144,0.000130222,0.004849553,0.001162211
4/16/2018,0.005864759,-0.000476604,-0.005559133,0.000275272
4/17/2018,0.008113449,0.000899762,-0.000559059,6.70E-05
4/18/2018,0.003394866,-0.001640978,0.0163866,0.000182563
4/19/2018,-0.004062349,-0.002846484,-0.00483316,0.003119414
4/20/2018,-0.005238127,-0.001573318,0.00282491,-0.002807095
4/23/2018,0.000824123,-0.001435867,-0.001046126,0.00234034
4/24/2018,-0.008662334,8.47E-05,-0.002162465,-0.001342963
4/25/2018,0.001023748,-0.001433659,0.001437676,-0.000435472
4/26/2018,0.009884453,0.001896633,0.004835844,0.000511002
4/27/2018,0.001078099,0.001632146,-0.002900806,-0.001016692
4/30/2018,-0.005580894,0.000595203,0.003266901,0.001926418
5/1/2018,0.001524992,-0.00073115,-0.004904808,-0.003246216
5/2/2018,-0.005283752,3.56E-05,-0.000304191,0.000203217
5/3/2018,9.93E-06,0.001778053,0.001055775,-0.000712832
5/4/2018,0.009479524,-0.000338762,0.006553307,-1.63E-06
5/7/2018,0.003044993,0.000378601,0.004956203,0.000545138
5/8/2018,0.000203808,-0.001938288,-0.007618876,0.000548991
5/9/2018,0.007649065,-0.001375148,0.013378277,0.002370471
5/10/2018,0.006766497,0.000602296,0.006609109,1.20E-06
5/11/2018,0.003977388,0.000148011,-0.004405029,-0.001001348
5/14/2018,0.001015922,-0.001579511,0.005672912,-0.000446586
5/15/2018,-0.005570523,-0.003692182,1.15E-05,0.001184444
5/16/2018,0.003225125,-0.000878609,0.001053367,0.000710654
5/17/2018,0.000435115,-0.00083336,0.005338645,0.001423611
5/18/2018,-0.001687964,0.001888878,-0.001774415,-0.002803796
5/21/2018,0.006112378,-0.000528624,0.005499583,0.00035528
5/22/2018,-0.001365806,0.000230739,0.007736222,0.000636201
5/23/2018,-0.00250975,0.002903841,0.001374759,-0.001825952
5/24/2018,-0.002614129,0.001345616,-0.003766471,-0.000768355
5/25/2018,-0.002500694,0.002324064,-0.013754582,-0.002119951
5/28/2018,-0.000506285,-0.000373187,-0.002922314,-0.00047094
5/29/2018,-0.010271229,0.005020553,-0.00771448,-0.003469841
5/30/2018,0.007918835,-0.002761678,0.009659631,0.000758528
5/31/2018,-0.005159619,0.001406001,0.000723617,0.002445312
6/1/2018,0.009030205,-0.002621266,-0.005838091,-0.00109848
6/4/2018,0.00481043,-0.001154482,-0.012225342,0.002607322
6/5/2018,0.001001632,0.000579282,0.000773123,0.000384257
6/6/2018,0.005814288,-0.004291594,-0.001430727,0.002037046
6/7/2018,0.000903631,0.00048296,0.009516261,-0.001061203
6/8/2018,0.000209159,-0.00021944,-0.004051237,-0.000378657
6/11/2018,0.003594626,0.00013586,-0.000239803,0.000389858
6/12/2018,-3.33E-06,-7.84E-05,0.000906262,0.000724504
6/13/2018,-0.002016669,-0.000164077,0.003011237,0.000355796
6/14/2018,0.003885055,0.002619545,-0.007098888,-0.000443517
6/15/2018,-0.002216245,0.002211402,-0.015905166,-0.000492979
6/18/2018,-0.0032101,0.000319414,0.002909574,0.000736129
6/19/2018,-0.006319479,0.001823356,-0.010912118,-0.001493646
6/20/2018,0.003520473,-0.001191182,0.004320564,0.001093018
6/21/2018,-0.00673002,0.000659011,-0.005807996,-0.000794928
6/22/2018,0.003857171,1.34E-05,0.01578667,0.002255625
6/25/2018,-0.014105304,0.000512573,-0.011246236,-0.000847223
6/26/2018,0.002117558,-0.00082115,0.009134401,0.000543926
6/27/2018,-0.005232747,0.00261451,0.014422294,0.000169913
6/28/2018,0.002452632,-0.000633767,-0.00265309,-0.001758539
6/29/2018,0.002979791,0.000500432,0.008701033,7.73E-05
7/2/2018,-0.001959522,0.000174232,-0.017828143,-0.001351272
7/3/2018,-0.002577294,0.001029772,0.00181481,0.000813088
7/4/2018,7.14E-05,-4.53E-05,0.000304854,8.31E-05
7/5/2018,0.00704396,-0.0003113,-0.004689328,0.001294931
7/6/2018,0.007683404,0.000394842,0.006293509,7.05E-05
7/9/2018,0.008646502,-0.000906531,0.000914927,0.000305694
7/10/2018,0.003377743,-0.000737475,-0.001752841,0.000716673
7/11/2018,-0.009395024,0.001122487,-0.029347142,-0.001421587
7/12/2018,0.009040154,-0.000104619,0.003339185,-0.000600332
7/13/2018,0.002922089,0.001461405,4.58E-05,0.001385584
7/16/2018,-0.002417113,-0.0013574,-0.018101046,-0.000951375
7/17/2018,0.004307154,0.00088244,0.000199226,-0.000710536
7/18/2018,0.002748035,-0.000280243,0.003700255,-0.000919582
7/19/2018,-0.002721598,0.001406941,0.002970666,-0.00138382
7/20/2018,-0.001595329,-0.00239994,0.005059595,0.001965554
7/23/2018,0.001113559,-0.003639075,-0.001187127,-0.000293026
7/24/2018,0.004401307,0.000382834,0.006102173,0.000332333
7/25/2018,0.0042915,0.000720324,0.009640224,0.000993845
7/26/2018,0.002117353,-0.00194687,0.002929844,-0.000394641
7/27/2018,-0.004756181,6.18E-05,-0.001360892,0.000478643
7/30/2018,-0.004523727,-0.001502012,0.007249407,0.000733225
7/31/2018,0.004271294,0.000947002,-0.006164764,-0.000198003
8/1/2018,-0.002083942,-0.003416025,-0.015144822,-0.001268623
8/2/2018,0.001503488,0.00057238,0.008551556,0.000525458
8/3/2018,0.003767073,0.001794566,0.004643522,-0.001635905
8/6/2018,0.002498286,0.001159375,0.003205489,9.94E-05
8/7/2018,0.004008385,-0.001376769,0.007117861,0.000669524
8/8/2018,-0.001161447,0.000264825,-0.008990537,-0.001061153
8/9/2018,7.38E-05,0.001255334,-0.001872627,-6.88E-05
8/10/2018,-0.008113364,0.003487221,-0.001612367,-0.001841705
8/13/2018,-0.004679323,-0.001008228,-0.005667722,0.00047221
8/14/2018,0.005043866,-0.000588488,0.002078005,-0.001024225
8/15/2018,-0.008469931,0.001477443,-0.019267994,-0.000470625
8/16/2018,0.007448391,-0.000534489,0.007845231,0.000517812
8/17/2018,0.002079177,0.00019592,0.00496435,-1.68E-05
8/20/2018,0.002603793,0.002224502,9.97E-05,-0.000974996
8/21/2018,0.001204146,-0.000762653,0.003975504,0.000120369
8/22/2018,0.000392051,7.20E-05,0.007579703,0.000414016
8/23/2018,-0.000764919,-0.000224683,-0.002891287,-8.35E-05
8/24/2018,0.005409954,-0.000468393,0.00671353,0.000902516
8/27/2018,0.007262724,-0.001153786,0.000461688,0.000468408
8/28/2018,0.000415932,-0.00136245,-0.005233364,-0.000233028
8/29/2018,0.003964917,-0.000230088,0.007338374,0.001874212
8/30/2018,-0.004053185,0.001048015,0.001344555,-0.000724958
8/31/2018,-0.002494574,0.000957298,0.001734731,-0.001871487
9/3/2018,0.000158614,0.000140223,0.001185334,-0.001401652
9/4/2018,-0.002402503,-0.000898847,-0.006961619,0.0012696
9/5/2018,-0.005386565,0.000180008,-0.00787262,-0.000825748
9/6/2018,-0.003952107,0.001758415,-0.005805141,-0.001416399
9/7/2018,-0.001861058,-0.002716159,0.002222919,0.000853706
9/10/2018,0.00213888,0.000533662,0.003714192,-0.000507348
9/11/2018,0.002908725,-0.001940565,0.00577694,0.001158229
9/12/2018,0.000436377,0.000657605,0.007139981,0.000388249
9/13/2018,0.004431942,-0.000205277,-0.012032186,-0.002014126
9/14/2018,0.002169793,-0.001619717,-0.003532287,0.000604111
9/17/2018,-0.003660061,0.000237182,-0.001568215,0.000289874
9/18/2018,0.004922512,-0.001525474,0.011954265,0.001598044
9/19/2018,0.002392173,-0.001930563,0.007121061,0.000813244
9/20/2018,0.007152197,0.00018242,0.005318349,0.001577646
9/21/2018,0.001215828,0.000805243,0.005207724,-0.000705567
9/24/2018,-0.002969426,-0.001565693,0.012058377,0.000229019
9/25/2018,-0.000273944,-0.00100752,0.005059335,0.000455268
9/26/2018,-0.000795413,0.001970241,-0.007109132,-0.001261134
9/27/2018,0.002459856,2.00E-05,0.00570875,0.000355059
9/28/2018,-0.001395188,-0.000665804,0.005719545,-0.001061871
10/1/2018,0.003475887,-0.001336026,0.019144391,0.001143422
10/2/2018,-0.002027144,0.000633646,0.008944541,-0.000894001
10/3/2018,0.001595027,-0.002938097,0.008164162,0.002434335
10/4/2018,-0.008183889,-0.002599285,-0.012657766,-0.000279253
10/5/2018,-0.005555356,-0.001719397,-0.001408129,-0.001219715
10/8/2018,-0.002552431,-0.000290899,0.002957867,0.000469143
10/9/2018,-0.002144709,0.000582801,0.004876348,-0.000439479
10/10/2018,-0.028801599,-0.000334249,-0.010689026,-0.000304552
10/11/2018,-0.016728616,0.003410456,-0.014548647,-0.002325415
10/12/2018,0.005874954,9.26E-05,0.001963304,-0.001202181
10/15/2018,-0.005864493,-0.000427273,0.010645591,0.00024404
10/16/2018,0.020635732,0.000825614,-0.000151806,-0.00047406
10/17/2018,0.000488458,-0.000440315,-0.005574092,-0.000890243
10/18/2018,-0.012765855,5.51E-05,-0.013874011,3.01E-05
10/19/2018,-0.000954361,-0.00034535,0.004661494,-0.000479979
10/22/2018,-0.003150284,0.000712077,-0.003235763,-0.000233388
10/23/2018,-0.007939205,0.001562212,-0.012907174,-0.002452571
10/24/2018,-0.021911561,0.001877624,-0.003527328,-0.000325634
10/25/2018,0.004656355,0.00068192,0.002077149,-0.001647626
10/26/2018,-0.007280824,0.003391534,0.003456748,-0.000253535
10/29/2018,-0.004665981,0.000238451,-0.006489022,-0.000650874
10/30/2018,0.013015734,-0.001701913,-0.010084026,-0.001639161
10/31/2018,0.011174278,-0.001867298,-0.002750812,0.001528565
11/1/2018,0.005941848,0.000566597,-0.006234675,-0.000940659
11/2/2018,-0.000259877,-0.002567874,0.002303867,0.001965452
11/5/2018,0.002677206,0.000553684,0.010388615,5.32E-05
11/6/2018,0.005553191,-0.001343772,-0.007106073,0.001133239
11/7/2018,0.016055331,0.000300746,-0.000641319,-5.33E-05
11/8/2018,-0.00044273,-0.001439275,-0.007054625,9.24E-05
11/9/2018,-0.008844256,0.002250704,-0.000816582,-0.001769489
11/12/2018,-0.014577002,0.001446601,0.003160455,-0.000685076
11/13/2018,-0.000594379,0.000376148,-0.014329252,-0.001390084
11/14/2018,-0.008695275,0.000912868,0.034371799,-0.001107578
11/15/2018,0.008562805,0.001520928,-0.025942691,-0.000317525
11/16/2018,0.001635488,0.001320958,0.013117242,-4.11E-06
11/19/2018,-0.012692293,0.000507568,0.015767142,-0.00145401
11/20/2018,-0.018013629,0.000150207,-0.034225492,-0.0018986
11/21/2018,0.005076694,3.84E-05,0.00535388,-0.000819081
11/22/2018,-0.000871738,0.000263926,-0.003027202,0.000480523
11/23/2018,-0.004807112,0.000953109,-0.035040017,-0.001746137
11/26/2018,0.013548067,-0.000175146,0.005803052,0.000327972
11/27/2018,0.003531596,0.000800429,-0.00301901,-0.003433407
11/28/2018,0.016039704,0.00061234,0.00967988,0.001533994
11/29/2018,0.001814581,0.001512929,0.005293855,0.002550334
11/30/2018,0.002923754,0.000648008,-0.004548876,0.000529784
12/3/2018,0.012175659,0.00120225,0.010612385,-0.000220287
12/4/2018,-0.025563614,0.002669795,0.007795828,-0.000954914
12/5/2018,-0.002893156,0.00047694,-0.001298093,-0.000661323
12/6/2018,-0.01115994,0.002375453,-0.018684105,-0.003009297
12/7/2018,-0.012038293,0.000975783,0.021276828,0.000464364
12/10/2018,-0.003192882,0.000728298,-0.016111001,-0.001777807
12/11/2018,0.002412517,-0.001337915,-0.000610047,-0.003873949
12/12/2018,0.008005251,-0.001051909,-0.008533841,0.000127744
12/13/2018,-0.001687321,-1.25E-05,0.008103474,-0.000259588
12/14/2018,-0.014651294,0.001536366,-0.021463546,-0.001917337
12/17/2018,-0.014423107,0.000939895,-0.020541316,-0.00110701
12/18/2018,-0.007425081,0.001433784,-0.013378403,-0.000768171
12/19/2018,-0.008910363,0.002394943,0.007101758,0.001047764
12/20/2018,-0.010904555,0.000358842,-0.026107798,-0.00896391
12/21/2018,-0.021581461,-0.001446237,0.003704685,0.001956451
12/24/2018,-0.021588901,0.00191047,-0.036987483,-0.000888312
12/26/2018,0.039264501,-0.001616576,0.028790413,0.000670699
12/27/2018,0.007337333,0.002340215,-0.009445997,-0.001606066
12/28/2018,0.001574659,0.000637702,-0.00690046,-0.001705661
12/31/2018,0.005894851,0.001543584,-0.014384652,-0.001817675
1/2/2019,0.00071758,0.002019772,0.009030873,0.000421463
1/3/2019,-0.01856576,0.003663057,0.007042353,-0.001975902
1/4/2019,0.026929886,-0.00422056,0.016859826,0.005143385
1/7/2019,0.007045266,-0.001363932,0.00343583,0.000163728
1/8/2019,0.008808127,-0.002016221,0.00919059,0.00213905
1/9/2019,0.005286526,0.000188606,0.021502452,0.002957417
1/10/2019,0.002806774,0.000360365,-0.001964468,-0.000906458
1/11/2019,0.00082962,0.00129248,0.000839616,0.000875431
1/14/2019,-0.005068161,0.000152949,0.00821789,-0.001162318
1/15/2019,0.008782579,0.000117518,0.007310998,-0.00136009
1/16/2019,0.002489146,-0.00060593,0.000177068,0.000100903
1/17/2019,0.005709963,-0.001184079,0.001953769,0.002683156
1/18/2019,0.014316851,-0.001634721,0.01650479,-0.000374932
1/21/2019,-0.000130435,3.71E-05,-0.00076593,-0.002246192
1/22/2019,-0.012050185,0.002235624,-0.022996253,-0.001556712
1/23/2019,0.001132041,-0.000778456,-0.003241977,-0.000337289
1/24/2019,-0.00034324,0.002729301,0.005197834,-0.001548934
1/25/2019,0.009937252,-0.001469662,0.009996584,-0.000579355
1/28/2019,-0.007420473,0.000283371,-0.025035344,-0.002494088
1/29/2019,0.001085505,0.001441496,0.012494942,-0.000101906
1/30/2019,0.011912817,0.00109867,0.004148903,0.003205057
1/31/2019,0.006589092,0.002701601,-0.005656967,0.00479743
2/1/2019,0.000547907,-0.002860395,0.006495499,0.006957493
2/4/2019,0.004809673,-0.001514977,-0.004031471,-0.000902547
2/5/2019,0.006134481,0.000757377,-0.004039942,-0.001535489
2/6/2019,-8.54E-05,0.000114215,0.003876826,-0.000137068
2/7/2019,-0.009431772,0.001812017,-0.016224532,-0.003150328
2/8/2019,-0.002091229,0.000842312,0.003089599,-0.002207317
2/11/2019,0.002091522,-0.000969075,-0.003018215,-0.001185506
2/12/2019,0.012483281,-0.000991447,0.009326446,0.001165405
2/13/2019,0.002972987,-0.000590151,0.002313307,0.001438678
2/14/2019,-0.00150757,0.002532034,0.001536167,-8.89E-05
2/15/2019,0.009978483,-0.000664607,0.016856001,-0.000180236
2/18/2019,0.001675356,9.46E-05,0.001355304,-0.000504857
2/19/2019,0.000203608,0.000716635,0.001764557,-0.000764432
2/20/2019,0.003976231,-0.000425246,0.004264985,0.002185389
2/21/2019,-0.003306789,-0.001258072,0.005247967,-0.00027111
2/22/2019,0.0048611,0.001467583,0.003161138,0.001907662
2/25/2019,0.002558623,-0.000235478,-0.012281683,0.000829169
2/26/2019,-0.001523973,0.001308753,0.000394472,-0.000825615
2/27/2019,0.000238383,-0.003173846,0.009444214,0.001071721
2/28/2019,-0.002779363,-0.001172437,-0.000637726,0.001312933
3/1/2019,0.006499195,-0.00162316,-0.005842911,0.004191004
3/4/2019,-0.002074853,0.001030786,0.002398622,-0.000946428
3/5/2019,0.000350074,0.00027985,0.004587969,-0.000540892
3/6/2019,-0.005295034,0.002831773,-0.005489415,-0.002036379
3/7/2019,-0.00687418,0.004080715,0.000308004,9.16E-05
3/8/2019,-0.003711884,0.000568223,-0.003456584,-0.000299374
3/11/2019,0.011061943,-0.000575301,-0.001527137,0.000923697
3/12/2019,0.003481946,0.001006267,0.005051674,-0.001362273
3/13/2019,0.005255501,-0.000135263,0.010495199,0.000936297
3/14/2019,-0.00010736,-0.00061773,0.00057387,0.002145708
3/15/2019,0.006055575,0.001218142,-0.000856487,0.000777002
3/18/2019,0.004105769,6.08E-05,0.005721446,0.000803311
3/19/2019,-5.40E-05,-0.000717212,0.002730857,-0.000367181
3/20/2019,-0.00378344,0.002896041,0.004702949,-0.000926267
3/21/2019,0.008912015,0.001269925,-0.001997449,0.001330031
3/22/2019,-0.01627755,0.00412087,-0.010833746,-0.004558487
3/25/2019,-0.00356489,0.001371105,0.001678285,-0.002306272
3/26/2019,0.006510167,-5.68E-05,0.003169832,-0.00171751
3/27/2019,-0.002515678,0.002369532,-0.005880529,-0.001705831
3/28/2019,0.002280368,-0.00065536,-0.004219331,-0.000899604
3/29/2019,0.005974341,-0.001502841,-0.000211932,0.003615657
4/1/2019,0.011080503,-0.003695624,0.011706217,0.002065352
4/2/2019,0.000348779,0.000845014,0.003466164,-0.000730308
4/3/2019,0.005616881,-0.002201286,0.001811758,0.001351977
4/4/2019,0.000704561,0.000396675,-0.00014512,-0.000638104
4/5/2019,0.004028552,-3.91E-05,0.004823475,0.000692678
4/8/2019,0.000260719,-0.000340093,0.007775159,0.00069789
4/9/2019,-0.004420244,0.001073234,-0.002946184,7.48E-05
4/10/2019,0.003006978,0.001312163,0.007402818,0.001899329
4/11/2019,-0.000316024,-0.001279524,-0.009809183,-0.000286769
4/12/2019,0.006072404,-0.00338364,0.004427487,0.002859113
4/15/2019,0.000765226,-0.000291491,-0.007357694,-0.000411823
4/16/2019,0.001756843,-0.0017173,-0.000825031,0.000120094
4/17/2019,-0.001891295,-0.000453692,-0.005789754,-0.001367404
4/18/2019,0.002236946,0.00260142,0.001030569,0.000855098
4/22/2019,0.00063845,-0.00087083,0.0096056,0.001257072
4/23/2019,0.00724315,1.68E-05,-0.003373728,0.000593699
4/24/2019,-0.002314116,0.003258227,-0.003562027,-0.000255502
4/25/2019,-0.000767633,-0.000957818,-0.00010555,0.001784507
4/26/2019,0.00374553,0.001978479,-0.010139304,-0.000403407
4/29/2019,0.000775021,-0.001176845,-0.000891582,0.000274553
4/30/2019,0.001219195,0.00072343,0.001575052,-0.001630513
5/1/2019,-0.006124113,-0.000181241,0.001680722,-0.003675209
5/2/2019,-0.002330324,-0.00192715,-0.01167449,-0.004109125
5/3/2019,0.007795821,0.000539316,-0.000247141,0.000898952
5/6/2019,-0.005400323,0.001245491,-0.00487166,-0.000475784
5/7/2019,-0.013480454,0.002350036,-0.007486635,-0.001433125
5/8/2019,-0.001168951,-0.000911278,0.006341883,-0.001097723
5/9/2019,-0.007349553,0.000769658,-0.00589579,-0.000656482
5/10/2019,0.004118553,-0.000247561,0.002260711,0.002534508
5/13/2019,-0.021930116,0.002110944,-0.004682787,-0.002087894
5/14/2019,0.009154404,-0.000436529,0.013475537,0.000936447
5/15/2019,0.005762563,0.001820828,0.003031485,-0.002556226
5/16/2019,0.008518751,-0.000469419,0.012032154,0.001094816
5/17/2019,-0.003660656,0.000399159,-0.006916279,-0.002152364
5/20/2019,-0.005921178,-0.001530961,0.003043871,-8.26E-05
5/21/2019,0.006239538,-0.000719757,-0.003432639,0.002126564
5/22/2019,-0.001959896,0.001887074,-0.015294446,-0.001291586
5/23/2019,-0.012970713,0.004094605,-0.020260317,-0.006698207
5/24/2019,0.004283737,-0.000483298,0.010004545,0.004007687
5/27/2019,0.001108254,-0.000283616,0.004350971,0.000274061
5/28/2019,-0.006923938,0.002203537,0.005221374,-0.004235149
5/29/2019,-0.010042068,0.002040273,-0.000783565,-0.000525193
5/30/2019,0.003127984,-6.72E-05,-0.015165067,0.001946748
5/31/2019,-0.012481364,0.003750238,-0.029437062,-0.001481718
6/3/2019,-0.000859086,0.002591923,-0.008712009,-0.003089281
6/4/2019,0.015679005,-0.000950175,0.003731818,0.001336655
6/5/2019,0.007390992,0.001133473,-0.019799486,0.001373817
6/6/2019,0.004788756,0.000231152,0.005088089,-0.000584137
6/7/2019,0.009799618,0.001990181,0.008458077,-0.001191783
6/10/2019,0.005304193,-0.002364327,-0.001778493,-0.000316457
6/11/2019,0.001038884,0.000373998,0.006035723,-0.001235733
6/12/2019,-0.002523932,0.000403205,-0.013448758,-0.000692961
6/13/2019,0.003057553,0.001992777,0.006501541,-0.002433637
6/14/2019,-0.001024072,0.000417327,0.007062333,-0.005649625
6/17/2019,0.000854853,-9.04E-05,-0.004697898,-0.000855778
6/18/2019,0.010252965,0.002978647,0.006981556,0.001706797
6/19/2019,0.002893268,0.000628169,-0.006827813,0.001495829
6/20/2019,0.007750275,0.001795116,0.017123169,0.008120708
6/21/2019,-0.003679434,-0.002961383,0.00104465,0.001759767
6/24/2019,6.96E-05,0.002053409,0.010794193,-0.001808663
6/25/2019,-0.00791506,0.001206061,0.00442642,-0.002258307
6/26/2019,-0.001578986,-0.002582759,0.009066634,0.00325653
6/27/2019,0.004050138,0.001304082,0.002465073,-0.001330811
6/28/2019,0.004320644,0.000566441,-0.008493367,-0.000949958
7/1/2019,0.00871769,5.95E-05,-0.004532089,-0.001877909
7/2/2019,0.003621635,0.00237859,-0.020933996,-0.003335792
7/3/2019,0.005992262,0.002508573,0.015801221,-0.000824175
7/4/2019,0.00050671,6.12E-05,-0.001158425,-0.000396314
7/5/2019,-0.003317411,-0.004431835,0.009356202,0.004278613
7/8/2019,-0.003868482,0.000111812,-0.001135524,-0.000858771
7/9/2019,9.54E-05,-0.001136277,0.003867715,0.00385105
7/10/2019,0.003311997,-0.000355125,0.023057448,0.002362844
7/11/2019,0.001572253,-0.00249114,-0.001755686,0.000949284
7/12/2019,0.002322694,-0.000255093,0.004815631,0.001534967
7/15/2019,0.001041662,0.001304548,-0.008841,-0.000326042
7/16/2019,-0.002061709,-0.000767108,-0.020122394,0.002026486
7/17/2019,-0.006004464,0.002667799,-0.005677518,-0.001961028
7/18/2019,0.000872932,0.001873373,-0.013172664,-0.000733067
7/19/2019,-0.003405321,-0.000403089,0.004563839,0.000290893
7/22/2019,0.00293988,0.0004534,0.004381737,-0.000553798
7/23/2019,0.007306012,-0.000254238,0.004137888,0.000762012
7/24/2019,0.002967934,0.001505806,-0.006625771,-0.000169801
7/25/2019,-0.004148789,-0.001093008,0.000460123,0.000201369
7/26/2019,0.004501622,-0.000251597,-0.006469419,-0.001726848
7/29/2019,-3.30E-05,0.001217467,0.001866172,-0.001211366
7/30/2019,-0.004358321,-0.000302563,0.006098878,0.002398719
7/31/2019,-0.007458566,0.000949307,0.007097896,2.09E-05
8/1/2019,-0.006945697,0.005088812,-0.03570015,-0.008305306
8/2/2019,-0.011331089,0.001876113,0.003397206,-0.003686304
8/5/2019,-0.029741645,0.004709734,-0.014986219,-0.006071278
8/6/2019,0.008977253,0.000472792,-0.004722564,0.002140813
8/7/2019,0.001953231,0.003297188,-0.020359284,-0.003354339
8/8/2019,0.018064988,-0.002233528,0.018301455,0.005242298
8/9/2019,-0.005943328,-0.001603713,0.010201721,-0.001480521
8/12/2019,-0.00974821,0.003403221,-0.005828954,-0.003800419
8/13/2019,0.012553194,-0.001005708,0.020450653,0.000406928
8/14/2019,-0.024885512,0.003634907,-0.015242801,-0.004381986
8/15/2019,0.000117657,0.00371147,-0.001683986,-0.002954277
8/16/2019,0.013022196,-0.001227624,0.000807302,6.97E-06
8/19/2019,0.011248491,-0.002477897,0.005048718,0.00258109
8/20/2019,-0.006986622,0.00229617,0.001944214,-0.002152212
8/21/2019,0.009189073,-0.001042436,-0.000783861,0.000107177
8/22/2019,-0.002860915,-0.001633959,-0.005416204,-0.00166817
8/23/2019,-0.016903031,0.002863287,-0.009591847,0.000431334
8/26/2019,0.005303602,6.79E-05,0.004278067,0.00104224
8/27/2019,-0.002979157,0.002791464,0.003401019,-0.001918869
8/28/2019,0.006473029,0.001885164,0.011269152,0.004340596
8/29/2019,0.011259968,-0.001462197,0.010129064,0.002838097
8/30/2019,0.001403985,-0.000333248,-0.011833306,-0.002916001
9/2/2019,0.000523013,0.000133491,-0.002060773,-0.00203565
9/3/2019,-0.005113065,0.002479455,-0.002234447,-0.003917227
9/4/2019,0.009831122,-0.000116783,0.027622227,0.001011076
9/5/2019,0.010736852,-0.006184311,0.000141182,0.00401643
9/6/2019,0.003057278,0.00121584,0.003174439,-0.000290027
9/9/2019,-0.000498413,-0.003548321,0.013570353,0.001057336
9/10/2019,0.000545389,-0.003982809,0.003076106,0.002196918
9/11/2019,0.007652879,-0.000903418,-0.012598103,0.001075139
9/12/2019,0.003827956,-0.001261193,0.000667276,0.002261397
9/13/2019,0.000125192,-0.006139588,0.003072984,0.005100458
9/16/2019,-0.002956399,0.002600305,0.063535752,-2.44E-05
9/17/2019,0.001479129,0.000491442,-0.027726599,-0.000913647
9/18/2019,0.000340201,0.001796277,-0.008077621,-0.003191683
9/19/2019,0.001332616,0.001467167,-0.002583853,-0.003986991
9/20/2019,-0.003838476,0.000383096,-0.003241164,0.002136695
9/23/2019,0.000101383,0.00322607,0.005838953,-0.000532158
9/24/2019,-0.006421251,0.003198092,-0.011105601,-0.001901239
9/25/2019,0.001956823,-0.002843866,-0.005901177,0.000746746
9/26/2019,0.000282026,0.001219687,-0.004750417,-0.002527163
9/27/2019,-0.003038165,0.000321981,-0.005220777,-0.004226988
9/30/2019,0.003929722,-0.000532999,-0.014471877,-0.001720469
10/1/2019,-0.011147153,4.38E-05,-0.004108437,0.001172691
10/2/2019,-0.019999643,0.001942271,-0.011604604,-0.002263737
10/3/2019,0.005676911,0.003928104,0.003134186,-0.001160212
10/4/2019,0.010893543,0.001165659,0.005503306,0.002091933
10/7/2019,-0.001327829,-0.001727757,-0.001129405,0.000778027
10/8/2019,-0.0116537,0.000748791,0.0004022,-0.002453842
10/9/2019,0.006743013,-0.002314466,-0.001140676,0.001238344
10/10/2019,0.007137388,-0.00403987,0.00268342,-0.001041467
10/11/2019,0.010946375,-0.005197624,0.016971772,0.00807195
10/14/2019,-0.001701621,0.001868885,-0.005513565,-0.001760394
10/15/2019,0.010309137,-0.002890175,-0.001117555,0.001361564
10/16/2019,-0.00058695,0.000636374,0.000932115,0.001176938
10/17/2019,0.001266558,-0.000389612,0.004121573,-0.001829742
10/18/2019,-0.003312379,1.72E-05,9.49E-05,0.004575367
10/21/2019,0.005500725,-0.002777707,-0.009086356,0.001112605
10/22/2019,-0.002289636,0.001715934,0.006366348,0.000226154
10/23/2019,0.002933234,0.000582787,0.009196413,0.000123835
10/24/2019,0.001567673,0.000581684,0.006185676,7.84E-05
10/25/2019,0.004362855,-0.002111057,0.002650864,0.002321781
10/28/2019,0.004601133,-0.003010373,0.001982103,-0.000772962
10/29/2019,-0.000210202,0.000465286,0.004376783,-0.002600891
10/30/2019,0.002649984,0.001447825,-0.002033683,-0.000931737
10/31/2019,-0.003263337,0.004558834,-0.010402352,-0.004169032
11/1/2019,0.006904375,-0.001312503,0.022248877,0.002676179
11/4/2019,0.005253123,-0.002537723,0.010234405,0.004595478
11/5/2019,0.000882749,-0.00399909,0.006432341,0.004141062
11/6/2019,0.0011016,0.000932905,-0.011005668,-0.000386317
11/7/2019,0.003618046,-0.005090729,-0.000129212,0.005475378
11/8/2019,0.0007402,-0.000632438,0.000350483,-0.002794931
11/11/2019,-0.001123634,-0.000329165,-0.013457336,0.001991585
11/12/2019,0.002607652,-1.38E-05,-0.000494051,-0.002607584
11/13/2019,-0.000822679,0.002584453,-0.000724432,-0.001129505
11/14/2019,-0.000700513,0.002820246,9.28E-05,-0.004526154
11/15/2019,0.006311764,-0.000663795,0.007565452,0.000303811
11/18/2019,0.000801322,0.001053921,-0.015454742,0.000209723
11/19/2019,-0.000780384,0.000621276,-0.013129724,0.001437357
11/20/2019,-0.003559562,0.002121266,0.012731686,-0.001546142
11/21/2019,-0.002177422,-0.001668594,0.010677225,-0.00027198
11/22/2019,0.002863943,-2.32E-05,0.002081279,0.000686174
11/25/2019,0.006964864,0.000362099,-0.005025522,-6.94E-05
11/26/2019,0.003001283,0.001415066,0.000618273,-0.0009718
11/27/2019,0.002864362,-0.001220954,-0.004838577,0.001179841
11/28/2019,-0.000410837,-0.000382939,-0.000591277,-0.001056464
11/29/2019,-0.003322757,-0.00088677,-0.031382521,-0.001409776
12/2/2019,-0.00879249,-0.004263978,0.005093758,0.001446048
12/3/2019,-0.008052362,0.005433401,0.006424534,-0.001776778
12/4/2019,0.005184587,-0.00247554,0.012631976,0.004686057
12/5/2019,0.001922416,-0.001480111,0.004191185,0.00045933
12/6/2019,0.009241933,-0.001975193,0.001569466,0.002695556
12/9/2019,-0.003175561,0.000538023,-0.005680007,-0.001396536
12/10/2019,-5.82E-05,-2.37E-05,0.005855857,-0.000351856
12/11/2019,0.002039561,0.001491162,-0.006373735,0.000569112
12/12/2019,0.007038602,-0.004110548,0.012521702,0.002887369
12/13/2019,0.003570374,0.003087604,0.005498866,-0.001323669
12/16/2019,0.007899514,-0.002535411,0.010293107,0.002884416
12/17/2019,-0.000977772,0.000358185,0.003123882,0.000194036
12/18/2019,0.000373961,-0.002040693,-0.003638296,0.003414472
12/19/2019,0.002877637,-0.000280417,0.003203963,-0.002239439
12/20/2019,0.003840539,-0.000279939,0.001143736,9.23E-05
12/23/2019,0.000704635,-0.000762956,-0.006468841,-0.001112242
12/24/2019,-0.000127989,0.00103805,0.003902323,-0.001059849
12/26/2019,0.004315376,0.000286231,0.012849975,-3.60E-06
12/27/2019,-0.001088478,0.001368808,-0.00193634,-0.002996206
12/30/2019,-0.005236648,-0.001949114,-0.003528636,0.000597326
12/31/2019,0.000764164,-0.00039109,-0.006689578,0.002867773
1/2/2020,0.007956507,0.001684582,-0.002748028,0.003888835
1/3/2020,-0.005512297,0.004553898,0.010492789,-0.003139949
1/6/2020,-0.000519639,-0.000405906,0.003451143,-0.001122665
1/7/2020,0.000276166,-0.00109986,-0.001960874,-0.003259559
1/8/2020,0.004619543,-0.001792105,-0.01974941,0.000986535
1/9/2020,0.006093033,-0.000167277,-0.000846184,0.00071949
1/10/2020,-0.002078318,0.001159279,0.001138317,-0.000315204
1/13/2020,0.005104888,-0.001182548,-0.008458675,0.001083553
1/14/2020,0.000725151,0.000901005,0.001682188,-0.00012166
1/15/2020,0.001039959,0.001823022,-0.008942,-0.000143435
1/16/2020,0.005356372,-0.000725545,-0.002574086,-0.000954216
1/17/2020,0.003981766,-0.000111237,-0.002235003,-0.00046112
1/20/2020,-6.64E-05,-1.06E-05,0.00170781,-3.52E-05
1/21/2020,-0.002589206,0.003035269,-0.013002309,-0.001491428
1/22/2020,0.000187266,7.82E-05,-0.011008723,0.003025814
1/23/2020,-0.001068713,0.002641817,-0.008488185,-0.007057177
1/24/2020,-0.004762858,0.002328334,-0.017119708,-0.001772745
1/27/2020,-0.017328315,0.004747726,-0.015877833,-0.005286051
1/28/2020,0.009686896,-0.001505944,0.006258091,0.001574011
1/29/2020,-9.72E-05,0.002250318,-0.006476693,-0.001767368
1/30/2020,-0.000106662,0.001946849,-0.017492027,-0.0012508
1/31/2020,-0.015782264,0.001895082,-0.005657114,0.001620139
2/3/2020,0.00447979,-0.000403968,-0.018616251,0.001432566
2/4/2020,0.015625834,-0.003288646,0.002866869,0.001941788
2/5/2020,0.010656528,-0.002496658,0.012066191,0.001433771
2/6/2020,0.005508031,-0.000351099,0.002395404,-9.14E-05
2/7/2020,-0.005307884,0.002928591,-0.003685464,-0.000317219
2/10/2020,0.005211376,0.001747468,-0.016184015,-0.001547715
2/11/2020,0.002865258,-0.001865587,0.005725053,0.001197072
2/12/2020,0.006493067,-0.001754628,0.018519395,0.001799286
2/13/2020,-0.001480538,0.0004179,0.002136119,-0.000124535
2/14/2020,0.000404642,0.000835923,0.004303166,-0.000149906
2/17/2020,0.000343129,0.00015378,0.00095684,-0.001469421
2/18/2020,-0.004539141,0.001254623,0.011149617,-0.001224067
2/19/2020,0.006172116,-0.000408841,0.010583704,0.001131846
2/20/2020,-0.004243874,0.001851199,-0.00489358,-0.005784066
2/21/2020,-0.008627256,0.002369762,-0.005561234,-0.000315134
2/24/2020,-0.031403114,0.003438603,-0.029196016,-0.005940241
2/25/2020,-0.025792485,0.002817228,-0.01192282,-0.002420882
2/26/2020,-0.006597593,0.000531776,-0.014926416,-0.001428363
2/27/2020,-0.041782144,0.001167815,-0.023747935,0.000544086
2/28/2020,-0.012377632,0.006392988,-0.025017459,-0.010404259
3/2/2020,0.028817677,0.001257481,0.030400063,0.003943743
3/3/2020,-0.014219836,0.003372755,0.00876484,0.004065365
3/4/2020,0.030489079,0.00188165,0.000811425,-0.002643372
3/5/2020,-0.023652885,0.001850507,-0.015322561,-0.002910855
3/6/2020,-0.02218674,0.00733397,-0.050459307,-0.0025031
3/9/2020,-0.073325283,0.006273341,-0.091407342,-0.038808681
3/10/2020,0.031018872,-0.009104021,0.051480441,-0.010854019
3/11/2020,-0.035801602,0.00016909,-0.019665502,0.008089781
3/12/2020,-0.098293477,-0.004924998,-0.042789492,0.00614108
3/13/2020,0.064994132,-0.008397783,-0.003440226,-0.010029284
3/16/2020,-0.084927707,0.001467886,-0.064968369,-0.020171939
3/17/2020,0.029989385,-0.009890615,-0.022158672,-0.000521697
3/18/2020,-0.035719584,-0.010740874,-0.083349015,-0.011241376
3/19/2020,0.002576542,0.004819544,0.081342702,-0.015362771
3/20/2020,-0.026521233,0.010389789,-0.028663589,0.030920484
3/23/2020,-0.028794861,0.007190902,0.000208457,0.002820269
3/24/2020,0.093898412,-0.002106821,0.027534983,0.018311204
3/25/2020,0.02155751,-0.000788452,0.014208091,0.000989234
3/26/2020,0.040718219,0.006409412,-0.026558147,0.007303342
3/27/2020,-0.029168412,0.002429654,-0.015719467,0.006615769
3/30/2020,0.028157047,0.002732871,-0.024363715,-0.011627275
3/31/2020,-0.007077095,-0.002050035,-0.002266934,-0.00826076
4/1/2020,-0.043675522,0.00181865,-0.036398247,-0.004931918
4/2/2020,0.020758844,-0.000824618,0.077900092,0.015025059
4/3/2020,-0.012262832,0.000317614,0.041937777,0.003986002
4/6/2020,0.058406689,-0.003314703,0.005646765,0.005923544
4/7/2020,0.005067854,-0.003875151,0.004041481,0.008746074
4/8/2020,0.022803329,-0.000350431,0.005856262,-0.004813762
4/9/2020,0.01792503,0.002823578,-0.0116132,0.003101861
4/13/2020,-0.006138899,-0.000694012,0.004351532,0.003965316
4/14/2020,0.0244443,-0.000179199,-0.022212052,0.004425909
4/15/2020,-0.023894332,0.003693774,-0.030774233,-0.008390716
4/16/2020,0.002896623,0.000988398,0.007166895,-0.009886307
4/17/2020,0.027447626,-0.001186322,0.004077142,-0.007698656
4/20/2020,-0.014288101,-0.000553256,-0.033270055,-0.000234285
4/21/2020,-0.026889273,0.000267679,-0.129796631,-0.003193869
4/22/2020,0.017371177,-0.001314818,0.05251955,0.009761197
4/23/2020,0.000776354,0.000832532,0.030292779,0.001130644
4/24/2020,0.009278527,0.001787716,-0.010279705,0.004420327
4/27/2020,0.01599948,-0.001087723,-0.051484822,0.006052683
4/28/2020,0.003393164,0.001906602,-0.000869329,-0.004284908
4/29/2020,0.02284446,0.000178714,0.047489575,-0.000184152
4/30/2020,-0.012952949,0.001401738,0.0720244,-0.000312372
5/1/2020,-0.023165538,-0.001002444,-0.003793551,-0.004607773
5/4/2020,-0.003765036,0.000163668,0.017675681,0.001340798
5/5/2020,0.012370988,-0.00078751,0.062220924,-0.00205934
5/6/2020,-0.006889538,-0.002685646,-0.027664963,0.002688532
5/7/2020,0.013663656,0.003196756,0.00105095,-0.005598907
5/8/2020,0.014909939,-0.000521123,0.018628121,0.003091322
5/11/2020,-0.00011161,-0.002300593,-0.017346558,0.003413499
5/12/2020,-0.017300317,0.001554006,-0.00244028,-0.002530864
5/13/2020,-0.014002525,0.001681272,-0.025672836,-0.004413402
5/14/2020,0.002016949,0.000739699,0.032182088,-0.002500948
5/15/2020,0.002429506,-0.000595807,0.017284599,0.004037707
5/18/2020,0.033817436,-0.002308542,0.049131621,0.004677757
5/19/2020,-0.005687822,0.000888864,0.001269457,0.000422352
5/20/2020,0.013885826,0.001142096,0.011180835,0.001957092
5/21/2020,-0.009266834,0.00088246,-0.004204398,0.000864911
5/22/2020,0.002141929,0.000678709,-0.008802779,-0.00356528
5/25/2020,0.005237149,-1.36E-05,0.004042878,-0.00542717
5/26/2020,0.013974396,-0.001522505,0.016427135,0.008710882
5/27/2020,0.011567194,0.001161077,-0.022831524,-0.002387246
5/28/2020,0.00565286,-0.000405447,0.000561292,0.007994668
5/29/2020,-0.003517577,0.001465092,0.02364331,-0.003059863
6/1/2020,0.006867573,-0.000782166,-0.003334552,0.001436872
6/2/2020,0.009219287,-0.000641532,0.018490778,0.000399624
6/3/2020,0.016617647,-0.004021814,0.006145424,9.60E-05
6/4/2020,-0.002437688,-0.001489346,0.005331285,0.003961024
6/5/2020,0.02314446,-0.003769431,0.025148023,0.005910819
6/8/2020,0.009722865,0.001703057,-0.01069792,-0.001665261
6/9/2020,-0.007265031,0.001924546,0.003432845,0.001129288
6/10/2020,-0.005628159,0.003002048,0.006768603,0.000454539
6/11/2020,-0.049325507,0.004373261,-0.03279587,-0.006329439
6/12/2020,0.004716845,-0.000819083,-0.007183046,-0.001761328
6/15/2020,0.005857862,0.000318035,0.004739871,-0.00135088
6/16/2020,0.022388779,-0.001286312,0.010203696,0.003223161
6/17/2020,-0.000823701,0.000787154,0.001126158,0.001780108
6/18/2020,-0.003912438,0.001128403,0.0074397,-0.001832385
6/19/2020,-0.006372937,-0.000139437,0.010158192,0.004245013
6/22/2020,0.009490517,0.000678605,0.006572259,8.42E-05
6/23/2020,0.005602904,-0.000134427,-0.006664496,0.005841316
6/24/2020,-0.021561229,0.000671659,-0.030739163,-0.003793223
6/25/2020,0.005338399,0.000491374,-0.006678344,0.00045087
6/26/2020,-0.014635676,0.001353133,-0.006031988,-0.002001544
6/29/2020,0.010197721,0.000334413,0.03211411,-0.000223467
6/30/2020,0.010344129,-0.000785792,0.006700876,0.001745662
7/1/2020,0.002046626,-0.002354515,0.003181526,0.000594537
7/2/2020,0.010717703,0.001465945,0.016258632,0.004904404
7/3/2020,-0.001366024,8.03E-05,-0.001393653,0.000638162
7/6/2020,0.014375264,-0.000618472,0.014010801,0.0041938
7/7/2020,-0.009904358,0.001223784,0.005946791,-0.001407487
7/8/2020,0.003706201,0.000351923,-0.0011805,-0.001955946
7/9/2020,-0.006257,0.001570599,-0.013518669,-0.002558401
7/10/2020,0.00943818,-0.000839763,0.010459032,0.000370351
7/13/2020,-0.002626877,-0.001183451,-0.008939453,0.00234222
7/14/2020,0.006429155,0.001667152,-0.003186077,-0.000915268
7/15/2020,0.013323718,-0.000358774,0.013423564,-0.000395032
7/16/2020,-0.007331718,0.001561289,-0.006324105,-0.001192686
7/17/2020,0.004637368,-0.000728338,-0.002674497,0.007953707
7/20/2020,0.007294388,0.000747797,-0.0064077,-0.000166108
7/21/2020,0.00292145,0.000587631,0.018551462,0.001224164
7/22/2020,0.000710854,0.000783053,0.002037291,0.002193954
7/23/2020,-0.008148344,0.000400878,0.005110123,-0.000905104
7/24/2020,-0.008615183,-0.000801175,0.003204224,-0.001106611
7/27/2020,0.006206968,0.000276838,-0.003886098,-0.002087377
7/28/2020,-0.004309263,0.000867899,0.002004036,-0.000705841
7/29/2020,0.00809441,0.000201713,0.009734066,0.000888088
7/30/2020,-0.005611362,0.001748557,-0.02110546,0.000197605
7/31/2020,-0.000692829,-9.00E-05,0.003254327,0.002938559
8/3/2020,0.009905318,-0.000871516,0.035353143,0.003096182
8/4/2020,0.004532404,0.002412385,0.010440376,-0.00211401
8/5/2020,0.004459743,-0.001769461,0.009220569,0.005567479
8/6/2020,0.004346465,0.000798317,-0.004233813,0.003189188
8/7/2020,-0.00016642,-0.001035838,-0.006675534,-0.001096363
8/10/2020,0.002670156,-0.000134782,0.002546059,-0.000557082
8/11/2020,-7.30E-05,-0.003846057,-0.003199272,0.002323697
8/12/2020,0.011428653,-0.00110347,0.009937985,0.00127987
8/13/2020,-0.000890957,-0.00151965,0.001672344,0.002661364
8/14/2020,-0.00352086,0.000370352,0.010010391,-0.002791309
8/17/2020,0.004008495,0.001771097,0.011501146,0.000413865
8/18/2020,6.69E-05,0.000723214,0.007468959,0.001770643
8/19/2020,-0.001037989,0.00014894,0.000780272,0.003202363
8/20/2020,-0.001621335,0.000919145,-0.008678459,-0.006741619
8/21/2020,0.001824414,-0.000154515,-0.004158907,0.001154072
8/24/2020,0.011371725,5.02E-05,0.010977902,0.006860796
8/25/2020,0.003543559,-0.002460351,0.008913828,0.000664584
8/26/2020,0.008254929,-0.00060224,-0.002202494,0.003863677
8/27/2020,-0.000362786,-0.00164201,0.004221087,0.000477136
8/28/2020,0.001791708,0.000617622,0.001240438,0.004169426
8/31/2020,-0.002168622,0.000439659,-0.005952363,0.003092534
9/1/2020,0.004799884,0.001255291,-0.001084087,-0.000967387
9/2/2020,0.014177223,0.002029229,-0.016020228,-0.005516943
9/3/2020,-0.024833386,0.001332593,-0.007549693,-0.00429148
9/4/2020,-0.012732328,-0.003402945,-0.006705405,0.003030483
9/7/2020,0.003431397,-0.000502153,-0.002764877,0.000465466
9/8/2020,-0.01777396,0.002306411,-0.032991496,0.000769507
9/9/2020,0.015803942,-0.000707616,0.01099998,0.000655499
9/10/2020,-0.012171599,0.000204029,-0.009785911,0.002083568
9/11/2020,-0.000498819,0.001713592,-0.000729287,-0.005089143
9/14/2020,0.011067775,0.000242711,-0.000429122,-0.000952183
9/15/2020,0.005932419,-0.000191576,0.007541853,0.002360221
9/16/2020,-0.003375684,-8.91E-05,0.015094499,0.001427549
9/17/2020,-0.007550506,0.0006724,0.008391721,-0.00332034
9/18/2020,-0.007955581,-0.000458814,0.006166407,0.001403524
9/21/2020,-0.016002381,0.001299038,-0.023070589,-0.006238915
9/22/2020,0.006164016,0.000269258,-0.004335439,-0.002838376
9/23/2020,-0.013344179,-0.000398079,0.010064173,0.001510947
9/24/2020,-0.001282008,0.000322114,0.005847407,-0.002486633
9/25/2020,0.010775759,0.00046449,-0.002461923,-0.001335292
9/28/2020,0.017695579,-0.000223499,0.005335616,0.004679223
9/29/2020,-0.002964686,0.001174131,-0.02560716,0.001724972
9/30/2020,0.001597684,-0.001675543,0.011911352,0.005194466
10/1/2020,0.004076901,0.000223731,-0.016830041,-0.00164432
10/2/2020,-0.006912969,-3.61E-05,-0.020305119,0.000628845
10/5/2020,0.01475284,-0.002558136,0.033579255,0.003989527
10/6/2020,-0.007695778,0.00022178,0.015431154,0.00025472
10/7/2020,0.011489738,-0.00147161,-0.001741516,-0.000184079
10/8/2020,0.008734392,0.001180241,0.013014029,0.002238521
10/9/2020,0.007624281,0.00013495,0.005122641,0.00672023
10/12/2020,0.012846769,0.000631532,-0.013033775,-0.002508104
10/13/2020,-0.006331577,0.001554147,0.005018525,-0.002883808
10/14/2020,-0.005156873,0.000422525,0.007939845,-0.002859786
10/15/2020,-0.005234402,0.00032258,0.003936615,-0.000420885
10/16/2020,0.000155252,0.000278151,-0.00164771,0.002038502
10/19/2020,-0.007675053,-0.000892879,-0.001271628,0.001713113
10/20/2020,0.000865442,-0.001212832,0.005826591,0.000134174
10/21/2020,-0.002703683,-0.001179574,-0.009133493,0.001003835
10/22/2020,0.002994076,-0.001738925,0.003283716,0.002469638
10/23/2020,0.001959948,0.000122636,-0.009690535,9.38E-05
10/26/2020,-0.015301302,0.001482768,-0.011954101,-0.004012407
10/27/2020,-0.004643593,0.001612888,0.013358159,0.000432505
10/28/2020,-0.031284544,-0.00012911,-0.028871041,-0.00233018
10/29/2020,0.007490051,-0.00114586,-0.015122373,0.00163474
10/30/2020,-0.009104096,-0.001287033,0.000880491,0.000435665
11/2/2020,0.012311201,0.000383411,0.006919791,-0.00044838
11/3/2020,0.018279397,-0.001007306,0.003319826,0.002005623
11/4/2020,0.020117784,0.004279052,0.017380175,-0.006864669
11/5/2020,0.018306444,-6.94E-05,-0.002657986,0.00115618
11/6/2020,-0.000465796,-0.001600244,-0.017175684,-0.002796099
11/9/2020,0.020054853,-0.00581685,0.030709162,0.007317294
11/10/2020,0.002050069,-0.001410388,0.020908907,0.003758592
11/11/2020,0.008930267,0.000633202,0.004966479,-0.000306259
11/12/2020,-0.008884461,0.003229608,-0.007237554,-0.00158838
11/13/2020,0.009710568,0.000365935,-0.008487339,-0.001298075
11/16/2020,0.012562685,-0.000209312,0.002237941,-0.001478916
11/17/2020,-0.003138913,0.00124278,0.000579554,-0.000927433
11/18/2020,-0.008181235,-0.000264671,0.007673494,0.000759792
11/19/2020,0.001288232,0.000857503,-0.010125992,-0.002297391
11/20/2020,-0.004162467,0.000929909,0.00978963,0.001069599
11/23/2020,0.004606718,-0.000810536,0.011178693,-0.000117218
11/24/2020,0.015202379,-0.000522449,0.02350569,0.003761098
11/25/2020,-0.000571129,0.000151196,0.007948253,0.002039768
11/26/2020,0.000249656,0.000307818,-0.001486784,-4.73E-05
11/27/2020,0.002513478,0.000977097,-0.002094466,-0.00045201
11/30/2020,-0.005274418,-0.000505366,-0.005014166,0.003190744
12/1/2020,0.009551465,-0.003611136,-0.005386779,0.000672128
12/2/2020,0.001746633,-0.000253284,0.001234354,0.004716799
12/3/2020,-0.000528389,0.001458101,-0.009791346,0.002306412
12/4/2020,0.007523131,-0.001316276,0.008342088,0.003567254
12/7/2020,-0.002064522,0.002085502,-0.011872606,-0.000345649
12/8/2020,0.002135253,0.00112519,-0.002782889,-2.87E-05
12/9/2020,-0.004083743,-0.000693932,0.004746983,0.00113115
12/10/2020,-0.001355592,0.001306518,0.02274644,-0.000474337
12/11/2020,-0.003462058,0.001382042,-0.000528907,-0.003611976
12/14/2020,-0.002127745,-0.000324359,0.00858497,0.000128966
12/15/2020,0.00918396,-0.000952089,0.007397156,0.002190197
12/16/2020,0.00297314,-0.000688896,0.004314754,0.002926732
12/17/2020,0.004907172,-0.000130945,0.007694014,0.00232133
12/18/2020,-0.002610924,-0.000350549,0.009953313,-0.000421081
12/21/2020,-0.00840919,0.000426889,-0.012149436,-0.000453295
12/22/2020,-0.000397743,0.001207436,-0.004088856,-0.002217113
12/23/2020,0.002972118,-0.00214745,0.00567171,0.004345259
12/24/2020,0.003296813,0.000300216,-0.003833289,-0.002098857
12/28/2020,0.008028118,0.000769641,-0.015624346,0.000279917
12/29/2020,0.001623491,0.000445192,0.013589615,-0.002187546
12/30/2020,0.000164473,5.77E-05,0.004864812,0.000285242
12/31/2020,0.003026547,0.000594947,0.009972377,0.002699862
1/4/2021,-0.009052234,0.000426844,-0.001199717,0.00088886
1/5/2021,0.00408522,-0.001110131,0.033936563,0.002120521
1/6/2021,0.007882464,-0.003119133,0.005239731,0.003263789
1/7/2021,0.012831821,-0.001479056,0.001400205,0.004139506
1/8/2021,0.006388466,-0.000988874,0.006913915,-0.002570085
1/11/2021,-0.005608352,-0.001374136,-0.001015803,-0.001950048
1/12/2021,0.000336521,-0.0012038,0.014905662,0.002483263
1/13/2021,0.002295438,0.002844122,-0.00280766,-0.001665305
1/14/2021,-0.000357285,-0.000850288,0.004313506,0.000471418
1/15/2021,-0.007806776,0.001263008,-0.00779611,0.002278557
1/18/2021,-0.000394927,-0.000455447,-0.001142426,-0.000323801
1/19/2021,0.006319498,0.000786096,-0.006310035,0.002738437
1/20/2021,0.010885863,-7.38E-06,0.002973056,-0.000394428
1/21/2021,0.000455364,-0.001332866,-0.002504343,0.002145798
1/22/2021,-0.00365562,0.000347336,-0.014333874,-0.001108091
1/25/2021,0.001444713,0.002357646,0.015693379,-0.001295818
1/26/2021,-0.000631162,0.000155384,0.006501775,-0.001446899
1/27/2021,-0.020517659,0.000660134,0.003328881,-0.002502923
1/28/2021,0.005203452,-0.001057886,-0.007818212,0.004912457
1/29/2021,-0.018857473,-0.001657845,-0.004961399,-0.001452453
2/1/2021,0.015564687,0.000574628,0.029287641,0.001741296
2/2/2021,0.01319034,-0.001542689,0.006686887,0.005445854
2/3/2021,0.002180349,-0.000545812,0.007068044,0.001388028
2/4/2021,0.007787423,-0.000447779,0.008957091,0.000995546
2/5/2021,0.004283477,-0.00074705,0.004946626,0.002104492
2/8/2021,0.007738517,-0.000238619,0.014052155,0.000430193
2/9/2021,-0.000494453,0.000332964,0.002300723,8.93E-06
2/10/2021,-0.000623111,0.000588289,0.001727226,-0.001008339
2/11/2021,0.002134389,0.000338763,-0.00302952,-0.003569069
2/12/2021,0.004512635,-0.001723448,0.011392071,0.002002085
2/15/2021,0.00434109,-0.001314806,0.003986082,0.000930731
2/16/2021,0.000478113,-0.003569609,0.013404712,0.001902489
2/17/2021,-0.001981517,-0.000482965,0.007657991,-0.002015643
2/18/2021,-0.005205228,-0.000321825,-0.003092197,-0.003344325
2/19/2021,-0.00045692,-0.002390398,-0.002974871,-0.005110674
2/22/2021,-0.005629367,-0.000446683,0.016290731,-0.000654384
2/23/2021,0.000349331,-0.000276565,-0.002297659,-0.000553046
2/24/2021,0.007971197,-0.001735004,0.011307465,-0.001913354
2/25/2021,-0.01586092,-0.007557065,-0.002404327,-0.001613981
2/26/2021,-0.009624021,0.000111122,-0.019734979,0.001436276
3/1/2021,0.021136804,0.004024375,-0.007185547,0.004944979
3/2/2021,-0.004894114,0.002041188,0.001483525,0.003987497
3/3/2021,-0.00827834,-0.003035986,0.002866108,0.002196382
3/4/2021,-0.011169477,-0.002460243,0.008685203,-0.000531607
3/5/2021,0.011834685,-6.49E-05,0.014995281,0.000419638
3/8/2021,0.0007047,-0.00221192,-0.008026931,0.000275026
3/9/2021,0.011746265,0.002229864,-0.003826411,-0.002105983
3/10/2021,0.004701839,0.001286188,0.001657703,0.005679713
3/11/2021,0.008901224,0.001049325,0.012526777,0.003064716
3/12/2021,0.002030814,-0.004577555,-0.005312039,0.00091828
3/15/2021,0.004404027,0.001442834,-0.007208399,-0.000950061
3/16/2021,0.000735496,0.000227947,0.001198653,0.004870338
3/17/2021,0.001739307,-0.000694918,-0.005874436,-0.000925677
3/18/2021,-0.008478877,-0.003716799,-0.033993527,-0.000339419
3/19/2021,-0.003982999,0.000375541,0.013464559,-0.000342378
3/22/2021,0.004266622,0.002248842,0.004984184,0.000969952
3/23/2021,-0.005983993,0.002294361,-0.02815232,-0.000428477
3/24/2021,-0.004726433,0.001393713,0.024046938,0.001147027
3/25/2021,0.004278888,0.000550857,-0.018967609,0.001534942
3/26/2021,0.014515186,-0.001931221,0.020215982,0.002786018
3/29/2021,-0.000841598,-0.002201711,0.002196864,-0.003394427
3/30/2021,0.000464814,-0.002056993,-0.011984704,0.00143015
3/31/2021,0.002092344,-0.000809825,-0.001158443,0.002566803
4/1/2021,0.009476991,0.002483345,0.011572464,-0.00548314
4/5/2021,0.01031256,0.00044632,-0.021760734,-0.001413711
4/6/2021,0.000292602,0.002162646,0.006302972,-0.001876569
4/7/2021,0.001209066,0.000747139,0.004911685,0.000524128
4/8/2021,0.004361925,0.001181177,0.005039859,-0.001046132
4/9/2021,0.005396754,-0.00200189,-0.00271339,0.001491772
4/12/2021,-0.001012476,-0.000555804,0.000462263,0.000608192
4/13/2021,0.002651407,0.001560161,0.008771345,0.001668273
4/14/2021,-0.002064596,-0.000705943,0.024338027,0.000982673
4/15/2021,0.008676104,0.003738275,0.007162375,-0.001251076
4/16/2021,0.003925992,-0.001696353,-0.00027587,0.004910337
4/19/2021,-0.003892845,-0.000725735,0.005513877,-0.001919154
4/20/2021,-0.009979879,0.001368547,-0.002405818,-0.001594534
4/21/2021,0.006550185,0.000349453,-0.004432765,0.001357333
4/22/2021,-0.003559583,0.000278181,0.008117934,0.000494839
4/23/2021,0.006978909,-0.000856065,0.005891983,-0.001096513
4/26/2021,0.002312934,-0.000509235,0.00891637,0.00222991
4/27/2021,-0.001070238,-0.001548938,0.010742831,0.004476386
4/28/2021,0.000760393,-0.00027892,0.006677624,0.003624567
4/29/2021,0.004029806,-0.001329215,0.002937551,0.00088293
4/30/2021,-0.006183376,0.000233005,-0.003188043,-0.003348647
5/3/2021,0.002681952,0.001473817,0.007714706,-0.000735065
5/4/2021,-0.006811029,0.000955753,0.011340197,0.000350001
5/5/2021,0.003998712,0.000149098,0.003695975,0.005148574
5/6/2021,0.006696512,0.000836164,-0.000381342,-0.000356298
5/7/2021,0.007288833,8.19E-05,0.007958465,0.004572537
5/10/2021,-0.006307688,-0.000745738,-0.004150993,0.006002963
5/11/2021,-0.012519339,-0.001669529,0.007067792,-0.002895632
5/12/2021,-0.015050029,-0.003049068,0.00496828,0.002813842
5/13/2021,0.006240351,0.000566333,-0.024406755,-0.003378089
5/14/2021,0.014767088,0.001129928,0.007250143,0.000933408
5/17/2021,-0.00229148,-0.000383771,0.016580337,0.001977216
5/18/2021,-0.003554414,0.000285059,-0.005304815,0.00033466
5/19/2021,-0.00635818,-0.001259203,-0.022782247,-0.002320985
5/20/2021,0.010111236,0.001993453,-0.010540609,-0.006356771
5/21/2021,0.001196362,0.000336927,0.005154333,-0.000717871
5/24/2021,0.007831509,0.001119353,0.012398016,-0.000304525
5/25/2021,-0.000348748,0.002197487,-0.001001403,0.001242308
5/26/2021,0.001286105,0.000748623,0.004998146,-0.003820839
5/27/2021,0.001247091,-0.001612641,0.007789763,0.000669354
5/28/2021,0.003301845,0.000580826,-0.000636656,0.003297369
5/31/2021,-0.001450627,-6.03E-05,0.001498695,0.000877264
6/1/2021,0.000867611,-0.00067229,0.017562004,0.001151875
6/2/2021,0.002170803,0.000989361,0.00572871,-0.000250999
6/3/2021,-0.002108378,-0.001588186,-0.008398806,0.000809168
6/4/2021,0.006253698,0.00298247,0.013799268,-0.002420729
6/7/2021,0.000298506,-0.000582432,-0.003230066,6.43E-05
6/8/2021,0.000352321,0.0021753,0.009132576,-0.003090757
6/9/2021,-0.001658269,0.002196428,0.000262553,-0.005208171
6/10/2021,0.003562578,0.001033935,0.00413288,0.001433976
6/11/2021,0.002551337,0.000697312,0.00585853,-0.000924669
6/14/2021,0.002606381,-0.001747815,-0.002235811,0.000575516
6/15/2021,-2.40E-05,-0.000416554,-0.005151272,0.003144796
6/16/2021,-0.00381882,-0.002889686,0.000338593,0.003148825
6/17/2021,-0.000962723,8.28E-05,-0.025282884,-0.020774732
6/18/2021,-0.01277607,0.001305602,0.007262256,0.004316591
6/21/2021,0.009055221,-0.000357213,0.008489739,0.002303867
6/22/2021,0.006058307,-1.04E-05,0.002553687,0.00430573
6/23/2021,-0.002082936,-0.000457805,0.008741008,0.006070227
6/24/2021,0.005720993,0.000352678,0.003379068,-0.001082774
6/25/2021,0.003376915,-0.002085173,0.004626383,0.004555741
6/28/2021,-8.46E-05,0.002254898,0.002813452,-0.004345721
6/29/2021,0.000601764,9.57E-05,0.003307683,0.001055163
6/30/2021,-0.000400755,0.001642583,0.011716592,0.000927423
7/1/2021,0.004101429,-0.000578842,0.007014202,0.00071202
7/2/2021,0.005587967,0.002271681,0.003927024,-0.000262866
7/5/2021,0.000275629,-0.000122839,0.002591903,0.001403865
7/6/2021,-0.002833341,0.003289733,-0.026674618,-0.00131447
7/7/2021,0.003605928,0.002167023,-0.00723339,-0.005223912
7/8/2021,-0.010304362,0.001766005,0.006503241,-0.005652835
7/9/2021,0.010531522,-0.002732429,0.011580544,0.00562562
7/12/2021,0.004692587,0.000324262,0.004604501,0.00338948
7/13/2021,-0.002005237,-0.00125427,0.006752486,0.003455894
7/14/2021,0.000465101,0.002064857,-0.006618338,-0.000477826
7/15/2021,-0.004957475,0.001404,-0.00799487,-0.002077139
7/16/2021,-0.006664287,0.000425961,0.00431564,0.002780709
7/19/2021,-0.016381677,0.004557706,-0.031061301,-0.005724286
7/20/2021,0.011424411,0.000420973,0.013917684,-0.00113925
7/21/2021,0.009153955,-0.002709418,0.023880372,0.004559068
7/22/2021,0.002073303,0.001222255,0.011816553,-0.003076873
7/23/2021,0.009239674,-0.000411434,0.003499893,0.010908541
7/26/2021,0.001510178,0.000339137,0.007238637,0.004237045
7/27/2021,-0.004092006,0.001128726,-0.008349792,-0.003450108
7/28/2021,0.000152845,-0.000523965,0.004783564,0.001093548
7/29/2021,0.005033161,-0.000169249,0.015212978,0.00830315
7/30/2021,-0.005468318,0.000852252,-0.009547006,-0.001138495
8/2/2021,0.000740287,0.002476375,-0.011172209,-0.003492497
8/3/2021,0.005621272,0.000742842,-0.00264563,-0.001508835
8/4/2021,-0.002116167,-0.000632188,-0.007099961,-0.000532966
8/5/2021,0.004967874,-0.000895772,0.006122469,-0.003410485
8/6/2021,0.002174699,-0.003392788,-0.004445563,0.006809292
8/9/2021,-0.000117529,-0.000621905,-0.018141137,-0.000336935
8/10/2021,0.001468565,-0.001015044,0.01598048,0.003430642
8/11/2021,0.003201032,-0.000218404,0.00559209,0.001724042
8/12/2021,0.0025735,-7.70E-05,-0.002540496,0.000992111
8/13/2021,0.001594562,0.00205812,-0.003489123,-0.004194721
8/16/2021,-0.001029868,0.001875397,-0.003647546,-0.001259585
8/17/2021,-0.005239413,-0.000122509,-0.011442163,-0.003546249
8/18/2021,-0.007144287,-0.000401575,-0.006402203,-0.001305697
8/19/2021,-0.003086319,0.001060032,-0.019928552,-0.003199644
8/20/2021,0.005963609,-0.000429848,-0.010189776,-0.000838497
8/23/2021,0.008707417,-0.000376289,0.031101258,0.003100683
8/24/2021,0.001716201,-0.001053985,0.016140509,0.003523594
8/25/2021,0.001876418,-0.002803891,0.007593476,0.003455844
8/26/2021,-0.004880634,-0.000177567,0.004446577,0.000585689
8/27/2021,0.006657684,0.001302276,0.017557538,0.004541703
8/30/2021,0.003450072,0.001410886,-0.001135732,-0.000574187
8/31/2021,-0.000268792,-0.001639576,-0.001867745,-0.001793544
9/1/2021,0.002248955,-0.000158424,0.004477861,-0.002657258
9/2/2021,0.002667918,0.000814218,0.011330869,0.000405572
9/3/2021,0.000298828,-0.001117348,0.001277912,0.001100693
9/6/2021,0.002968186,-3.85E-05,-0.000901085,2.09E-05
9/7/2021,-0.002759006,-0.002679885,-0.014024789,0.001625859
9/8/2021,-0.00239066,0.001001538,0.015147524,0.002150042
9/9/2021,-0.004710358,0.001997315,-0.002716057,0.001329791
9/10/2021,-0.004757507,-0.001960831,0.007694728,0.001627479
9/13/2021,0.002767755,0.000412931,0.011033014,-0.001572854
9/14/2021,-0.003965028,0.001546859,0.002019036,-0.005134264
9/15/2021,0.004500851,-0.001254072,0.022166394,0.003545508
9/16/2021,-0.000964856,-0.001567437,-0.006695664,-8.61E-05
9/17/2021,-0.0083564,-0.002167396,-0.011277804,0.000268122
9/20/2021,-0.015471188,0.002591051,-0.017922304,-0.003839669
9/21/2021,0.000122452,0.000232417,-0.00455247,-0.000426833
9/22/2021,0.008428718,-0.000568724,0.015952093,6.60E-05
9/23/2021,0.010497997,-0.004070538,0.015189982,0.00315261
9/24/2021,0.000743681,-0.002810399,0.010355765,-0.000742428
9/27/2021,-0.001707293,-0.001162097,0.025217139,0.003278103
9/28/2021,-0.018068682,-0.002654874,0.000935838,0.002818864
9/29/2021,0.001695381,0.00052148,-0.012657294,0.001211987
9/30/2021,-0.008953903,-0.000268686,0.012884467,-0.001296323
10/1/2021,0.004354592,0.003078056,0.001568872,0.000280181
10/4/2021,-0.010174445,-0.000468056,0.015937648,0.000582749
10/5/2021,0.007888169,-0.002414061,0.022474358,0.00685787
10/6/2021,0.000194253,-0.000584571,-0.025500755,-0.000535696
10/7/2021,0.010546956,-0.000897304,0.008067298,0.002688429
10/8/2021,-0.000645148,-0.002094449,0.00282728,0.005858948
10/11/2021,-0.003846355,-0.001971976,0.001471705,9.80E-05
10/12/2021,-0.002940215,0.000935951,0.000713547,-0.000682666
10/13/2021,0.003685692,0.001242315,0.003024468,0.001833583
10/14/2021,0.015266488,0.002513357,0.011705058,0.002542289
10/15/2021,0.008083093,-0.002445834,0.003902874,0.002962029
10/18/2021,0.001277886,-0.001829425,-0.01266957,-0.001095457
10/19/2021,0.00654726,-0.001477948,0.00505049,-0.001542382
10/20/2021,0.003512144,0.0004062,0.012271399,0.001703507
10/21/2021,0.000430921,-0.002473337,-0.017449449,0.0055183
10/22/2021,0.000507187,0.000653985,0.007909025,0.003181209
10/25/2021,0.002959743,0.001344715,0.023730695,0.001872838
10/26/2021,0.003354399,5.54E-05,0.00041688,0.003340037
10/27/2021,-0.004566295,0.003709329,-0.007271276,0.000977453
10/28/2021,0.006551406,-0.002401535,-0.009819051,-0.007389635
10/29/2021,0.001046161,-0.002834113,-0.008709032,-0.003223069
11/1/2021,0.004943451,-1.26E-05,0.00056117,-0.003797598
11/2/2021,0.002735983,0.003425431,0.01009884,-0.005760167
11/3/2021,0.004854367,-0.000704073,-0.012557356,0.004038801
11/4/2021,0.005110661,0.004287035,-0.007940445,0.002583181
11/5/2021,0.002595915,0.003854431,0.004909789,0.000119791
11/8/2021,0.000453439,-0.002296303,0.00027512,0.006971546
11/9/2021,-0.003088791,0.002932962,-0.003242876,0.001588097
11/10/2021,-0.005335654,-0.005535289,-0.010511402,0.007367035
11/11/2021,0.001368111,-0.002206391,0.012306988,0.000367914
11/12/2021,0.006767301,0.000921412,-0.011100948,0.002080903
11/15/2021,0.00077253,-0.001051455,0.005905737,0.004762627
11/16/2021,0.003110635,-0.000836532,0.005702041,-0.001607745
11/17/2021,-0.002052397,0.000981406,-0.018534559,-0.003776145
11/18/2021,0.001239263,0.001325937,0.004702888,-0.000310253
11/19/2021,-0.001399959,0.002630403,-0.007861262,-0.005961984
11/22/2021,-0.002493757,-0.004335446,-0.000236904,-0.005421552
11/23/2021,-8.75E-05,-0.002625486,0.017433707,-0.002547051
11/24/2021,0.000801652,-0.000419098,0.003556491,0.001737572
11/25/2021,0.001117051,0.000657212,-0.000860821,0.001361821
11/26/2021,-0.02530262,0.008569176,-0.048989297,-0.006392911
11/29/2021,0.008031602,-0.001183284,-0.009664639,0.002640997
11/30/2021,-0.016477536,0.002992563,-0.037964138,-0.007767759
12/1/2021,-0.003963052,-7.11E-05,-0.0093862,-0.007817842
12/2/2021,0.007670762,1.49E-06,-0.001618831,0.00470481
12/3/2021,-0.00613593,0.003861701,0.006142585,-0.001644175
12/6/2021,0.011043095,-0.002392436,0.000494728,0.002326386
12/7/2021,0.020720516,-0.002119001,0.018005424,0.004962679
12/8/2021,0.002171964,-0.001650116,0.009052303,0.004992109
12/9/2021,-0.005718217,0.001490843,-0.007505125,-0.003115302
12/10/2021,0.005145424,0.000383199,0.007459485,-0.004006011
12/13/2021,-0.006663852,0.002640883,-0.008428706,-0.002655302
12/14/2021,-0.006676327,-0.000993343,-0.005941862,-0.00798839
12/15/2021,0.011090809,-0.000620353,-0.001585378,0.002508483
12/16/2021,-0.002540598,0.002070966,0.014197086,0.004681689
12/17/2021,-0.009720698,0.000827645,-0.011384727,-0.003677557
12/20/2021,-0.011743132,-4.32E-05,-0.010991132,-0.00012612
12/21/2021,0.017040521,-0.004374983,0.0232653,0.007468529
12/22/2021,0.008232383,3.63E-05,0.01785151,0.00345003
12/23/2021,0.007274617,-0.001821793,-0.000823093,-0.000667167
12/24/2021,7.94E-05,-9.99E-06,-0.002576111,-0.004710307
12/27/2021,0.010588556,-2.86E-05,0.026959872,0.007887316
12/28/2021,0.001101559,0.000316496,-0.002094819,0.00123643
12/29/2021,0.000450912,-0.002722077,0.002447209,0.001622356
12/30/2021,-0.001704342,0.000125126,-0.011509828,0.005491753
12/31/2021,-0.002477817,0.000302662,-0.003092786,-0.00207227
1/3/2022,0.004957525,-0.004342786,0.008622821,0.002874413
1/4/2022,0.002834425,-0.001858078,0.007454579,0.001312148
1/5/2022,-0.013053157,-0.002044267,0.010132566,-0.007592091
1/6/2022,-0.005124812,-0.002892948,0.00110297,-0.009492528
1/7/2022,-0.002967371,-0.001597877,0.003635288,0.00482525
1/10/2022,-0.00261162,-0.000549292,-0.002033467,-0.002824834
1/11/2022,0.007264319,0.000504806,0.024575582,0.005553038
1/12/2022,0.004625382,0.00195845,0.023321707,-0.002866879
1/13/2022,-0.009964772,0.001231071,-0.016802107,-0.002953764
1/14/2022,-0.001868579,-0.003355992,0.011232998,-0.002711619
1/17/2022,0.001851952,-0.00091198,0.001647502,0.000294486
1/18/2022,-0.014579956,-0.003706168,0.005747473,0.001283336
1/19/2022,-0.008940443,0.000833756,0.004554478,-0.003384004
1/20/2022,-0.005974038,0.000700097,-0.004604325,0.003900789
1/21/2022,-0.017932021,0.003492251,0.001487463,-0.0025301
1/24/2022,-0.00408828,0.001243479,-0.007513185,-0.000844517
1/25/2022,-0.009170854,-0.001845066,0.013003916,0.006941599
1/26/2022,0.00207573,-0.003070518,0.017601149,0.000464839
1/27/2022,-0.005600387,0.000279476,0.004859871,-0.002460149
1/28/2022,0.017127618,0.001248705,0.016338165,0.005174638
1/31/2022,0.015014808,-0.000858645,0.01105959,0.001504251
2/1/2022,0.007252368,-0.001276473,0.001972987,-0.000726797
2/2/2022,0.008711994,0.001378481,0.025645844,-0.004783544
2/3/2022,-0.019996554,-0.004894411,-0.002235649,-0.00433029
2/4/2022,0.003196301,-0.005501102,0.003941334,0.00138094
2/7/2022,-0.001634335,-0.00033207,-0.00825122,-0.002503276
2/8/2022,0.006181166,-0.002501113,-0.008601731,0.00368182
2/9/2022,0.014215742,0.002038553,0.001872536,0.001399043
2/10/2022,-0.011842112,-0.005762505,-0.002152062,0.003409011
2/11/2022,-0.014950207,0.00190205,0.010217776,0.001406182
2/14/2022,-0.007893411,-0.001718598,0.018198832,0.001303052
2/15/2022,0.013268821,-0.001747598,-0.013832513,0.001818493
2/16/2022,0.002511193,0.001162811,0.023074645,-0.001457322
2/17/2022,-0.017161493,0.003634108,-0.011078682,-0.001108758
2/18/2022,-0.006755281,0.001820306,0.000541634,-0.004208457
2/21/2022,-0.003017657,-0.000417894,0.003567964,9.81E-05
2/22/2022,-0.008655088,-0.001181983,0.015695664,0.003016088
2/23/2022,-0.012870171,-0.000779381,0.007736769,0.006871427
2/24/2022,0.002461582,0.002756324,0.011860951,0.009785278
2/25/2022,0.02293858,-0.00197275,-0.02436602,-0.00106577
2/28/2022,-0.002526821,0.006837533,0.023148711,0.007148725
3/1/2022,-0.014559854,0.010976903,0.051020702,0.005520474
3/2/2022,0.013717479,-0.006405418,0.042621236,0.008272776
3/3/2022,-0.006954913,-0.000405897,0.00016748,0.000242899
3/4/2022,-0.013879298,0.006297634,0.045527665,-0.00278049
3/7/2022,-0.02520699,-0.002878011,0.024254129,0.005223756
3/8/2022,-0.007356792,-0.005976484,0.015553271,0.012657842
3/9/2022,0.027701936,-0.004645419,-0.066650657,-0.007815239
3/10/2022,-0.00296598,-0.00486942,-0.011317344,0.005179648
3/11/2022,-0.008419579,-0.000441672,0.018799601,0.009867155
3/14/2022,-0.003053666,-0.00681454,-0.028011573,-0.004225965
3/15/2022,0.013914879,-4.04E-05,-0.029088682,-0.009021955
3/16/2022,0.023929957,-0.002594613,-0.003461391,-0.002964135
3/17/2022,0.012547853,0.00080049,0.051852122,0.005087297
3/18/2022,0.009624968,0.001762206,-0.001065784,0.004335779
3/21/2022,0.000233614,-0.007943102,0.032222292,-0.001948455
3/22/2022,0.010759693,-0.003932949,0.006099076,0.004630094
3/23/2022,-0.008573523,0.002220492,0.032196023,0.002013398
3/24/2022,0.010065752,-0.001763354,-0.001923714,0.002640947
3/25/2022,0.003818635,-0.006851561,0.010756056,-0.000627612
3/28/2022,0.005093016,-0.00023825,-0.037305463,0.002135623
3/29/2022,0.013177459,0.001530461,-0.021649379,-0.011499366
3/30/2022,-0.005032503,0.001904934,0.027971469,0.003081864
3/31/2022,-0.012127714,0.003096685,-0.025937449,0.001465435
4/1/2022,0.001559957,-0.003529198,-0.000742018,-0.009765608
4/4/2022,0.007947276,0.000460125,0.018350143,0.001976362
4/5/2022,-0.009446775,-0.007668962,0.005640538,0.001551778
4/6/2022,-0.010552937,-0.002969454,-0.020425951,-0.002098034
4/7/2022,0.001239882,-0.000643876,0.005551854,0.00048923
4/8/2022,0.001074429,-0.002407044,0.013361111,0.008239623
4/11/2022,-0.013033648,-0.003977848,-0.006484567,0.000452423
4/12/2022,-0.004446705,0.003730152,0.03270898,0.000530044
4/13/2022,0.009101121,0.002051912,0.025686997,-0.007929896
4/14/2022,-0.006303399,-0.004905971,0.020229606,0.008644006
4/18/2022,-0.000977758,-0.001460647,0.021056809,0.003447028
4/19/2022,0.011548441,-0.003957275,-0.036265158,0.003241394
4/20/2022,0.001320168,0.002495198,-0.001736686,-0.003601391
4/21/2022,-0.00858893,-0.004318821,0.005295126,0.005013071
4/22/2022,-0.024295701,-3.32E-05,-0.018672388,0.000760131
4/25/2022,-0.001546556,0.005505125,-0.018183305,-0.005539696
4/26/2022,-0.02113342,0.002858226,0.019652024,-0.003807952
4/27/2022,0.001712544,-0.001430995,0.014973758,0.001187893
4/28/2022,0.020855401,-0.003446273,-0.000260739,0.008606081
4/29/2022,-0.023703426,-0.00196594,0.005974744,-0.003210221
5/2/2022,0.001075937,-0.004690681,0.005748239,-0.010033325
5/3/2022,0.004663912,0.000585604,-0.005975299,0.003993765
5/4/2022,0.019467348,0.001387854,0.031517904,-0.005667349
5/5/2022,-0.025722437,-0.005250517,0.008583168,0.007310159
5/6/2022,-0.006424032,-0.003858306,-0.013570991,0.000819024
5/9/2022,-0.029501606,0.002484775,-0.051470826,-0.004531842
5/10/2022,0.001975918,0.00472186,-0.003239785,-0.013060943
5/11/2022,-0.008400434,0.003063805,0.030982313,0.0043392
5/12/2022,-0.003953439,0.006947912,-0.000460481,-0.002848162
5/13/2022,0.02285836,-0.005118167,0.015583691,0.008577477
5/16/2022,-0.001966755,0.002394994,0.021022275,-0.000957011
5/17/2022,0.016886563,-0.005958046,0.002040048,0.004011409
5/18/2022,-0.029107302,0.003072594,-0.017993348,-0.000307205
5/19/2022,-0.008833398,0.002290184,0.013480908,-0.004609653
5/20/2022,0.00303228,0.001753309,-0.002278166,-0.011529878
5/23/2022,0.015993337,-0.003588913,0.015204358,0.007838781
5/24/2022,-0.007795906,0.005001462,-0.002425544,-0.002245809
5/25/2022,0.007543604,0.001416696,0.004544403,-0.002411193
5/26/2022,0.01546779,-0.001071748,0.013966144,0.006583904
5/27/2022,0.020570667,0.000367949,0.005360346,0.004635166
5/31/2022,-0.006386009,-0.005654167,-0.019522711,0.00693804
6/1/2022,-0.006262333,-0.00406782,0.015833964,-0.006301968
6/2/2022,0.014169866,-0.000539688,0.004921125,0.001883103
6/3/2022,-0.011110914,-0.001790866,0.006062504,0.007854437
6/6/2022,0.004617561,-0.004284908,0.021000121,0.000545619
6/7/2022,0.005651109,0.003148979,0.001622211,-0.003605057
6/8/2022,-0.007768809,-0.002783698,-0.000217043,0.00191647
6/9/2022,-0.019362119,-0.003195386,0.005188397,0.001780232
6/10/2022,-0.026844624,-0.007363856,-0.010889972,0.001919767
6/13/2022,-0.034061908,-0.011209517,-0.013082915,-0.003476302
6/14/2022,-0.005221746,-0.007467751,-0.032154704,-0.008255604
6/15/2022,0.011214713,0.003341057,0.001315746,0.001005592
6/16/2022,-0.028349013,0.004914543,0.006753402,-0.008104023
6/17/2022,-0.001348202,0.003360111,-0.036211068,0.000304104
6/21/2022,0.019707512,-0.00246773,-0.002795735,0.002790167
6/22/2022,-0.003052493,0.008671359,-0.013432911,-0.007556709
6/23/2022,0.004854179,0.008260223,-0.031664706,-0.006038787
6/24/2022,0.02770476,-0.001050066,0.009058993,0.007374749
6/27/2022,0.000645182,-0.004993581,0.007946066,0.002772223
6/28/2022,-0.012491981,-0.00223649,0.008607223,-0.006126475
6/29/2022,-0.003581911,0.006676771,-0.007096022,-0.009131957
6/30/2022,-0.010308107,0.006687732,-0.050494305,-0.002666513
7/1/2022,0.00547529,0.007619534,0.014033491,-0.002157284
7/5/2022,-0.003382622,0.005826983,-0.057340385,-0.004073006
7/6/2022,0.004228945,-0.002294645,-0.013484488,-0.001644151
7/7/2022,0.01524719,-0.005096715,0.051579995,0.006746366
7/8/2022,0.000629092,-0.004037183,0.006074032,0.001709059
7/11/2022,-0.009691302,0.004519071,0.009467477,-0.003645119
7/12/2022,-0.006287393,0.004092193,-0.046532508,-0.000861851
7/13/2022,-0.00484532,0.000639135,0.0177437,0.00335137
7/14/2022,-0.004798467,-0.003196024,-0.015133294,5.73E-05
7/15/2022,0.016359248,0.001922621,0.021258485,0.003140231
7/18/2022,-0.003295151,-0.002134201,0.037538114,0.003681217
7/19/2022,0.022576341,-0.003005927,-0.007428418,0.002099175
7/20/2022,0.006202923,-0.000908632,0.014733423,0.000543649
7/21/2022,0.007163795,0.00584481,-0.019838182,-0.008599149
7/22/2022,-0.005429467,0.008211351,0.004681187,-0.001212191
7/25/2022,0.000787821,1.35E-05,0.016839061,0.005202469
7/26/2022,-0.008793719,0.002686822,0.007763881,0.000198833
7/27/2022,0.019481046,0.002606281,0.008992088,0.002426408
7/28/2022,0.01023151,0.005098663,-0.00235179,0.00579335
7/29/2022,0.012718746,0.001533008,0.013129513,0.010391556
8/1/2022,-0.001575462,0.00244081,-0.024155955,-0.006044819
8/2/2022,-0.006445079,-0.005530483,-0.01451121,-0.003779365
8/3/2022,0.012136326,-0.001729449,-0.002034932,0.003427644
8/4/2022,0.000818574,0.004414424,-0.007794684,-0.004775451
8/5/2022,-0.001234853,-0.007872973,-0.00035836,0.002770324
8/8/2022,0.000734678,0.002516357,-0.00289609,0.000782509
8/9/2022,-0.004693011,-0.002204019,0.012394179,0.000271138
8/10/2022,0.01528076,0.001754923,0.01894367,-0.004325886
8/11/2022,0.00070871,-0.004833205,0.028138269,0.003008817
8/12/2022,0.014279667,-0.000144386,-0.006171327,0.001489631
8/15/2022,0.003832839,0.004231544,-0.017556856,-0.004178125
8/16/2022,0.002381633,-0.003020521,-0.001847748,0.001974303
8/17/2022,-0.005870623,-0.005705898,0.004897116,0.001187998
8/18/2022,0.001947977,-1.65E-05,0.00822927,-0.003098396
8/19/2022,-0.010385218,-0.00651912,0.007438569,0.0119927
8/22/2022,-0.017811656,-0.004076319,0.007546446,0.003514451
8/23/2022,-0.003808695,-0.001432254,0.010090929,0.001507172
8/24/2022,0.002454787,-0.00328504,0.008849351,0.002177605
8/25/2022,0.011216475,0.003537405,-0.008160163,0.001260302
8/26/2022,-0.025925621,-0.002125352,0.006141393,-0.002072148
8/29/2022,-0.007865117,-0.004834994,0.014332499,0.000959469
8/30/2022,-0.00779506,-0.000751048,-0.032808774,-0.004485922
8/31/2022,-0.007749586,-0.001619455,-0.011637065,-0.001928656
9/1/2022,-0.003025049,-0.005840452,-0.020924604,-0.007398728
9/2/2022,-0.003060004,0.004671892,-0.000991461,0.00046696
9/6/2022,-0.002421736,-0.005718963,-0.020181003,0.00096374
9/7/2022,0.011611978,0.003477653,-0.024572102,-0.004401876
9/8/2022,0.006606464,-0.002905831,0.005978254,-0.003488418
9/9/2022,0.014727365,-0.000942291,0.023891084,0.001248567
9/12/2022,0.011730928,0.001250262,0.017686417,-0.000917902
9/13/2022,-0.032567127,-0.00405848,-0.004701904,0.003393507
9/14/2022,-0.001385885,-6.90E-05,0.012113909,0.00143518
9/15/2022,-0.008877945,-0.002978536,-0.034983822,0.000143517
9/16/2022,-0.008910949,0.00034847,-0.008509583,-0.007686562
9/19/2022,0.005302119,-0.001647147,0.004099164,-0.002200641
9/20/2022,-0.009595016,-0.005435748,0.000210856,0.002186405
9/21/2022,-0.012277642,0.002244044,-0.004559016,0.001348831
9/22/2022,-0.009711949,-0.008423569,-0.006862736,0.000225482
9/23/2022,-0.01661564,-0.003712192,-0.036624419,-0.004510935
9/26/2022,-0.010101981,-0.010172281,-0.016933878,0.000202903
9/27/2022,-0.00160123,-0.007047344,0.005125816,-0.003480508
9/28/2022,0.01277023,0.013126049,0.026859446,-0.001862694
9/29/2022,-0.016429829,-0.002629879,-0.00425775,-0.006078818
9/30/2022,-0.008935352,0.000236649,-0.014235518,-0.008841583
10/3/2022,0.019108857,0.010744179,0.016055442,0.004535903
10/4/2022,0.03072703,0.00348434,0.033235307,0.00437421
10/5/2022,-0.002392509,-0.008657917,0.012289312,-0.001568887
10/6/2022,-0.00780637,-0.005236703,0.004375182,7.31E-05
10/7/2022,-0.022333989,-0.005231428,0.011258692,0.004998218
10/10/2022,-0.006542778,-0.004996156,-0.012268718,-0.000227046
10/11/2022,-0.008551985,6.98E-05,-0.008419299,0.001221
10/12/2022,-0.003029239,0.00042566,-0.008479119,-0.00034011
10/13/2022,0.019359069,7.81E-05,0.01668266,0.001924512
10/14/2022,-0.012561258,-0.002834729,-0.023657948,0.007477497
10/17/2022,0.019632952,0.003858383,-0.00657804,0.002590256
10/18/2022,0.011320667,0.002190193,-0.0165393,-0.000279189
10/19/2022,-0.005400507,-0.005704824,-0.001507011,-0.001521841
10/20/2022,-0.006557067,-0.003800294,-0.000373838,0.007525034
10/21/2022,0.015996474,-0.000673875,-0.005715057,0.00317401
10/24/2022,0.010748688,0.004321687,0.007030449,0.002994428
10/25/2022,0.014327288,0.008136171,0.015207656,-0.003082038
10/26/2022,-0.003323294,0.00488969,0.012318915,-0.005391949
10/27/2022,-0.003842409,0.006790121,-0.003341751,-0.000801433
10/28/2022,0.015627134,-0.003601352,-0.013926549,0.004446667
10/31/2022,-0.002895395,-0.004459495,0.015577186,0.000466369
11/1/2022,-0.000618509,0.001242339,-0.005231546,0.002073588
11/2/2022,-0.018277835,-0.000248072,0.023660454,-0.000252136
11/3/2022,-0.009221632,-0.00551087,-0.01215578,-0.007370914
11/4/2022,0.013422188,-0.001731985,0.036681521,0.005037609
11/7/2022,0.007808844,-0.002648162,0.006255595,0.004133366
11/8/2022,0.005851628,0.00462839,-0.023563971,-0.000783879
11/9/2022,-0.015323392,0.003586475,-0.023069521,-0.00477881
11/10/2022,0.042133795,0.015780925,0.013229688,-0.006175243
11/11/2022,0.010460622,-0.003457987,0.007274263,0.001754169
11/14/2022,-0.006233578,-0.001172011,-0.008990337,-0.002489336
11/15/2022,0.006851501,0.004261571,0.008899814,0.000190578
11/16/2022,-0.006384962,0.005282013,-0.003991386,-0.002515617
11/17/2022,-0.002980589,-0.002848401,-0.017553053,-0.002654384
11/18/2022,0.004941489,-0.001077488,-0.006332345,-0.004829462
11/21/2022,-0.002900789,0.000586765,0.007062303,0.003384537
11/22/2022,0.010850225,0.001610874,0.012379122,0.001386655
11/23/2022,0.004683575,0.003846357,-0.006047794,-0.000191706
11/24/2022,0.001416529,0.001845226,-0.000160327,0.001584084
11/25/2022,7.45E-05,-0.00305248,-0.018656724,-0.000181728
11/28/2022,-0.012318981,-0.000546874,-0.003556758,-0.001866702
11/29/2022,-0.001297427,-0.000372294,0.00817756,-0.002592147
11/30/2022,0.022598739,0.001004929,0.013392905,0.002652268
12/1/2022,0.001433245,0.008289416,-0.004934479,0.007422055
12/2/2022,-0.002464906,-0.000499422,-0.020469709,0.005275115
12/5/2022,-0.012232258,-0.003024032,-0.036130492,-0.003852358
12/6/2022,-0.011742526,0.003800174,-0.020147799,-0.003801883
12/7/2022,-0.003184574,0.004579509,-0.002582515,-0.006261901
12/8/2022,0.004484047,-0.004025418,0.003049137,0.003289223
12/9/2022,-0.00320649,-0.003593883,0.005652773,-0.000921472
12/12/2022,0.008667634,-0.002026935,0.021028693,0.001971495
12/13/2022,0.00770625,0.004246215,0.02662859,-0.002558318
12/14/2022,-0.003895311,-0.000835351,0.000749043,-0.00436549
12/15/2022,-0.023348183,-0.001975991,-0.000627321,-0.00623903
12/16/2022,-0.012051983,-0.003001804,-0.01830881,-0.002539674
12/19/2022,-0.006313428,-0.00466781,-0.01376786,0.003720305
12/20/2022,-0.002051433,-0.008347666,-0.006153243,0.005208154
12/21/2022,0.01351687,-8.44E-05,0.015894881,0.00368568
12/22/2022,-0.011319911,-0.000404778,-0.015667496,-0.00417585
12/23/2022,0.003211202,-0.003375955,0.018312473,-0.000713475
12/27/2022,-0.002116995,-0.00531575,0.010282649,0.005914704
12/28/2022,-0.009585737,-0.001936497,-0.016152896,-0.001366563
12/29/2022,0.01230146,0.001774939,-0.007027891,-0.00068015
12/30/2022,-0.003923678,-0.002388856,0.006620406,-0.000287579
1/3/2023,-0.000863172,0.003349777,-0.039538109,-0.002263257
1/4/2023,0.007554376,0.006434786,-0.020227825,-0.003635947
1/5/2023,-0.007595142,-0.001380518,-0.013073517,-0.001041807
1/6/2023,0.01841457,0.008452347,0.002605788,-0.002022
1/9/2023,0.001871418,0.001504208,0.016722343,0.000989877
1/10/2023,0.004383088,-0.004064844,-0.009266688,0.000641146
1/11/2023,0.01109901,0.005289637,0.016761337,-0.001725952
1/12/2023,0.004212067,0.004333426,0.011755279,-0.000971333
1/13/2023,0.003004547,-0.002902558,0.002478968,-0.002545096
1/17/2023,-0.000484705,0.001731911,0.008140722,-0.001480134
1/18/2023,-0.009531375,0.009819985,-0.008002193,-0.002901701
1/19/2023,-0.008838942,-0.001216321,0.00469516,0.001901163
1/20/2023,0.014508024,-0.004562339,0.003824488,0.005752881
1/23/2023,0.010645309,-0.001384747,0.012465687,0.003182959
1/24/2023,0.000303215,0.002320741,-0.015894639,0.000337938
1/25/2023,-0.000565816,0.000504125,-0.008874684,-0.000835473
1/26/2023,0.008485252,-0.002352658,0.00439454,0.003077577
1/27/2023,0.00177171,-0.002993072,-0.008672384,-7.21E-05
1/30/2023,-0.009111601,-0.00225168,-0.019180839,-0.00096288
1/31/2023,0.009532834,0.000637501,0.00989158,-0.004264641
2/1/2023,0.007075462,0.004389852,-0.032371243,0.000862703
2/2/2023,0.012392146,0.007333519,-0.004233919,0.000271228
2/3/2023,-0.005714155,-0.006957462,-0.021569188,-0.000738258
2/6/2023,-0.00574688,-0.007234366,0.001633671,0.002075432
2/7/2023,0.008460666,-0.002163568,0.026201607,0.002176674
2/8/2023,-0.007144959,-0.000146812,-0.004709282,0.005734195
2/9/2023,-0.005839007,-0.000894782,-0.003281762,-0.001927427
2/10/2023,-0.000413113,-0.003645106,0.017444065,0.000796013
2/13/2023,0.009299874,0.000492112,-0.003482767,-0.000737151
2/14/2023,0.000453138,-0.003038909,0.006947814,-0.001180878
2/15/2023,0.002561436,-0.002322532,-0.01403641,0.002784772
2/16/2023,-0.008588987,-0.001398107,-0.005083662,0.003263516
2/17/2023,-0.003448229,0.000502546,-0.019596998,-0.002533962
2/21/2023,-0.015289174,-0.006916577,-0.00988851,0.00487028
2/22/2023,-0.002610162,0.00082559,-0.006230593,-0.000334676
2/23/2023,0.003621304,0.002009558,0.010592654,-0.001926834
2/24/2023,-0.00873806,-0.003280769,0.008513298,-0.001635259
2/27/2023,0.003848164,6.56E-05,0.010811862,-0.001386655
2/28/2023,-0.002943336,-0.00054763,0.005812921,0.002804747
3/1/2023,-0.003371125,-0.004223202,0.012209587,0.003088837
3/2/2023,0.00592809,-0.00338036,-0.001953727,0.005470827
3/3/2023,0.014238322,0.003752295,0.022175486,0.003617025
3/6/2023,0.001489906,-1.78E-05,-0.01968413,-0.00019598
3/7/2023,-0.011818252,0.000551876,-0.011692118,-0.009499316
3/8/2023,0.00117266,0.001607393,-0.012452469,-0.006251177
3/9/2023,-0.013272671,0.001624993,-0.011959452,0.000679235
3/10/2023,-0.015606155,0.013254235,7.60E-05,-0.003385579
3/13/2023,-0.006279015,0.012303228,0.002490065,-0.002130137
3/14/2023,0.011839881,-0.004781067,-0.016924114,0.007895482
3/15/2023,-0.011075185,0.01007561,-0.035543527,-0.002980493
3/16/2023,0.014420227,-0.004248987,0.012291199,-0.00248362
3/17/2023,-0.009848247,0.009282728,-0.014759562,-0.012603633
3/20/2023,0.007031954,-0.002039583,-0.003914658,0.006493802
3/21/2023,0.012754095,-0.006725261,0.015568353,0.005922404
3/22/2023,-0.009196129,0.002046589,-0.004741607,0.003361626
3/23/2023,0.000367977,0.006882634,-0.006589331,0.001487452
3/24/2023,0.001285901,0.002431927,0.004654954,-0.005180121
3/27/2023,0.003521889,-0.006908334,0.010624946,0.002810265
3/28/2023,-0.000382176,-0.003710645,0.001375451,0.006559323
3/29/2023,0.01314896,-0.000270584,-0.001785661,0.001207289
3/30/2023,0.00688447,-0.001588627,-0.001218567,0.00192495
3/31/2023,0.011794844,0.00230805,0.018547425,-0.001183101
4/3/2023,0.003669256,0.003177401,0.014679567,-0.002969171
4/4/2023,-0.004087672,0.002887627,-0.002464125,-0.005817062
4/5/2023,-0.003571307,0.002632808,0.004362942,-0.000508358
4/6/2023,0.003089579,0.000302669,-0.010560545,0.00027511
4/10/2023,0.001082805,-0.001521116,0.006023744,0.001969199
4/11/2023,0.00222645,-0.002963533,0.007247644,0.001175293
4/12/2023,-0.00215143,0.000266816,0.002467608,0.001329704
4/13/2023,0.010129305,-0.001333203,-0.007435454,-0.001298511
4/14/2023,0.000223608,-0.004207443,0.008438462,0.001126192
4/17/2023,0.002417382,-0.003936539,0.005176277,0.001685345
4/18/2023,0.001548015,0.000887464,0.007343491,-0.002181132
4/19/2023,-0.000395008,-0.002969204,-0.020399189,0.001213961
4/20/2023,-0.004491832,0.003382906,-0.011844494,-0.001319525
4/21/2023,0.000938402,-0.000719575,-0.002769909,0.000643655
4/24/2023,0.000725874,0.002024075,0.008721807,-0.00044492
4/25/2023,-0.011815565,0.006312202,-0.016775514,-0.0012886
4/26/2023,-0.004810292,-0.000684471,-0.022376392,0.001575175
4/27/2023,0.013585157,-0.005458422,0.001167586,0.001532225
4/28/2023,0.007684532,0.005447691,0.016160769,-0.007356878
5/1/2023,0.000277738,-0.003365538,-0.011596542,0.001221881
5/2/2023,-0.010954535,0.005609065,-0.029925054,-0.002480924
5/3/2023,-0.004530938,0.001856504,-0.019507112,-0.000906638
5/4/2023,-0.006532001,0.003715953,-0.003476717,-0.000428204
5/5/2023,0.015249917,-0.005700763,0.023238659,0.003679567
5/8/2023,0.000716478,-0.002973955,0.018199214,0.001427426
5/9/2023,-0.003435303,-0.000905653,0.001436867,-0.001257157
5/10/2023,0.001840211,0.004477228,-0.010307769,-0.002192931
5/11/2023,-0.001202435,0.002767403,-0.014400627,-0.001974821
5/12/2023,0.000426789,-0.00351067,0.000945351,0.000748969
5/15/2023,0.00323364,-0.002315492,0.018077954,0.001378367
5/16/2023,-0.005178615,-0.002013655,-0.00681035,-0.000260928
5/17/2023,0.007947164,-0.0009205,0.009488777,0.002564895
5/18/2023,0.009135634,-0.006183534,0.004945133,-0.000389059
5/19/2023,0.000829902,-0.00175051,-0.002637278,0.000648545
5/22/2023,0.000283897,-0.000713641,-0.006101855,0.000991092
5/23/2023,-0.009589266,-0.000941554,-0.002118925,0.002567012
5/24/2023,-0.009647075,-0.001049951,0.010637458,-0.001924059
5/25/2023,0.004973738,-0.005540673,-0.019677758,6.85E-06
5/26/2023,0.01150864,-0.001836696,0.005353967,-0.000283109
5/30/2023,-0.001574924,0.00618049,-0.028151871,-0.000742056
5/31/2023,-0.008239963,0.004001869,-0.010443515,-0.001620601
6/1/2023,0.008585773,0.002165794,0.009145518,-0.003293346
6/2/2023,0.014515441,-0.004287098,0.013488853,0.002754914
6/5/2023,-0.000540009,-0.001954743,0.007636023,0.00124954
6/6/2023,0.002151444,-0.000451518,0.001262762,-0.000994067
6/7/2023,-0.003973592,-0.003800836,0.006447214,0.002022223
6/8/2023,0.003260551,0.001827928,-0.001214025,-0.000732431
6/9/2023,0.001679704,0.000142712,-0.010785771,-0.00106601
6/12/2023,0.007254285,-0.000157799,-0.015922881,-0.000532081
6/13/2023,0.007114057,-0.004211461,0.022622855,0.00047757
6/14/2023,0.001970522,0.000391274,-0.003360854,0.001976754
6/15/2023,0.007992798,0.001878266,0.035311676,0.000245532
6/16/2023,-0.000792841,-0.000372944,0.021050342,0.001393574
6/20/2023,-0.004040826,0.004268817,-0.016456048,-0.000391421
6/21/2023,-0.004536713,-0.000818874,0.018826903,0.001187688
6/22/2023,-0.000130623,-0.003463374,-0.018387544,0.000716189
6/23/2023,-0.007922146,0.004392078,-0.001907177,-0.002117146
6/26/2023,-0.002889372,0.002143394,0.004495259,-7.98E-05
6/27/2023,0.008591339,-0.003287936,-0.017085304,-0.00036363
6/28/2023,0.002610031,0.002547136,-0.004983552,-7.30E-08
6/29/2023,0.003070614,-0.006852673,0.001986935,0.002063606
6/30/2023,0.01044463,0.00044599,0.015922254,0.001014423
7/3/2023,0.001581537,-0.002237313,-0.009621021,0.002376979
7/4/2023,-0.000697614,-0.00052951,0.004113762,9.35E-05
7/5/2023,-0.003256039,-0.003006382,0.007585784,0.001114514
7/6/2023,-0.012413607,-0.007619571,-0.005723052,-1.98E-05
7/7/2023,-0.002955344,-0.000673121,0.008913839,0.000238336
7/10/2023,0.00159054,0.001086326,0.003708505,-0.000842708
7/11/2023,0.006097253,0.000588106,0.014042473,-0.001622772
7/12/2023,0.00791866,0.006771238,-0.001477369,0.001456433
7/13/2023,0.008536917,0.005947944,0.007787888,-0.002359261
7/14/2023,-0.001155087,-0.002447621,-0.003513647,-0.000916568
7/17/2023,0.001241026,0.000664886,-0.011137109,0.000949018
7/18/2023,0.006175748,0.002942932,0.01829272,-0.002506514
7/19/2023,0.003540803,0.002106774,0.003710981,-0.000272855
7/20/2023,-0.005048168,-0.005537061,0.011544022,0.00476532
7/21/2023,0.000219057,0.000987663,0.00620379,0.001500551
7/24/2023,0.003431489,0.000353077,0.015510269,0.003021836
7/25/2023,0.002674068,-0.002890595,0.007299138,0.000695736
7/26/2023,-0.001167052,0.002312707,-0.00691915,-0.002074328
7/27/2023,-0.001177206,-0.005377745,-0.001832631,0.001609673
7/28/2023,0.006351617,-0.000238496,0.005633481,0.002184248
7/31/2023,0.002468586,-0.000372477,0.002479944,-0.001433323
8/1/2023,-0.00331964,-0.003867134,-0.005438735,-0.000467593
8/2/2023,-0.01478001,-0.000805019,-0.019928321,-0.002313887
8/3/2023,-0.004998261,-0.00474587,0.012965706,0.001297576
8/4/2023,-0.002378734,0.005024352,0.005988032,0.00071697
8/7/2023,0.006281006,-0.000239634,0.002349773,0.002118286
8/8/2023,-0.004570579,0.004050146,0.005280723,-0.003121714
8/9/2023,-0.003750319,0.000273001,0.019219868,-0.002364499
8/10/2023,0.002860923,-0.0032485,-0.014490939,0.000825034
8/11/2023,-0.002935864,-0.005637661,-0.001119844,0.002839721
8/14/2023,0.002555456,-0.002164318,-0.005228506,-0.001369278
8/15/2023,-0.010397887,-0.002351406,-0.018317071,-0.000672179
8/16/2023,-0.007075434,-0.00067724,-0.007105869,-0.000330227
8/17/2023,-0.007822883,-0.003342276,0.006874167,0.000158572
8/18/2023,-0.00172247,0.003740847,0.004044627,-0.001759934
8/21/2023,0.004671687,-0.004501245,-2.19E-05,0.002311289
8/22/2023,-0.000375158,0.001091946,-0.006837544,0.000850485
8/23/2023,0.008691519,0.00774335,-0.001464925,0.00051878
8/24/2023,-0.009390376,-0.000634174,0.004755965,-0.00039719
8/25/2023,0.003106165,-0.001730904,0.009774914,-0.002155922
8/28/2023,0.007702583,0.000885533,0.000615732,-0.000378564
8/29/2023,0.012574514,0.004693488,0.00143673,-0.002628516
8/30/2023,0.002971832,-7.76E-05,0.006771215,-0.000661063
8/31/2023,-0.000993509,0.00253894,0.003242213,-0.002101213
9/1/2023,0.000939827,-0.00313855,0.009953197,-0.00091487
9/5/2023,-0.003867154,-0.00418786,-0.003583107,0.0027353
9/6/2023,-0.005527013,-0.002030718,-0.001724468,0.000511447
9/7/2023,-0.003394585,0.002254126,-0.002180598,5.37E-05
9/8/2023,0.000480706,0.00077987,0.004728175,0.002433916
9/11/2023,0.005068062,-0.002974817,0.003568148,0.000775315
9/12/2023,-0.003268992,0.00068955,0.006859271,4.83E-05
9/13/2023,-0.000214331,0.000722042,0.001396789,-4.51E-06
9/14/2023,0.009976938,0.000894695,0.009144402,-0.000553126
9/15/2023,-0.006719038,-0.003091441,-0.005244549,0.000908547
9/18/2023,-0.001989716,-0.001367909,0.000992784,0.000395221
9/19/2023,-0.00290293,-0.002087236,0.001937635,0.000921977
9/20/2023,-0.005223256,0.001689369,-0.008296668,-8.97E-05
9/21/2023,-0.015914398,-0.005372383,-0.008632248,-5.55E-05
9/22/2023,-0.002335022,0.001096465,0.000700404,-0.000221324
9/25/2023,0.001766499,-0.003713073,-0.002367688,-0.000587933
9/26/2023,-0.012397048,-0.001221761,-0.003019745,-0.003644581
9/27/2023,-0.000861993,-0.003207419,0.013034418,3.33E-05
9/28/2023,0.004256536,-0.002478132,-0.000100969,0.003607216
9/29/2023,-0.000889042,0.003916257,-0.009927346,-0.00269607
10/2/2023,-0.003010093,-0.005361447,-0.013545875,0.001457724
10/3/2023,-0.013152998,-0.004921244,0.002098914,-0.001125372
10/4/2023,0.00297109,0.001006792,-0.025339688,-0.000826581
10/5/2023,0.000957479,0.002780697,0.000442898,-0.001908667
10/6/2023,0.009847504,-0.002747168,0.009337254,0.000633112
10/10/2023,0.009652422,0.001331087,-0.000775068,-0.000278106
10/11/2023,0.003580748,0.003277723,-0.008904411,0.000921629
10/12/2023,-0.003194982,-0.00445576,0.002974676,0.000758474
10/13/2023,-0.006941966,0.002234204,0.022600118,0.001084492
10/16/2023,0.006404336,-0.003296036,-0.008946468,0.002229545
10/17/2023,0.001125121,-0.006868346,-1.54E-05,0.001959523
10/18/2023,-0.011670716,-0.004017871,0.01062707,0.002889818
10/19/2023,-0.010084836,-0.003141512,-0.000784962,0.005066062
10/20/2023,-0.012377622,0.003930536,-0.004178764,-0.002149773
10/23/2023,-0.002076364,0.002706002,-0.012396689,-0.005264738
10/24/2023,0.00582966,0.000804109,-0.006483642,-0.000584238
10/25/2023,-0.009285945,-0.004562592,0.00883582,0.003563165
10/26/2023,-0.011418542,0.003142565,-0.003956046,-0.001275519
10/27/2023,-0.003590213,0.001676934,0.012464118,-0.000170107
10/30/2023,0.007922961,-0.00109032,-0.020819092,0.000479512
10/31/2023,0.005292863,-0.000533458,0.006312138,-0.000806421
11/1/2023,0.010494717,0.004268263,-0.006331136,-0.000286452
11/2/2023,0.01752685,0.005559052,0.01134068,0.00057137
11/3/2023,0.007201007,0.006250733,-0.004330216,-0.001222378
11/6/2023,0.0025767,-0.004950736,-0.005417827,0.000991125
11/7/2023,0.000343463,0.004009407,-0.026038806,-0.002120271
11/8/2023,0.000651313,0.00262138,-0.012365499,-0.002502306
11/9/2023,-0.002979373,-0.004100219,-0.003795617,-1.46E-05
11/10/2023,0.008827553,-0.002119403,0.000839345,-0.002130901
11/13/2023,0.000683492,-0.000469741,0.018340404,0.000295638
11/14/2023,0.016362148,0.010521985,-0.001303158,-0.002601059
11/15/2023,0.004194337,-0.002554344,-0.002937501,0.000883069
11/16/2023,-0.0005533,0.004661016,-0.028380416,-0.00206712
11/17/2023,0.00269663,-9.81E-05,0.007310616,0.000267964
11/20/2023,0.00513262,0.000298227,0.00935018,0.001770649
11/21/2023,-0.002081067,0.001993838,-0.000342653,-0.002762742
11/22/2023,0.003088673,-0.001321101,-0.005703982,-0.00057358
11/23/2023,0.000393212,-0.001440173,-9.91E-05,0.000215863
11/24/2023,0.000639231,-0.003298654,-0.012020484,0.000270498
11/27/2023,-0.002329051,0.004848183,-0.008390573,-0.003122518
11/28/2023,-0.000225461,0.003956826,0.008398868,0.00083535
11/29/2023,-0.000187504,0.004960903,0.004655602,-0.001431329
11/30/2023,0.004010185,-0.004019467,-0.010105814,0.001815769
12/1/2023,0.005019605,0.005389094,-0.009479033,-0.00132976
12/4/2023,-0.003991397,-0.001637283,-0.014944593,-0.000585801
12/5/2023,-0.000617671,0.00664562,-0.004725436,-0.002041354
12/6/2023,-0.000103066,0.002466288,-0.030147019,-0.004449869
12/7/2023,0.003322286,-0.001420505,0.000914843,6.46E-05
12/8/2023,0.003209833,-0.005715456,0.008152115,0.005693637
12/11/2023,0.004310742,-0.000439871,-0.009487235,-0.000870104
12/12/2023,0.002851552,0.00294802,-0.022157284,-0.002742017
12/13/2023,0.010178362,0.008856819,0.006525845,-0.003859908
12/14/2023,0.003023837,0.005133334,0.023997526,0.005914109
12/15/2023,-0.00043928,0.000588933,0.008238989,0.000679
12/18/2023,0.002780055,-0.000738375,0.00560112,0.000611099
12/19/2023,0.005744133,0.002849965,0.004447661,-0.00229111
12/20/2023,-0.0088668,0.003993955,-0.00289521,-0.000709913
12/21/2023,0.005389656,-0.000570926,0.003009544,-0.000484632
12/22/2023,0.001262899,-0.000771851,0.001661742,0.000145705
12/26/2023,0.002845383,0.000383443,0.006203772,-0.000409549
12/27/2023,0.002747061,0.004752298,-0.003859028,-0.002432308
12/28/2023,-0.000687262,-0.002536673,-0.004947196,0.000655631
12/29/2023,-0.001442846,-0.002489814,-0.008280432,0.000163573
1/2/2024,-0.005080776,-0.003759016,-0.005092035,0.003282682
1/3/2024,-0.008074301,0.000950091,0.018071353,-0.001344038
1/4/2024,-0.001857608,-0.003662735,0.001799781,0.000772575
1/5/2024,0.000263106,-0.001783222,0.009439732,4.03E-05
1/8/2024,0.010232225,0.001408981,-0.018224455,-0.000957413
1/9/2024,-0.000713563,-0.001020667,0.0169251,9.34E-05
1/10/2024,0.004851752,-0.000694202,-0.013516536,-0.001643187
1/11/2024,-0.000440399,0.002301769,0.00453453,0.002479807
1/12/2024,0.002144615,0.002454371,0.006181314,0.002018459
1/16/2024,-0.004320449,-0.004684577,-0.008228702,0.002176812
1/17/2024,-0.00708735,-0.004471468,-0.004622736,-0.001779501
1/18/2024,0.007244967,-0.001841747,0.005018427,0.002474386
1/19/2024,0.009228777,-0.000170153,-0.012301893,0.001002924
1/22/2024,0.003946303,0.003009847,0.000422926,-0.003799735
1/23/2024,0.001710691,-0.002492872,0.006153594,-0.002134205
1/24/2024,0.002222145,-0.002477546,0.012369627,0.001772464
1/25/2024,0.004015546,0.002378119,0.006395055,-0.000893959
1/26/2024,0.000261332,-0.001063224,0.003351104,0.000155638
1/29/2024,0.006221011,0.003607647,-0.015882131,-0.000294434
1/30/2024,9.50E-05,0.000130196,0.009715269,-0.000704661
1/31/2024,-0.01140429,0.005345364,-0.006425301,-0.001836879
2/1/2024,0.006186718,0.003923913,-0.015207385,0.00058736
2/2/2024,0.008261086,-0.007628075,-0.010384093,-0.000973403
2/5/2024,-0.002905786,-0.007223519,0.000942249,0.003918653
2/6/2024,0.002899339,0.003461342,0.000225417,-0.001046574
2/7/2024,0.004786918,-0.000469885,0.001949101,-0.0013575
2/8/2024,0.001863238,-0.00342016,0.008193576,0.001081208
2/9/2024,0.003390774,-0.001727702,-0.001126385,0.000430344
2/12/2024,0.00057706,0.00101606,-0.007706747,-0.001132372
2/13/2024,-0.009856118,-0.005945157,-0.003570915,0.003756866
2/14/2024,0.007360404,0.002598273,-0.016355587,0.000355324
2/15/2024,0.006530402,0.00167054,0.002742332,-0.000430164
2/16/2024,-0.001202184,-0.003225642,0.007331481,0.001796221
2/20/2024,-0.003709799,0.001859453,-0.010179583,-0.002037353
2/21/2024,-6.77E-05,-0.002644009,0.023346867,0.001297732
2/22/2024,0.017403852,-0.000248779,-0.000633546,-0.000727191
2/23/2024,0.001377316,0.002922757,-0.022968641,-0.002929448
2/26/2024,-0.003312959,-0.001620114,0.010986395,0.002016662
2/27/2024,0.001814431,-0.001175683,0.01315401,-0.000760868
2/28/2024,-0.002143061,0.00124617,0.001653486,0.001054238
2/29/2024,0.003677075,0.001161965,-0.000760102,-5.65E-05
3/1/2024,0.008042,0.002986511,0.006807924,0.002285619
3/4/2024,-0.001203343,-0.00095763,0.003237235,0.001999717
3/5/2024,-0.007377208,0.004962357,-0.004671342,-3.78E-05
3/6/2024,0.004598137,0.00092701,0.005264429,-0.001080704
3/7/2024,0.007716667,0.00093186,-0.003748248,-0.002326521
3/8/2024,-0.004043781,0.001227611,-0.007075772,-0.000550661
3/11/2024,-0.002958891,-0.001425671,-0.000821832,-0.000186535
3/12/2024,0.009493171,-0.001981984,-0.003254442,0.002046846
3/13/2024,-0.000499009,-0.001693289,0.009015429,-1.89E-06
3/14/2024,-0.002201183,-0.005558839,0.010748432,0.00147733
3/15/2024,-0.005335289,-0.001327432,-0.00381326,0.000502908
3/18/2024,0.005688009,-0.000817298,0.011831293,0.000283435
3/19/2024,0.004271098,0.002343945,0.003606609,-0.000716493
3/20/2024,0.00617255,0.001651293,-0.009115014,-0.00065399
3/21/2024,0.006123348,-5.76E-05,-0.001269015,0.005562192
3/22/2024,-0.001372228,0.002932193,-0.006326025,-5.71E-05
3/25/2024,-0.00284688,-0.001950896,0.005401014,-0.000263186
3/26/2024,-0.000809262,0.000806439,-0.006459708,-0.000512868
3/27/2024,0.006486655,0.002405143,-0.008699649,-0.001435182
3/28/2024,0.000346715,-0.000314983,0.015462964,0.001477897
4/1/2024,-0.002566499,-0.004376577,0.00787538,1.95E-05
4/2/2024,-0.005901533,-0.003877177,0.01142767,0.001157593
4/3/2024,0.000198703,0.000244645,0.006489737,-0.001270848
4/4/2024,-0.008108095,0.002748278,0.000864044,-0.000714588
4/5/2024,0.004018734,-0.003132718,0.005222897,0.002812427
4/8/2024,0.001952269,-0.00265315,-0.000818102,0.001553424
4/9/2024,0.000638441,0.003264158,-0.003398353,-0.000796775
4/10/2024,-0.007048407,-0.008265704,0.003654436,0.002957161
4/11/2024,0.003145932,-0.00312572,-0.010900431,-3.04E-05
4/12/2024,-0.010150412,0.004987772,0.00845712,-0.000500908
4/15/2024,-0.009086382,-0.005720921,-0.009029517,0.002617467
4/16/2024,-0.006469648,-0.00241851,0.002782089,-0.000458198
4/17/2024,-0.004200629,0.002443307,-0.013253718,-0.002580649
4/18/2024,-0.000475279,-0.001694843,-0.001850398,0.001015996
4/19/2024,-0.008236719,0.001071879,0.006229632,0.000207433
4/22/2024,0.008779834,-0.000202499,0.005800248,0.000722194
4/23/2024,0.010751408,0.00078065,0.007243465,-0.000534982
4/24/2024,0.001033631,-0.003795265,-0.010262405,0.000939587
4/25/2024,-0.005922572,-0.002759898,0.003814892,0.00091924
4/26/2024,0.00937,0.001860148,-0.003041693,0.000913166
4/29/2024,0.003377489,0.003110077,0.006218908,-0.000218016
4/30/2024,-0.012634572,-0.003035606,-0.013310053,-0.000792225
5/1/2024,-0.003681247,0.002792327,-0.021509266,-0.005505227
5/2/2024,0.006187964,0.002118193,0.009693279,0.001512303
5/3/2024,0.009503907,0.003804815,0.008239583,-0.000533281
5/6/2024,0.009619291,0.000723092,0.01013674,-0.000244823
5/7/2024,0.004094688,0.002469761,0.000803888,-0.001579653
5/8/2024,-0.000671852,-0.001720545,-0.001906812,-0.00011961
5/9/2024,0.004011703,0.000126611,0.00486195,0.001452514
5/10/2024,0.002847366,-0.002367484,-0.005052522,0.000781926
5/13/2024,-0.000395023,0.000234094,0.010017249,-0.000444938
5/14/2024,0.003773519,0.000484726,-0.007700376,-0.000124839
5/15/2024,0.009282778,0.005622638,0.008152054,-0.000964905
5/16/2024,-0.000824707,-0.000358933,0.007261582,-0.000314202
5/17/2024,0.000779439,-0.003124337,0.015415327,0.001726066
5/20/2024,0.001704343,-0.001555486,0.012256958,0.000902112
5/21/2024,0.000818252,0.001259437,-0.006360182,0.000108671
5/22/2024,-0.003670259,-0.002007254,0.002716024,-6.14E-05
5/23/2024,-0.005123944,-0.002528556,-0.011507921,-0.000659268
5/24/2024,0.003412859,3.92E-05,-0.004060758,-0.000214466
5/28/2024,-0.000688251,-0.003199699,0.014855644,0.002125242
5/29/2024,-0.008739764,-0.005402392,-0.015476902,0.001915256
5/30/2024,-0.003769894,0.002689731,-0.018022228,0.000777608
5/31/2024,0.007320169,0.001537837,-0.006988127,-0.000193839
6/3/2024,0.001421964,0.005416516,-0.006124354,-0.003239488
6/4/2024,-0.000859365,0.003756371,-0.016862159,-0.001003962
6/5/2024,0.009565088,0.002634492,0.012012697,-0.001169959
6/6/2024,0.001357626,0.000100065,0.017901425,-0.000682891
6/7/2024,-0.00197908,-0.006616422,-0.002510192,0.000787381
6/10/2024,0.00122459,-0.003794239,0.009360477,0.000181888
6/11/2024,-0.000322792,0.002703465,0.011053454,-0.000634102
6/12/2024,0.00718793,0.006622457,0.001894541,-0.004400106
6/13/2024,-0.001945702,0.001988291,-0.002067406,0.000505975
6/14/2024,-0.002262117,0.003318009,-0.006793072,-0.004155032
6/17/2024,0.00413952,-0.002570603,-0.001451233,0.002260714
6/18/2024,0.003410091,0.002343255,0.01311077,0.000640777
6/19/2024,3.63E-05,-0.00109461,0.001951277,1.25E-05
6/20/2024,-0.000156529,-0.001015757,-0.006974337,0.002457288
6/21/2024,-0.002498195,-0.000439886,-0.006350652,-0.00181012
6/24/2024,0.00014659,7.02E-05,0.011460188,-0.000208107
6/25/2024,0.002120151,0.000294963,-0.01155902,-0.000634457
6/26/2024,0.000787722,-0.00431746,-0.005306143,0.002380978
6/27/2024,-0.000763434,-0.000480456,0.001479613,0.001851512
6/28/2024,-0.003174578,-0.001586829,-0.007941498,0.001195081
7/1/2024,0.002635101,-0.005469839,0.00332298,0.002668889
7/2/2024,0.003935522,0.001059471,-0.002709974,-0.001106299
7/3/2024,0.005767651,0.004345245,0.006029771,-0.002284496
7/4/2024,0.001675858,-0.000810733,0.000126075,-0.00015184
7/5/2024,0.002776555,0.004820681,-0.006666392,0.000369493
7/8/2024,0.000237599,0.00047906,-0.008158004,0.000317793
7/9/2024,0.000176501,-0.001883378,-0.009955534,-0.00092607
7/10/2024,0.009655744,0.001478978,-0.002188763,0.000547267
7/11/2024,-0.003535074,0.004332878,-0.001177348,-0.003508388
7/12/2024,0.003686919,0.000321016,0.001377688,-0.001093638
7/15/2024,0.000661194,-0.000309818,-0.01607527,0.00263359
7/16/2024,0.003594162,0.002639647,-0.003617011,0.000849724
7/17/2024,-0.010103528,0.000277975,-0.003699175,-0.001081214
7/18/2024,-0.007147789,-0.000677661,0.004197035,0.00032012
7/19/2024,-0.007388083,-0.003245813,-0.015357503,-0.000980156
7/22/2024,0.008469588,-0.000761371,0.01065336,-0.000970184
7/23/2024,-0.001549483,0.000586464,-0.011827657,-0.001032511
7/24/2024,-0.018033118,-0.001206331,-0.001208948,-0.000842181
7/25/2024,-0.007611317,0.001065175,-0.002866586,-0.001180312
7/26/2024,0.009460308,0.002381159,-0.012346658,-0.000454051
7/29/2024,0.00126822,0.002123166,-0.009070257,-6.81E-05
7/30/2024,-0.003127133,0.001683116,-0.00054396,-1.24E-05
7/31/2024,0.013931086,0.001203698,0.012298944,-0.000917241
8/1/2024,-0.015201582,0.005943185,-0.014465789,-0.004589039
8/2/2024,-0.022267645,0.008268509,-0.015769451,-0.010219846
8/5/2024,-0.032933789,0.003168167,-0.007146571,0.001068509
8/6/2024,0.011782481,-0.005447938,0.006168965,0.004281072
8/7/2024,0.000403825,-0.003456649,0.017910144,0.000353741
8/8/2024,0.015735634,-0.000531589,0.005751292,-0.000241329
8/9/2024,0.004318212,0.001927613,0.00419197,-0.000922072
8/12/2024,0.000743111,0.001181973,0.017586306,-0.000145806
8/13/2024,0.014253286,0.003370272,-0.015533148,-0.002272354
8/14/2024,0.00413168,0.001450895,0.00062945,-0.001317065
8/15/2024,0.014651607,-0.005544663,0.006659271,0.003446091
8/16/2024,0.004807546,0.000105161,-0.014736552,-0.00336705
8/19/2024,0.006231918,0.000162235,0.003286876,-0.000493955
8/20/2024,-0.000720439,0.002392976,-0.005128986,0.000515488
8/21/2024,0.003045966,0.002142753,-0.005929472,-0.000738901
8/22/2024,-0.004930635,-0.003826101,-0.00638266,0.001865996
8/23/2024,0.008857256,0.002226524,0.012799452,0.00360012
8/26/2024,-0.002218412,-0.000501868,0.009896329,0.001615439
8/27/2024,0.001281339,-0.00182937,-0.008965664,4.97E-05
8/28/2024,-0.003982399,5.51E-05,-0.009086229,-8.95E-05
8/29/2024,0.001398444,-0.001253529,0.013115044,0.00080453
8/30/2024,0.007187366,-0.001346333,-0.011108777,-0.000950282
9/3/2024,-0.016087743,0.002823245,-0.016266752,-0.006065596
9/4/2024,-0.006585904,0.004716902,-0.010398002,-0.004898744
9/5/2024,-0.003767932,0.001177347,0.003847383,-0.0033122
9/6/2024,-0.0145336,0.00247662,-0.014724932,-0.000229945
9/9/2024,0.009365033,-0.000488085,0.002540706,0.00087443
9/10/2024,0.001994827,0.002414363,-0.016564677,-0.002528135
9/11/2024,0.006569441,0.001582137,0.012163748,0.002508411
9/12/2024,0.00898947,-0.001642373,0.017667,0.001321706
9/13/2024,0.004038068,0.001577155,-0.002467954,0.00074462
9/16/2024,0.000796308,0.001166254,0.009830645,0.000915523
9/17/2024,0.000969998,-0.001109114,0.005825533,0.001678645
9/18/2024,-0.003288143,-0.002598618,-0.000755908,0.000624569
9/19/2024,0.016542332,-0.002250114,0.010507845,0.00304873
9/20/2024,-0.002973431,-0.000466284,0.00522485,-0.000483016
9/23/2024,0.003560687,3.99E-05,0.009352372,0.001050457
9/24/2024,0.002666784,0.001905257,0.008482524,0.001430833
9/25/2024,-0.002053717,-0.002696346,-0.0044858,-0.000660701
9/26/2024,0.007687905,-0.000657623,-0.01313333,0.000678654
9/27/2024,0.001794255,0.002541326,0.010961272,-0.001364025
9/30/2024,-0.002016083,-0.002773679,0.002631149,0.001342375
10/1/2024,-0.006151293,0.003490035,0.011817016,0.001774685
10/2/2024,-0.000983782,-0.002211092,0.002967164,0.001361271
10/3/2024,-0.00159328,-0.003027716,0.021194525,-0.000624533
10/4/2024,0.007203767,-0.007009216,0.000287053,0.001464701
10/7/2024,-0.004743619,-0.003722009,0.009872345,0.003376053
10/8/2024,0.004115817,0.000240855,-0.024883531,-6.50E-05
10/9/2024,0.006729595,-0.001425794,-0.00913629,0.000696837
10/10/2024,-0.001311192,-0.001181363,0.016905769,0.004378636
10/11/2024,0.005076783,0.000837438,-0.003067343,0.000345273
10/15/2024,-0.006191356,0.00408528,-0.020313755,-0.002558701
10/16/2024,0.001590162,0.002280005,-0.006106244,-0.002235198
10/17/2024,0.001516931,-0.003149644,0.001734971,0.002409268
10/18/2024,0.002767956,0.001468326,-0.011786058,7.63E-06
10/21/2024,-0.0027268,-0.005112369,0.009845805,0.000584798
10/22/2024,-0.002156781,-0.002159152,0.019023718,0.001294214
10/23/2024,-0.007690655,-0.001766013,-0.004699984,-0.001957096
10/24/2024,0.001663683,0.002688395,0.003011303,-0.000613153
10/25/2024,-0.0007492,-0.001476512,0.011438472,-0.003147812
10/28/2024,0.004194606,-0.002220668,-0.039492722,0.000211156
10/29/2024,0.000465173,-0.00091945,-0.001177052,-0.000252244
10/30/2024,-0.003810367,-0.000974289,0.009884924,0.002680798
10/31/2024,-0.016606467,-0.001631486,-0.004513738,0.000408561
11/1/2024,0.002933591,-0.002483069,-0.001090669,0.002486445
11/4/2024,-0.002134159,0.001768033,0.018952037,-0.001299442
11/5/2024,0.009569608,-0.000404481,-0.00117443,0.000548894
11/6/2024,0.018002945,-0.005233038,-0.001974916,0.006261722
11/7/2024,0.00645025,0.002839308,0.006570361,-0.001187857
11/8/2024,0.001003659,0.002116968,-0.014562206,-0.000409294
11/12/2024,-0.005920911,-0.003291197,-0.001821541,0.001495335
11/13/2024,-0.001094099,-0.001529369,0.003170739,-0.001651241
11/14/2024,-0.002298955,0.001245017,-0.008972182,-0.001664035
11/15/2024,-0.010344435,9.64E-05,-0.003048003,-0.000803674
11/18/2024,0.002432618,0.000133477,0.021882451,0.000618224
11/19/2024,0.001671081,0.001696352,0.002360874,-0.000804956
11/20/2024,-0.000596368,-0.001581567,0.006263282,0.001479555
11/21/2024,0.004559044,-0.000906465,0.009355204,-0.000767594
11/22/2024,0.004252094,0.001815567,-0.002616855,-0.000550709
11/25/2024,0.003186647,0.005631801,-0.006271633,-0.00323576
11/26/2024,0.001898086,-0.000893812,0.001950069,-0.001110023
11/27/2024,-0.00322211,0.002484223,-0.014002709,-0.002774604
11/28/2024,0.002152277,0.000797465,0.000358166,0.000223082
11/29/2024,0.00411294,0.003151011,0.00411096,-0.000681613
12/2/2024,0.002755013,-0.000115029,-0.010540306,0.00104675
12/3/2024,0.002581637,-0.000696627,0.004709881,0.001409259
12/4/2024,0.004544359,0.001941515,-0.00731964,0.000263451
12/5/2024,-0.000103559,-0.000704934,0.000837167,-0.002545176
12/6/2024,0.000869787,0.001525617,-0.00511442,-0.001371559
12/9/2024,-0.002858846,-0.000935295,0.012902329,0.001772113
12/10/2024,-0.003490828,-0.001359933,0.001218329,0.000824257
12/11/2024,0.005631996,-0.001903201,0.017775646,0.000631533
12/12/2024,-0.003177576,-0.002555368,-0.000691768,0.001529709
12/13/2024,-0.001978214,-0.003534938,0.000112026,0.000727566
12/16/2024,0.001801554,-0.0007404,-0.009134892,-0.001895407
12/17/2024,-0.003520025,-0.000303561,-0.005712779,-0.002207724
12/18/2024,-0.022001806,-0.004390036,0.001486492,0.001606429
12/19/2024,-0.004559449,-0.003949458,0.002534095,-0.001366029
12/20/2024,0.006754532,0.00275226,0.010262682,-0.002014913
12/23/2024,0.00523536,-0.003317181,-0.004673473,0.001918699
12/24/2024,0.007475489,-0.000107511,0.01321577,0.00265038
12/26/2024,0.000301712,-0.000819226,9.37E-07,0.001077716
12/27/2024,-0.005543051,-0.001195179,-0.000684406,-0.00095341
12/30/2024,-0.009289149,0.003098285,0.028041675,-0.002791211
12/31/2024,-0.002719633,-0.00033263,-0.007003267,0.001125167
1/2/2025,-0.00097213,3.84E-05,0.010637264,0.001364705
1/3/2025,0.007926629,-0.001693216,-0.015517131,-0.001900823
1/6/2025,0.005405611,-0.001630046,0.010158132,0.000559457
1/7/2025,-0.005593137,-0.002547024,8.64E-05,0.003364113
1/8/2025,0.000638872,-0.001980206,3.21E-06,0.003033067
1/9/2025,0.00026413,-2.39E-05,0.011153104,-0.000874843
1/10/2025,-0.013460128,-0.005523025,0.02836765,0.002944484
1/13/2025,-0.00044839,-0.001727896,0.011016645,0.000922166
1/14/2025,0.000187478,-0.00044375,-0.004488151,-0.000738952
1/15/2025,0.014784249,0.007457123,0.019045811,-0.003153635
1/16/2025,0.001303139,0.002898013,0.001795656,0.000677192
1/17/2025,0.00854842,0.000306508,-0.010668487,0.00119826
1/21/2025,0.00677147,0.001901326,-0.010382737,-0.002156553
1/22/2025,0.005832258,-0.001288051,0.003909,0.000804991
1/23/2025,0.004892825,-0.001634095,-0.004075983,0.001449398
1/24/2025,-0.002017507,-0.000120532,-0.000478525,-0.000162875
1/27/2025,-0.010576436,0.0043614,-0.02041492,-0.002603267
1/28/2025,0.005810005,-0.000432756,-0.003012711,0.001599181
1/29/2025,-0.001538068,-0.000375648,0.003124693,3.66E-05
1/30/2025,0.00539965,0.002135787,-0.004778757,-0.001124774
1/31/2025,-0.003296212,-0.001276402,-0.003470725,0.002567
2/3/2025,-0.009719443,0.002304603,0.022933977,0.003172119
2/4/2025,0.005762982,0.000134625,-0.002365346,-0.000191171
2/5/2025,0.003400754,0.003802293,-0.003707684,-0.002275427
2/6/2025,0.005504417,-0.000749322,0.001611827,0.000482337
2/7/2025,-0.00770827,-0.003057582,-0.001440272,0.000954686
2/10/2025,0.005909237,0.0003449,0.01579624,0.000601676
2/11/2025,0.000998831,-0.002762,0.008445047,0.000989001
2/12/2025,-0.001107588,-0.004598719,-0.006809437,0.003087789
2/13/2025,0.010034539,0.004943367,0.001830394,-0.002688514
2/14/2025,-0.001517122,0.001434596,0.003515795,-0.00132717
2/18/2025,0.002469947,-0.003392804,0.017775344,0.001112636
2/19/2025,-0.000695383,-0.000734983,0.009222835,-0.000216935
2/20/2025,-0.004382592,0.00094235,-0.000149021,-0.000131436
2/21/2025,-0.011730782,0.004160641,-0.011671968,-0.003945373
2/24/2025,-0.003457006,0.001197209,-0.008714799,-0.000239343
2/25/2025,-0.004530764,0.004357967,-0.006724578,-0.003234919
2/26/2025,0.002333109,0.002175186,-0.010675519,-0.000490272
2/27/2025,-0.011982831,-0.00130189,0.00476799,-0.001286762
2/28/2025,0.008223968,0.003193808,-0.01371401,-0.000615257
3/3/2025,-0.008332853,-0.000791242,0.004192802,0.003143777
3/4/2025,-0.014068673,-0.000188,0.004679464,-0.001779392
3/5/2025,0.010504159,-0.00743213,-0.002003376,-0.000866459
3/6/2025,-0.011524669,-0.003707646,-0.001672735,-0.000879774
3/7/2025,0.000599318,0.000721734,0.008688012,0.000583489
3/10/2025,-0.020511061,0.003156034,-0.003480649,-0.001630451
3/11/2025,-0.009260468,-0.002338137,0.001288658,-0.00099301
3/12/2025,0.005001025,-0.001770142,-0.004896959,0.003213769
3/13/2025,-0.010635651,0.001561813,-0.002390112,-0.001691705
3/14/2025,0.017597596,-0.00080633,0.001765183,0.001177883
3/17/2025,0.007347182,0.001705419,0.004007574,-0.000911792
3/18/2025,-0.005770701,0.000602388,-0.002487927,9.41E-05
3/19/2025,0.007970048,0.001029239,0.009670454,0.000880952
3/20/2025,-0.003082953,0.000615659,-0.003021619,0.002477789
3/21/2025,-0.000730505,-0.000388851,-0.002071037,-0.000341522
3/24/2025,0.011932943,-0.003211837,0.000319296,0.001497162
3/25/2025,0.002834083,3.76E-06,-0.002065776,0.000134015
3/26/2025,-0.008785664,-0.001106395,0.002119478,0.002262263
3/27/2025,-0.003904469,-0.00068384,0.004057693,0.001412511
3/28/2025,-0.016270004,0.005363161,0.00187778,-0.000998124
3/31/2025,-0.001487385,0.001213007,0.013246788,0.003387818
4/1/2025,0.004812236,0.003487006,-0.003302354,-0.006970771
4/2/2025,0.004189347,-0.000999651,0.006392212,-0.000799274
4/3/2025,-0.041805206,0.008559313,-0.032281433,-0.002010561
4/4/2025,-0.053577619,0.00572334,-0.051670611,-0.009555346
4/7/2025,-0.019037334,-0.005174279,-0.018427209,-0.002178046
4/8/2025,-0.000798954,-0.005168237,-0.016014496,0.005087768
4/9/2025,0.057431813,-0.005624279,0.032909685,-0.000473412
4/10/2025,-0.010288131,0.000586811,-0.015506494,-5.25E-05
4/11/2025,0.009583971,-0.003089901,0.012751672,0.000238789
4/14/2025,0.012933731,0.006351098,-0.006232309,0.001355097
4/15/2025,0.001846114,0.000337938,-0.000971464,-0.001785489
4/16/2025,-0.016367845,0.003294186,0.008334543,-0.001677221
4/17/2025,0.002039797,-0.000547275,0.012882849,0.003769841
4/21/2025,-0.017794535,-0.002005357,-0.021496593,-0.000918052
4/22/2025,0.018943651,-7.73E-05,0.008248266,0.002246058
4/23/2025,0.01643609,-0.001539873,-0.006413679,0.002551952
4/24/2025,0.015417529,0.004432482,0.003605716,0.001959651
4/25/2025,0.007326636,0.000511034,0.001820085,-0.001786323
4/28/2025,0.001133319,0.00176304,0.00625803,-0.000733592
4/29/2025,0.00459877,0.001331954,-0.010255973,-0.001907366
4/30/2025,0.000926982,0.001185024,-0.020041345,0.000658135
5/1/2025,0.005564674,-0.000905016,0.010446761,-0.000347544
5/2/2025,0.015057542,-0.004345435,0.004202293,0.001552529
5/5/2025,-0.004450767,-0.00056891,-0.010889955,0.000228188
5/6/2025,-0.00616342,0.000635353,0.011355527,0.002460998
5/7/2025,0.002449689,0.002096346,-0.00561254,-0.000848271
5/8/2025,0.005790307,-0.004483846,0.012198653,0.000748247
5/9/2025,0.000715904,-0.001092658,0.014831019,0.001435534
5/12/2025,0.025647202,-0.005101986,0.003341759,0.00165253
5/13/2025,0.005845449,-0.002323736,0.012508931,0.000762247
5/14/2025,0.000232297,-0.001718684,-0.008154287,0.002642786
5/15/2025,0.003595141,0.003172167,-0.015531597,-0.002886986
5/16/2025,0.006011775,0.001839919,-0.00126493,0.001266583
5/19/2025,0.000442624,-0.001423894,-0.008819727,0.00170332
5/20/2025,-0.000626359,-0.000567962,0.016651272,-0.00186489
5/21/2025,-0.012098144,-0.004244011,-0.000618144,0.001096406
5/22/2025,-0.002401377,0.000474579,-0.008528719,-0.002503195
5/23/2025,-0.006394,0.002580194,0.00597729,0.000298364
5/27/2025,0.015626506,0.003309535,-0.005226526,-0.00035551
5/28/2025,-0.005203261,-0.002557914,-0.005672563,0.000645504
5/29/2025,0.003390703,0.003015884,-0.007634439,-0.001770846
5/30/2025,-0.001499659,0.000601824,-0.009598402,0.000432303
6/2/2025,0.00278245,-0.001489401,0.025642599,-0.000969063
6/3/2025,0.004598605,0.000508218,0.00796496,-0.001648977
6/4/2025,0.001382064,0.002251048,-0.00385018,-0.001567502
6/5/2025,-0.004184237,-0.001700884,0.005911862,0.000423363
6/6/2025,0.00788368,-0.003879561,0.01160655,0.001480651
6/9/2025,0.000841194,0.000744588,-0.002598178,0.000604986
6/10/2025,0.004442381,0.00152466,-0.005480583,-0.001022244
6/11/2025,-0.001712733,0.00232354,0.014642628,-0.001382726
6/12/2025,0.001101407,0.002694965,-0.002358924,-0.000966434
6/13/2025,-0.010767168,-0.002278246,0.034473052,0.001192012
6/16/2025,0.008750736,-0.001242594,0.005082722,0.001711263
6/17/2025,-0.007053965,0.000933815,0.022538636,0.00079101
6/18/2025,-0.000475737,0.00080036,0.008353474,-0.000974841
6/19/2025,-0.002613596,7.66E-05,0.007812739,0.001218627
6/20/2025,-0.001541879,0.001141255,-0.010996977,0.001824237
6/23/2025,0.006480537,0.002521944,-0.03280479,-0.001926235
6/24/2025,0.010896984,0.001132251,-0.038763877,-0.001999215
6/25/2025,-0.001144601,-0.000324844,-0.002835979,0.001545932
6/26/2025,0.006567845,0.00150707,0.001814307,-0.000647381
6/27/2025,0.006387657,-0.001745136,0.009384564,0.001858697
6/30/2025,0.003417734,0.001498471,-0.013851351,-0.000292496
7/1/2025,-0.001722955,-5.89E-05,0.001529154,-0.000798246
7/2/2025,0.003584228,-0.003332383,0.020247117,0.001878994
7/3/2025,0.006011967,-0.001186463,-0.004587512,0.00173025
7/4/2025,-0.000786833,0.000410953,-0.001378192,-4.19E-06
7/7/2025,-0.005072294,-0.002225618,0.000692758,0.001609591
7/8/2025,0.000765982,-0.001923436,0.001166972,0.001128572
7/9/2025,0.00524264,0.002048153,-0.006759361,-0.001301154
7/10/2025,0.002992012,-0.000523449,-0.00150237,-9.41E-05
7/11/2025,-0.004816179,-0.003252134,0.009653459,0.002896297
7/14/2025,0.001347268,-0.00077472,-0.000109557,0.000770234
7/15/2025,-0.0032198,-0.002315268,0.000621227,0.000825986
7/16/2025,0.00134793,0.001807568,0.001553582,0.000681869
7/17/2025,0.006856768,-0.000166071,0.008277083,0.001170007
7/18/2025,-0.000555065,0.001093487,0.004410947,-0.00150533
7/21/2025,0.000716841,0.003928133,-0.011000043,-0.000207006
7/22/2025,-0.000837743,0.0020136,-0.007475367,-0.00204487
7/23/2025,0.010027354,-0.003679979,-0.008182296,-0.001200248
7/24/2025,0.002022667,-0.002635791,0.003598163,0.000935534
7/25/2025,0.001280102,0.000298964,-0.005990692,0.000780523
7/28/2025,-0.001814491,0.000292206,0.002839805,0.000534049
7/29/2025,-0.000619065,0.003061138,0.015793749,-0.001192554
7/30/2025,-0.00130527,-0.001475878,-0.003541761,0.00165878
7/31/2025,-0.003215081,0.000882428,-0.003609963,-0.003287316
8/1/2025,-0.016203841,0.005303784,-0.015481426,-0.006408498
8/4/2025,0.010816578,0.002548533,-0.0100145,0.002638576
8/5/2025,-0.001454772,0.000412982,-0.003615875,-0.001006382
8/6/2025,0.006000131,-0.001072195,0.001522854,0.00134454
8/7/2025,0.000816517,-0.000535438,-0.000472587,-0.00026403
8/8/2025,0.006579368,-0.002104872,-0.003455317,0.003045989
8/11/2025,-0.001579454,0.000283819,0.000250245,0.000424911
8/12/2025,0.009379082,-0.001598468,-0.010186709,-0.000563611
8/13/2025,0.004626376,0.002712773,-0.001226377,0.000176441
8/14/2025,5.34E-05,-0.003007508,0.004238827,0.00098407
8/15/2025,-0.00037517,-0.002586187,0.001574397,-0.000748203
8/18/2025,-0.000293195,-0.000960633,0.001285916,-0.000617065
8/19/2025,-0.002657869,0.001202423,-0.01125039,-0.001474627
8/20/2025,-0.002446257,0.000966217,0.007880241,-0.000570849
8/21/2025,-0.002971056,-0.002304144,0.01276907,0.00181717
8/22/2025,0.01127409,0.003508721,-0.001862073,0.002541788
8/25/2025,-0.003779043,-0.001733175,0.005761723,0.000388127
8/26/2025,0.000636229,0.000771336,-0.010858986,0.000864621
8/27/2025,0.001882945,0.00112039,0.008692175,0.002149807
8/28/2025,0.002769707,0.001240498,0.006863413,-0.001977014
8/29/2025,-0.005785045,-0.000570241,0.003072765,-0.000838932
9/2/2025,-0.006928978,-0.002420029,0.010995501,-0.001269519
9/3/2025,0.003775992,0.002721678,-0.006677417,-0.000274865
9/4/2025,0.00806556,0.002397189,-0.005680702,-0.002175019
9/5/2025,-0.001756687,0.004550612,-0.012127667,-0.000717893
9/8/2025,0.003537418,0.001683565,0.007402238,-0.000678397
9/9/2025,0.001547965,-0.001222828,0.002335005,0.00069543
9/10/2025,0.002210241,0.001175529,0.003270413,-0.001515475
9/11/2025,0.007597806,0.000566561,-0.009690916,0.000132313
9/12/2025,-0.000133085,-0.003012402,0.005612578,9.42E-05
9/15/2025,0.004253171,0.001262187,0.010932412,-0.000381908
9/16/2025,-0.003011351,0.000144743,0.011543035,0.000112148
9/17/2025,-0.001057323,-0.001339209,-0.008662602,0.000236989
9/18/2025,0.005958168,-0.001474551,-0.010872068,0.002637172
9/19/2025,0.002855715,-0.002637703,-0.009479078,-0.001350738
9/22/2025,0.003754765,-0.000357772,-0.006106903,-4.76E-05
9/23/2025,-0.003344591,0.000684807,0.010729469,-0.000453536
9/24/2025,-0.002833979,-0.000972065,0.009346975,0.000645501
9/25/2025,-0.004363165,-0.002483032,0.005733457,0.000206442
9/26/2025,0.004595805,-8.04E-05,0.005585805,-0.000144768
9/29/2025,0.003068291,0.002178675,-0.010042179,-0.001618531
9/30/2025,0.003198012,-0.000208995,-0.00647411,-0.000240916
10/1/2025,0.003816658,0.001532247,0.005832643,0.00095917
10/2/2025,0.002913433,0.00025915,-0.009367291,-0.000921126
10/3/2025,0.002083081,-0.000634726,0.001597549,-0.000609718
10/6/2025,0.005246038,-0.001932249,0.005239069,0.000890481
10/7/2025,-0.00354323,0.001085992,0.004278998,0.000374192
10/8/2025,0.005279102,0.000395078,0.00170925,0.001444198
10/9/2025,-0.001628578,-0.000900134,-0.010269167,-0.000308439
10/10/2025,-0.023302357,0.004388026,-0.025671289,-0.003801655
10/14/2025,-0.001838879,0.003025114,-0.010331403,-0.000380423
10/15/2025,0.006066464,0.000486061,-0.002385347,-0.001025782
10/16/2025,-0.002871013,0.00204468,-0.003496425,-0.001495355
10/17/2025,0.000124722,-0.000853779,0.00384184,1.39E-05
10/20/2025,0.011933539,-0.000129218,0.016349687,-6.34E-05
10/21/2025,-0.000114443,0.001418922,-0.000217987,0.000265278
10/22/2025,-0.003930689,0.000620627,0.008195745,0.000801843
10/23/2025,0.003923028,-0.001817076,0.027003069,0.00182939
10/24/2025,0.006806379,-0.000957285,-0.0035504,-0.001088014
10/27/2025,0.010395343,-1.85E-05,-5.59E-05,-0.000903574
10/28/2025,0.001285036,0.000736427,-0.012236693,0.000110377
10/29/2025,4.92E-05,-0.002825044,0.004076699,0.000445767
10/30/2025,-0.006676434,-0.001122087,0.005271663,-0.000289825
10/31/2025,0.00202893,-0.00042204,0.009490556,0.001365459
11/3/2025,0.001090853,-0.00054079,0.010536888,0.001637677
11/4/2025,-0.010413753,0.000506569,-0.002655628,-0.000991268
11/5/2025,0.002327817,-0.00227633,-0.006610755,0.000682385
11/6/2025,-0.008892815,0.002093584,0.000161625,-0.002369339
11/7/2025,-0.001299849,-0.000342745,0.001695397,0.000245109
11/10/2025,0.014967779,-0.000904964,0.010116936,3.30E-05
11/11/2025,0.004015645,0.002373468,0.016255653,0.000984729
11/12/2025,0.001875557,0.000150141,-0.01534267,-0.001166968
11/13/2025,-0.013198745,-0.001842428,0.002637735,0.000307037
11/14/2025,-0.003990796,-0.002462377,0.003313866,0.000875247
11/17/2025,-0.007883334,0.000426219,-0.004816388,-0.000779348
11/18/2025,-0.011151812,0.000526616,0.007019146,-0.000939285
11/19/2025,0.002683875,-0.000953525,-0.007672319,-0.000891592
11/20/2025,-0.008413096,-0.00021603,-0.009616482,-0.001596598
11/21/2025,0.004147149,0.002646268,-0.006752332,-0.000291102
11/24/2025,0.01191419,0.000714916,0.000461521,-0.001426031
11/25/2025,0.007787301,0.001799537,-0.011578373,-0.001222217
11/26/2025,0.008247606,0.000175355,0.010866455,0.001490843
11/27/2025,0.000663533,-9.03E-06,0.001253625,0.00010132
11/28/2025,0.003874742,-0.001139116,0.013399505,-0.000571726
12/1/2025,-0.005245395,-0.004747272,0.007614861,0.00275123
12/2/2025,0.001534617,0.0003955,-0.007943975,-0.000366802
12/3/2025,0.002974925,0.001083747,0.006644172,-0.000408727
12/4/2025,0.003282129,-0.002669588,0.007400197,0.001228451
12/5/2025,0.000358689,-0.001913744,0.010100178,0.001072995
12/8/2025,-0.002526757,-0.003008399,-0.023534232,0.000167837
12/9/2025,-0.000804527,-6.43E-05,-0.014300612,-0.000426067
12/10/2025,0.003979213,0.000364092,0.002813142,-0.000465296
12/11/2025,0.002106985,0.002144528,-0.012286786,0.001124521
12/12/2025,-0.007186513,-0.002242677,-0.012553608,0.000812838
12/15/2025,-0.000170898,0.001266373,-0.008157282,-0.001386129
12/16/2025,-0.004727141,0.001004852,-0.018553827,-0.001775181
12/17/2025,-0.007320483,-0.000449195,0.011584621,-0.000667857
12/18/2025,0.00640195,0.001614384,-0.004813303,-0.001932008
12/19/2025,0.007378776,-0.002899219,0.004996931,0.001526068
12/22/2025,0.005380072,-0.001929217,0.009614813,-0.001296856
12/23/2025,0.003742735,0.001690127,0.019919161,0.000983272
12/24/2025,0.001682101,0.000965787,-0.003576028,-0.000424872
12/26/2025,-4.87E-05,0.00026239,-0.005344784,-0.000979113
12/29/2025,-0.002835004,0.001316334,0.008106496,-0.000365082
12/30/2025,0.000380612,-0.001224915,0.003451041,0.000633718
12/31/2025,-0.005503481,-0.000611217,-0.01889201,0.000828103
1/2/2026,0.00206581,-0.002398986,-0.004393696,0.000459702
1/5/2026,0.007294034,0.001053175,0.010645953,-0.000543566
1/6/2026,0.006619578,2.07E-05,-0.006813768,0.001190406
1/7/2026,-0.003830896,0.002419437,-0.003354364,-0.000783605
1/8/2026,-0.001227278,-0.000597727,0.005988759,0.000361606
1/9/2026,0.00745107,4.13E-05,0.000972643,-0.000469957
1/12/2026,0.00192702,-5.71E-05,0.015775223,0.0003676
1/13/2026,0.000695293,-0.00061421,0.013912796,0.00066092
1/14/2026,-0.002568672,0.001371708,-0.000570422,-0.000921797
1/15/2026,0.002408648,-0.000839837,-0.019059486,-0.000183184
1/16/2026,-0.001313424,-0.002855157,0.002438084,0.001182354
1/20/2026,-0.017465513,-0.002981345,0.039101273,0.000256116
1/21/2026,0.008184891,0.001500078,0.020938565,0.000781092
1/22/2026,0.006284051,0.000161954,-0.004485715,0.000727519
1/23/2026,-0.000345905,-0.000108086,0.01726567,-0.00042711
1/26/2026,0.002848198,0.001815564,0.012626142,-0.00014908
1/27/2026,0.004286931,-0.000968656,0.00718237,0.001631404
1/28/2026,-0.000854677,6.33E-05,0.005947698,0.000747819
1/29/2026,-0.002276748,0.001088568,0.021980971,0.000926109
1/30/2026,-0.002936977,-0.000431755,0.006779161,-0.002282817
2/2/2026,0.004702294,-0.000893577,-0.067791252,0.002234267
2/3/2026,-0.003605296,-0.000937712,0.017733215,0.001617229
2/4/2026,-0.002157612,0.000267206,0.017282022,-0.001240154
2/5/2026,-0.011240925,0.002494786,-0.010350345,-0.002562146
2/6/2026,0.014954456,1.53E-05,-0.000907813,0.000172882
2/9/2026,0.007120679,-0.000465935,-0.000739205,0.000595664
2/10/2026,-0.000184201,0.003173839,-0.004821776,-0.001396755
2/11/2026,0.000653103,-0.000636796,0.010063267,0.000697838
2/12/2026,-0.012578967,0.002881563,-0.013185502,-0.002235893
2/13/2026,-0.000432978,0.002963123,0.000515905,-0.002890466
2/17/2026,0.001846193,0.001337765,-0.016829436,-0.00114683
2/18/2026,0.006732426,-0.000893668,0.023805339,0.001271293
2/19/2026,-0.002022126,-0.000251951,0.012225676,-5.81E-05
2/20/2026,0.005483512,0.000758074,0.005777786,-0.000337732
2/23/2026,-0.007468074,0.002537748,-0.002452019,-0.002123278
2/24/2026,0.006351196,-0.000144386,-0.006415514,-0.000980854
2/25/2026,0.008790506,-0.000605272,0.005882297,0.001542376
2/26/2026,-0.003265048,0.001438708,-0.002347625,0.000872371
2/27/2026,-0.002409607,0.003306874,0.013946529,-0.002744456
3/2/2026,-0.004958883,-0.00398279,0.038223797,0.005471958
3/3/2026,-0.01534026,-0.00407501,0.026050353,0.001705086
3/4/2026,0.004758324,0.000615285,-0.007426482,-0.001026053
3/5/2026,-0.0058338,-0.005305951,0.030928755,0.001938582
3/6/2026,-0.011272284,-0.00124027,0.04859896,0.002397252
3/9/2026,0.000540447,-0.000497563,0.016119144,0.000536617
3/10/2026,0.005093265,0.002252634,-0.041527694,-0.002607002
3/11/2026,-0.001530412,-0.004566994,0.033816338,0.003955704
3/12/2026,-0.012359007,-0.004481865,0.03828931,0.000196391
3/13/2026,-0.006583753,-0.00168708,0.002159071,-0.001989849
3/16/2026,0.008680819,0.003288929,-0.023580159,-0.00055347
3/17/2026,0.002916,0.001612047,0.015207107,0.001474399
3/18/2026,-0.009796481,-0.002207518,0.012387951,0.002951439
3/19/2026,-0.009336077,-0.003050101,0.00693242,-0.000766025
3/20/2026,-0.014147076,-0.005870316,0.007116785,-0.000746844
3/23/2026,0.006801843,0.001667165,-0.053626113,-0.003521216
3/24/2026,-0.000485633,-0.00222598,0.022619287,-0.000940515
3/25/2026,0.008581129,0.004536814,-0.011599925,-0.001439828
3/26/2026,-0.014926516,-0.006335516,0.024704623,0.004154487
3/27/2026,-0.013595514,-0.002880306,0.023623607,-0.003775006
3/30/2026,-0.001973999,0.005147314,0.003874963,0.002003063
3/31/2026,0.020686809,0.001931197,-0.004448663,-0.000599636
4/1/2026,0.013354454,0.00210329,-0.01202745,-0.002053442
4/2/2026,-0.002003956,-0.001179677,0.035574667,0.002697674
4/6/2026,0.003518581,-0.000202523,0.006005299,-0.001012811
4/7/2026,-0.000377198,-0.002050491,0.00352774,0.000524008
4/8/2026,0.028594009,0.007271099,-0.054027314,-0.002710724
4/9/2026,0.003076286,-0.002282127,0.006463166,0.001158986
4/10/2026,0.001032018,-0.001619441,-0.003651708,0.003160561
4/13/2026,0.005853329,-0.000959415,0.017091477,0.000951504
4/14/2026,0.011936381,0.003720574,-0.017359579,-0.001106021
4/15/2026,0.005330935,-0.000833657,0.004823567,0.001014946
4/16/2026,0.002840502,-0.0008471,0.014441714,0.000182668
4/17/2026,0.010439327,0.003823685,-0.036880294,-0.002711136
4/20/2026,-0.002730797,-0.000888836,0.022808897,0.000142577
4/21/2026,-0.005846965,-0.001948965,0.014951421,0.001171681
4/22/2026,0.006296719,-0.000508204,0.018925725,0.001800647
4/23/2026,-0.003079249,-0.001904956,0.007657649,0.001288536
4/24/2026,0.004362201,0.000815329,-0.00615797,0.001725991
4/27/2026,0.000819834,-0.002269749,0.013778137,0.001549309
